,inc_rfq,gt_desc,GT_exist,i,rank,totaltime,top_25,prior_rank,quality
0,"FLANGE, PIPE, SOCKET WELD, RF FACE, 1"", 150 LB, SCH 80/XH, CRB STL, SA105N","1"" 150 SOCKETWELD FLANGE A105 CARBON STEEL SCHEDULE XH RAISED FACE",True,0,0,19.3292249000001,"       ID  \
0   43355   
1   43354   
2   43356   
3   43397   
4   43357   
5   43352   
6   43364   
7   43353   
8   43654   
9   42655   
10  42647   
11  42625   
12  43358   
13  43405   
14  43361   
15  43406   
16  43359   
17  43409   
18  43362   
19  43379   
20  43380   
21  43408   
22  43365   
23  43382   
24  43398   

                                                               DESCRIPTION  \
0       1"" 150 SOCKETWELD FLANGE A105 CARBON STEEL SCHEDULE XH RAISED FACE   
1       1"" 150 SOCKETWELD FLANGE A105 CARBON STEEL SCHEDULE XH RAISED FACE   
2       1"" 300 SOCKETWELD FLANGE A105 CARBON STEEL SCHEDULE XH RAISED FACE   
3       1"" 300 SOCKETWELD FLANGE A105 CARBON STEEL SCHEDULE XH RAISED FACE   
4       1"" 600 SOCKETWELD FLANGE A105 CARBON STEEL SCHEDULE XH RAISED FACE   
5       1"" 600 SOCKETWELD FLANGE A105 CARBON STEEL SCHEDULE XH RAISED FACE   
6       2 CARBON STEEL 150 SCHEDULE XH RAISED FACE SOCKETWELD FLANGE A105N   
7      1"" 150 SOCKETWELD FLANGE A105 CARBON STEEL SCHEDULE 160 RAISED FACE   
8          1"" 150 SOCKETWELD FLANGE A105 CARBON STEEL STANDARD RAISED FACE   
9            1"" 300 SOCKETWELD FLANGE CARBON STEEL SCHEDULE XH RAISED FACE   
10       1"" 600 SOCKETWELD FLANGE LF2 CARBON STEEL SCHEDULE XH RAISED FACE   
11                      1"" 150 BLIND FLANGE CARBON STEEL RAISED FACE A105N   
12    0.5 CARBON STEEL 300 SCHEDULE XH RAISED FACE SOCKETWELD FLANGE A105N   
13    0.5 CARBON STEEL 300 SCHEDULE XH RAISED FACE SOCKETWELD FLANGE A105N   
14  1-0.5 CARBON STEEL 300 SCHEDULE XH RAISED FACE SOCKETWELD FLANGE A105N   
15  1-0.5 CARBON STEEL 300 SCHEDULE XH RAISED FACE SOCKETWELD FLANGE A105N   
16  1-0.5 CARBON STEEL 300 SCHEDULE XH RAISED FACE SOCKETWELD FLANGE A105N   
17              4 CARBON STEEL 150 SCHEDULE XH RAISED FACE WELD NECK A105N   
18  1-0.5 CARBON STEEL 600 SCHEDULE XH RAISED FACE SOCKETWELD FLANGE A105N   
19          1-0.5 CARBON STEEL 150 SCHEDULE XH RAISED FACE WELD NECK A105N   
20          1-0.5 CARBON STEEL 150 SCHEDULE XH RAISED FACE WELD NECK A105N   
21              3 CARBON STEEL 150 SCHEDULE XH RAISED FACE WELD NECK A105N   
22   0.75 CARBON STEEL 300 SCHEDULE XH RAISED FACE SOCKETWELD FLANGE A105N   
23              2 CARBON STEEL 150 SCHEDULE XH RAISED FACE WELD NECK A105N   
24              2 CARBON STEEL 150 SCHEDULE XH RAISED FACE WELD NECK A105N   

   CATEGORY         TYPE PRIMARY_SIZE REDUCING_SIZE LENGTH MATERIAL_NAME  \
0    FLANGE  SOCKET WELD          1.0           NAN    NAN  CARBON STEEL   
1    FLANGE  SOCKET WELD          1.0           NAN    NAN  CARBON STEEL   
2    FLANGE  SOCKET WELD          1.0           NAN    NAN  CARBON STEEL   
3    FLANGE  SOCKET WELD          1.0           NAN    NAN  CARBON STEEL   
4    FLANGE  SOCKET WELD          1.0           NAN    NAN  CARBON STEEL   
5    FLANGE  SOCKET WELD          1.0           NAN    NAN  CARBON STEEL   
6    FLANGE  SOCKET WELD          2.0           NAN    NAN  CARBON STEEL   
7    FLANGE  SOCKET WELD          1.0           NAN    NAN  CARBON STEEL   
8    FLANGE  SOCKET WELD          1.0           NAN    NAN  CARBON STEEL   
9    FLANGE  SOCKET WELD          1.0           NAN    NAN  CARBON STEEL   
10   FLANGE  SOCKET WELD          1.0           NAN    NAN  CARBON STEEL   
11   FLANGE        BLIND          1.0           NAN    NAN  CARBON STEEL   
12   FLANGE  SOCKET WELD          0.5           NAN    NAN  CARBON STEEL   
13   FLANGE  SOCKET WELD          0.5           NAN    NAN  CARBON STEEL   
14   FLANGE  SOCKET WELD          1.5           NAN    NAN  CARBON STEEL   
15   FLANGE  SOCKET WELD          1.5           NAN    NAN  CARBON STEEL   
16   FLANGE  SOCKET WELD          1.5           NAN    NAN  CARBON STEEL   
17   FLANGE    WELD NECK          4.0           NAN    NAN  CARBON STEEL   
18   FLANGE  SOCKET WELD          1.5           NAN    NAN  CARBON STEEL   
19   FLANGE    WELD NECK          1.5           NAN    NAN  CARBON STEEL   
20   FLANGE    WELD NECK          1.5           NAN    NAN  CARBON STEEL   
21   FLANGE    WELD NECK          3.0           NAN    NAN  CARBON STEEL   
22   FLANGE  SOCKET WELD         0.75           NAN    NAN  CARBON STEEL   
23   FLANGE    WELD NECK          2.0           NAN    NAN  CARBON STEEL   
24   FLANGE    WELD NECK          2.0           NAN    NAN  CARBON STEEL   

   MATERIAL_SPECIFICATION MATERIAL_GRADE  ... PRIMARY_SCHEDULE  \
0                    A105            NAN  ...               XH   
1                    A105            NAN  ...      EXTRA HEAVY   
2                    A105            NAN  ...               XH   
3                    A105            NAN  ...               XH   
4                    A105            NAN  ...      EXTRA HEAVY   
5                    A105            NAN  ...      EXTRA HEAVY   
6                    A105              N  ...               XH   
7                    A105            NAN  ...              160   
8                    A105            NAN  ...         STANDARD   
9                     NAN            NAN  ...               XH   
10                   A350            LF2  ...               XH   
11                   A105              N  ...              NAN   
12                   A105              N  ...               XH   
13                   A105              N  ...               XH   
14                   A105              N  ...               XH   
15                   A105              N  ...               XH   
16                   A105              N  ...               XH   
17                   A105              N  ...               XH   
18                   A105              N  ...               XH   
19                   A105              N  ...               XH   
20                   A105              N  ...               XH   
21                   A105              N  ...               XH   
22                   A105              N  ...               XH   
23                   A105              N  ...               XH   
24                   A105              N  ...               XH   

   REDUCING_SCHEDULE MANUFACTURING_PROCESS   END_FINISH END_CONNECTIONS TRIM  \
0                NAN                   NAN  RAISED FACE     SOCKET WELD  NAN   
1                NAN                   NAN  RAISED FACE     SOCKET WELD  NAN   
2                NAN                   NAN  RAISED FACE     SOCKET WELD  NAN   
3                NAN                   NAN  RAISED FACE     SOCKET WELD  NAN   
4                NAN                   NAN  RAISED FACE     SOCKET WELD  NAN   
5                NAN                   NAN  RAISED FACE     SOCKET WELD  NAN   
6                NAN                   NAN  RAISED FACE     SOCKET WELD  NAN   
7                NAN                   NAN  RAISED FACE     SOCKET WELD  NAN   
8                NAN                   NAN  RAISED FACE     SOCKET WELD  NAN   
9                NAN                   NAN  RAISED FACE     SOCKET WELD  NAN   
10               NAN                   NAN  RAISED FACE     SOCKET WELD  NAN   
11               NAN                   NAN  RAISED FACE             NAN  NAN   
12               NAN                   NAN  RAISED FACE     SOCKET WELD  NAN   
13               NAN                   NAN  RAISED FACE     SOCKET WELD  NAN   
14               NAN                   NAN  RAISED FACE     SOCKET WELD  NAN   
15               NAN                   NAN  RAISED FACE     SOCKET WELD  NAN   
16               NAN                   NAN  RAISED FACE     SOCKET WELD  NAN   
17               NAN                   NAN  RAISED FACE             NAN  NAN   
18               NAN                   NAN  RAISED FACE     SOCKET WELD  NAN   
19               NAN                   NAN  RAISED FACE             NAN  NAN   
20               NAN                   NAN  RAISED FACE             NAN  NAN   
21               NAN                   NAN  RAISED FACE             NAN  NAN   
22               NAN                   NAN  RAISED FACE     SOCKET WELD  NAN   
23               NAN                   NAN  RAISED FACE             NAN  NAN   
24               NAN                   NAN  RAISED FACE             NAN  NAN   

   MISCELLANEOUS CONFIDENCE     id     score  
0            NAN        0.9  43355  0.800525  
1            NAN        0.9  43354  0.800166  
2            NAN        0.9  43356  0.789832  
3            NAN        0.9  43397  0.789806  
4            NAN        0.9  43357  0.780925  
5            NAN        0.9  43352  0.780917  
6            NAN        0.9  43364  0.779360  
7            NAN        1.0  43353  0.775674  
8            NAN        0.9  43654  0.774803  
9            NAN        0.9  42655  0.773757  
10           NAN        0.9  42647  0.765681  
11           NAN        1.0  42625  0.762221  
12           NAN        0.9  43358  0.759272  
13           NAN        0.9  43405  0.758308  
14           NAN        0.9  43361  0.756648  
15           NAN        0.9  43406  0.756648  
16           NAN        0.9  43359  0.756648  
17           NAN        0.9  43409  0.753318  
18           NAN        0.9  43362  0.752767  
19           NAN        0.9  43379  0.751867  
20           NAN        0.9  43380  0.750988  
21           NAN        0.9  43408  0.750067  
22           NAN        0.9  43365  0.749925  
23           NAN        0.9  43382  0.749779  
24           NAN        0.9  43398  0.749684  

[25 rows x 21 columns]",2,EXCELLENT
1,"14 45 DEGREE LONG RADIUS ELBOW , ASME B16.9 , BEVELED END , ASTM A403 GRADE WP304/WP304L , TYPE W S-10S",14 STAINLESS STEEL SCHEDULE 10S .188 304L LONG RADIUS 45 ELBOW WPW,True,1,124,31.88261639999996,"       ID                                                        DESCRIPTION  \
0   36616          14 STAINLESS STEEL S40S 304L LONG RADIUS 45 ELBOW A403WPW   
1   42793  14 STAINLESS STEEL SCHEDULE 40S 304L LONG RADIUS 90 ELBOW A403WPW   
2   42812  16 STAINLESS STEEL SCHEDULE 40S 304L LONG RADIUS 45 ELBOW A403WPW   
3   36617            14 STAINLESS STEEL SCHEDULE 10 304L LR 45 ELBOW A403WPW   
4   36622            16 STAINLESS STEEL SCHEDULE 10 304L LR 45 ELBOW A403WPW   
5   36862           14 STAINLESS STEEL SCHEDULE 10S 304L LR 90 ELBOW A403WPW   
6   36863           14 STAINLESS STEEL SCHEDULE 10S 304L LR 90 ELBOW A403WPW   
7   42830   16 STAINLESS STEEL SCHEDULE 10 304L LONG RADIUS 90 ELBOW A403WPW   
8   36856                   14 STAINLESS STEEL S40S 304L LR 90 ELBOW A403WPW   
9   36651            24 STAINLESS STEEL SCHEDULE 10 304L LR 45 ELBOW A403WPW   
10  42794           14 STAINLESS STEEL S60 304L LONG RADIUS 90 ELBOW A403WPW   
11  36859            14 STAINLESS STEEL SCHEDULE 10 304L LR 90 ELBOW A403WPW   
12  42699   10 STAINLESS STEEL SCHEDULE 40 304L LONG RADIUS 45 ELBOW A403WPW   
13  39974           14 STAINLESS STEEL SCHEDULE 10S 304L SR 90 ELBOW A403WPW   
14  36621                   16 STAINLESS STEEL S40S 304L LR 45 ELBOW A403WPW   
15  36678             4 STAINLESS STEEL SCHEDULE 10 304L LR 45 ELBOW A403WPW   
16  36677             4 STAINLESS STEEL SCHEDULE 10 304L LR 45 ELBOW A403WPW   
17  36676             4 STAINLESS STEEL SCHEDULE 10 304L LR 45 ELBOW A403WPW   
18  36864            14 STAINLESS STEEL SCHEDULE 40 304L LR 90 ELBOW A403WPW   
19  39976           16 STAINLESS STEEL SCHEDULE 10S 304L SR 90 ELBOW A403WPW   
20  36868            16 STAINLESS STEEL SCHEDULE 10 304L LR 90 ELBOW A403WPW   
21  36688             5 STAINLESS STEEL SCHEDULE 10 304L LR 45 ELBOW A403WPW   
22  43065    4 STAINLESS STEEL SCHEDULE 10 304L LONG RADIUS 90 ELBOW A403WPW   
23  36858                    14 STAINLESS STEEL S60 304L LR 90 ELBOW A403WPW   
24  36626            18 STAINLESS STEEL SCHEDULE 10 304L LR 45 ELBOW A403WPW   

   CATEGORY                  TYPE PRIMARY_SIZE REDUCING_SIZE LENGTH  \
0   FITTING    LR 45 DEGREE ELBOW           14           NAN    NAN   
1   FITTING  LONG RADIUS 90 ELBOW         14.0           NAN    NAN   
2   FITTING  LONG RADIUS 45 ELBOW         16.0           NAN    NAN   
3   FITTING    LR 45 DEGREE ELBOW           14           NAN    NAN   
4   FITTING    LR 45 DEGREE ELBOW           16           NAN    NAN   
5   FITTING    LR 90 DEGREE ELBOW           14           NAN    NAN   
6   FITTING    LR 90 DEGREE ELBOW           14           NAN    NAN   
7   FITTING  LONG RADIUS 90 ELBOW         16.0           NAN    NAN   
8   FITTING    LR 90 DEGREE ELBOW           14           NAN    NAN   
9   FITTING    LR 45 DEGREE ELBOW           24           NAN    NAN   
10  FITTING  LONG RADIUS 90 ELBOW         14.0           NAN    NAN   
11  FITTING    LR 90 DEGREE ELBOW           14           NAN    NAN   
12  FITTING           LR 45 ELBOW         10.0           NAN    NAN   
13  FITTING    SR 90 DEGREE ELBOW           14           NAN    NAN   
14  FITTING    LR 45 DEGREE ELBOW           16           NAN    NAN   
15  FITTING    LR 45 DEGREE ELBOW            4           NAN    NAN   
16  FITTING    LR 45 DEGREE ELBOW            4           NAN    NAN   
17  FITTING    LR 45 DEGREE ELBOW            4           NAN    NAN   
18  FITTING    LR 90 DEGREE ELBOW           14           NAN    NAN   
19  FITTING    SR 90 DEGREE ELBOW           16           NAN    NAN   
20  FITTING    LR 90 DEGREE ELBOW           16           NAN    NAN   
21  FITTING    LR 45 DEGREE ELBOW            5           NAN    NAN   
22  FITTING  LONG RADIUS 90 ELBOW          4.0           NAN    NAN   
23  FITTING    LR 90 DEGREE ELBOW           14           NAN    NAN   
24  FITTING    LR 45 DEGREE ELBOW           18           NAN    NAN   

      MATERIAL_NAME MATERIAL_SPECIFICATION MATERIAL_GRADE  ...  \
0   STAINLESS STEEL                   A403            WPW  ...   
1   STAINLESS STEEL                   A403            WPW  ...   
2   STAINLESS STEEL                   A403            WPW  ...   
3   STAINLESS STEEL                   A403            WPW  ...   
4   STAINLESS STEEL                   A403            WPW  ...   
5   STAINLESS STEEL                   A403         WP304L  ...   
6   STAINLESS STEEL                   A403            WPW  ...   
7   STAINLESS STEEL                   A403            WPW  ...   
8   STAINLESS STEEL                   A403            WPW  ...   
9   STAINLESS STEEL                   A403            WPW  ...   
10  STAINLESS STEEL                   A403            WPW  ...   
11  STAINLESS STEEL                   A403            WPW  ...   
12  STAINLESS STEEL                   A403            WPW  ...   
13  STAINLESS STEEL                   A403            WPW  ...   
14  STAINLESS STEEL                   A403            WPW  ...   
15  STAINLESS STEEL                   A403            WPW  ...   
16  STAINLESS STEEL                   A403            WPW  ...   
17  STAINLESS STEEL                   A403            WPW  ...   
18  STAINLESS STEEL                   A403            WPW  ...   
19  STAINLESS STEEL                   A403            WPW  ...   
20  STAINLESS STEEL                   A403            WPW  ...   
21  STAINLESS STEEL                   A403            WPW  ...   
22  STAINLESS STEEL                   A403            WPW  ...   
23  STAINLESS STEEL                   A403            WPW  ...   
24  STAINLESS STEEL                   A403            WPW  ...   

   PRIMARY_SCHEDULE REDUCING_SCHEDULE MANUFACTURING_PROCESS END_FINISH  \
0               40S               NAN                   NAN        NAN   
1               40S               NAN                   NAN        NAN   
2               40S               NAN                   NAN        NAN   
3                10               NAN                   NAN        NAN   
4                10               NAN                   NAN        NAN   
5               10S               NAN                   NAN        NAN   
6               10S               NAN                   NAN        NAN   
7                10               NAN                   NAN        NAN   
8               40S               NAN                   NAN        NAN   
9                10               NAN                   NAN        NAN   
10              S60               NAN                   NAN        NAN   
11               10               NAN                   NAN        NAN   
12               40               NAN                   NAN        NAN   
13              10S               NAN                   NAN        NAN   
14              40S               NAN                   NAN        NAN   
15               10               NAN                   NAN        NAN   
16               10               NAN                   NAN        NAN   
17               10               NAN                   NAN        NAN   
18               40               NAN                   NAN        NAN   
19              10S               NAN                   NAN        NAN   
20               10               NAN                   NAN        NAN   
21               10               NAN                   NAN        NAN   
22               10               NAN                   NAN        NAN   
23              S60               NAN                   NAN        NAN   
24               10               NAN                   NAN        NAN   

   END_CONNECTIONS TRIM MISCELLANEOUS CONFIDENCE     id     score  
0              NAN  NAN           NAN       0.95  36616  0.809606  
1              NAN  NAN          304L       0.90  42793  0.806014  
2              NAN  NAN          304L       0.90  42812  0.804848  
3              NAN  NAN           NAN       0.95  36617  0.800086  
4              NAN  NAN           NAN       0.95  36622  0.797208  
5              NAN  NAN           NAN       0.90  36862  0.795331  
6              NAN  NAN           NAN       0.95  36863  0.795305  
7              NAN  NAN           NAN       0.90  42830  0.794767  
8              NAN  NAN           NAN       0.95  36856  0.793300  
9              NAN  NAN           NAN       0.95  36651  0.790087  
10             NAN  NAN          304L       0.90  42794  0.790012  
11             NAN  NAN           NAN       0.95  36859  0.789814  
12             NAN  NAN          304L       0.90  42699  0.789623  
13             NAN  NAN           NAN       0.95  39974  0.789418  
14             NAN  NAN           NAN       0.95  36621  0.789106  
15             NAN  NAN           NAN       0.95  36678  0.788394  
16             NAN  NAN           NAN       0.95  36677  0.788394  
17             NAN  NAN           NAN       0.95  36676  0.788394  
18             NAN  NAN           NAN       0.95  36864  0.787532  
19             NAN  NAN           NAN       0.95  39976  0.786892  
20             NAN  NAN           NAN       0.95  36868  0.786828  
21             NAN  NAN           NAN       0.95  36688  0.785801  
22             NAN  NAN           NAN       0.90  43065  0.785764  
23             NAN  NAN           NAN       0.95  36858  0.784905  
24             NAN  NAN           NAN       0.95  36626  0.783578  

[25 rows x 21 columns]",0,EXCELLENT
2,"GASKET, 18 150 WRI 316 FG 316 IR GSKT",18 150 WRI 316 FG 316 IR GASKET *Z,True,2,0,7.312917700000071,"       ID                         DESCRIPTION CATEGORY          TYPE  \
0   43437  18 150 WRI 316 FG 316 IR GASKET *Z   GASKET  SPIRAL WOUND   
1   11733  18 150 WRI 316 FG 316 IR GASKET *Z   GASKET          RING   
2   43423     10 150 WRI 316 FG 316 IR GASKET   GASKET  SPIRAL WOUND   
3   43470      8 150 WRI 316 FG 316 IR GASKET   GASKET          RING   
4   43438     18 300 WRI 316 FG 316 IR GASKET   GASKET  SPIRAL WOUND   
5   43475     18 300 WRI 316 FG 316 IR GASKET   GASKET  SPIRAL WOUND   
6    3872     18 300 WRI 316 FG 316 IR GASKET   GASKET          RING   
7   43440      2 150 WRI 316 FG 316 IR GASKET   GASKET  SPIRAL WOUND   
8   11731     14 150 WRI 316 FG 316 IR GASKET   GASKET          RING   
9   42804     14 150 WRI 316 FG 316 IR GASKET   GASKET  SPIRAL WOUND   
10   2104       12 150 WRI 316 FG 316 IR GSKT   GASKET  SPIRAL WOUND   
11  43452      3 150 WRI 316 FG 316 IR GASKET   GASKET  SPIRAL WOUND   
12  43466      6 150 WRI 316 FG 316 IR GASKET   GASKET  SPIRAL WOUND   
13  43465      6 150 WRI 316 FG 316 IR GASKET   GASKET  SPIRAL WOUND   
14  11732  16 150 WRI 316 FG 316 IR GASKET *Z   GASKET          RING   
15  43435  16 150 WRI 316 FG 316 IR GASKET *Z   GASKET          RING   
16  43485      4 150 WRI 316 FG 316 IR GASKET   GASKET  SPIRAL WOUND   
17  43446  20 150 WRI 316 FG 316 IR GASKET *Z   GASKET    RING INNER   
18  43478  20 150 WRI 316 FG 316 IR GASKET *Z   GASKET  SPIRAL WOUND   
19   3871     16 300 WRI 316 FG 316 IR GASKET   GASKET          RING   
20  11735  20 150 WRI 316 FG 316 IR GASKET *Z   GASKET          RING   
21  43480  24 150 WRI 316 FG 316 IR GASKET *Z   GASKET  SPIRAL WOUND   
22   2097  24 150 WRI 316 FG 316 IR GASKET *Z   GASKET  SPIRAL WOUND   
23  43479     20 300 WRI 316 FG 316 IR GASKET   GASKET  SPIRAL WOUND   
24  43447     20 300 WRI 316 FG 316 IR GASKET   GASKET  SPIRAL WOUND   

   PRIMARY_SIZE REDUCING_SIZE LENGTH    MATERIAL_NAME MATERIAL_SPECIFICATION  \
0          18.0           NAN    NAN  STAINLESS STEEL                    NAN   
1            18           NAN    NAN  STAINLESS STEEL                    316   
2          10.0           NAN    NAN  STAINLESS STEEL                    NAN   
3           8.0           NAN    NAN  STAINLESS STEEL                    NAN   
4          18.0           NAN    NAN  STAINLESS STEEL                    NAN   
5          18.0           NAN    NAN  STAINLESS STEEL                    NAN   
6            18           NAN    NAN  STAINLESS STEEL                    316   
7           2.0           NAN    NAN  STAINLESS STEEL                    NAN   
8            14           NAN    NAN  STAINLESS STEEL                    316   
9          14.0           NAN    NAN  STAINLESS STEEL                    NAN   
10           12           NAN    NAN  STAINLESS STEEL                    NAN   
11          3.0           NAN    NAN  STAINLESS STEEL                    NAN   
12          6.0           NAN    NAN  STAINLESS STEEL                    NAN   
13          6.0           NAN    NAN  STAINLESS STEEL                    NAN   
14           16           NAN    NAN  STAINLESS STEEL                    316   
15         16.0           NAN    NAN  STAINLESS STEEL                    NAN   
16          4.0           NAN    NAN  STAINLESS STEEL                    NAN   
17         20.0           NAN    NAN  STAINLESS STEEL                    NAN   
18         20.0           NAN    NAN  STAINLESS STEEL                    NAN   
19           16           NAN    NAN  STAINLESS STEEL                    316   
20           20           NAN    NAN  STAINLESS STEEL                    316   
21         24.0           NAN    NAN  STAINLESS STEEL                    NAN   
22           24           NAN    NAN  STAINLESS STEEL                    316   
23         20.0           NAN    NAN  STAINLESS STEEL                    NAN   
24         20.0           NAN    NAN  STAINLESS STEEL                    NAN   

   MATERIAL_GRADE  ... PRIMARY_SCHEDULE REDUCING_SCHEDULE  \
0             316  ...              NAN               NAN   
1             NAN  ...              NAN               NAN   
2             316  ...              NAN               NAN   
3             316  ...              NAN               NAN   
4             316  ...              NAN               NAN   
5             316  ...              NAN               NAN   
6             NAN  ...              NAN               NAN   
7             316  ...              NAN               NAN   
8             NAN  ...              NAN               NAN   
9             316  ...              NAN               NAN   
10            316  ...              NAN               NAN   
11            316  ...              NAN               NAN   
12            316  ...              NAN               NAN   
13            316  ...              NAN               NAN   
14            NAN  ...              NAN               NAN   
15            316  ...              NAN               NAN   
16            316  ...              NAN               NAN   
17            316  ...              NAN               NAN   
18            316  ...              NAN               NAN   
19            NAN  ...              NAN               NAN   
20            NAN  ...              NAN               NAN   
21            316  ...              NAN               NAN   
22            NAN  ...              NAN               NAN   
23            316  ...              NAN               NAN   
24            316  ...              NAN               NAN   

     MANUFACTURING_PROCESS END_FINISH END_CONNECTIONS TRIM  \
0                      NAN        NAN             NAN  NAN   
1                      NAN        NAN             NAN  NAN   
2                      NAN        NAN             NAN  316   
3                      NAN        NAN             NAN  NAN   
4                      NAN        NAN             NAN  NAN   
5                      NAN        NAN             NAN  316   
6                      NAN        NAN             NAN  NAN   
7                      NAN        NAN             NAN  316   
8                   FORGED        NAN             NAN  NAN   
9                      NAN        NAN             NAN  316   
10                     NAN        NAN             NAN  NAN   
11                     NAN        NAN             NAN  316   
12                     NAN        NAN             NAN  316   
13                     NAN        NAN             NAN  316   
14                     NAN        NAN             NAN  NAN   
15      WINDING REINFORCED        NAN             NAN  NAN   
16                     NAN        NAN             NAN  316   
17  WOUND REINFORCED INNER        NAN             NAN  NAN   
18                     NAN        NAN             NAN  316   
19                     NAN        NAN             NAN  NAN   
20                     NAN        NAN             NAN  NAN   
21                     NAN        NAN             NAN  316   
22                     NAN        NAN             NAN  NAN   
23                     NAN        NAN             NAN  NAN   
24                     NAN        NAN             NAN  316   

                 MISCELLANEOUS CONFIDENCE     id     score  
0                   INNER RING       0.90  43437  0.883109  
1                        FG IR       0.85  11733  0.883104  
2                           IR       0.90  43423  0.873009  
3                           IR       0.80  43470  0.870435  
4                   INNER RING       0.90  43438  0.870333  
5                   INNER RING       0.90  43475  0.870010  
6                   INNER RING       0.90   3872  0.869996  
7                           IR       0.90  43440  0.869714  
8                   INNER RING       0.85  11731  0.868807  
9                   INNER RING       0.90  42804  0.868807  
10                  INNER RING       0.90   2104  0.867452  
11                          IR       0.90  43452  0.865117  
12                          IR       0.90  43466  0.861236  
13                          IR       0.90  43465  0.861159  
14                          IR       0.85  11732  0.856478  
15                  INNER RING       0.90  43435  0.856478  
16                          IR       0.90  43485  0.854361  
17                          *Z       0.80  43446  0.852600  
18                          IR       0.90  43478  0.852537  
19                  INNER RING       0.90   3871  0.852508  
20                          IR       0.90  11735  0.852165  
21                          IR       0.90  43480  0.850098  
22  INNER RING FILLER GRAPHITE       0.90   2097  0.850098  
23                  INNER RING       0.90  43479  0.849573  
24                  INNER RING       0.90  43447  0.849573  

[25 rows x 21 columns]",2,EXCELLENT
3,"8X4 ECCENTRIC REDUCER , ASME B16.9 , BEVELED END , ASTM A403 GRADE WP304/WP304L , TYPE W S-10S",8 X 4 STAINLESS STEEL SCHEDULE 10 304L ECCENTRIC REDUCER,True,3,0,8.433718100000078,"       ID                                                        DESCRIPTION  \
0   43212           8 X 4 STAINLESS STEEL SCHEDULE 10 304L ECCENTRIC REDUCER   
1   36152                          8 X 4 SCHEDULE 40 ECC REDUCER 316 A403 WP   
2   36157        8 X 4 STAINLESS STEEL SCHEDULE 10 316 L ECC REDUCER A403WPW   
3   43214  8 X 6 STAINLESS STEEL SCHEDULE 10 304L CONCENTRIC REDUCER A403WPW   
4   36154                 8 X 4 STAINLESS STEEL SCHEDULE 10 304L ECC REDUCER   
5   36155                 8 X 4 STAINLESS STEEL SCHEDULE 10 304L ECC REDUCER   
6   36097         4 X 2 STAINLESS STEEL SCHEDULE 40 304L ECC REDUCER A403WPW   
7   35437        8 X 4 STAINLESS STEEL SCHEDULE 10 304L CONC REDUCER A403WPW   
8   35941        10 X 6 STAINLESS STEEL SCHEDULE 10 304L ECC REDUCER A403WPW   
9   43154  6 X 4 STAINLESS STEEL SCHEDULE 10 304L SEAMLESS ECCENTRIC REDUCER   
10  35987        12 X 6 STAINLESS STEEL SCHEDULE 10 304L ECC REDUCER A403WPW   
11  43083  4 X 3 STAINLESS STEEL SCHEDULE 10 304L SEAMLESS ECCENTRIC REDUCER   
12  36092        4 X 2 STAINLESS STEEL SCHEDULE 10 316 L ECC REDUCER A403WPW   
13  36093        4 X 2 STAINLESS STEEL SCHEDULE 10 316 L ECC REDUCER A403WPW   
14  36158                 8 X 4 STAINLESS STEEL SCHEDULE 40 304L ECC REDUCER   
15  42752          10 X 8 STAINLESS STEEL SCHEDULE 10 304L ECCENTRIC REDUCER   
16  36159            8 X 4 STAINLESS STEEL SCHEDULE 40 304L SMLS ECC REDUCER   
17  36110        4 X 3 STAINLESS STEEL SCHEDULE 10 316 L ECC REDUCER A403WPW   
18  36111        4 X 3 STAINLESS STEEL SCHEDULE 10 316 L ECC REDUCER A403WPW   
19  34922       10 X 4 STAINLESS STEEL SCHEDULE 40 304L CONC REDUCER A403WPW   
20  42753          10 X 8 STAINLESS STEEL SCHEDULE 40 304L ECCENTRIC REDUCER   
21  36136                 6 X 4 STAINLESS STEEL SCHEDULE 10 304L ECC REDUCER   
22  36135                 6 X 4 STAINLESS STEEL SCHEDULE 10 304L ECC REDUCER   
23  36090                 4 X 2 STAINLESS STEEL SCHEDULE 10 304L ECC REDUCER   
24  36091                 4 X 2 STAINLESS STEEL SCHEDULE 10 304L ECC REDUCER   

   CATEGORY                TYPE PRIMARY_SIZE REDUCING_SIZE LENGTH  \
0   FITTING   ECCENTRIC REDUCER          8.0           4.0    NAN   
1   FITTING   ECCENTRIC REDUCER            8             4    NAN   
2   FITTING   ECCENTRIC REDUCER            8             4    NAN   
3   FITTING  CONCENTRIC REDUCER          8.0           6.0    NAN   
4   FITTING   ECCENTRIC REDUCER            8             4    NAN   
5   FITTING   ECCENTRIC REDUCER            8             4    NAN   
6   FITTING   ECCENTRIC REDUCER            4             2    NAN   
7   FITTING  CONCENTRIC REDUCER            8             4    NAN   
8   FITTING   ECCENTRIC REDUCER           10             6    NAN   
9   FITTING   ECCENTRIC REDUCER         66.0           4.0    NAN   
10  FITTING   ECCENTRIC REDUCER           12             6    NAN   
11  FITTING   ECCENTRIC REDUCER          4.0           3.0    NAN   
12  FITTING   ECCENTRIC REDUCER            4             2    NAN   
13  FITTING   ECCENTRIC REDUCER            4             2    NAN   
14  FITTING   ECCENTRIC REDUCER            8             4    NAN   
15  FITTING   ECCENTRIC REDUCER         10.0           8.0    NAN   
16  FITTING   ECCENTRIC REDUCER            8             4    NAN   
17  FITTING   ECCENTRIC REDUCER            4             3    NAN   
18  FITTING   ECCENTRIC REDUCER            4             3    NAN   
19  FITTING  CONCENTRIC REDUCER           10             4    NAN   
20  FITTING   ECCENTRIC REDUCER         10.0           8.0    NAN   
21  FITTING   ECCENTRIC REDUCER            6             4    NAN   
22  FITTING   ECCENTRIC REDUCER            6             4    NAN   
23  FITTING   ECCENTRIC REDUCER            4             2    NAN   
24  FITTING   ECCENTRIC REDUCER            4             2    NAN   

      MATERIAL_NAME MATERIAL_SPECIFICATION MATERIAL_GRADE  ...  \
0   STAINLESS STEEL                    NAN           304L  ...   
1   STAINLESS STEEL                   A403             WP  ...   
2   STAINLESS STEEL                   A403            WPW  ...   
3   STAINLESS STEEL                   A403            WPW  ...   
4   STAINLESS STEEL                    NAN           304L  ...   
5   STAINLESS STEEL                    NAN           304L  ...   
6   STAINLESS STEEL                   A403            WPW  ...   
7   STAINLESS STEEL                   A403            WPW  ...   
8   STAINLESS STEEL                   A403            WPW  ...   
9   STAINLESS STEEL                    NAN           304L  ...   
10  STAINLESS STEEL                   A403            WPW  ...   
11  STAINLESS STEEL                    NAN           304L  ...   
12  STAINLESS STEEL                   A403            WPW  ...   
13  STAINLESS STEEL                   A403            WPW  ...   
14  STAINLESS STEEL                    NAN           304L  ...   
15  STAINLESS STEEL                    NAN           304L  ...   
16  STAINLESS STEEL                    NAN           304L  ...   
17  STAINLESS STEEL                   A403            WPW  ...   
18  STAINLESS STEEL                   A403            WPW  ...   
19  STAINLESS STEEL                   A403            WPW  ...   
20  STAINLESS STEEL                    NAN           304L  ...   
21  STAINLESS STEEL                    NAN           304L  ...   
22  STAINLESS STEEL                    NAN           304L  ...   
23  STAINLESS STEEL                    NAN           304L  ...   
24  STAINLESS STEEL                    NAN           304L  ...   

   PRIMARY_SCHEDULE REDUCING_SCHEDULE MANUFACTURING_PROCESS END_FINISH  \
0                10               NAN                   NAN        NAN   
1                40               NAN                   NAN        NAN   
2                10               NAN                   NAN        NAN   
3                10                10                   NAN        NAN   
4                10               NAN                   NAN        NAN   
5                10               NAN                   NAN        NAN   
6                40               NAN                   NAN        NAN   
7                10               NAN                   NAN        NAN   
8                10               NAN                   NAN        NAN   
9                10               NAN              SEAMLESS        NAN   
10               10               NAN                   NAN        NAN   
11               10               NAN              SEAMLESS        NAN   
12               10               NAN                   NAN        NAN   
13               10               NAN                   NAN        NAN   
14               40               NAN                   NAN        NAN   
15               10               NAN                   NAN        NAN   
16               40               NAN              SEAMLESS        NAN   
17               10               NAN                   NAN        NAN   
18               10               NAN                   NAN        NAN   
19               40               NAN                   NAN        NAN   
20               40               NAN                   NAN        NAN   
21               10               NAN                   NAN        NAN   
22               10               NAN                   NAN        NAN   
23               10               NAN                   NAN        NAN   
24               10               NAN                   NAN        NAN   

   END_CONNECTIONS TRIM MISCELLANEOUS CONFIDENCE     id     score  
0              NAN  NAN           NAN       0.90  43212  0.831836  
1              NAN  NAN           NAN       0.95  36152  0.823265  
2              NAN  NAN           NAN       0.95  36157  0.821027  
3              NAN  NAN           NAN       0.90  43214  0.818670  
4              NAN  NAN           NAN       0.90  36154  0.818182  
5              NAN  NAN           NAN       0.90  36155  0.818158  
6              NAN  NAN           NAN       0.95  36097  0.817999  
7              NAN  NAN           NAN       0.95  35437  0.817078  
8              NAN  NAN           NAN       0.95  35941  0.813073  
9              NAN  NAN           NAN       0.90  43154  0.811988  
10             NAN  NAN           NAN       0.95  35987  0.807471  
11             NAN  NAN           NAN       0.90  43083  0.807385  
12             NAN  NAN           NAN       0.95  36092  0.807066  
13             NAN  NAN           NAN       0.95  36093  0.807054  
14             NAN  NAN           NAN       0.90  36158  0.806445  
15             NAN  NAN           NAN       0.90  42752  0.804818  
16             NAN  NAN           NAN       0.95  36159  0.804718  
17             NAN  NAN           NAN       0.95  36110  0.804476  
18             NAN  NAN           NAN       0.95  36111  0.804433  
19             NAN  NAN           NAN       0.95  34922  0.803156  
20             NAN  NAN           NAN       0.90  42753  0.802492  
21             NAN  NAN           NAN       0.90  36136  0.801921  
22             NAN  NAN           NAN       0.90  36135  0.801921  
23             NAN  NAN           NAN       0.90  36090  0.800944  
24             NAN  NAN           NAN       0.85  36091  0.800944  

[25 rows x 21 columns]",0,EXCELLENT
4,"16 CAP , ASME B16.9 , BEVELED END , ASTM A403 GRADE WP316/WP316L , TYPE W S-10S",16 STAINLESS STEEL SCHEDULE 10S .188 316L CAP WPS,True,4,160,8.656740600000148,"       ID                                               DESCRIPTION CATEGORY  \
0   36873       16 STAINLESS STEEL SCHEDULE 40 90 EL LR 316 A403 WP  FITTING   
1   36869  16 STAINLESS STEEL SCHEDULE 10 316 L LR 90 ELBOW A403WPW  FITTING   
2   36866                               16 SS S10 304L LR 90 A403CR  FITTING   
3   36624       16 STAINLESS STEEL SCHEDULE 40 45 EL LR 316 A403 WP  FITTING   
4   39976  16 STAINLESS STEEL SCHEDULE 10S 304L SR 90 ELBOW A403WPW  FITTING   
5   36867          16 STAINLESS STEEL S40S 304L LR 90 ELBOW A403WPW  FITTING   
6   37087                            8 SS S10 316L LR 90 ELL A403CR  FITTING   
7   36621          16 STAINLESS STEEL S40S 304L LR 45 ELBOW A403WPW  FITTING   
8   40615          16 STAINLESS STEEL SCHEDULE 10 316 L TEE A403WPW  FITTING   
9   40925                                  8 SS S10 316L TEE A403CR  FITTING   
10  36872  16 STAINLESS STEEL SCHEDULE 40 316 L LR 90 ELBOW A403WPW  FITTING   
11  34230                               8 SS S10 316L 45 ELL A403CR  FITTING   
12  40613                                 16 SS S10 304L TEE A403CR  FITTING   
13  36868   16 STAINLESS STEEL SCHEDULE 10 304L LR 90 ELBOW A403WPW  FITTING   
14  36622   16 STAINLESS STEEL SCHEDULE 10 304L LR 45 ELBOW A403WPW  FITTING   
15  40583                                 12 SS S10 316L TEE A403CR  FITTING   
16  34828           8 STAINLESS STEEL SCHEDULE 10 316 L CAP A403WPS  FITTING   
17  36876  18 STAINLESS STEEL SCHEDULE 10 316 L LR 90 ELBOW A403WPW  FITTING   
18  37100   8 STAINLESS STEEL SCHEDULE 10 316 L LR 90 ELBOW A403WPW  FITTING   
19  37099   8 STAINLESS STEEL SCHEDULE 10 316 L LR 90 ELBOW A403WPW  FITTING   
20  37098   8 STAINLESS STEEL SCHEDULE 10 316 L LR 90 ELBOW A403WPW  FITTING   
21  36706   8 STAINLESS STEEL SCHEDULE 10 316 L LR 45 ELBOW A403WPW  FITTING   
22  36707   8 STAINLESS STEEL SCHEDULE 10 316 L LR 45 ELBOW A403WPW  FITTING   
23  40038    8 STAINLESS STEEL SCHEDULE 10 316 L SR 90 ELBOW A403WP  FITTING   
24  34613          10 STAINLESS STEEL SCHEDULE 10 316 L CAP A403WPW  FITTING   

                  TYPE PRIMARY_SIZE REDUCING_SIZE LENGTH    MATERIAL_NAME  \
0   LR 90 DEGREE ELBOW           16           NAN    NAN  STAINLESS STEEL   
1   LR 90 DEGREE ELBOW           16           NAN    NAN  STAINLESS STEEL   
2   LR 90 DEGREE ELBOW           16           NAN    NAN  STAINLESS STEEL   
3   LR 45 DEGREE ELBOW           16           NAN    NAN  STAINLESS STEEL   
4   SR 90 DEGREE ELBOW           16           NAN    NAN  STAINLESS STEEL   
5   LR 90 DEGREE ELBOW           16           NAN    NAN  STAINLESS STEEL   
6   LR 90 DEGREE ELBOW            8           NAN    NAN  STAINLESS STEEL   
7   LR 45 DEGREE ELBOW           16           NAN    NAN  STAINLESS STEEL   
8                  TEE           16           NAN    NAN  STAINLESS STEEL   
9                  TEE            8           NAN    NAN  STAINLESS STEEL   
10  LR 90 DEGREE ELBOW           16           NAN    NAN  STAINLESS STEEL   
11     45 DEGREE ELBOW            8           NAN    NAN  STAINLESS STEEL   
12                 TEE           16           NAN    NAN  STAINLESS STEEL   
13  LR 90 DEGREE ELBOW           16           NAN    NAN  STAINLESS STEEL   
14  LR 45 DEGREE ELBOW           16           NAN    NAN  STAINLESS STEEL   
15                 TEE           12           NAN    NAN  STAINLESS STEEL   
16                 CAP            8           NAN    NAN  STAINLESS STEEL   
17  LR 90 DEGREE ELBOW           18           NAN    NAN  STAINLESS STEEL   
18  LR 90 DEGREE ELBOW            8           NAN    NAN  STAINLESS STEEL   
19  LR 90 DEGREE ELBOW            8           NAN    NAN  STAINLESS STEEL   
20  LR 90 DEGREE ELBOW            8           NAN    NAN  STAINLESS STEEL   
21  LR 45 DEGREE ELBOW            8           NAN    NAN  STAINLESS STEEL   
22  LR 45 DEGREE ELBOW            8           NAN    NAN  STAINLESS STEEL   
23  SR 90 DEGREE ELBOW            8           NAN    NAN  STAINLESS STEEL   
24                 CAP           10           NAN    NAN  STAINLESS STEEL   

   MATERIAL_SPECIFICATION MATERIAL_GRADE  ... PRIMARY_SCHEDULE  \
0                    A403             WP  ...               40   
1                    A403            WPW  ...               10   
2                    A403           304L  ...               10   
3                    A403          WP316  ...               40   
4                    A403            WPW  ...              10S   
5                    A403            WPW  ...              40S   
6                    A403           316L  ...               10   
7                    A403            WPW  ...              40S   
8                    A403            WPW  ...               10   
9                    A403           316L  ...               10   
10                   A403            WPW  ...               40   
11                   A403           316L  ...               10   
12                   A403           304L  ...               10   
13                   A403            WPW  ...               10   
14                   A403            WPW  ...               10   
15                   A403           316L  ...               10   
16                   A403         WP316L  ...               10   
17                   A403            WPW  ...               10   
18                   A403            WPW  ...               10   
19                   A403            WPW  ...               10   
20                   A403            WPW  ...               10   
21                   A403            WPW  ...               10   
22                   A403            WPW  ...               10   
23                   A403             WP  ...               10   
24                   A403            WPW  ...               10   

   REDUCING_SCHEDULE MANUFACTURING_PROCESS END_FINISH END_CONNECTIONS TRIM  \
0                NAN                   NAN        NAN             NAN  NAN   
1                NAN                   NAN        NAN             NAN  NAN   
2                NAN                   NAN        NAN             NAN  NAN   
3                NAN                   NAN        NAN             NAN  NAN   
4                NAN                   NAN        NAN             NAN  NAN   
5                NAN                   NAN        NAN             NAN  NAN   
6                NAN                   NAN        NAN             NAN  NAN   
7                NAN                   NAN        NAN             NAN  NAN   
8                NAN                   NAN        NAN             NAN  NAN   
9                NAN                   NAN        NAN             NAN  NAN   
10               NAN                   NAN        NAN             NAN  NAN   
11               NAN                   NAN        NAN             NAN  NAN   
12               NAN                   NAN        NAN             NAN  NAN   
13               NAN                   NAN        NAN             NAN  NAN   
14               NAN                   NAN        NAN             NAN  NAN   
15               NAN                   NAN        NAN             NAN  NAN   
16               NAN                   NAN        NAN             NAN  NAN   
17               NAN                   NAN        NAN             NAN  NAN   
18               NAN                   NAN        NAN             NAN  NAN   
19               NAN                   NAN        NAN             NAN  NAN   
20               NAN                   NAN        NAN             NAN  NAN   
21               NAN                   NAN        NAN             NAN  NAN   
22               NAN                   NAN        NAN             NAN  NAN   
23               NAN                   NAN        NAN             NAN  NAN   
24               NAN                   NAN        NAN             NAN  NAN   

   MISCELLANEOUS CONFIDENCE     id     score  
0            NAN       0.95  36873  0.790169  
1            NAN       0.95  36869  0.790045  
2             CR       0.90  36866  0.786778  
3            NAN       0.90  36624  0.785154  
4            NAN       0.95  39976  0.781243  
5            NAN       0.95  36867  0.774761  
6             CR       0.95  37087  0.773793  
7            NAN       0.95  36621  0.773787  
8            NAN       0.90  40615  0.772687  
9             CR       0.90  40925  0.771993  
10           NAN       0.95  36872  0.771736  
11            CR       0.90  34230  0.769680  
12            CR       0.85  40613  0.768918  
13           NAN       0.95  36868  0.766771  
14           NAN       0.95  36622  0.763614  
15            CR       0.90  40583  0.761026  
16           NAN       0.95  34828  0.760952  
17           NAN       0.95  36876  0.760413  
18           NAN       0.95  37100  0.759524  
19           NAN       0.95  37099  0.759524  
20           NAN       0.95  37098  0.759076  
21           NAN       0.95  36706  0.758857  
22           NAN       0.95  36707  0.758671  
23           NAN       0.95  40038  0.758507  
24           NAN       0.90  34613  0.758471  

[25 rows x 21 columns]",2,EXCELLENT
5,"UNION, PIPE, 3"", THREADED, 3000 LB, CARBON STEEL, ASTM A105",3 FORGED STEEL 3000 THREADED STEEL STEEL UNION,True,5,0,27.462835999999925,"       ID                                                 DESCRIPTION  \
0   43808              3 FORGED STEEL 3000 THREADED STEEL STEEL UNION   
1   43387     3 CARBON STEEL 300 STANDARD RAISED FACE WELD NECK A105N   
2   43371        3 CARBON STEEL 300 RAISED FACE THREADED FLANGE A105N   
3   43401  3 CARBON STEEL 300 SCHEDULE XH RAISED FACE WELD NECK A105N   
4   16163           3 GALVANIZED FORGED STEEL 3000 THREAD STEEL UNION   
5   16164           3 GALVANIZED FORGED STEEL 3000 THREAD STEEL UNION   
6   16161                3 FORGED STEEL 3000 THREAD STEEL STEEL UNION   
7   16162                3 FORGED STEEL 3000 THREAD STEEL STEEL UNION   
8   16142           1 GALVANIZED FORGED STEEL 3000 THREAD STEEL UNION   
9   16168                            4 FORGED STEEL 3000 THREAD UNION   
10  43796             1"" 3000 UNION FORGED STEEL THREADED STEEL STEEL   
11  16141                      1 FORGED STEEL 3000 THREAD STEEL UNION   
12   6111                      1 FORGED STEEL 3000 THREAD STEEL UNION   
13  18123                      1 FORGED STEEL 3000 THREAD STEEL UNION   
14  16159           2 GALVANIZED FORGED STEEL 3000 THREAD STEEL UNION   
15  16158           2 GALVANIZED FORGED STEEL 3000 THREAD STEEL UNION   
16  18175           2 GALVANIZED FORGED STEEL 3000 THREAD STEEL UNION   
17  16143           1 GALVANIZED FORGED STEEL 3000 THREAD STEEL UNION   
18  18174           2 GALVANIZED FORGED STEEL 3000 THREAD STEEL UNION   
19  43194     8 CARBON STEEL 300 STANDARD RAISED FACE WELD NECK A105N   
20  43799                  0.5 FORGED STEEL 3000 THREADED STEEL UNION   
21  18124                        1 GALVANIZED 3000 THREAD STEEL UNION   
22  18122                1 FORGED STEEL 3000 THREAD STEEL STEEL UNION   
23  43408  3 CARBON STEEL 150 SCHEDULE XH RAISED FACE WELD NECK A105N   
24  43389     4 CARBON STEEL 300 STANDARD RAISED FACE WELD NECK A105N   

   CATEGORY                  TYPE PRIMARY_SIZE REDUCING_SIZE LENGTH  \
0   FITTING                 UNION          3.0           NAN    NAN   
1    FLANGE             WELD NECK          3.0           NAN    NAN   
2    FLANGE  THREADED RAISED FACE          3.0           NAN    NAN   
3    FLANGE             WELD NECK          3.0           NAN    NAN   
4   FITTING                 UNION            3           NAN    NAN   
5   FITTING                 UNION            3           NAN    NAN   
6   FITTING                 UNION            3           NAN    NAN   
7   FITTING                 UNION            3           NAN    NAN   
8   FITTING                 UNION            1           NAN    NAN   
9   FITTING                 UNION            4           NAN    NAN   
10  FITTING                 UNION          1.0           NAN    NAN   
11  FITTING                 UNION            1           NAN    NAN   
12  FITTING                 UNION            1           NAN    NAN   
13  FITTING                 UNION            1           NAN    NAN   
14  FITTING                 UNION            2           NAN    NAN   
15  FITTING                 UNION            2           NAN    NAN   
16  FITTING                 UNION            2           NAN    NAN   
17  FITTING                 UNION            1           NAN    NAN   
18  FITTING                 UNION            2           NAN    NAN   
19   FLANGE             WELD NECK          8.0           NAN    NAN   
20  FITTING                 UNION          0.5           NAN    NAN   
21  FITTING                 UNION            1           NAN    NAN   
22  FITTING                 UNION            1           NAN    NAN   
23   FLANGE             WELD NECK          3.0           NAN    NAN   
24   FLANGE             WELD NECK          4.0           NAN    NAN   

   MATERIAL_NAME MATERIAL_SPECIFICATION MATERIAL_GRADE  ... PRIMARY_SCHEDULE  \
0   CARBON STEEL                    NAN            NAN  ...              NAN   
1   CARBON STEEL                   A105              N  ...              STD   
2   CARBON STEEL                   A105              N  ...              NAN   
3   CARBON STEEL                   A105              N  ...               XH   
4   CARBON STEEL                    NAN            NAN  ...              NAN   
5   CARBON STEEL                    NAN            NAN  ...              NAN   
6   CARBON STEEL                    NAN            NAN  ...              NAN   
7   CARBON STEEL                    NAN            NAN  ...              NAN   
8   CARBON STEEL                    NAN            NAN  ...              NAN   
9   CARBON STEEL                    NAN            NAN  ...              NAN   
10  CARBON STEEL                    NAN            NAN  ...              NAN   
11  CARBON STEEL                    NAN            NAN  ...              NAN   
12         STEEL                    NAN            NAN  ...              NAN   
13         STEEL                    NAN            NAN  ...              NAN   
14  CARBON STEEL                    NAN            NAN  ...              NAN   
15  CARBON STEEL                    NAN            NAN  ...              NAN   
16         STEEL                    NAN            NAN  ...              NAN   
17  CARBON STEEL                    NAN            NAN  ...              NAN   
18         STEEL                    NAN            NAN  ...              NAN   
19  CARBON STEEL                   A105              N  ...         STANDARD   
20  CARBON STEEL                    NAN            NAN  ...              NAN   
21         STEEL                    NAN            NAN  ...              NAN   
22         STEEL                    NAN            NAN  ...              NAN   
23  CARBON STEEL                   A105              N  ...               XH   
24  CARBON STEEL                   A105              N  ...         STANDARD   

   REDUCING_SCHEDULE MANUFACTURING_PROCESS   END_FINISH END_CONNECTIONS TRIM  \
0                NAN                FORGED          NAN        THREADED  NAN   
1                NAN                   NAN  RAISED FACE             NAN  NAN   
2                NAN                   NAN  RAISED FACE        THREADED  NAN   
3                NAN                   NAN  RAISED FACE             NAN  NAN   
4                NAN                FORGED   GALVANIZED             THD  NAN   
5                NAN                FORGED   GALVANIZED             THD  NAN   
6                NAN                FORGED          NAN             THD  NAN   
7                NAN                FORGED          NAN             THD  NAN   
8                NAN                FORGED   GALVANIZED             THD  NAN   
9                NAN                FORGED          NAN             THD  NAN   
10               NAN                FORGED          NAN        THREADED  NAN   
11               NAN                FORGED          NAN             THD  NAN   
12               NAN                FORGED          NAN             THD  NAN   
13               NAN                FORGED          NAN             THD  NAN   
14               NAN                FORGED   GALVANIZED             THD  NAN   
15               NAN                FORGED   GALVANIZED             THD  NAN   
16               NAN                FORGED   GALVANIZED             THD  NAN   
17               NAN                FORGED   GALVANIZED             THD  NAN   
18               NAN                FORGED   GALVANIZED             THD  NAN   
19               NAN                   NAN  RAISED FACE             NAN  NAN   
20               NAN                FORGED          NAN        THREADED  NAN   
21               NAN                   NAN   GALVANIZED             THD  NAN   
22               NAN                FORGED          NAN             THD  NAN   
23               NAN                   NAN  RAISED FACE             NAN  NAN   
24               NAN                   NAN  RAISED FACE             NAN  NAN   

   MISCELLANEOUS CONFIDENCE     id     score  
0            NAN       0.80  43808  0.762642  
1            NAN       0.90  43387  0.761804  
2            NAN       0.90  43371  0.757555  
3            NAN       0.90  43401  0.752507  
4            NAN       0.90  16163  0.752234  
5            NAN       0.90  16164  0.752176  
6            NAN       0.85  16161  0.751168  
7            NAN       0.85  16162  0.751026  
8            NAN       0.90  16142  0.745878  
9            NAN       0.90  16168  0.744439  
10           NAN       0.80  43796  0.744052  
11           NAN       0.85  16141  0.743342  
12           NAN       0.85   6111  0.743299  
13           NAN       0.85  18123  0.743253  
14           NAN       0.90  16159  0.742820  
15           NAN       0.90  16158  0.742820  
16           NAN       0.90  18175  0.742674  
17           NAN       0.90  16143  0.742663  
18           NAN       0.90  18174  0.742660  
19           NAN       0.90  43194  0.739624  
20           NAN       0.80  43799  0.739203  
21           NAN       0.85  18124  0.737992  
22           NAN       0.85  18122  0.736982  
23           NAN       0.90  43408  0.736461  
24           NAN       0.90  43389  0.735507  

[25 rows x 21 columns]",3,EXCELLENT
6,"10 90 DEGREE LONG RADIUS ELBOW , ASME B16.9 , BEVELED END , ASTM A420 GRADE WPL6 , TYPE S S-STD",10 CARBON STEEL WPL6 STANDARD WELD LONG RADIUS 90 ELBOW,True,6,3,11.411753500000032,"       ID                                                DESCRIPTION CATEGORY  \
0   24644     10 CARBON STEEL WPL6 STANDARD WLD LONG RADIUS 90 ELBOW  FITTING   
1   24643     10 CARBON STEEL WPL6 STANDARD WLD LONG RADIUS 90 ELBOW  FITTING   
2   24656                       10 CS STD A420 WPL6 WELD LR 90 ELBOW  FITTING   
3   42710    10 CARBON STEEL WPL6 STANDARD WELD LONG RADIUS 90 ELBOW  FITTING   
4   42709    10 CARBON STEEL WPL6 STANDARD WELD LONG RADIUS 90 ELBOW  FITTING   
5   24927                        6 CS STD A420 WPL6 WELD LR 90 ELBOW  FITTING   
6   24957                        8 CS STD A420 WPL6 WELD LR 90 ELBOW  FITTING   
7   24725     16 CARBON STEEL WPL6 STANDARD WLD LONG RADIUS 90 ELBOW  FITTING   
8   24945      8 CARBON STEEL WPL6 STANDARD WLD LONG RADIUS 90 ELBOW  FITTING   
9   24944      8 CARBON STEEL WPL6 STANDARD WLD LONG RADIUS 90 ELBOW  FITTING   
10  24690     12 CARBON STEEL WPL6 STANDARD WLD LONG RADIUS 90 ELBOW  FITTING   
11  24689     12 CARBON STEEL WPL6 STANDARD WLD LONG RADIUS 90 ELBOW  FITTING   
12  24714     14 CARBON STEEL WPL6 STANDARD WLD LONG RADIUS 90 ELBOW  FITTING   
13  42795    14 CARBON STEEL WPL6 STANDARD WELD LONG RADIUS 90 ELBOW  FITTING   
14  42797    14 CARBON STEEL WPL6 STANDARD WELD LONG RADIUS 90 ELBOW  FITTING   
15  27474              10 CARBON STEEL WPL6 STANDARD WLD SR 90 ELBOW  FITTING   
16  43178     8 CARBON STEEL WPL6 STANDARD WELD LONG RADIUS 90 ELBOW  FITTING   
17  43179     8 CARBON STEEL WPL6 STANDARD WELD LONG RADIUS 90 ELBOW  FITTING   
18  42816    16 CARBON STEEL WPL6 STANDARD WELD LONG RADIUS 90 ELBOW  FITTING   
19  24805     24 CARBON STEEL WPL6 STANDARD WLD LONG RADIUS 90 ELBOW  FITTING   
20  24657                                 10 CS STD WELD LR 90 ELBOW  FITTING   
21  24641  10 CARBON STEEL WPL6 EXTRA HEAVY WLD LONG RADIUS 90 ELBOW  FITTING   
22  24642  10 CARBON STEEL WPL6 EXTRA HEAVY WLD LONG RADIUS 90 ELBOW  FITTING   
23  24879      4 CARBON STEEL WPL6 STANDARD WLD LONG RADIUS 90 ELBOW  FITTING   
24  24880      4 CARBON STEEL WPL6 STANDARD WLD LONG RADIUS 90 ELBOW  FITTING   

                    TYPE PRIMARY_SIZE REDUCING_SIZE LENGTH MATERIAL_NAME  \
0     LR 90 DEGREE ELBOW           10           NAN    NAN  CARBON STEEL   
1     LR 90 DEGREE ELBOW           10           NAN    NAN  CARBON STEEL   
2     LR 90 DEGREE ELBOW           10           NAN    NAN  CARBON STEEL   
3   LONG RADIUS 90 ELBOW         10.0           NAN    NAN  CARBON STEEL   
4   LONG RADIUS 90 ELBOW         10.0           NAN    NAN  CARBON STEEL   
5     LR 90 DEGREE ELBOW            6           NAN    NAN  CARBON STEEL   
6     LR 90 DEGREE ELBOW            8           NAN    NAN  CARBON STEEL   
7     LR 90 DEGREE ELBOW           16           NAN    NAN  CARBON STEEL   
8     LR 90 DEGREE ELBOW            8           NAN    NAN  CARBON STEEL   
9     LR 90 DEGREE ELBOW            8           NAN    NAN  CARBON STEEL   
10    LR 90 DEGREE ELBOW           12           NAN    NAN  CARBON STEEL   
11    LR 90 DEGREE ELBOW           12           NAN    NAN  CARBON STEEL   
12    LR 90 DEGREE ELBOW           14           NAN    NAN  CARBON STEEL   
13  LONG RADIUS 90 ELBOW         14.0           NAN    NAN  CARBON STEEL   
14  LONG RADIUS 90 ELBOW         14.0           NAN    NAN  CARBON STEEL   
15    SR 90 DEGREE ELBOW           10           NAN    NAN  CARBON STEEL   
16  LONG RADIUS 90 ELBOW          8.0           NAN    NAN  CARBON STEEL   
17  LONG RADIUS 90 ELBOW          8.0           NAN    NAN  CARBON STEEL   
18  LONG RADIUS 90 ELBOW         16.0           NAN    NAN  CARBON STEEL   
19    LR 90 DEGREE ELBOW           24           NAN    NAN  CARBON STEEL   
20    LR 90 DEGREE ELBOW           10           NAN    NAN  CARBON STEEL   
21    LR 90 DEGREE ELBOW           10           NAN    NAN  CARBON STEEL   
22    LR 90 DEGREE ELBOW           10           NAN    NAN  CARBON STEEL   
23    LR 90 DEGREE ELBOW            4           NAN    NAN  CARBON STEEL   
24    LR 90 DEGREE ELBOW            4           NAN    NAN  CARBON STEEL   

   MATERIAL_SPECIFICATION MATERIAL_GRADE  ... PRIMARY_SCHEDULE  \
0                    WPL6            NAN  ...              STD   
1                    WPL6            NAN  ...              STD   
2                    A420           WPL6  ...              STD   
3                    WPL6            NAN  ...         STANDARD   
4                     NAN           WPL6  ...         STANDARD   
5                    A420           WPL6  ...              STD   
6                    A420           WPL6  ...              STD   
7                    WPL6            NAN  ...              STD   
8                    WPL6            NAN  ...              STD   
9                    WPL6            NAN  ...              STD   
10                   WPL6            NAN  ...              STD   
11                   WPL6            NAN  ...              STD   
12                   WPL6            NAN  ...              STD   
13                   WPL6            NAN  ...         STANDARD   
14                   WPL6            NAN  ...         STANDARD   
15                   WPL6            NAN  ...              STD   
16                    NAN           WPL6  ...         STANDARD   
17                   WPL6            NAN  ...         STANDARD   
18                   WPL6            NAN  ...         STANDARD   
19                   WPL6            NAN  ...              STD   
20                    NAN            NAN  ...              STD   
21                   WPL6            NAN  ...               XH   
22                   WPL6            NAN  ...               XH   
23                   WPL6            NAN  ...              STD   
24                   WPL6            NAN  ...              STD   

   REDUCING_SCHEDULE MANUFACTURING_PROCESS END_FINISH END_CONNECTIONS TRIM  \
0                NAN                   NAN         BW             NAN  NAN   
1                NAN                WELDED        NAN             NAN  NAN   
2                NAN                   NAN       WELD             NAN  NAN   
3                NAN                WELDED        NAN       BUTT WELD  NAN   
4                NAN                  WELD        NAN             NAN  NAN   
5                NAN                WELDED        NAN             NAN  NAN   
6                NAN                  WELD        NAN             NAN  NAN   
7                NAN                   NAN         BW             NAN  NAN   
8                NAN                   NAN         BW             NAN  NAN   
9                NAN                   NAN         BW             NAN  NAN   
10               NAN                   NAN         BW             NAN  NAN   
11               NAN                   NAN         BW             NAN  NAN   
12               NAN                   NAN        NAN             NAN  NAN   
13               NAN                  WELD        NAN             NAN  NAN   
14               NAN                WELDED        NAN             NAN  NAN   
15               NAN                   NAN        NAN             NAN  NAN   
16               NAN                  WELD        NAN             NAN  NAN   
17               NAN                WELDED        NAN       BUTT WELD  NAN   
18               NAN                  WELD        NAN             NAN  NAN   
19               NAN                  WELD        NAN             NAN  NAN   
20               NAN                   NAN        NAN             NAN  NAN   
21               NAN                  WELD        NAN             NAN  NAN   
22               NAN                   NAN        NAN             NAN  NAN   
23               NAN                   NAN        NAN             NAN  NAN   
24               NAN                   NAN         BW             NAN  NAN   

   MISCELLANEOUS CONFIDENCE     id     score  
0            NAN       0.90  24644  0.817983  
1            NAN       0.85  24643  0.817958  
2            NAN       0.95  24656  0.817557  
3            NAN       0.90  42710  0.813210  
4            NAN       0.90  42709  0.813210  
5            NAN       0.85  24927  0.808452  
6            NAN       0.90  24957  0.803623  
7            NAN       0.90  24725  0.802397  
8    LONG RADIUS       0.90  24945  0.801794  
9            NAN       0.90  24944  0.801784  
10           NAN       0.90  24690  0.801779  
11           NAN       0.90  24689  0.801734  
12           NAN       0.85  24714  0.801257  
13           NAN       0.90  42795  0.798822  
14           NAN       0.90  42797  0.798774  
15  SHORT RADIUS       0.90  27474  0.798591  
16           NAN       0.80  43178  0.798027  
17           NAN       0.90  43179  0.798027  
18           NAN       0.90  42816  0.796194  
19           NAN       0.90  24805  0.793915  
20           NAN       0.80  24657  0.793689  
21           NAN       0.90  24641  0.793632  
22   LONG RADIUS       0.90  24642  0.793632  
23           NAN       0.85  24879  0.789576  
24           NAN       0.90  24880  0.789576  

[25 rows x 21 columns]",0,EXCELLENT
7,"16 PIPE , ASME B36.10 , BEVELED END , ASTM A106-B , SEAMLESS S-STD",16 BLACK PLAIN END A106B STANDARD SEAMLESS DRL PIPE,True,7,16,9.863567699999976,"       ID  \
0   26657   
1   43717   
2   26659   
3   26658   
4   26648   
5   27047   
6   26647   
7   28543   
8   26655   
9   26654   
10  26656   
11  26650   
12  26698   
13  26696   
14  26697   
15  27046   
16  42819   
17  27030   
18  26660   
19  27180   
20  27181   
21  26700   
22  27029   
23  26681   
24  27081   

                                                             DESCRIPTION  \
0                    16 BLACK PLAIN END A106B STANDARD SEAMLESS SRL PIPE   
1                    16 BLACK PLAIN END A106B STANDARD SEAMLESS SRL PIPE   
2                    16 BLACK PLAIN END A106B STANDARD SEAMLESS SRL PIPE   
3                    16 BLACK PLAIN END A106B STANDARD SEAMLESS SRL PIPE   
4                        16 BLACK PLAIN END A106B S160 SEAMLESS PIPE SRL   
5                    36 BLACK PLAIN END A106B STANDARD SEAMLESS SRL PIPE   
6                            16 BLACK PLAIN END A106B S120 SEAMLESS PIPE   
7   16 BLACK PLAIN END A106B STANDARD SEAMLESS DOUBLE RANDOM LENGTH PIPE   
8   16 BLACK PLAIN END A106B STANDARD SEAMLESS DOUBLE RANDOM LENGTH PIPE   
9   16 BLACK PLAIN END A106B STANDARD SEAMLESS DOUBLE RANDOM LENGTH PIPE   
10  16 BLACK PLAIN END A106B STANDARD SEAMLESS DOUBLE RANDOM LENGTH PIPE   
11       16 BLACK PLAIN END A106B S60 SEAMLESS DOUBLE RANDOM LENGTH PIPE   
12                   18 BLACK PLAIN END A106B STANDARD SEAMLESS SRL PIPE   
13                   18 BLACK PLAIN END A106B STANDARD SEAMLESS SRL PIPE   
14                   18 BLACK PLAIN END A106B STANDARD SEAMLESS SRL PIPE   
15  36 BLACK PLAIN END A106B STANDARD SEAMLESS DOUBLE RANDOM LENGTH PIPE   
16                   16 BLACK PLAIN END A106B STANDARD SEAMLESS DRL PIPE   
17                   30 BLACK PLAIN END A106B STANDARD SEAMLESS SRL PIPE   
18       16 BLACK PLAIN END A106B T40 SEAMLESS DOUBLE RANDOM LENGTH PIPE   
19       6 BLACK PLAIN END A106B S160 SEAMLESS DOUBLE RANDOM LENGTH PIPE   
20       6 BLACK PLAIN END A106B S160 SEAMLESS DOUBLE RANDOM LENGTH PIPE   
21                        18 BLACK PLAIN END A106B T40 SEAMLESS SRL PIPE   
22  30 BLACK PLAIN END A106B STANDARD SEAMLESS DOUBLE RANDOM LENGTH PIPE   
23              16 GALVANIZED PLAIN END A106B STANDARD SEAMLESS SRL PIPE   
24       4 BLACK PLAIN END A106B S160 SEAMLESS DOUBLE RANDOM LENGTH PIPE   

   CATEGORY           TYPE PRIMARY_SIZE REDUCING_SIZE LENGTH MATERIAL_NAME  \
0      PIPE           PIPE           16           NAN    NAN  CARBON STEEL   
1      PIPE  SEAMLESS PIPE         16.0           NAN    NAN  CARBON STEEL   
2      PIPE           PIPE           16           NAN    NAN  CARBON STEEL   
3      PIPE           PIPE           16           NAN    NAN  CARBON STEEL   
4      PIPE           PIPE           16           NAN    NAN  CARBON STEEL   
5      PIPE           PIPE           36           NAN    NAN  CARBON STEEL   
6      PIPE           PIPE           16           NAN    NAN  CARBON STEEL   
7      PIPE      PLAIN END           16           NAN    NAN  CARBON STEEL   
8      PIPE           PIPE           16           NAN    NAN  CARBON STEEL   
9      PIPE           PIPE           16           NAN    NAN  CARBON STEEL   
10     PIPE           PIPE           16           NAN    NAN  CARBON STEEL   
11     PIPE           PIPE           16           NAN    NAN  CARBON STEEL   
12     PIPE           PIPE           18           NAN    NAN  CARBON STEEL   
13     PIPE           PIPE           18           NAN    NAN  CARBON STEEL   
14     PIPE           PIPE           18           NAN    NAN  CARBON STEEL   
15     PIPE           PIPE           36           NAN    NAN  CARBON STEEL   
16     PIPE  SEAMLESS PIPE         16.0           NAN    NAN  CARBON STEEL   
17     PIPE           PIPE           30           NAN    NAN  CARBON STEEL   
18     PIPE           PIPE           16           NAN    NAN  CARBON STEEL   
19     PIPE           PIPE            6           NAN    NAN  CARBON STEEL   
20     PIPE           PIPE            6           NAN    NAN  CARBON STEEL   
21     PIPE           PIPE           18           NAN    NAN  CARBON STEEL   
22     PIPE           PIPE           30           NAN    NAN  CARBON STEEL   
23     PIPE           PIPE           16           NAN    NAN  CARBON STEEL   
24     PIPE           PIPE            4           NAN    NAN  CARBON STEEL   

   MATERIAL_SPECIFICATION MATERIAL_GRADE  ... PRIMARY_SCHEDULE  \
0                    A106              B  ...              STD   
1                    A106              B  ...         STANDARD   
2                    A106              B  ...              STD   
3                    A106              B  ...              STD   
4                    A106              B  ...              160   
5                    A106              B  ...              STD   
6                    A106              B  ...              120   
7                    A106              B  ...              STD   
8                    A106              B  ...              STD   
9                    A106              B  ...              STD   
10                   A106              B  ...              STD   
11                   A106              B  ...               60   
12                   A106              B  ...              STD   
13                   A106              B  ...              STD   
14                   A106              B  ...              STD   
15                   A106              B  ...              STD   
16                   A106              B  ...         STANDARD   
17                   A106              B  ...              STD   
18                   A106              B  ...               40   
19                   A106              B  ...              160   
20                   A106              B  ...              160   
21                   A106              B  ...               40   
22                   A106              B  ...              STD   
23                   A106              B  ...              STD   
24                   A106              B  ...              160   

   REDUCING_SCHEDULE MANUFACTURING_PROCESS  END_FINISH END_CONNECTIONS TRIM  \
0                NAN                  SMLS          PE             NAN  NAN   
1                NAN              SEAMLESS   PLAIN END              PE  NAN   
2                NAN                  SMLS          PE             NAN  NAN   
3                NAN                  SMLS          PE             NAN  NAN   
4                NAN              SEAMLESS   PLAIN END             NAN  NAN   
5                NAN                  SMLS          PE             NAN  NAN   
6                NAN              SEAMLESS   PLAIN END             NAN  NAN   
7                NAN                  SMLS   PLAIN END             NAN  NAN   
8                NAN                  SMLS          PE              PE  NAN   
9                NAN                  SMLS          PE             NAN  NAN   
10               NAN                  SMLS          PE             NAN  NAN   
11               NAN              SEAMLESS   PLAIN END             NAN  NAN   
12               NAN                  SMLS          PE              PE  NAN   
13               NAN                  SMLS          PE             NAN  NAN   
14               NAN                  SMLS          PE             NAN  NAN   
15               NAN                  SMLS          PE             NAN  NAN   
16               NAN              SEAMLESS   PLAIN END              PE  NAN   
17               NAN                  SMLS          PE             NAN  NAN   
18               NAN              SEAMLESS   PLAIN END              PE  NAN   
19               NAN              SEAMLESS   PLAIN END             NAN  NAN   
20               NAN              SEAMLESS   PLAIN END             NAN  NAN   
21               NAN              SEAMLESS   PLAIN END             NAN  NAN   
22               NAN                  SMLS   PLAIN END             NAN  NAN   
23               NAN              SEAMLESS  GALVANIZED              PE  NAN   
24               NAN              SEAMLESS   PLAIN END             NAN  NAN   

          MISCELLANEOUS CONFIDENCE     id     score  
0             BLACK SRL       0.95  26657  0.780692  
1                 BLACK       0.90  43717  0.780677  
2                   SRL       0.95  26659  0.780668  
3                 BLACK       0.95  26658  0.780646  
4             BLACK SRL       0.95  26648  0.773306  
5             BLACK SRL       0.90  27047  0.771891  
6                 BLACK       0.95  26647  0.769817  
7                 BLACK       0.90  28543  0.768942  
8                 BLACK       0.95  26655  0.768927  
9                 BLACK       0.95  26654  0.768910  
10                BLACK       0.90  26656  0.768887  
11            BLACK DRL       0.95  26650  0.768389  
12  BLACK PLAIN END SRL       0.90  26698  0.768336  
13                BLACK       0.90  26696  0.768304  
14                BLACK       0.95  26697  0.768302  
15                BLACK       0.95  27046  0.768070  
16                BLACK       0.90  42819  0.767460  
17                  SRL       0.95  27030  0.767368  
18            BLACK DRL       0.95  26660  0.765523  
19                  DRL       0.95  27180  0.763673  
20                  DRL       0.95  27181  0.763673  
21            BLACK SRL       0.95  26700  0.763646  
22                  DRL       0.95  27029  0.762597  
23                  SRL       0.90  26681  0.761578  
24            BLACK DRL       0.90  27081  0.761260  

[25 rows x 21 columns]",1,EXCELLENT
8,"4X3 ECCENTRIC REDUCER , ASME B16.9 , BEVELED END , ASTM A420 GRADE WPL6 , TYPE S S-STD",4 X 3 CARBON STEEL WPL6 STANDARD WELD ECCENTRIC REDUCER,True,8,0,12.66616410000006,"       ID                                                 DESCRIPTION  \
0   43085     4 X 3 CARBON STEEL WPL6 STANDARD WELD ECCENTRIC REDUCER   
1   43086     4 X 3 CARBON STEEL WPL6 STANDARD WELD ECCENTRIC REDUCER   
2   24222      4 X 3 CARBON STEEL WPL6 STANDARD WLD ECCENTRIC REDUCER   
3   43079     4 X 2 CARBON STEEL WPL6 STANDARD WELD ECCENTRIC REDUCER   
4   24206      4 X 2 CARBON STEEL WPL6 STANDARD WLD ECCENTRIC REDUCER   
5   43027     3 X 2 CARBON STEEL WPL6 STANDARD WELD ECCENTRIC REDUCER   
6   43156     6 X 4 CARBON STEEL WPL6 STANDARD WELD ECCENTRIC REDUCER   
7   24163      3 X 2 CARBON STEEL WPL6 STANDARD WLD ECCENTRIC REDUCER   
8   24263      6 X 4 CARBON STEEL WPL6 STANDARD WLD ECCENTRIC REDUCER   
9   24285      8 X 4 CARBON STEEL WPL6 STANDARD WLD ECCENTRIC REDUCER   
10  24204   4 X 2 CARBON STEEL WPL6 EXTRA HEAVY WLD ECCENTRIC REDUCER   
11  23453     4 X 3 CARBON STEEL WPL6 STANDARD WLD CONCENTRIC REDUCER   
12  23454     4 X 3 CARBON STEEL WPL6 STANDARD WLD CONCENTRIC REDUCER   
13  24221           4 X 3 CARBON STEEL STANDARD WLD ECCENTRIC REDUCER   
14  24220           4 X 3 CARBON STEEL STANDARD WLD ECCENTRIC REDUCER   
15  43150     6 X 3 CARBON STEEL WPL6 STANDARD WELD ECCENTRIC REDUCER   
16  43082    4 X 3 CARBON STEEL WPL6 STANDARD WELD CONCENTRIC REDUCER   
17  24205  4 X 2 CARBON STEEL WPL6 SCHEDULE 160 WLD ECCENTRIC REDUCER   
18  24142      3 X 1 CARBON STEEL WPL6 STANDARD WLD ECCENTRIC REDUCER   
19  24203        4 X 2 CARBON STEEL STD-XH ECCENTRIC REDUCER A234 WPB   
20  24131    24 X 16 CARBON STEEL WPL6 STANDARD WLD ECCENTRIC REDUCER   
21  23959     10 X 4 CARBON STEEL WPL6 STANDARD WLD ECCENTRIC REDUCER   
22  43026  3 X 2 CARBON STEEL WPL6 SCHEDULE XH WELD ECCENTRIC REDUCER   
23  24247      6 X 3 CARBON STEEL WPL6 STANDARD WLD ECCENTRIC REDUCER   
24  24248      6 X 3 CARBON STEEL WPL6 STANDARD WLD ECCENTRIC REDUCER   

   CATEGORY                TYPE PRIMARY_SIZE REDUCING_SIZE LENGTH  \
0   FITTING   ECCENTRIC REDUCER          4.0           3.0    NAN   
1   FITTING   ECCENTRIC REDUCER          4.0           3.0    NAN   
2   FITTING   ECCENTRIC REDUCER            4             3    NAN   
3   FITTING   ECCENTRIC REDUCER          4.0           2.0    NAN   
4   FITTING   ECCENTRIC REDUCER            4             2    NAN   
5   FITTING   ECCENTRIC REDUCER          3.0           2.0    NAN   
6   FITTING   ECCENTRIC REDUCER          6.0           4.0    NAN   
7   FITTING   ECCENTRIC REDUCER            3             2    NAN   
8   FITTING   ECCENTRIC REDUCER            6             4    NAN   
9   FITTING   ECCENTRIC REDUCER            8             4    NAN   
10  FITTING   ECCENTRIC REDUCER            4             2    NAN   
11  FITTING  CONCENTRIC REDUCER            4             3    NAN   
12  FITTING  CONCENTRIC REDUCER            4             3    NAN   
13  FITTING   ECCENTRIC REDUCER            4             3    NAN   
14  FITTING   ECCENTRIC REDUCER            4             3    NAN   
15  FITTING   ECCENTRIC REDUCER          6.0           3.0    NAN   
16  FITTING  CONCENTRIC REDUCER          4.0           3.0    NAN   
17  FITTING   ECCENTRIC REDUCER            4             2    NAN   
18  FITTING   ECCENTRIC REDUCER            3             1    NAN   
19  FITTING   ECCENTRIC REDUCER            4             2    NAN   
20  FITTING   ECCENTRIC REDUCER           24            16    NAN   
21  FITTING   ECCENTRIC REDUCER           10             4    NAN   
22  FITTING   ECCENTRIC REDUCER          3.0           2.0    NAN   
23  FITTING   ECCENTRIC REDUCER            6             3    NAN   
24  FITTING   ECCENTRIC REDUCER            6             3    NAN   

   MATERIAL_NAME MATERIAL_SPECIFICATION MATERIAL_GRADE  ... PRIMARY_SCHEDULE  \
0   CARBON STEEL                    NAN           WPL6  ...         STANDARD   
1   CARBON STEEL                   WPL6            NAN  ...         STANDARD   
2   CARBON STEEL                   WPL6            NAN  ...              STD   
3   CARBON STEEL                   WPL6            NAN  ...         STANDARD   
4   CARBON STEEL                   WPL6            NAN  ...              STD   
5   CARBON STEEL                   A234           WPL6  ...         STANDARD   
6   CARBON STEEL                    NAN           WPL6  ...         STANDARD   
7   CARBON STEEL                   WPL6            NAN  ...              STD   
8   CARBON STEEL                    NAN           WPL6  ...              STD   
9   CARBON STEEL                   WPL6            NAN  ...              STD   
10  CARBON STEEL                   WPL6            NAN  ...               XH   
11  CARBON STEEL                   WPL6            NAN  ...              STD   
12  CARBON STEEL                   WPL6            NAN  ...              STD   
13  CARBON STEEL                    NAN            NAN  ...              STD   
14  CARBON STEEL                    NAN            NAN  ...              STD   
15  CARBON STEEL                   WPL6            NAN  ...         STANDARD   
16  CARBON STEEL                   WPL6            NAN  ...         STANDARD   
17  CARBON STEEL                   WPL6            NAN  ...              160   
18  CARBON STEEL                   WPL6            NAN  ...              STD   
19  CARBON STEEL                   A234            WPB  ...               XH   
20  CARBON STEEL                   WPL6            NAN  ...              STD   
21  CARBON STEEL                   WPL6            NAN  ...              STD   
22  CARBON STEEL                   WPL6            NAN  ...               XH   
23  CARBON STEEL                   WPL6            NAN  ...              STD   
24  CARBON STEEL                   WPL6            NAN  ...              STD   

   REDUCING_SCHEDULE MANUFACTURING_PROCESS END_FINISH END_CONNECTIONS TRIM  \
0                NAN                  WELD        NAN             NAN  NAN   
1                NAN                  WELD        NAN             NAN  NAN   
2                NAN                   NAN       WELD             NAN  NAN   
3                NAN                   NAN        NAN             NAN  NAN   
4                NAN                   NAN        NAN             NAN  NAN   
5                NAN                  WELD        NAN             NAN  NAN   
6                NAN                   NAN        NAN             NAN  NAN   
7                NAN                   NAN        NAN             NAN  NAN   
8                NAN                   NAN         BW             NAN  NAN   
9                NAN                WELDED        NAN             NAN  NAN   
10               NAN                  WELD        NAN             NAN  NAN   
11               NAN                WELDED        NAN             NAN  NAN   
12               NAN                WELDED        NAN             NAN  NAN   
13               NAN                  WELD        NAN             NAN  NAN   
14               NAN                WELDED        NAN             NAN  NAN   
15               NAN                   NAN        NAN       BUTT WELD  NAN   
16               NAN                   NAN        NAN             NAN  NAN   
17               NAN                   NAN       WELD             NAN  NAN   
18               NAN                WELDED        NAN             NAN  NAN   
19               NAN                   NAN        NAN             NAN  NAN   
20               NAN                WELDED        NAN             NAN  NAN   
21               NAN                  WELD        NAN             NAN  NAN   
22               NAN                  WELD        NAN             NAN  NAN   
23               NAN                WELDED        NAN             NAN  NAN   
24               NAN                   NAN       WELD             NAN  NAN   

   MISCELLANEOUS CONFIDENCE     id     score  
0            NAN       0.90  43085  0.848840  
1            NAN       0.90  43086  0.848838  
2            NAN       0.85  24222  0.847337  
3            NAN       0.90  43079  0.835366  
4            NAN       0.85  24206  0.834044  
5            NAN       0.90  43027  0.822699  
6            NAN       0.90  43156  0.821864  
7            NAN       0.85  24163  0.821765  
8            NAN       0.85  24263  0.820677  
9            NAN       0.85  24285  0.820404  
10           NAN       0.85  24204  0.820017  
11           NAN       0.85  23453  0.818403  
12           NAN       0.85  23454  0.818376  
13           NAN       0.80  24221  0.817683  
14           NAN       0.80  24220  0.817628  
15           NAN       0.90  43150  0.817056  
16           NAN       0.90  43082  0.816426  
17           NAN       0.90  24205  0.816239  
18           NAN       0.85  24142  0.816056  
19      STANDARD       0.95  24203  0.815300  
20           NAN       0.85  24131  0.814499  
21           NAN       0.85  23959  0.814332  
22           NAN       0.90  43026  0.814238  
23           NAN       0.85  24247  0.813874  
24           NAN       0.85  24248  0.813874  

[25 rows x 21 columns]",0,EXCELLENT
9,"NIPPLE,1 X 6 S/80 A106B",1 X 6 BLACK SCHEDULE XH SEAMLESS A106 NIPPLE,True,9,24,13.502005699999927,"       ID                                               DESCRIPTION CATEGORY  \
0   25145                              1 X 6 BLACK SMLS A106 NIPPLE  FITTING   
1   25144                  1 X 6 BLACK SCHEDULE 40 SMLS A106 NIPPLE  FITTING   
2   32112                    1 X 4 SCHEDULE 80 A333 GR6 SMLS NIPPLE  FITTING   
3   32128               1 X 6 SCHEDULE 160 A333 GR6 SMLS NIPPLE PBE  FITTING   
4   25053                  1 X 2 BLACK SCHEDULE 40 SMLS A106 NIPPLE  FITTING   
5   37320   1 X 6 STAINLESS STEEL SCHEDULE 80 316 L SMLS NIPPLE PBE  FITTING   
6   37321   1 X 6 STAINLESS STEEL SCHEDULE 80 316 L SMLS NIPPLE PBE  FITTING   
7   25803                              2 X 6 BLACK SMLS A106 NIPPLE  FITTING   
8   26266                 6 X 10 BLACK SCHEDULE 40 SMLS A106 NIPPLE  FITTING   
9   25141                 1 X 6 BLACK SCHEDULE 160 SMLS A106 NIPPLE  FITTING   
10  37319       1 X 6 STAINLESS STEEL SCHEDULE 80 316 L SMLS NIPPLE  FITTING   
11  37318       1 X 6 STAINLESS STEEL SCHEDULE 80 316 L SMLS NIPPLE  FITTING   
12  37315    1 X 6 STAINLESS STEEL SCHEDULE 80 304L SMLS NIPPLE PBE  FITTING   
13  25133                  1 X 6 BLACK EXTRA HEAVY SMLS A106 NIPPLE  FITTING   
14  25142  1 X 6 BLACK SCHEDULE 160 SMLS A106 NIPPLE PLAIN X THREAD  FITTING   
15  25134              1 X 6 BLACK EXTRA HEAVY SMLS A106 NIPPLE PBE  FITTING   
16  25052                 1 X 2 BLACK SCHEDULE 160 SMLS A106 NIPPLE  FITTING   
17  32380                2 X 6 SCHEDULE 80 A333 GR6 SEAMLESS NIPPLE  FITTING   
18  32127                   1 X 6 SCHEDULE 160 A333 GR6 SMLS NIPPLE  FITTING   
19  37323           1 X 6 STAINLESS STEEL XXH 316 L SMLS NIPPLE PBE  FITTING   
20  25132            1 X 6 BLACK EXTRA EXTRA HEAVY SMLS A106 NIPPLE  FITTING   
21  32065                 1 X 10 BLACK SCHEDULE 40 SMLS A106 NIPPLE  FITTING   
22  37314        1 X 6 STAINLESS STEEL SCHEDULE 80 304L SMLS NIPPLE  FITTING   
23  37313        1 X 6 STAINLESS STEEL SCHEDULE 80 304L SMLS NIPPLE  FITTING   
24  43543              1 X 6 BLACK SCHEDULE XH SEAMLESS A106 NIPPLE     PIPE   

      TYPE PRIMARY_SIZE REDUCING_SIZE LENGTH    MATERIAL_NAME  \
0   NIPPLE            1           NAN      6     CARBON STEEL   
1   NIPPLE            1           NAN      6     CARBON STEEL   
2   NIPPLE            1           NAN      4              NAN   
3   NIPPLE            1           NAN      6              NAN   
4   NIPPLE            1             2    NAN     CARBON STEEL   
5   NIPPLE            1           NAN      6  STAINLESS STEEL   
6   NIPPLE            1           NAN      6  STAINLESS STEEL   
7   NIPPLE            2           NAN      6     CARBON STEEL   
8   NIPPLE            6           NAN     10     CARBON STEEL   
9   NIPPLE            1           NAN      6     CARBON STEEL   
10  NIPPLE            1           NAN      6  STAINLESS STEEL   
11  NIPPLE            1           NAN      6  STAINLESS STEEL   
12  NIPPLE            1           NAN      6  STAINLESS STEEL   
13  NIPPLE            1           NAN      6     CARBON STEEL   
14  NIPPLE            1           NAN      6     CARBON STEEL   
15  NIPPLE            1           NAN      6     CARBON STEEL   
16  NIPPLE            1             2    NAN     CARBON STEEL   
17  NIPPLE            2             6    NAN              NAN   
18  NIPPLE            1           NAN      6              NAN   
19  NIPPLE            1           NAN      6  STAINLESS STEEL   
20  NIPPLE            1           NAN      6     CARBON STEEL   
21  NIPPLE            1           NAN     10              NAN   
22  NIPPLE            1           NAN      6  STAINLESS STEEL   
23  NIPPLE            1           NAN      6  STAINLESS STEEL   
24  NIPPLE          1.0           NAN    6.0     CARBON STEEL   

   MATERIAL_SPECIFICATION MATERIAL_GRADE  ... PRIMARY_SCHEDULE  \
0                    A106            NAN  ...              NAN   
1                    A106            NAN  ...               40   
2                    A333              6  ...               80   
3                    A333              6  ...              160   
4                    A106            NAN  ...               40   
5                     NAN           316L  ...               80   
6                     NAN           316L  ...               80   
7                    A106            NAN  ...              NAN   
8                    A106            NAN  ...               40   
9                    A106            NAN  ...              160   
10                    NAN           316L  ...               80   
11                    NAN           316L  ...               80   
12                   304L            NAN  ...               80   
13                   A106            NAN  ...               XH   
14                   A106            NAN  ...              160   
15                   A106            NAN  ...               XH   
16                   A106            NAN  ...              160   
17                   A333              6  ...               80   
18                   A333              6  ...              160   
19                    NAN           316L  ...              XXH   
20                   A106            NAN  ...              XXH   
21                   A106            NAN  ...               40   
22                    NAN           304L  ...               80   
23                    NAN           304L  ...               80   
24                   A106            NAN  ...      EXTRA HEAVY   

   REDUCING_SCHEDULE MANUFACTURING_PROCESS       END_FINISH END_CONNECTIONS  \
0                NAN              SEAMLESS              NAN             NAN   
1                NAN              SEAMLESS              NAN             NAN   
2                NAN              SEAMLESS              NAN             NAN   
3                NAN              SEAMLESS    PLAIN BEVELED             NAN   
4                NAN              SEAMLESS            BLACK             NAN   
5                NAN              SEAMLESS            PLAIN         PE X PE   
6                NAN              SEAMLESS            PLAIN             NAN   
7                NAN              SEAMLESS              NAN             NAN   
8                NAN              SEAMLESS              NAN             NAN   
9                NAN              SEAMLESS              NAN             NAN   
10               NAN              SEAMLESS              NAN             NAN   
11               NAN              SEAMLESS              NAN             NAN   
12               NAN              SEAMLESS  PLAIN BOTH ENDS             NAN   
13               NAN              SEAMLESS              NAN             NAN   
14               NAN              SEAMLESS              NAN     PLAIN X THD   
15               NAN              SEAMLESS            PLAIN         PE X PE   
16               NAN              SEAMLESS            BLACK             NAN   
17               NAN              SEAMLESS              NAN             NAN   
18               NAN              SEAMLESS              NAN             NAN   
19               NAN              SEAMLESS            PLAIN         PE X PE   
20               NAN              SEAMLESS              NAN             NAN   
21               NAN              SEAMLESS              NAN             NAN   
22               NAN              SEAMLESS              NAN             NAN   
23               NAN              SEAMLESS              NAN             NAN   
24               NAN              SEAMLESS              NAN             NAN   

   TRIM MISCELLANEOUS CONFIDENCE     id     score  
0   NAN         BLACK       0.90  25145  0.827104  
1   NAN         BLACK       0.95  25144  0.810903  
2   NAN           NAN       0.90  32112  0.809328  
3   NAN           NAN       0.95  32128  0.808962  
4   NAN           NAN       0.90  25053  0.808421  
5   NAN           NAN       0.95  37320  0.807587  
6   NAN     BOTH ENDS       0.95  37321  0.807478  
7   NAN         BLACK       0.90  25803  0.805569  
8   NAN         BLACK       0.95  26266  0.804086  
9   NAN         BLACK       0.95  25141  0.803610  
10  NAN           NAN       0.90  37319  0.803381  
11  NAN           NAN       0.90  37318  0.803308  
12  NAN           NAN       0.95  37315  0.803071  
13  NAN         BLACK       0.95  25133  0.802621  
14  NAN         BLACK       0.95  25142  0.801783  
15  NAN         BLACK       0.95  25134  0.801514  
16  NAN           NAN       0.90  25052  0.801257  
17  NAN           NAN       0.90  32380  0.800470  
18  NAN           NAN       0.95  32127  0.799919  
19  NAN           NAN       0.95  37323  0.799504  
20  NAN         BLACK       0.90  25132  0.799286  
21  NAN         BLACK       0.95  32065  0.798935  
22  NAN           NAN       0.95  37314  0.798139  
23  NAN           NAN       0.90  37313  0.798079  
24  NAN         BLACK       0.90  43543  0.796385  

[25 rows x 21 columns]",2,EXCELLENT
10,"20"" CAP, BW, ASME 16.9, WROUGHT STEEL, ASTM/ASME A/SA-234-WPB, SCH.STD",20 CARBON STEEL STANDARD WELD CAP,True,10,1,9.55879300000015,"       ID                                        DESCRIPTION CATEGORY  \
0   22746              20 CARBON STEEL WPL6 STANDARD WLD CAP  FITTING   
1   22743                  20 CARBON STEEL STANDARD WELD CAP  FITTING   
2   42924                  20 CARBON STEEL STANDARD WELD CAP  FITTING   
3   22745                   20 CARBON STEEL STANDARD WLD CAP  FITTING   
4   22744                   20 CARBON STEEL STANDARD WLD CAP  FITTING   
5   22742                20 CARBON STEEL EXTRA HEAVY WLD CAP  FITTING   
6   22741                20 CARBON STEEL EXTRA HEAVY WLD CAP  FITTING   
7   22748                                 20 CS STD WELD CAP  FITTING   
8   42941             24 CARBON STEEL WPL6 STANDARD WELD CAP  FITTING   
9   43182              8 CARBON STEEL WPL6 STANDARD WELD CAP  FITTING   
10  22683               12 CARBON STEEL SCHEDULE 80 WELD CAP  FITTING   
11  28136         30 X 20 CARBON STEEL TEE STANDARD A234 WPB  FITTING   
12  22754                  22 CARBON STEEL STANDARD WELD CAP  FITTING   
13  22717              18 CARBON STEEL WPL6 STANDARD WLD CAP  FITTING   
14  22766                                 26 CS STD WELD CAP  FITTING   
15  22793                                 30 CS STD WELD CAP  FITTING   
16  24782  20 CARBON STEEL STANDARD WLD LONG RADIUS 90 ELBOW  FITTING   
17  24990  20 CARBON STEEL STANDARD WLD LONG RADIUS 90 ELBOW  FITTING   
18  22682               12 CARBON STEEL SCHEDULE 40 WELD CAP  FITTING   
19  22432         20 CARBON STEEL WPL6 STANDARD WLD 45 ELBOW  FITTING   
20  42874              2 CARBON STEEL WPL6 STANDARD WELD CAP  FITTING   
21  22703                16 CARBON STEEL SCHEDULE 80 WLD CAP  FITTING   
22  22704                16 CARBON STEEL SCHEDULE 80 WLD CAP  FITTING   
23  22430              20 CARBON STEEL STANDARD WLD 45 ELBOW  FITTING   
24  34700      20 STAINLESS STEEL SCHEDULE 10S 304L SMLS CAP  FITTING   

                  TYPE PRIMARY_SIZE REDUCING_SIZE LENGTH    MATERIAL_NAME  \
0                  CAP           20           NAN    NAN     CARBON STEEL   
1                  CAP           20           NAN    NAN     CARBON STEEL   
2                  CAP         20.0           NAN    NAN     CARBON STEEL   
3                  CAP           20           NAN    NAN     CARBON STEEL   
4                  CAP           20           NAN    NAN     CARBON STEEL   
5                  CAP           20           NAN    NAN     CARBON STEEL   
6                  CAP           20           NAN    NAN     CARBON STEEL   
7                  CAP           20           NAN    NAN     CARBON STEEL   
8                  CAP         24.0           NAN    NAN     CARBON STEEL   
9                  CAP          8.0           NAN    NAN     CARBON STEEL   
10                 CAP           12           NAN    NAN     CARBON STEEL   
11                 TEE           30            20    NAN     CARBON STEEL   
12                 CAP            2           NAN    NAN     CARBON STEEL   
13                 CAP           18           NAN    NAN     CARBON STEEL   
14                 CAP           26           NAN    NAN     CARBON STEEL   
15                 CAP           30           NAN    NAN     CARBON STEEL   
16  LR 90 DEGREE ELBOW           20           NAN    NAN     CARBON STEEL   
17         LR 90 ELBOW           20           NAN    NAN     CARBON STEEL   
18                 CAP           12           NAN    NAN     CARBON STEEL   
19     45 DEGREE ELBOW           20           NAN    NAN     CARBON STEEL   
20                 CAP          2.0           NAN    NAN     CARBON STEEL   
21                 CAP           16           NAN    NAN     CARBON STEEL   
22                 CAP           16           NAN    NAN     CARBON STEEL   
23     45 DEGREE ELBOW           20           NAN    NAN     CARBON STEEL   
24                 CAP           20           NAN    NAN  STAINLESS STEEL   

   MATERIAL_SPECIFICATION MATERIAL_GRADE  ... PRIMARY_SCHEDULE  \
0                    WPL6            NAN  ...              STD   
1                     NAN            NAN  ...              STD   
2                     NAN            NAN  ...         STANDARD   
3                     NAN            NAN  ...              STD   
4                     NAN            NAN  ...              STD   
5                     NAN            NAN  ...               XH   
6                     NAN            NAN  ...               XH   
7                     NAN            NAN  ...              STD   
8                    WPL6            NAN  ...         STANDARD   
9                    WPL6            NAN  ...         STANDARD   
10                    NAN            NAN  ...               80   
11                   A234            WPB  ...              STD   
12                    NAN            NAN  ...              STD   
13                   WPL6            NAN  ...              STD   
14                    NAN            NAN  ...              STD   
15                    NAN            NAN  ...              STD   
16                    NAN            NAN  ...              STD   
17                    NAN            NAN  ...              STD   
18                    NAN            NAN  ...               40   
19                   WPL6            NAN  ...              STD   
20                   WPL6            NAN  ...         STANDARD   
21                    NAN            NAN  ...               80   
22                    NAN            NAN  ...               80   
23                    NAN            NAN  ...              STD   
24                   304L            NAN  ...              10S   

   REDUCING_SCHEDULE MANUFACTURING_PROCESS END_FINISH END_CONNECTIONS TRIM  \
0                NAN                   NAN         BW             NAN  NAN   
1                NAN                WELDED        NAN             NAN  NAN   
2                NAN                   NAN        NAN       BUTT WELD  NAN   
3                NAN                WELDED        NAN             NAN  NAN   
4                NAN                   NAN         BW             NAN  NAN   
5                NAN                   NAN       WELD             NAN  NAN   
6                NAN                   NAN         BW             NAN  NAN   
7                NAN                WELDED        NAN             NAN  NAN   
8                NAN                   NAN        NAN              BW  NAN   
9                NAN                WELDED        NAN       BUTT WELD  NAN   
10               NAN                   NAN       WELD             NAN  NAN   
11               NAN                   NAN        NAN             NAN  NAN   
12               NAN                   NAN        NAN             NAN  NAN   
13               NAN                   NAN         BW             NAN  NAN   
14               NAN                WELDED        NAN             NAN  NAN   
15               NAN                WELDED        NAN             NAN  NAN   
16               NAN                WELDED        NAN             NAN  NAN   
17               NAN                  WELD        NAN             NAN  NAN   
18               NAN                   NAN       WELD              BW  NAN   
19               NAN                   NAN         BW             NAN  NAN   
20               NAN                WELDED        NAN             NAN  NAN   
21               NAN                   NAN         BW             NAN  NAN   
22               NAN                   NAN         BW             NAN  NAN   
23               NAN                WELDED        NAN             NAN  NAN   
24               NAN              SEAMLESS        NAN             NAN  NAN   

   MISCELLANEOUS CONFIDENCE     id     score  
0            NAN       0.85  22746  0.744880  
1            NAN       0.85  22743  0.742671  
2            NAN       0.80  42924  0.742646  
3            NAN       0.85  22745  0.742509  
4            NAN       0.80  22744  0.742478  
5            NAN       0.80  22742  0.740579  
6            NAN       0.80  22741  0.740579  
7            NAN       0.80  22748  0.721731  
8            NAN       0.80  42941  0.719897  
9            NAN       0.90  43182  0.711804  
10           NAN       0.85  22683  0.706398  
11           NAN       0.85  28136  0.706113  
12           NAN       0.80  22754  0.704616  
13           NAN       0.85  22717  0.704233  
14           NAN       0.85  22766  0.703343  
15           NAN       0.80  22793  0.702334  
16           NAN       0.80  24782  0.702294  
17           NAN       0.80  24990  0.702277  
18           NAN       0.85  22682  0.702040  
19           NAN       0.85  22432  0.701767  
20           NAN       0.80  42874  0.701550  
21           NAN       0.80  22703  0.701182  
22           NAN       0.85  22704  0.701153  
23           NAN       0.80  22430  0.700763  
24           NAN       0.90  34700  0.700616  

[25 rows x 21 columns]",0,EXCELLENT
11,"6X6X4 REDUCING TEE , ASME B16.9 , BEVELED END , ASTM A420 GRADE WPL6 , TYPE S S-STD",6 X 6 X 4 CARBON STEEL WPL6 STANDARD WELD TEE,True,11,0,10.288881200000105,"       ID                                      DESCRIPTION CATEGORY  \
0   43165    6 X 6 X 4 CARBON STEEL WPL6 STANDARD WELD TEE  FITTING   
1   43166    6 X 6 X 4 CARBON STEEL WPL6 STANDARD WELD TEE  FITTING   
2   28267     6 X 6 X 4 CARBON STEEL WPL6 STANDARD WLD TEE  FITTING   
3   23526         6 X 4 CS STD A420 WPL6 WELD CONC REDUCER  FITTING   
4   28244                      6 CS STD A420 WPL6 WELD TEE  FITTING   
5   43162    6 X 6 X 3 CARBON STEEL WPL6 STANDARD WELD TEE  FITTING   
6   43161    6 X 6 X 3 CARBON STEEL WPL6 STANDARD WELD TEE  FITTING   
7   43089    4 X 4 X 2 CARBON STEEL WPL6 STANDARD WELD TEE  FITTING   
8   43092    4 X 4 X 3 CARBON STEEL WPL6 STANDARD WELD TEE  FITTING   
9   28257     6 X 6 X 3 CARBON STEEL WPL6 STANDARD WLD TEE  FITTING   
10  39829                  6X6X4 SS S10S 304L SMLS RED TEE  FITTING   
11  28197     4 X 4 X 2 CARBON STEEL WPL6 STANDARD WLD TEE  FITTING   
12  43124            6 CARBON STEEL WPL6 STANDARD WELD TEE  FITTING   
13  28212     4 X 4 X 3 CARBON STEEL WPL6 STANDARD WLD TEE  FITTING   
14  43057            4 CARBON STEEL WPL6 STANDARD WELD TEE  FITTING   
15  43058            4 CARBON STEEL WPL6 STANDARD WELD TEE  FITTING   
16  28318     8 X 8 X 6 CARBON STEEL WPL6 STANDARD WLD TEE  FITTING   
17  42822           16 CARBON STEEL WPL6 STANDARD WELD TEE  FITTING   
18  28288                      8 CS A420 WPL6 STD WELD TEE  FITTING   
19  28303     8 X 8 X 4 CARBON STEEL WPL6 STANDARD WLD TEE  FITTING   
20  28266  6 X 6 X 4 CARBON STEEL WPL6 EXTRA HEAVY WLD TEE  FITTING   
21  28272                        6 X 6 X 4 CS STD WELD TEE  FITTING   
22  28282             8 CARBON STEEL WPL6 STANDARD WLD TEE  FITTING   
23  28236             6 CARBON STEEL WPL6 STANDARD WLD TEE  FITTING   
24  27924  16 X 16 X 12 CARBON STEEL WPL6 STANDARD WLD TEE  FITTING   

                  TYPE PRIMARY_SIZE REDUCING_SIZE LENGTH    MATERIAL_NAME  \
0                  TEE          6.0           4.0    NAN     CARBON STEEL   
1                  TEE          6.0           4.0    NAN     CARBON STEEL   
2                  TEE            6             4    NAN     CARBON STEEL   
3   CONCENTRIC REDUCER            6             4    NAN     CARBON STEEL   
4                  TEE            6           NAN    NAN     CARBON STEEL   
5         STRAIGHT TEE          6.0           3.0    NAN     CARBON STEEL   
6                  TEE          6.0           3.0    NAN     CARBON STEEL   
7         REDUCING TEE          4.0           2.0    NAN     CARBON STEEL   
8                  TEE          4.0           3.0    NAN     CARBON STEEL   
9                  TEE            6             3    NAN     CARBON STEEL   
10        REDUCING TEE            6             4    NAN  STAINLESS STEEL   
11                 TEE            4             2    NAN     CARBON STEEL   
12                 TEE          6.0           NAN    NAN     CARBON STEEL   
13                 TEE            4             3    NAN     CARBON STEEL   
14                 TEE          4.0           NAN    NAN     CARBON STEEL   
15                 TEE          4.0           NAN    NAN     CARBON STEEL   
16                 TEE            8             6    NAN     CARBON STEEL   
17        STRAIGHT TEE         16.0           NAN    NAN     CARBON STEEL   
18                 TEE            8           NAN    NAN     CARBON STEEL   
19                 TEE            8             4    NAN     CARBON STEEL   
20                 TEE            6             4    NAN     CARBON STEEL   
21                 TEE            6             4    NAN     CARBON STEEL   
22                 TEE            8           NAN    NAN     CARBON STEEL   
23                 TEE            6           NAN    NAN     CARBON STEEL   
24                 TEE           16            12    NAN     CARBON STEEL   

   MATERIAL_SPECIFICATION MATERIAL_GRADE  ... PRIMARY_SCHEDULE  \
0                    WPL6            NAN  ...         STANDARD   
1                     NAN           WPL6  ...         STANDARD   
2                    WPL6            NAN  ...              STD   
3                    A420           WPL6  ...              STD   
4                    A420           WPL6  ...              STD   
5                    WPL6            NAN  ...         STANDARD   
6                    WPL6            NAN  ...         STANDARD   
7                     NAN           WPL6  ...         STANDARD   
8                    WPL6            NAN  ...         STANDARD   
9                    WPL6            NAN  ...              STD   
10                   S10S           304L  ...               10   
11                   WPL6            NAN  ...              STD   
12                   WPL6            NAN  ...         STANDARD   
13                   WPL6            NAN  ...              STD   
14                   WPL6            NAN  ...         STANDARD   
15                   WPL6            NAN  ...         STANDARD   
16                   WPL6            NAN  ...              STD   
17                    NAN           WPL6  ...         STANDARD   
18                   A420           WPL6  ...              STD   
19                   WPL6            NAN  ...              STD   
20                   WPL6            NAN  ...               XH   
21                    NAN            NAN  ...              STD   
22                   WPL6            NAN  ...              STD   
23                   WPL6            NAN  ...              STD   
24                   WPL6            NAN  ...              STD   

   REDUCING_SCHEDULE MANUFACTURING_PROCESS END_FINISH END_CONNECTIONS TRIM  \
0                NAN                  WELD        NAN             NAN  NAN   
1                NAN                  WELD        NAN             NAN  NAN   
2                NAN                WELDED        NAN             NAN  NAN   
3                NAN                  WELD        NAN             NAN  NAN   
4                NAN                WELDED        NAN             NAN  NAN   
5                NAN                WELDED        NAN             NAN  NAN   
6                NAN                  WELD        NAN             NAN  NAN   
7                NAN                   NAN        NAN              BW  NAN   
8                NAN                  WELD        NAN             NAN  NAN   
9                NAN                WELDED        NAN             NAN  NAN   
10               NAN              SEAMLESS        NAN             NAN  NAN   
11               NAN                WELDED        NAN             NAN  NAN   
12               NAN                WELDED        NAN             NAN  NAN   
13               NAN                WELDED        NAN             NAN  NAN   
14               NAN                WELDED        NAN             NAN  NAN   
15               NAN                WELDED        NAN             NAN  NAN   
16               NAN                   NAN         BW             NAN  NAN   
17               NAN                   NAN        NAN       BUTT WELD  NAN   
18               NAN                WELDED        NAN             NAN  NAN   
19               NAN                WELDED        NAN             NAN  NAN   
20               NAN                  WELD        NAN             NAN  NAN   
21               NAN                WELDED        NAN             NAN  NAN   
22               NAN                WELDED        NAN             NAN  NAN   
23               NAN                   NAN        NAN             NAN  NAN   
24               NAN                WELDED        NAN             NAN  NAN   

   MISCELLANEOUS CONFIDENCE     id     score  
0            NAN       0.90  43165  0.802616  
1            NAN       0.80  43166  0.802389  
2            NAN       0.85  28267  0.795606  
3            NAN       0.90  23526  0.795531  
4            NAN       0.85  28244  0.792404  
5            NAN       0.90  43162  0.788056  
6            NAN       0.90  43161  0.787994  
7            NAN       0.90  43089  0.782009  
8            NAN       0.80  43092  0.781947  
9            NAN       0.85  28257  0.781302  
10           NAN       0.90  39829  0.780759  
11           NAN       0.85  28197  0.777907  
12           NAN       0.80  43124  0.776872  
13           NAN       0.90  28212  0.776643  
14           NAN       0.80  43057  0.773217  
15           NAN       0.80  43058  0.773166  
16           NAN       0.85  28318  0.773015  
17           NAN       0.80  42822  0.771716  
18           NAN       0.85  28288  0.770551  
19           NAN       0.85  28303  0.770108  
20           NAN       0.90  28266  0.769064  
21           NAN       0.80  28272  0.767395  
22           NAN       0.85  28282  0.766489  
23           NAN       0.80  28236  0.765707  
24           NAN       0.85  27924  0.765536  

[25 rows x 21 columns]",4,EXCELLENT
12,"VALVE, GATE, 6"", RF FLANGED, 300 LB, CS BODY, TR:13","6"" 300 GATE VALVE CARBON STEEL FLANGED OS&Y TRIM 8",True,12,3,10.897315899999967,"       ID  \
0   14102   
1   14101   
2   15306   
3   43973   
4   43499   
5   43501   
6   43975   
7   14106   
8    3031   
9    3032   
10  14105   
11   3030   
12  15043   
13  15297   
14  14104   
15  43908   
16  43851   
17  14070   
18  43968   
19  43963   
20  14071   
21   2990   
22  43966   
23  14107   
24  15301   

                                                                                                                                                            DESCRIPTION  \
0                                                                                                                                           6 CS 300 FLANGED GATE VALVE   
1                                                                                                                                           6 CS 300 FLANGED GATE VALVE   
2                                                                                                                              6 STAINLESS STEEL 300 FLANGED GATE VALVE   
3                                                                                                                    6"" 300 GATE VALVE CARBON STEEL FLANGED OS&Y TRIM 8   
4                                                                                                                    6"" 300 GATE VALVE CARBON STEEL FLANGED OS&Y TRIM 8   
5                                                                                                                    6"" 300 GATE VALVE CARBON STEEL FLANGED OS&Y TRIM 8   
6                                                                                                                    6"" 300 GATE VALVE CARBON STEEL FLANGED OS&Y TRIM 8   
7                                                                                                                       6 CS 300 FLANGED OUTSIDE STEM & YOKE GATE VALVE   
8                                                                                                                       6 CS 300 FLANGED OUTSIDE STEM & YOKE GATE VALVE   
9                                                                                                                       6 CS 300 FLANGED OUTSIDE STEM & YOKE GATE VALVE   
10                                                                                                                      6 CS 300 FLANGED OUTSIDE STEM & YOKE GATE VALVE   
11                                                                                                                      6 CS 300 FLANGED OUTSIDE STEM & YOKE GATE VALVE   
12                                                                                                                                     6 300 RF NACE TRIM 12 GATE VALVE   
13                                                                                                         6 STAINLESS STEEL 300 FLANGED OUTSIDE STEM & YOKE GATE VALVE   
14                                                                                                                                  6 CS 300 FLANGED GATE VALVE WCB/T12   
15                                                                                                                  12"" 300 GATE VALVE CARBON STEEL TRIM 8 FLANGED OS&Y   
16                                                                                                                   4"" 300 GATE VALVE CARBON STEEL TRIM 8 FLANGED OS&Y   
17                                                                                                                     12 CS 300 FLANGED OUTSIDE STEM & YOKE GATE VALVE   
18                                                                                                                   4"" 300 GATE VALVE CARBON STEEL TRIM 8 FLANGED OS&Y   
19                                                                                                                   4"" 300 GATE VALVE CARBON STEEL TRIM 8 FLANGED OS&Y   
20                                                                                                                     12 CS 300 FLANGED OUTSIDE STEM & YOKE GATE VALVE   
21                                                                                                                     12 CS 300 FLANGED OUTSIDE STEM & YOKE GATE VALVE   
22                                                                                                                   4"" 300 GATE VALVE CARBON STEEL TRIM 8 FLANGED OS&Y   
23                                                                                                                                           6 CS 300 FLG OS&Y GATE VLV   
24  GATE VALVE, CL 300, HANDWHEEL OPERATOR, RF ENDS, FULL PORT, A351-CF8M BODY, TRIM 10, 316SS STEM/HINGE PIN, A351-CF8M WEDGE, PTFE OR GRAPHITE PACKING, TEFLON GASKET   

   CATEGORY        TYPE PRIMARY_SIZE REDUCING_SIZE LENGTH    MATERIAL_NAME  \
0     VALVE        GATE            6           NAN    NAN     CARBON STEEL   
1     VALVE        GATE            6           NAN    NAN     CARBON STEEL   
2     VALVE  GATE VALVE            6           NAN    NAN  STAINLESS STEEL   
3     VALVE  GATE VALVE          6.0           NAN    NAN     CARBON STEEL   
4     VALVE  GATE VALVE          6.0           NAN    NAN     CARBON STEEL   
5     VALVE  GATE VALVE          6.0           NAN    NAN     CARBON STEEL   
6     VALVE  GATE VALVE          6.0           NAN    NAN     CARBON STEEL   
7     VALVE        GATE            6           NAN    NAN     CARBON STEEL   
8     VALVE        GATE            6           NAN    NAN     CARBON STEEL   
9     VALVE        GATE            6           NAN    NAN     CARBON STEEL   
10    VALVE        GATE            6           NAN    NAN     CARBON STEEL   
11    VALVE        GATE            6           NAN    NAN     CARBON STEEL   
12    VALVE  GATE VALVE            6           NAN    NAN              NAN   
13    VALVE        GATE            6           NAN    NAN  STAINLESS STEEL   
14    VALVE        GATE            6           NAN    NAN     CARBON STEEL   
15    VALVE  GATE VALVE         12.0           NAN    NAN     CARBON STEEL   
16    VALVE  GATE VALVE          4.0           NAN    NAN     CARBON STEEL   
17    VALVE        GATE           12           NAN    NAN     CARBON STEEL   
18    VALVE  GATE VALVE          4.0           NAN    NAN     CARBON STEEL   
19    VALVE  GATE VALVE          4.0           NAN    NAN     CARBON STEEL   
20    VALVE        GATE           12           NAN    NAN     CARBON STEEL   
21    VALVE        GATE           12           NAN    NAN     CARBON STEEL   
22    VALVE  GATE VALVE          4.0           NAN    NAN     CARBON STEEL   
23    VALVE        GATE            6           NAN    NAN     CARBON STEEL   
24    VALVE        GATE            4           NAN    NAN  STAINLESS STEEL   

   MATERIAL_SPECIFICATION MATERIAL_GRADE  ... PRIMARY_SCHEDULE  \
0                     NAN            NAN  ...              NAN   
1                     NAN            NAN  ...              NAN   
2                     NAN            NAN  ...              NAN   
3                     NAN            NAN  ...              NAN   
4                     NAN            NAN  ...              NAN   
5                     NAN            NAN  ...              NAN   
6                     NAN            NAN  ...              NAN   
7                     NAN            NAN  ...              NAN   
8                     NAN            NAN  ...              NAN   
9                     NAN            NAN  ...              NAN   
10                    NAN            NAN  ...              NAN   
11                    NAN            NAN  ...              NAN   
12                    NAN            NAN  ...              NAN   
13                    NAN            NAN  ...              NAN   
14                    NAN            WCB  ...              NAN   
15                    NAN            NAN  ...              NAN   
16                    NAN            NAN  ...              NAN   
17                    NAN            NAN  ...              NAN   
18                    NAN            NAN  ...              NAN   
19                    NAN            NAN  ...              NAN   
20                    NAN            NAN  ...              NAN   
21                    NAN            NAN  ...              NAN   
22                    NAN            NAN  ...              NAN   
23                    NAN            NAN  ...              NAN   
24                   A351           CF8M  ...              NAN   

   REDUCING_SCHEDULE MANUFACTURING_PROCESS END_FINISH END_CONNECTIONS  \
0                NAN                   NAN        NAN         FLANGED   
1                NAN                   NAN        NAN         FLANGED   
2                NAN                   NAN        NAN         FLANGED   
3                NAN                   NAN        NAN         FLANGED   
4                NAN                   NAN        NAN         FLANGED   
5                NAN                   NAN        NAN         FLANGED   
6                NAN                   NAN        NAN         FLANGED   
7                NAN                   NAN        NAN         FLANGED   
8                NAN                   NAN        NAN         FLANGED   
9                NAN                   NAN        NAN         FLANGED   
10               NAN                   NAN        NAN         FLANGED   
11               NAN                   NAN        NAN         FLANGED   
12               NAN                   NAN         RF             NAN   
13               NAN                   NAN        NAN         FLANGED   
14               NAN                   NAN        NAN         FLANGED   
15               NAN                   NAN        NAN         FLANGED   
16               NAN                   NAN        NAN         FLANGED   
17               NAN                   NAN        NAN         FLANGED   
18               NAN                   NAN        NAN         FLANGED   
19               NAN                   NAN        NAN         FLANGED   
20               NAN                   NAN        NAN         FLANGED   
21               NAN                   NAN        NAN         FLANGED   
22               NAN                   NAN        NAN         FLANGED   
23               NAN                   NAN        NAN         FLANGED   
24               NAN                   NAN         RF             NAN   

         TRIM                                           MISCELLANEOUS  \
0         NAN                                                     NAN   
1         NAN                                                     NAN   
2         NAN                                                     NAN   
3           8                                                    OS&Y   
4           8                                                    OS&Y   
5           8                                                    OS&Y   
6           8                                                    OS&Y   
7           8                                                    OS&Y   
8        OS&Y                                                     NAN   
9        OS&Y                                                     NAN   
10       OS&Y                                                     NAN   
11       OS&Y                                                     NAN   
12         12                                                    NACE   
13       OS&Y                                                     NAN   
14         12                                                     NAN   
15          8                                                    OS&Y   
16          8                                                    OS&Y   
17       OS&Y                                                     NAN   
18          8                                                    OS&Y   
19          8                                                    OS&Y   
20          8                                                    OS&Y   
21       OS&Y                                                     NAN   
22          8                                                    OS&Y   
23          8                                                    OS&Y   
24  FULL PORT  HANDWHEEL OPERATOR PTFE/GRAPHITE PACKING TEFLON GASKET   

   CONFIDENCE     id     score  
0        0.85  14102  0.776976  
1        0.85  14101  0.776961  
2        0.85  15306  0.776257  
3        0.90  43973  0.771493  
4        0.90  43499  0.771493  
5        0.90  43501  0.771493  
6        0.90  43975  0.769542  
7        0.90  14106  0.767826  
8        0.85   3031  0.767826  
9        0.90   3032  0.767822  
10       0.85  14105  0.767820  
11       0.85   3030  0.767798  
12       0.85  15043  0.766873  
13       0.85  15297  0.763343  
14       0.90  14104  0.762933  
15       0.90  43908  0.762349  
16       0.90  43851  0.757666  
17       0.90  14070  0.756938  
18       0.90  43968  0.756857  
19       0.90  43963  0.756853  
20       0.90  14071  0.756850  
21       0.85   2990  0.756850  
22       0.90  43966  0.756817  
23       0.85  14107  0.756099  
24       0.95  15301  0.755983  

[25 rows x 21 columns]",4,EXCELLENT
13,"PIPE, SEAMLESS, 2"", PLAIN BEVELED END, SCH 80/XH, SA312, 304L SS",2 STAINLESS STEEL SCHEDULE 80 304L A312 SEAMLESS PIPE,True,13,0,22.65002659999982,"       ID                                                  DESCRIPTION  \
0   39259        2 STAINLESS STEEL SCHEDULE 80 304L A312 SEAMLESS PIPE   
1   39260        2 STAINLESS STEEL SCHEDULE 80 304L A312 SEAMLESS PIPE   
2   43719        2 STAINLESS STEEL SCHEDULE 80 304L A312 SEAMLESS PIPE   
3   39258        2 STAINLESS STEEL SCHEDULE 80 304L A312 SEAMLESS PIPE   
4   39233        2 STAINLESS STEEL SCHEDULE 40 304L A312 SEAMLESS PIPE   
5   39232        2 STAINLESS STEEL SCHEDULE 40 304L A312 SEAMLESS PIPE   
6   39230        2 STAINLESS STEEL SCHEDULE 40 304L A312 SEAMLESS PIPE   
7   39234        2 STAINLESS STEEL SCHEDULE 40 304L A312 SEAMLESS PIPE   
8   39231        2 STAINLESS STEEL SCHEDULE 40 304L A312 SEAMLESS PIPE   
9   39220       2 STAINLESS STEEL SCHEDULE 160 304L A312 SEAMLESS PIPE   
10  39221       2 STAINLESS STEEL SCHEDULE 160 304L A312 SEAMLESS PIPE   
11  39264        2 STAINLESS STEEL SCHEDULE 80 316L A312 SEAMLESS PIPE   
12  39263        2 STAINLESS STEEL SCHEDULE 80 316L A312 SEAMLESS PIPE   
13  39266        2 STAINLESS STEEL SCHEDULE 80 316L A312 SEAMLESS PIPE   
14  43722        2 STAINLESS STEEL SCHEDULE 80 316L A312 SEAMLESS PIPE   
15  39265        2 STAINLESS STEEL SCHEDULE 80 316L A312 SEAMLESS PIPE   
16  43721        2 STAINLESS STEEL SCHEDULE 80 316L A312 SEAMLESS PIPE   
17  43705        1 STAINLESS STEEL SCHEDULE 80 304L A312 SEAMLESS PIPE   
18  38925        1 STAINLESS STEEL SCHEDULE 80 304L A312 SEAMLESS PIPE   
19  42657        1 STAINLESS STEEL SCHEDULE 80 304L A312 SEAMLESS PIPE   
20  38927        1 STAINLESS STEEL SCHEDULE 80 304L A312 SEAMLESS PIPE   
21  38924        1 STAINLESS STEEL SCHEDULE 80 304L A312 SEAMLESS PIPE   
22  38926        1 STAINLESS STEEL SCHEDULE 80 304L A312 SEAMLESS PIPE   
23  39194  2 STAINLESS STEEL EXTRA EXTRA HEAVY 304L A312 SEAMLESS PIPE   
24  26793            2 STAINLESS STEEL SCHEDULE 80 304L A312 WELD PIPE   

   CATEGORY           TYPE PRIMARY_SIZE REDUCING_SIZE LENGTH    MATERIAL_NAME  \
0      PIPE           PIPE            2           NAN    NAN  STAINLESS STEEL   
1      PIPE           PIPE            2           NAN    NAN  STAINLESS STEEL   
2      PIPE  SEAMLESS PIPE          2.0           NAN    NAN  STAINLESS STEEL   
3      PIPE           PIPE            2           NAN    NAN  STAINLESS STEEL   
4      PIPE           PIPE            2           NAN    NAN  STAINLESS STEEL   
5      PIPE           PIPE            2           NAN    NAN  STAINLESS STEEL   
6      PIPE           PIPE            2           NAN    NAN  STAINLESS STEEL   
7      PIPE           PIPE            2           NAN    NAN  STAINLESS STEEL   
8      PIPE           PIPE            2           NAN    NAN  STAINLESS STEEL   
9      PIPE           PIPE            2           NAN    NAN  STAINLESS STEEL   
10     PIPE           PIPE            2           NAN    NAN  STAINLESS STEEL   
11     PIPE           PIPE            2           NAN    NAN  STAINLESS STEEL   
12     PIPE           PIPE            2           NAN    NAN  STAINLESS STEEL   
13     PIPE           PIPE            2           NAN    NAN  STAINLESS STEEL   
14     PIPE       SEAMLESS          2.0           NAN    NAN  STAINLESS STEEL   
15     PIPE           PIPE            2           NAN    NAN  STAINLESS STEEL   
16     PIPE       SEAMLESS          2.0           NAN    NAN  STAINLESS STEEL   
17     PIPE  SEAMLESS PIPE          1.0           NAN    NAN  STAINLESS STEEL   
18     PIPE           PIPE            1           NAN    NAN  STAINLESS STEEL   
19     PIPE  SEAMLESS PIPE          1.0           NAN    NAN  STAINLESS STEEL   
20     PIPE           PIPE            1           NAN    NAN  STAINLESS STEEL   
21     PIPE           PIPE            1           NAN    NAN  STAINLESS STEEL   
22     PIPE           PIPE            1           NAN    NAN  STAINLESS STEEL   
23     PIPE           PIPE            2           NAN    NAN  STAINLESS STEEL   
24     PIPE           PIPE            2           NAN     21     CARBON STEEL   

   MATERIAL_SPECIFICATION MATERIAL_GRADE  ... PRIMARY_SCHEDULE  \
0                    A312           304L  ...               80   
1                    A312           304L  ...               80   
2                    A312           304L  ...      SCHEDULE 80   
3                    A312           304L  ...               80   
4                    A312           304L  ...               40   
5                    A312           304L  ...               40   
6                    A312           304L  ...               40   
7                    A312           304L  ...               40   
8                    A312           304L  ...               40   
9                    A312           304L  ...              160   
10                   A312           304L  ...              160   
11                   A312           316L  ...               80   
12                   A312           316L  ...               80   
13                   A312           316L  ...               80   
14                   A312           316L  ...               80   
15                   A312           316L  ...               80   
16                   A312           316L  ...               80   
17                   A312           304L  ...               80   
18                   A312           304L  ...               80   
19                   A312           304L  ...               80   
20                   A312           304L  ...               80   
21                   A312           304L  ...               80   
22                   A312           304L  ...               80   
23                   A312           304L  ...              XXH   
24                    A53              B  ...               40   

   REDUCING_SCHEDULE MANUFACTURING_PROCESS END_FINISH END_CONNECTIONS TRIM  \
0                NAN              SEAMLESS        NAN             NAN  NAN   
1                NAN              SEAMLESS        NAN             NAN  NAN   
2                NAN              SEAMLESS        NAN             NAN  NAN   
3                NAN              SEAMLESS        NAN             NAN  NAN   
4                NAN              SEAMLESS        NAN             NAN  NAN   
5                NAN              SEAMLESS        NAN             NAN  NAN   
6                NAN              SEAMLESS        NAN             NAN  NAN   
7                NAN              SEAMLESS        NAN             NAN  NAN   
8                NAN              SEAMLESS        NAN             NAN  NAN   
9                NAN              SEAMLESS        NAN             NAN  NAN   
10               NAN              SEAMLESS        NAN             NAN  NAN   
11               NAN              SEAMLESS        NAN             NAN  NAN   
12               NAN              SEAMLESS        NAN             NAN  NAN   
13               NAN              SEAMLESS        NAN             NAN  NAN   
14               NAN              SEAMLESS        NAN             NAN  NAN   
15               NAN              SEAMLESS        NAN             NAN  NAN   
16               NAN              SEAMLESS        NAN             NAN  NAN   
17               NAN              SEAMLESS        NAN             NAN  NAN   
18               NAN              SEAMLESS        NAN             NAN  NAN   
19               NAN              SEAMLESS        NAN             NAN  NAN   
20               NAN              SEAMLESS        NAN             NAN  NAN   
21               NAN              SEAMLESS        NAN             NAN  NAN   
22               NAN              SEAMLESS        NAN             NAN  NAN   
23               NAN              SEAMLESS        NAN             NAN  NAN   
24               NAN                   ERW  PLAIN END             NAN  NAN   

   MISCELLANEOUS CONFIDENCE     id     score  
0            NAN       0.90  39259  0.805284  
1            NAN       0.90  39260  0.805284  
2            NAN       0.90  43719  0.805284  
3            NAN       0.90  39258  0.805284  
4            NAN       0.90  39233  0.791570  
5            NAN       0.90  39232  0.791570  
6            NAN       0.95  39230  0.791570  
7            NAN       0.90  39234  0.791569  
8            NAN       0.90  39231  0.791553  
9            NAN       0.95  39220  0.786000  
10           NAN       0.95  39221  0.786000  
11           NAN       0.95  39264  0.784774  
12           NAN       0.95  39263  0.784526  
13           NAN       0.90  39266  0.784526  
14           NAN       0.90  43722  0.784490  
15           NAN       0.95  39265  0.784490  
16           NAN       0.90  43721  0.784485  
17           NAN       0.90  43705  0.783322  
18           NAN       0.90  38925  0.783322  
19           NAN       0.90  42657  0.783322  
20           NAN       0.95  38927  0.783322  
21           NAN       0.95  38924  0.783322  
22           NAN       0.90  38926  0.783322  
23           NAN       0.90  39194  0.783196  
24    GALVANIZED       0.95  26793  0.781497  

[25 rows x 21 columns]",2,EXCELLENT
14,"4 90 DEGREE LONG RADIUS ELBOW , ASME B16.9 , BEVELED END , ASTM A403 GRADE WP304/WP304L , TYPE S S-40S",4 STAINLESS STEEL SCHEDULE 40 304L SEAMLESS LONG RADIUS 90 ELBOW,True,14,13,16.624884500000007,"       ID                                                        DESCRIPTION  \
0   37031             4 STAINLESS STEEL SCHEDULE 40 304L LR 90 ELBOW A403WPW   
1   37030             4 STAINLESS STEEL SCHEDULE 40 304L LR 90 ELBOW A403WPW   
2   37032             4 STAINLESS STEEL SCHEDULE 40 304L LR 90 ELBOW A403WPW   
3   42793  14 STAINLESS STEEL SCHEDULE 40S 304L LONG RADIUS 90 ELBOW A403WPW   
4   36616          14 STAINLESS STEEL S40S 304L LONG RADIUS 45 ELBOW A403WPW   
5   40016             4 STAINLESS STEEL SCHEDULE 40 304L SR 90 ELBOW A403WPW   
6   40015             4 STAINLESS STEEL SCHEDULE 40 304L SR 90 ELBOW A403WPW   
7   36682             4 STAINLESS STEEL SCHEDULE 40 304L LR 45 ELBOW A403WPW   
8   36683             4 STAINLESS STEEL SCHEDULE 40 304L LR 45 ELBOW A403WPW   
9   36681             4 STAINLESS STEEL SCHEDULE 40 304L LR 45 ELBOW A403WPW   
10  36874          18 STAINLESS STEEL S40S 304L LONG RADIUS 90 ELBOW A403WPW   
11  36856                   14 STAINLESS STEEL S40S 304L LR 90 ELBOW A403WPW   
12  43065    4 STAINLESS STEEL SCHEDULE 10 304L LONG RADIUS 90 ELBOW A403WPW   
13  43038   4 STAINLESS STEEL SCHEDULE 40 304L SEAMLESS LONG RADIUS 90 ELBOW   
14  42812  16 STAINLESS STEEL SCHEDULE 40S 304L LONG RADIUS 45 ELBOW A403WPW   
15  42763  12 STAINLESS STEEL SCHEDULE 40S 304L LONG RADIUS 90 ELBOW A403WPW   
16  43176    8 STAINLESS STEEL SCHEDULE 40 304L LONG RADIUS 90 ELBOW A403WPW   
17  36867                   16 STAINLESS STEEL S40S 304L LR 90 ELBOW A403WPW   
18  37037            4 STAINLESS STEEL SCHEDULE 40 316 L LR 90 ELBOW A403WPW   
19  37038            4 STAINLESS STEEL SCHEDULE 40 316 L LR 90 ELBOW A403WPW   
20  37036            4 STAINLESS STEEL SCHEDULE 40 316 L LR 90 ELBOW A403WPW   
21  42794           14 STAINLESS STEEL S60 304L LONG RADIUS 90 ELBOW A403WPW   
22  40018            4 STAINLESS STEEL SCHEDULE 40 316 L SR 90 ELBOW A403WPW   
23  36685            4 STAINLESS STEEL SCHEDULE 40 316 L LR 45 ELBOW A403WPW   
24  36684            4 STAINLESS STEEL SCHEDULE 40 316 L LR 45 ELBOW A403WPW   

   CATEGORY                  TYPE PRIMARY_SIZE REDUCING_SIZE LENGTH  \
0   FITTING    LR 90 DEGREE ELBOW            4           NAN    NAN   
1   FITTING    LR 90 DEGREE ELBOW            4           NAN    NAN   
2   FITTING    LR 90 DEGREE ELBOW            4           NAN    NAN   
3   FITTING  LONG RADIUS 90 ELBOW         14.0           NAN    NAN   
4   FITTING    LR 45 DEGREE ELBOW           14           NAN    NAN   
5   FITTING    SR 90 DEGREE ELBOW            4           NAN    NAN   
6   FITTING    SR 90 DEGREE ELBOW            4           NAN    NAN   
7   FITTING    LR 45 DEGREE ELBOW            4           NAN    NAN   
8   FITTING    LR 45 DEGREE ELBOW            4           NAN    NAN   
9   FITTING    LR 45 DEGREE ELBOW            4           NAN    NAN   
10  FITTING    LR 90 DEGREE ELBOW           18           NAN    NAN   
11  FITTING    LR 90 DEGREE ELBOW           14           NAN    NAN   
12  FITTING  LONG RADIUS 90 ELBOW          4.0           NAN    NAN   
13  FITTING  LONG RADIUS 90 ELBOW          4.0           NAN    NAN   
14  FITTING  LONG RADIUS 45 ELBOW         16.0           NAN    NAN   
15  FITTING  LONG RADIUS 90 ELBOW         12.0           NAN    NAN   
16  FITTING  LONG RADIUS 90 ELBOW          8.0           NAN    NAN   
17  FITTING    LR 90 DEGREE ELBOW           16           NAN    NAN   
18  FITTING    LR 90 DEGREE ELBOW            4           NAN    NAN   
19  FITTING    LR 90 DEGREE ELBOW            4           NAN    NAN   
20  FITTING    LR 90 DEGREE ELBOW            4           NAN    NAN   
21  FITTING  LONG RADIUS 90 ELBOW         14.0           NAN    NAN   
22  FITTING    SR 90 DEGREE ELBOW            4           NAN    NAN   
23  FITTING    LR 45 DEGREE ELBOW            4           NAN    NAN   
24  FITTING    LR 45 DEGREE ELBOW            4           NAN    NAN   

      MATERIAL_NAME MATERIAL_SPECIFICATION MATERIAL_GRADE  ...  \
0   STAINLESS STEEL                   A403            WPW  ...   
1   STAINLESS STEEL                   A403            WPW  ...   
2   STAINLESS STEEL                   A403            WPW  ...   
3   STAINLESS STEEL                   A403            WPW  ...   
4   STAINLESS STEEL                   A403            WPW  ...   
5   STAINLESS STEEL                   A403            WPW  ...   
6   STAINLESS STEEL                   A403            WPW  ...   
7   STAINLESS STEEL                   A403            WPW  ...   
8   STAINLESS STEEL                   A403         WP304L  ...   
9   STAINLESS STEEL                   A403            WPW  ...   
10  STAINLESS STEEL                   A403            WPW  ...   
11  STAINLESS STEEL                   A403            WPW  ...   
12  STAINLESS STEEL                   A403            WPW  ...   
13  STAINLESS STEEL                    NAN           304L  ...   
14  STAINLESS STEEL                   A403            WPW  ...   
15  STAINLESS STEEL                   A403            WPW  ...   
16  STAINLESS STEEL                   A403            WPW  ...   
17  STAINLESS STEEL                   A403            WPW  ...   
18  STAINLESS STEEL                   A403            WPW  ...   
19  STAINLESS STEEL                   A403            WPW  ...   
20  STAINLESS STEEL                   A403            WPW  ...   
21  STAINLESS STEEL                   A403            WPW  ...   
22  STAINLESS STEEL                   A403            WPW  ...   
23  STAINLESS STEEL                   A403            WPW  ...   
24  STAINLESS STEEL                   A403            WPW  ...   

   PRIMARY_SCHEDULE REDUCING_SCHEDULE MANUFACTURING_PROCESS END_FINISH  \
0                40               NAN                   NAN        NAN   
1                40               NAN                   NAN        NAN   
2                40               NAN                   NAN        NAN   
3               40S               NAN                   NAN        NAN   
4               40S               NAN                   NAN        NAN   
5                40               NAN                   NAN        NAN   
6                40               NAN                   NAN        NAN   
7                40               NAN                   NAN        NAN   
8                40               NAN                   NAN        NAN   
9                40               NAN                   NAN        NAN   
10              40S               NAN                   NAN        NAN   
11              40S               NAN                   NAN        NAN   
12               10               NAN                   NAN        NAN   
13               40               NAN              SEAMLESS        NAN   
14              40S               NAN                   NAN        NAN   
15              40S               NAN                   NAN        NAN   
16               40               NAN                   NAN        NAN   
17              40S               NAN                   NAN        NAN   
18               40               NAN                   NAN        NAN   
19               40               NAN                   NAN        NAN   
20               40               NAN                   NAN        NAN   
21              S60               NAN                   NAN        NAN   
22               40               NAN                   NAN        NAN   
23               40               NAN                   NAN        NAN   
24               40               NAN                   NAN        NAN   

   END_CONNECTIONS TRIM MISCELLANEOUS CONFIDENCE     id     score  
0              NAN  NAN           NAN       0.95  37031  0.822655  
1              NAN  NAN           NAN       0.95  37030  0.821758  
2              NAN  NAN           NAN       0.95  37032  0.821731  
3              NAN  NAN          304L       0.90  42793  0.820792  
4              NAN  NAN           NAN       0.95  36616  0.819930  
5              NAN  NAN           NAN       0.95  40016  0.819629  
6              NAN  NAN           NAN       0.95  40015  0.819592  
7              NAN  NAN           NAN       0.95  36682  0.815395  
8              NAN  NAN           NAN       0.95  36683  0.814365  
9              NAN  NAN           NAN       0.95  36681  0.814347  
10             NAN  NAN           NAN       0.95  36874  0.814253  
11             NAN  NAN           NAN       0.95  36856  0.812286  
12             NAN  NAN           NAN       0.90  43065  0.808895  
13             NAN  NAN           NAN       0.90  43038  0.806961  
14             NAN  NAN          304L       0.90  42812  0.806545  
15             NAN  NAN          304L       0.90  42763  0.803547  
16             NAN  NAN           NAN       0.90  43176  0.802755  
17             NAN  NAN           NAN       0.95  36867  0.802007  
18             NAN  NAN           NAN       0.95  37037  0.800633  
19             NAN  NAN           NAN       0.95  37038  0.800633  
20             NAN  NAN           NAN       0.95  37036  0.800622  
21             NAN  NAN          304L       0.90  42794  0.800145  
22             NAN  NAN           NAN       0.95  40018  0.796971  
23             NAN  NAN           NAN       0.95  36685  0.796385  
24             NAN  NAN           NAN       0.95  36684  0.796377  

[25 rows x 21 columns]",1,EXCELLENT
15,"VALVE, BALL, 1"", THREADED, 600 LB","1"" 600 REDUCED PORT BALL VALVE BRONZE NOT FOR POTABLE USE THREADED",True,15,40,9.901635100000021,"       ID  \
0   19986   
1   42630   
2   42889   
3    5197   
4   43821   
5   21042   
6    4656   
7   42755   
8   18850   
9    6127   
10  42690   
11  43817   
12  19534   
13  18838   
14    392   
15   7163   
16   5198   
17   5365   
18  21151   
19  20993   
20  43007   
21  43819   
22   4774   
23  20523   
24   6605   

                                                                                                                                    DESCRIPTION  \
0                                                                                                                    BALL VALVE - S316 6000 PSI   
1                                                                                1"" 2000 BALL VALVE CARBON STEEL THREADED 1-PIECE LOCKING LEVER   
2                                                                                           2"" 1500 BALL VALVE STAINLESS STEEL THREADED 1-PIECE   
3                                                  1"" 2000 BALL VALVE CARBON STEEL STAINLESS STEEL THREADED REDUCED PORT FIRESAFE LOCKING LEVER   
4                                                               1"" 800 CHECK VALVE FORGED STEEL REDUCED PORT BOLTED BONNET THREADED TRIM 8 BALL   
5                                                                                                  1 FORGED STEEL 800 THREADED BALL CHECK VALVE   
6                                                                                     1 FORGED STEEL 800 THREADED UNION BONNET BALL CHECK VALVE   
7                                                                            1-0.5"" 1500 BALL VALVE CARBON STEEL THREADED 1-PIECE LOCKING LEVER   
8                                                                                          1 FORGED STEEL 600 FLANGED BOLTED BONNET GLOBE VALVE   
9                                                                                                                                    BALL VALVE   
10                                                                             0.5"" 2000 BALL VALVE CARBON STEEL THREADED 1-PIECE LOCKING LEVER   
11                                                                             0.5"" 2000 BALL VALVE CARBON STEEL THREADED 1-PIECE LOCKING LEVER   
12                                                                                      1 STAINLESS STEEL 600 THREADED X SOCKET WELD GATE VALVE   
13                                                                                                        1 FORGED STEEL 600 FLANGED GATE VALVE   
14  FLOATING BALL VALVE, CL 150, FULL PORT, 2 PIECE, WCB BODY, SS TRIM, RTFE SEAT, GRAPHITE PACKING/SEALING AND GASKET, RF ENDS, LEVER OPERATED   
15  FLOATING BALL VALVE, CL 150, FULL PORT, 2 PIECE, WCB BODY, SS TRIM, RTFE SEAT, GRAPHITE PACKING/SEALING AND GASKET, RF ENDS, LEVER OPERATED   
16                                                                                                  0.75"" CARBON STEEL 2000 BALL VALVE THREADED   
17                                                                                                                   BALL VALVE - S316 2000 PSI   
18                                                                                        1 FORGED STEEL 800 THREADED GLOBE VALVE BOLTED BONNET   
19                                                                                               1 800 THREADED BOLTED BONNET GLB VALVE 316/T12   
20                                                                            0.75"" CARBON STEEL 2000 BALL VALVE THREADED 1-PIECE LOCKING LEVER   
21                                                     1"" 1500 FULL PORT BALL VALVE STAINLESS STEEL/STAINLESS STEEL LEAD LAW COMPLIANT THREADED   
22                                                                                                      1 FORGED STEEL 800 THREADED GLOBE VALVE   
23                                                                                                      1 FORGED STEEL 800 THREADED GLOBE VALVE   
24                                                                              1-0.25"" 1000 BALL VALVE STAINLESS STEEL THREADED FULL PORT RTFE   

   CATEGORY           TYPE PRIMARY_SIZE REDUCING_SIZE LENGTH    MATERIAL_NAME  \
0     VALVE           BALL          0.5           NAN    NAN  STAINLESS STEEL   
1     VALVE     BALL VALVE          1.0           NAN    NAN     CARBON STEEL   
2     VALVE     BALL VALVE          2.0           NAN    NAN  STAINLESS STEEL   
3     VALVE           BALL            1           NAN    NAN     CARBON STEEL   
4     VALVE    CHECK VALVE          1.0           NAN    NAN     CARBON STEEL   
5     VALVE     BALL CHECK            1           NAN    NAN            STEEL   
6     VALVE     BALL CHECK            1           NAN    NAN     CARBON STEEL   
7     VALVE     BALL VALVE          1.5           NAN    NAN     CARBON STEEL   
8     VALVE          GLOBE            1           NAN    NAN     CARBON STEEL   
9     VALVE           BALL         0.75           NAN    NAN  STAINLESS STEEL   
10    VALVE     BALL VALVE          0.5           NAN    NAN     CARBON STEEL   
11    VALVE     BALL VALVE          0.5           NAN    NAN     CARBON STEEL   
12    VALVE           GATE            1           NAN    NAN  STAINLESS STEEL   
13    VALVE     GATE VALVE            1           NAN    NAN     CARBON STEEL   
14    VALVE  FLOATING BALL            1           NAN    NAN     CARBON STEEL   
15    VALVE           BALL         0.75           NAN    NAN     CARBON STEEL   
16    VALVE           BALL         0.75           NAN    NAN     CARBON STEEL   
17    VALVE           BALL        0.375           NAN    NAN  STAINLESS STEEL   
18    VALVE          GLOBE            1           NAN    NAN            STEEL   
19    VALVE          GLOBE            1           NAN    NAN  STAINLESS STEEL   
20    VALVE     BALL VALVE         0.75           NAN    NAN     CARBON STEEL   
21    VALVE     BALL VALVE          1.0           NAN    NAN  STAINLESS STEEL   
22    VALVE          GLOBE            1           NAN    NAN            STEEL   
23    VALVE          GLOBE            1           NAN    NAN     CARBON STEEL   
24    VALVE           BALL         1.25           NAN    NAN  STAINLESS STEEL   

   MATERIAL_SPECIFICATION MATERIAL_GRADE  ... PRIMARY_SCHEDULE  \
0                     NAN            316  ...              NAN   
1                     NAN            NAN  ...              NAN   
2                     NAN            NAN  ...              NAN   
3                     NAN            NAN  ...              NAN   
4                     NAN            NAN  ...              NAN   
5                     NAN            NAN  ...              NAN   
6                     NAN            NAN  ...              NAN   
7                     NAN            NAN  ...              NAN   
8                     NAN            NAN  ...              NAN   
9                     NAN            NAN  ...              NAN   
10                    NAN            NAN  ...              NAN   
11                    NAN            NAN  ...              NAN   
12                    NAN            NAN  ...              NAN   
13                    NAN            NAN  ...              NAN   
14                    WCB            NAN  ...              NAN   
15                    WCB            NAN  ...              NAN   
16                    NAN            NAN  ...              NAN   
17                    NAN            316  ...              NAN   
18                    NAN            NAN  ...              NAN   
19                    NAN            316  ...              NAN   
20                    NAN            NAN  ...              NAN   
21                    NAN            NAN  ...              NAN   
22                    NAN            NAN  ...              NAN   
23                    NAN            NAN  ...              NAN   
24                    NAN            NAN  ...              NAN   

   REDUCING_SCHEDULE MANUFACTURING_PROCESS END_FINISH END_CONNECTIONS  \
0                NAN                   NAN        NAN             NAN   
1                NAN                   NAN        NAN        THREADED   
2                NAN                   NAN        NAN        THREADED   
3                NAN                   NAN        NAN             THD   
4                NAN                FORGED        NAN        THREADED   
5                NAN                FORGED        NAN             THD   
6                NAN                FORGED        NAN        THREADED   
7                NAN                   NAN        NAN        THREADED   
8                NAN                FORGED        NAN         FLANGED   
9                NAN                   NAN        NAN             NAN   
10               NAN                   NAN        NAN        THREADED   
11               NAN                   NAN        NAN        THREADED   
12               NAN                   NAN        NAN        THD X SW   
13               NAN                FORGED        NAN         FLANGED   
14               NAN                   NAN         RF             NAN   
15               NAN                   NAN         RF             NAN   
16               NAN                   NAN        NAN             THD   
17               NAN                   NAN        NAN             NAN   
18               NAN                FORGED        NAN             THD   
19               NAN                   NAN        NAN             THD   
20               NAN                   NAN        NAN        THREADED   
21               NAN                   NAN        NAN        THREADED   
22               NAN                FORGED        NAN             THD   
23               NAN                FORGED        NAN             THD   
24               NAN                   NAN  FULL PORT             THD   

               TRIM  \
0             PCTFE   
1     LOCKING LEVER   
2               NAN   
3   STAINLESS STEEL   
4                 8   
5              BALL   
6              BALL   
7               NAN   
8     BOLTED BONNET   
9             PCTFE   
10              NAN   
11              NAN   
12              NAN   
13              NAN   
14          SS/RTFE   
15  STAINLESS STEEL   
16              NAN   
17         TFM SEAT   
18    BOLTED BONNET   
19               12   
20              NAN   
21  STAINLESS STEEL   
22              NAN   
23              NAN   
24             RTFE   

                                                                   MISCELLANEOUS  \
0                                                                            NAN   
1                                                                        1-PIECE   
2                                                                        1-PIECE   
3                                            REDUCED PORT FIRESAFE LOCKING LEVER   
4                                                REDUCED PORT BOLTED BONNET BALL   
5                                                                            NAN   
6                                                                   UNION BONNET   
7                                                          1-PIECE LOCKING LEVER   
8                                                                            NAN   
9                                                                        LCK NUT   
10                                                         1-PIECE LOCKING LEVER   
11                                                         1-PIECE LOCKING LEVER   
12                                                                           NAN   
13                                                                           NAN   
14                             2-PIECE FULL PORT LEVER OPERATED GRAPHITE PACKING   
15  FULL PORT 2-PIECE FLOATING RTFE SEAT GRAPHITE PACKING/SEALING LEVER OPERATED   
16                                                                           NAN   
17                                                                           NAN   
18                                                                           NAN   
19                                                                 BOLTED BONNET   
20                                                        1-PIECE, LOCKING LEVER   
21                                                  FULL PORT LEAD LAW COMPLIANT   
22                                                                           NAN   
23                                                                           NAN   
24                                                                           NAN   

   CONFIDENCE     id     score  
0        0.90  19986  0.774926  
1        0.90  42630  0.767239  
2        0.80  42889  0.764796  
3        0.85   5197  0.761858  
4        0.80  43821  0.760235  
5        0.85  21042  0.745055  
6        0.85   4656  0.744429  
7        0.90  42755  0.743508  
8        0.90  18850  0.734705  
9        0.85   6127  0.729326  
10       0.80  42690  0.728501  
11       0.90  43817  0.728468  
12       0.85  19534  0.726180  
13       0.85  18838  0.726062  
14       0.95    392  0.725857  
15       0.90   7163  0.725824  
16       0.90   5198  0.725464  
17       0.85   5365  0.724588  
18       0.90  21151  0.724466  
19       0.90  20993  0.724322  
20       0.80  43007  0.724022  
21       0.90  43819  0.723806  
22       0.85   4774  0.723719  
23       0.85  20523  0.723718  
24       0.90   6605  0.722477  

[25 rows x 21 columns]",0,EXCELLENT
16,"REDUCER, PIPE, CONCENTRIC, 2"" X 1"", BUTT WELD, SCH 80/XH, CARBON STEEL, A234",2X1 CARBON STEEL SCHEDULE XH WELD CONCENTRIC REDUCER,True,16,2,32.76751649999983,"       ID  \
0   23205   
1   23421   
2   43754   
3   23224   
4   43758   
5   43760   
6   43756   
7   43759   
8   24203   
9   23199   
10  23200   
11  23203   
12  23204   
13  23333   
14  23209   
15  23206   
16  23207   
17  43153   
18  24074   
19  43026   
20  23417   
21  23208   
22  43076   
23  23214   
24  23213   

                                                            DESCRIPTION  \
0                 2 X 1 CARBON STEEL STD-XH CONCENTRIC REDUCER A234 WPB   
1                 4 X 2 CARBON STEEL STD-XH CONCENTRIC REDUCER A234 WPB   
2                  2X1 CARBON STEEL SCHEDULE XH WELD CONCENTRIC REDUCER   
3             2 X 1-0.5 CARBON STEEL STD-XH CONCENTRIC REDUCER A234 WPB   
4               2X0.75 CARBON STEEL SCHEDULE XH WELD CONCENTRIC REDUCER   
5                4 X 2 CARBON STEEL SCHEDULE XH WELD CONCENTRIC REDUCER   
6                  3X2 CARBON STEEL SCHEDULE XH WELD CONCENTRIC REDUCER   
7                  3X2 CARBON STEEL SCHEDULE XH WELD CONCENTRIC REDUCER   
8                  4 X 2 CARBON STEEL STD-XH ECCENTRIC REDUCER A234 WPB   
9                 2 X 1 CARBON STEEL EXTRA HEAVY WLD CONCENTRIC REDUCER   
10                2 X 1 CARBON STEEL EXTRA HEAVY WLD CONCENTRIC REDUCER   
11                   2 X 1 CARBON STEEL STANDARD WLD CONCENTRIC REDUCER   
12                   2 X 1 CARBON STEEL STANDARD WLD CONCENTRIC REDUCER   
13            3 X 1-0.5 CARBON STEEL STD-XH CONCENTRIC REDUCER A234 WPB   
14              2 X 1 CARBON STEEL WPL6 STANDARD WLD CONCENTRIC REDUCER   
15           2 X 1 CARBON STEEL WPL6 EXTRA HEAVY WLD CONCENTRIC REDUCER   
16           2 X 1 CARBON STEEL WPL6 EXTRA HEAVY WLD CONCENTRIC REDUCER   
17          6 X 4 CARBON STEEL WPL6 SCHEDULE XH WELD CONCENTRIC REDUCER   
18                   2 X 1 CARBON STEEL STANDARD WELD ECCENTRIC REDUCER   
19           3 X 2 CARBON STEEL WPL6 SCHEDULE XH WELD ECCENTRIC REDUCER   
20  4 X 2 CARBON STEEL SCHEDULE 40 X SCHEDULE 80 WLD CONCENTRIC REDUCER   
21          2 X 1 CARBON STEEL WPL6 SCHEDULE 160 WLD CONCENTRIC REDUCER   
22             4 X 2 CARBON STEEL WPL6 STANDARD WELD CONCENTRIC REDUCER   
23              2 X 0.5 CARBON STEEL EXTRA HEAVY WLD CONCENTRIC REDUCER   
24              2 X 0.5 CARBON STEEL EXTRA HEAVY WLD CONCENTRIC REDUCER   

   CATEGORY                TYPE PRIMARY_SIZE REDUCING_SIZE LENGTH  \
0   FITTING  CONCENTRIC REDUCER            2             1    NAN   
1   FITTING  CONCENTRIC REDUCER            4             2    NAN   
2   FITTING  CONCENTRIC REDUCER          2.0           1.0    NAN   
3   FITTING  CONCENTRIC REDUCER            2           1.5    NAN   
4   FITTING  CONCENTRIC REDUCER          2.0          0.75    NAN   
5   FITTING  CONCENTRIC REDUCER          4.0           2.0    NAN   
6   FITTING  CONCENTRIC REDUCER          3.0           2.0    NAN   
7   FITTING  CONCENTRIC REDUCER          3.0           2.0    NAN   
8   FITTING   ECCENTRIC REDUCER            4             2    NAN   
9   FITTING  CONCENTRIC REDUCER            2             1    NAN   
10  FITTING  CONCENTRIC REDUCER            2             1    NAN   
11  FITTING  CONCENTRIC REDUCER            2             1    NAN   
12  FITTING  CONCENTRIC REDUCER            2             1    NAN   
13  FITTING  CONCENTRIC REDUCER            3           1.5    NAN   
14  FITTING  CONCENTRIC REDUCER            2             1    NAN   
15  FITTING  CONCENTRIC REDUCER            2             1    NAN   
16  FITTING  CONCENTRIC REDUCER            2             1    NAN   
17  FITTING  CONCENTRIC REDUCER          6.0           4.0    NAN   
18  FITTING   ECCENTRIC REDUCER            2             1    NAN   
19  FITTING   ECCENTRIC REDUCER          3.0           2.0    NAN   
20  FITTING  CONCENTRIC REDUCER            4             2    NAN   
21  FITTING  CONCENTRIC REDUCER            2             1    NAN   
22  FITTING  CONCENTRIC REDUCER          4.0           2.0    NAN   
23  FITTING  CONCENTRIC REDUCER            2           0.5    NAN   
24  FITTING  CONCENTRIC REDUCER            2           0.5    NAN   

   MATERIAL_NAME MATERIAL_SPECIFICATION MATERIAL_GRADE  ... PRIMARY_SCHEDULE  \
0   CARBON STEEL                   A234            WPB  ...               XH   
1   CARBON STEEL                   A234            WPB  ...               XH   
2   CARBON STEEL                    NAN            NAN  ...               XH   
3   CARBON STEEL                   A234            WPB  ...               XH   
4   CARBON STEEL                    NAN            NAN  ...               XH   
5   CARBON STEEL                    NAN            NAN  ...               XH   
6   CARBON STEEL                    NAN            NAN  ...               XH   
7   CARBON STEEL                    NAN            NAN  ...               XH   
8   CARBON STEEL                   A234            WPB  ...               XH   
9   CARBON STEEL                    NAN            NAN  ...               XH   
10  CARBON STEEL                    NAN            NAN  ...               XH   
11  CARBON STEEL                    NAN            NAN  ...              STD   
12  CARBON STEEL                    NAN            NAN  ...              STD   
13  CARBON STEEL                   A234            WPB  ...               XH   
14  CARBON STEEL                   WPL6            NAN  ...              STD   
15  CARBON STEEL                   WPL6            NAN  ...               XH   
16  CARBON STEEL                   WPL6            NAN  ...               XH   
17  CARBON STEEL                   WPL6            NAN  ...               XH   
18  CARBON STEEL                    NAN            NAN  ...              STD   
19  CARBON STEEL                   WPL6            NAN  ...               XH   
20  CARBON STEEL                    NAN            NAN  ...               40   
21  CARBON STEEL                   WPL6            NAN  ...              160   
22  CARBON STEEL                    NAN           WPL6  ...         STANDARD   
23  CARBON STEEL                    NAN            NAN  ...               XH   
24  CARBON STEEL                    NAN            NAN  ...               XH   

   REDUCING_SCHEDULE MANUFACTURING_PROCESS END_FINISH END_CONNECTIONS TRIM  \
0                NAN                   NAN        NAN             NAN  NAN   
1                NAN                   NAN        NAN             NAN  NAN   
2                NAN                  WELD        NAN             NAN  NAN   
3                NAN                   NAN        NAN             NAN  NAN   
4                NAN                  WELD        NAN             NAN  NAN   
5                NAN                  WELD        NAN             NAN  NAN   
6                NAN                  WELD        NAN             NAN  NAN   
7                NAN                  WELD        NAN             NAN  NAN   
8                NAN                   NAN        NAN             NAN  NAN   
9                NAN                  WELD        NAN             NAN  NAN   
10               NAN                  WELD        NAN             NAN  NAN   
11               NAN                   NAN        NAN             NAN  NAN   
12               NAN                WELDED        NAN             NAN  NAN   
13               NAN                   NAN        NAN             NAN  NAN   
14               NAN                WELDED        NAN             NAN  NAN   
15               NAN                   NAN       WELD             NAN  NAN   
16               NAN                   NAN       WELD             NAN  NAN   
17                XH                   NAN        NAN             NAN  NAN   
18               NAN                WELDED        NAN             NAN  NAN   
19               NAN                  WELD        NAN             NAN  NAN   
20                80                  WELD        NAN             NAN  NAN   
21               NAN                  WELD        NAN             NAN  NAN   
22               NAN                  WELD        NAN             NAN  NAN   
23               NAN                  WELD        NAN             NAN  NAN   
24               NAN                  WELD        NAN             NAN  NAN   

   MISCELLANEOUS CONFIDENCE     id     score  
0            NAN       0.90  23205  0.842286  
1       STANDARD       0.95  23421  0.824195  
2            NAN       0.80  43754  0.823527  
3            NAN       0.95  23224  0.818504  
4            NAN       0.80  43758  0.813622  
5            NAN       0.80  43760  0.808797  
6            NAN       0.80  43756  0.805310  
7            NAN       0.80  43759  0.805268  
8       STANDARD       0.95  24203  0.804599  
9            NAN       0.80  23199  0.799060  
10           NAN       0.80  23200  0.799047  
11           NAN       0.80  23203  0.795643  
12           NAN       0.80  23204  0.795581  
13           NAN       0.95  23333  0.793885  
14           NAN       0.85  23209  0.793842  
15           NAN       0.85  23206  0.792482  
16           NAN       0.85  23207  0.792460  
17           NAN       0.90  43153  0.792295  
18           NAN       0.80  24074  0.792018  
19           NAN       0.90  43026  0.791142  
20           NAN       0.85  23417  0.789389  
21           NAN       0.90  23208  0.789384  
22           NAN       0.90  43076  0.789273  
23           NAN       0.80  23214  0.789199  
24           NAN       0.80  23213  0.789168  

[25 rows x 21 columns]",2,EXCELLENT
17,"4X4X3 REDUCING TEE , ASME B16.9 , BEVELED END , ASTM A403 GRADE WP304/WP304L , TYPE S S-10S",4 X 4 X 3 STAINLESS STEEL SCHEDULE 10 304L SEAMLESS TEE,True,17,14,22.437334600000213,"       ID                                                   DESCRIPTION  \
0   39829                               6X6X4 SS S10S 304L SMLS RED TEE   
1   40867                                 4X4X3 SS S40 316L TEE A403WPW   
2   36097    4 X 2 STAINLESS STEEL SCHEDULE 40 304L ECC REDUCER A403WPW   
3   40837   4 X 4 X 1-0.5 STAINLESS STEEL SCHEDULE 10 316 L TEE A403WPW   
4   35437   8 X 4 STAINLESS STEEL SCHEDULE 10 304L CONC REDUCER A403WPW   
5   42737      10 X 10 X 4 STAINLESS STEEL SCHEDULE 10 304L TEE A403WPW   
6   40516      10 X 10 X 4 STAINLESS STEEL SCHEDULE 10 304L TEE A403WPW   
7   40813                4 STAINLESS STEEL SCHEDULE 10 304L TEE A403WPW   
8   40825                4 STAINLESS STEEL SCHEDULE 40 304L TEE A403WPW   
9   36110   4 X 3 STAINLESS STEEL SCHEDULE 10 316 L ECC REDUCER A403WPW   
10  36111   4 X 3 STAINLESS STEEL SCHEDULE 10 316 L ECC REDUCER A403WPW   
11  40853           4 X 4 X 3 STAINLESS STEEL SCHEDULE 10 304L SMLS TEE   
12  40852           4 X 4 X 3 STAINLESS STEEL SCHEDULE 10 304L SMLS TEE   
13  34922  10 X 4 STAINLESS STEEL SCHEDULE 40 304L CONC REDUCER A403WPW   
14  43091       4 X 4 X 3 STAINLESS STEEL SCHEDULE 10 304L SEAMLESS TEE   
15  43090       4 X 4 X 3 STAINLESS STEEL SCHEDULE 10 304L SEAMLESS TEE   
16  40764        3 X 3 X 2 STAINLESS STEEL SCHEDULE 10 304L TEE A403WPW   
17  39822      10 X 10 X 8 STAINLESS STEEL SCHEDULE 10 304L REDUCER TEE   
18  43088       4 X 4 X 2 STAINLESS STEEL SCHEDULE 10 304L SEAMLESS TEE   
19  40855                4 X 4 X 3 STAINLESS STEEL SCHEDULE 10 304L TEE   
20  40854                4 X 4 X 3 STAINLESS STEEL SCHEDULE 10 304L TEE   
21  35359   5 X 3 STAINLESS STEEL SCHEDULE 10 304L CONC REDUCER A403WPW   
22  40954        8 X 8 X 4 STAINLESS STEEL SCHEDULE 40 304L TEE A403WPW   
23  36092   4 X 2 STAINLESS STEEL SCHEDULE 10 316 L ECC REDUCER A403WPW   
24  36093   4 X 2 STAINLESS STEEL SCHEDULE 10 316 L ECC REDUCER A403WPW   

   CATEGORY                TYPE PRIMARY_SIZE REDUCING_SIZE LENGTH  \
0   FITTING        REDUCING TEE            6             4    NAN   
1   FITTING                 TEE            4             3    NAN   
2   FITTING   ECCENTRIC REDUCER            4             2    NAN   
3   FITTING                 TEE            4           1.5    NAN   
4   FITTING  CONCENTRIC REDUCER            8             4    NAN   
5   FITTING                 TEE         10.0           4.0    NAN   
6   FITTING                 TEE           10             4    NAN   
7   FITTING                 TEE            4           NAN    NAN   
8   FITTING                 TEE            4           NAN    NAN   
9   FITTING   ECCENTRIC REDUCER            4             3    NAN   
10  FITTING   ECCENTRIC REDUCER            4             3    NAN   
11  FITTING                 TEE            4             3    NAN   
12  FITTING                 TEE            4             3    NAN   
13  FITTING  CONCENTRIC REDUCER           10             4    NAN   
14  FITTING                 TEE          4.0           3.0    NAN   
15  FITTING                 TEE          4.0           3.0    NAN   
16  FITTING                 TEE            3             2    NAN   
17  FITTING        REDUCING TEE           10             8    NAN   
18  FITTING        REDUCING TEE          4.0           2.0    NAN   
19  FITTING                 TEE            4             3    NAN   
20  FITTING                 TEE            4             3    NAN   
21  FITTING  CONCENTRIC REDUCER            5             3    NAN   
22  FITTING                 TEE            8             4    NAN   
23  FITTING   ECCENTRIC REDUCER            4             2    NAN   
24  FITTING   ECCENTRIC REDUCER            4             2    NAN   

      MATERIAL_NAME MATERIAL_SPECIFICATION MATERIAL_GRADE  ...  \
0   STAINLESS STEEL                   S10S           304L  ...   
1   STAINLESS STEEL                   A403            WPW  ...   
2   STAINLESS STEEL                   A403            WPW  ...   
3   STAINLESS STEEL                   A403            WPW  ...   
4   STAINLESS STEEL                   A403            WPW  ...   
5   STAINLESS STEEL                   A403            WPW  ...   
6   STAINLESS STEEL                   A403            WPW  ...   
7   STAINLESS STEEL                   A403            WPW  ...   
8   STAINLESS STEEL                   A403            WPW  ...   
9   STAINLESS STEEL                   A403            WPW  ...   
10  STAINLESS STEEL                   A403            WPW  ...   
11  STAINLESS STEEL                    NAN           304L  ...   
12  STAINLESS STEEL                    NAN           304L  ...   
13  STAINLESS STEEL                   A403            WPW  ...   
14  STAINLESS STEEL                    NAN           304L  ...   
15  STAINLESS STEEL                    NAN           304L  ...   
16  STAINLESS STEEL                   A403            WPW  ...   
17  STAINLESS STEEL                    NAN           304L  ...   
18  STAINLESS STEEL                    NAN           304L  ...   
19  STAINLESS STEEL                    NAN           304L  ...   
20  STAINLESS STEEL                    NAN           304L  ...   
21  STAINLESS STEEL                   A403            WPW  ...   
22  STAINLESS STEEL                   A403            WPW  ...   
23  STAINLESS STEEL                   A403            WPW  ...   
24  STAINLESS STEEL                   A403            WPW  ...   

   PRIMARY_SCHEDULE REDUCING_SCHEDULE MANUFACTURING_PROCESS END_FINISH  \
0                10               NAN              SEAMLESS        NAN   
1                40               NAN                   NAN        NAN   
2                40               NAN                   NAN        NAN   
3                10               NAN                   NAN        NAN   
4                10               NAN                   NAN        NAN   
5                10               NAN                   NAN        NAN   
6                10               NAN                   NAN        NAN   
7                10               NAN                   NAN        NAN   
8                40               NAN                   NAN        NAN   
9                10               NAN                   NAN        NAN   
10               10               NAN                   NAN        NAN   
11               10               NAN              SEAMLESS        NAN   
12               10               NAN              SEAMLESS        NAN   
13               40               NAN                   NAN        NAN   
14               10               NAN              SEAMLESS        NAN   
15               10               NAN              SEAMLESS        NAN   
16               10               NAN                   NAN        NAN   
17               10               NAN                   NAN        NAN   
18               10               NAN              SEAMLESS        NAN   
19               10               NAN                   NAN        NAN   
20               10               NAN                   NAN        NAN   
21               10               NAN                   NAN        NAN   
22               40               NAN                   NAN        NAN   
23               10               NAN                   NAN        NAN   
24               10               NAN                   NAN        NAN   

   END_CONNECTIONS TRIM MISCELLANEOUS CONFIDENCE     id     score  
0              NAN  NAN           NAN       0.90  39829  0.790744  
1              NAN  NAN           NAN       0.95  40867  0.789344  
2              NAN  NAN           NAN       0.95  36097  0.770334  
3              NAN  NAN           NAN       0.95  40837  0.769473  
4              NAN  NAN           NAN       0.95  35437  0.768664  
5              NAN  NAN           NAN       0.90  42737  0.768168  
6              NAN  NAN           NAN       0.90  40516  0.768123  
7              NAN  NAN          304L       0.90  40813  0.765781  
8              NAN  NAN           NAN       0.90  40825  0.765752  
9              NAN  NAN           NAN       0.95  36110  0.765749  
10             NAN  NAN           NAN       0.95  36111  0.765718  
11             NAN  NAN           NAN       0.90  40853  0.764670  
12             NAN  NAN           NAN       0.90  40852  0.764656  
13             NAN  NAN           NAN       0.95  34922  0.764566  
14             NAN  NAN           NAN       0.90  43091  0.764450  
15             NAN  NAN           NAN       0.90  43090  0.764433  
16             NAN  NAN           NAN       0.90  40764  0.761315  
17             NAN  NAN           NAN       0.90  39822  0.758972  
18             NAN  NAN           NAN       0.90  43088  0.758465  
19             NAN  NAN           NAN       0.90  40855  0.757871  
20             NAN  NAN           NAN       0.90  40854  0.757830  
21             NAN  NAN           NAN       0.95  35359  0.757154  
22             NAN  NAN           NAN       0.95  40954  0.756877  
23             NAN  NAN           NAN       0.95  36092  0.756519  
24             NAN  NAN           NAN       0.95  36093  0.756515  

[25 rows x 21 columns]",1,EXCELLENT
18,"VALVE, CHECK, SWING, 4"", FLANGED END, 300 LB, CS BODY, TR:13","4"" 300 SWING CHECK VALVE CARBON STEEL TRIM 8 FLANGED",True,18,0,22.367553199999975,"       ID                                           DESCRIPTION CATEGORY  \
0   43833  4"" 300 SWING CHECK VALVE CARBON STEEL TRIM 8 FLANGED    VALVE   
1   43847  4"" 300 SWING CHECK VALVE CARBON STEEL TRIM 8 FLANGED    VALVE   
2   43262  4"" 150 SWING CHECK VALVE CARBON STEEL TRIM 8 FLANGED    VALVE   
3   43846  4"" 150 SWING CHECK VALVE CARBON STEEL TRIM 8 FLANGED    VALVE   
4   14695                    4 CS 300 FLANGED SWING CHECK VALVE    VALVE   
5   14694                    4 CS 300 FLANGED SWING CHECK VALVE    VALVE   
6    3248                    4 CS 300 FLANGED SWING CHECK VALVE    VALVE   
7   15744       4 STAINLESS STEEL 300 FLANGED SWING CHECK VALVE    VALVE   
8   15743       4 STAINLESS STEEL 300 FLANGED SWING CHECK VALVE    VALVE   
9   14696             4 CS 300 FLANGED SWING CHECK VALVE TRIM 8    VALVE   
10  14685            3 CS 300 FLANGED SWING CHECK VALVE TRIM 12    VALVE   
11  14718            8 CS 300 FLANGED SWING CHECK VALVE TRIM 12    VALVE   
12  14693                   4 CS 300 BUTTWELD SWING CHECK VALVE    VALVE   
13  14692                   4 CS 300 BUTTWELD SWING CHECK VALVE    VALVE   
14  43828  3"" 300 SWING CHECK VALVE CARBON TRIM 8 STEEL FLANGED    VALVE   
15   3245            2 CS 300 FLANGED SWING CHECK VALVE TRIM 12    VALVE   
16  43827  3"" 150 SWING CHECK VALVE CARBON STEEL TRIM 8 FLANGED    VALVE   
17  43844  3"" 150 SWING CHECK VALVE CARBON STEEL TRIM 8 FLANGED    VALVE   
18  14719            8 CS 300 FLANGED SWING CHECK VALVE WCB/T12    VALVE   
19   8857            4 CS 150 FLANGED SWING CHECK VALVE TRIM 12    VALVE   
20   3250            6 CS 300 FLANGED SWING CHECK VALVE WCB/T12    VALVE   
21  43825  2"" 300 SWING CHECK VALVE CARBON STEEL TRIM 8 FLANGED    VALVE   
22  14660                   12 CS 300 FLANGED SWING CHECK VALVE    VALVE   
23   3242                   12 CS 300 FLANGED SWING CHECK VALVE    VALVE   
24  14686             3 CS 300 FLANGED SWING CHECK VALVE TRIM 5    VALVE   

                 TYPE PRIMARY_SIZE REDUCING_SIZE LENGTH    MATERIAL_NAME  \
0         CHECK VALVE          4.0           NAN    NAN     CARBON STEEL   
1         CHECK VALVE          4.0           NAN    NAN     CARBON STEEL   
2   SWING CHECK VALVE          4.0           NAN    NAN     CARBON STEEL   
3   SWING CHECK VALVE          4.0           NAN    NAN     CARBON STEEL   
4         SWING CHECK            4           NAN    NAN     CARBON STEEL   
5         SWING CHECK            4           NAN    NAN     CARBON STEEL   
6         SWING CHECK            4           NAN    NAN     CARBON STEEL   
7         SWING CHECK            4           NAN    NAN  STAINLESS STEEL   
8         SWING CHECK            4           NAN    NAN  STAINLESS STEEL   
9         SWING CHECK            4           NAN    NAN     CARBON STEEL   
10        SWING CHECK            3           NAN    NAN     CARBON STEEL   
11        SWING CHECK            8           NAN    NAN     CARBON STEEL   
12        SWING CHECK            4           NAN    NAN     CARBON STEEL   
13        SWING CHECK            4           NAN    NAN     CARBON STEEL   
14        CHECK VALVE          3.0           NAN    NAN     CARBON STEEL   
15        SWING CHECK            2           NAN    NAN     CARBON STEEL   
16        CHECK VALVE          3.0           NAN    NAN     CARBON STEEL   
17        CHECK VALVE          3.0           NAN    NAN     CARBON STEEL   
18        SWING CHECK            8           NAN    NAN     CARBON STEEL   
19        SWING CHECK            4           NAN    NAN     CARBON STEEL   
20        SWING CHECK            6           NAN    NAN     CARBON STEEL   
21        CHECK VALVE          2.0           NAN    NAN     CARBON STEEL   
22        SWING CHECK           12           NAN    NAN     CARBON STEEL   
23        SWING CHECK           12           NAN    NAN     CARBON STEEL   
24        SWING CHECK            3           NAN    NAN     CARBON STEEL   

   MATERIAL_SPECIFICATION MATERIAL_GRADE  ... PRIMARY_SCHEDULE  \
0                     NAN            NAN  ...              NAN   
1                     NAN            NAN  ...              NAN   
2                     NAN            NAN  ...              NAN   
3                     NAN            NAN  ...              NAN   
4                     NAN            NAN  ...              NAN   
5                     NAN            NAN  ...              NAN   
6                     NAN            NAN  ...              NAN   
7                     NAN            NAN  ...              NAN   
8                     NAN            NAN  ...              NAN   
9                     NAN            NAN  ...              NAN   
10                    NAN            NAN  ...              NAN   
11                    NAN            NAN  ...              NAN   
12                    NAN            NAN  ...              NAN   
13                    NAN            NAN  ...              NAN   
14                    NAN            NAN  ...              NAN   
15                    NAN            NAN  ...              NAN   
16                    NAN            NAN  ...              NAN   
17                    NAN            NAN  ...              NAN   
18                    NAN            WCB  ...              NAN   
19                    NAN            NAN  ...              NAN   
20                    NAN            WCB  ...              NAN   
21                    NAN            NAN  ...              NAN   
22                    NAN            NAN  ...              NAN   
23                    NAN            NAN  ...              NAN   
24                    NAN            NAN  ...              NAN   

   REDUCING_SCHEDULE MANUFACTURING_PROCESS END_FINISH END_CONNECTIONS    TRIM  \
0                NAN                   NAN        NAN         FLANGED       8   
1                NAN                   NAN        NAN         FLANGED       8   
2                NAN                   NAN        NAN         FLANGED       8   
3                NAN                   NAN        NAN         FLANGED       8   
4                NAN                   NAN        NAN         FLANGED       8   
5                NAN                   NAN        NAN         FLANGED     NAN   
6                NAN                   NAN        NAN         FLANGED       8   
7                NAN                   NAN        NAN         FLANGED     NAN   
8                NAN                   NAN        NAN         FLANGED     NAN   
9                NAN                   NAN        NAN         FLANGED       8   
10               NAN                   NAN        NAN         FLANGED      12   
11               NAN                   NAN        NAN         FLANGED      12   
12               NAN                   NAN        NAN              BW     NAN   
13               NAN                   NAN        NAN              BW     NAN   
14               NAN                   NAN        NAN         FLANGED  CARBON   
15               NAN                   NAN        NAN         FLANGED      12   
16               NAN                   NAN        NAN         FLANGED       8   
17               NAN                   NAN        NAN         FLANGED       8   
18               NAN                   NAN        NAN         FLANGED      12   
19               NAN                   NAN        NAN         FLANGED      12   
20               NAN                   NAN        NAN         FLANGED      12   
21               NAN                   NAN        NAN         FLANGED       8   
22               NAN                   NAN        NAN         FLANGED     NAN   
23               NAN                   NAN        NAN         FLANGED       8   
24               NAN                   NAN        NAN         FLANGED       5   

   MISCELLANEOUS CONFIDENCE     id     score  
0          SWING       0.90  43833  0.803475  
1          SWING       0.90  43847  0.803450  
2            NAN       0.90  43262  0.784369  
3            NAN       0.90  43846  0.784364  
4            NAN       0.85  14695  0.781923  
5            NAN       0.90  14694  0.781901  
6            NAN       0.85   3248  0.781899  
7            NAN       0.85  15744  0.772206  
8            NAN       0.90  15743  0.772206  
9            NAN       0.85  14696  0.771607  
10           NAN       0.90  14685  0.768562  
11           NAN       0.85  14718  0.767899  
12           NAN       0.90  14693  0.767671  
13           NAN       0.85  14692  0.767647  
14         SWING       0.90  43828  0.765312  
15           NAN       0.85   3245  0.764159  
16         SWING       0.90  43827  0.763842  
17         SWING       0.90  43844  0.763842  
18           NAN       0.90  14719  0.763460  
19           NAN       0.90   8857  0.762718  
20           NAN       0.90   3250  0.762295  
21         SWING       0.90  43825  0.762156  
22           NAN       0.90  14660  0.761338  
23           NAN       0.90   3242  0.761322  
24           NAN       0.90  14686  0.760777  

[25 rows x 21 columns]",0,EXCELLENT
19,"NIPPLE,2 X 8,S80,A106B",2 X 8 BLACK SCHEDULE XH SEAMLESS A106 NIPPLE,True,19,1,16.053200199999992,"       ID                                        DESCRIPTION CATEGORY    TYPE  \
0   25814           2 X 8 BLACK SCHEDULE 40 SMLS A106 NIPPLE  FITTING  NIPPLE   
1   43632       2 X 8 BLACK SCHEDULE XH SEAMLESS A106 NIPPLE     PIPE  NIPPLE   
2   25811           2 X 8 BLACK EXTRA HEAVY SMLS A106 NIPPLE  FITTING  NIPPLE   
3   25813          2 X 8 BLACK SCHEDULE 160 SMLS A106 NIPPLE  FITTING  NIPPLE   
4   25824       2 X CLOSE BLACK SCHEDULE 40 SMLS A106 NIPPLE  FITTING  NIPPLE   
5   43519      2 X 8 BLACK SCHEDULE 160 SEAMLESS A106 NIPPLE     PIPE  NIPPLE   
6   32380         2 X 6 SCHEDULE 80 A333 GR6 SEAMLESS NIPPLE  FITTING  NIPPLE   
7   25821       2 X CLOSE BLACK EXTRA HEAVY SMLS A106 NIPPLE  FITTING  NIPPLE   
8   25820       2 X CLOSE BLACK EXTRA HEAVY SMLS A106 NIPPLE  FITTING  NIPPLE   
9   25854       2-0.5 X 8 BLACK SCHEDULE 40 SMLS A106 NIPPLE  FITTING  NIPPLE   
10  32274             2 X 6 SCHEDULE 80 SMLS NIPPLE PBE LRES  FITTING  NIPPLE   
11  25853       2-0.5 X 8 BLACK EXTRA HEAVY SMLS A106 NIPPLE  FITTING  NIPPLE   
12  43520   2-0.5 X 8 BLACK SCHEDULE 40 SEAMLESS A106 NIPPLE     PIPE  NIPPLE   
13  38335                          2X8 S80 316L SMLS NIP TBE  FITTING  NIPPLE   
14  25803                       2 X 6 BLACK SMLS A106 NIPPLE  FITTING  NIPPLE   
15  25053           1 X 2 BLACK SCHEDULE 40 SMLS A106 NIPPLE  FITTING  NIPPLE   
16  25823      2 X CLOSE BLACK SCHEDULE 160 SMLS A106 NIPPLE  FITTING  NIPPLE   
17  38336                           2X8 SS S80 304L SMLS NIP  FITTING  NIPPLE   
18  32253          2 X 10 BLACK SCHEDULE 40 SMLS A106 NIPPLE  FITTING  NIPPLE   
19  25942           3 X 8 BLACK SCHEDULE 40 SMLS A106 NIPPLE  FITTING  NIPPLE   
20  25784           2 X 5 BLACK SCHEDULE 40 SMLS A106 NIPPLE  FITTING  NIPPLE   
21  25744           2 X 3 BLACK SCHEDULE 40 SMLS A106 NIPPLE  FITTING  NIPPLE   
22  25817  2 X 8 GALVANIZED EXTRA HEAVY SEAMLESS A106 NIPPLE  FITTING  NIPPLE   
23  32266             2 X 4 SCHEDULE 80 SMLS NIPPLE PBE LRES  FITTING  NIPPLE   
24  25718          2 X 12 BLACK SCHEDULE 40 SMLS A106 NIPPLE  FITTING  NIPPLE   

   PRIMARY_SIZE REDUCING_SIZE LENGTH    MATERIAL_NAME MATERIAL_SPECIFICATION  \
0             2           NAN      8     CARBON STEEL                   A106   
1           2.0           8.0    NAN     CARBON STEEL                   A106   
2             2           NAN      8     CARBON STEEL                   A106   
3             2           NAN      8     CARBON STEEL                   A106   
4             2           NAN    NAN     CARBON STEEL                   A106   
5           2.0           NAN    8.0     CARBON STEEL                   A106   
6             2             6    NAN              NAN                   A333   
7             2           NAN    NAN     CARBON STEEL                   A106   
8             2           NAN    NAN     CARBON STEEL                   A106   
9           2.5           NAN      8     CARBON STEEL                   A106   
10            2           NAN      6              NAN                    NAN   
11          2.5           NAN      8     CARBON STEEL                   A106   
12          2.5           NAN    8.0     CARBON STEEL                   A106   
13            2           NAN      8  STAINLESS STEEL                   316L   
14            2           NAN      6     CARBON STEEL                   A106   
15            1             2    NAN     CARBON STEEL                   A106   
16            2           NAN    NAN     CARBON STEEL                   A106   
17            2           NAN      8  STAINLESS STEEL                    NAN   
18            2           NAN     10              NAN                   A106   
19            3           NAN      8     CARBON STEEL                   A106   
20            2           NAN      5     CARBON STEEL                   A106   
21            2             3    NAN     CARBON STEEL                   A106   
22            2           NAN      8     CARBON STEEL                   A106   
23            2           NAN      4              NAN                    NAN   
24            2           NAN     12     CARBON STEEL                   A106   

   MATERIAL_GRADE  ... PRIMARY_SCHEDULE REDUCING_SCHEDULE  \
0             NAN  ...               40               NAN   
1             NAN  ...               XH               NAN   
2             NAN  ...               XH               NAN   
3             NAN  ...              160               NAN   
4             NAN  ...               40               NAN   
5             NAN  ...              160               NAN   
6               6  ...               80               NAN   
7             NAN  ...               XH               NAN   
8             NAN  ...               XH               NAN   
9             NAN  ...               40               NAN   
10   LOW RESIDUAL  ...               80               NAN   
11            NAN  ...               XH               NAN   
12            NAN  ...               40               NAN   
13            NAN  ...               80               NAN   
14            NAN  ...              NAN               NAN   
15            NAN  ...               40               NAN   
16            NAN  ...              160               NAN   
17           304L  ...               80               NAN   
18            NAN  ...               40               NAN   
19            NAN  ...               40               NAN   
20            NAN  ...               40               NAN   
21            NAN  ...               40               NAN   
22            NAN  ...               XH               NAN   
23   LOW RESIDUAL  ...               80               NAN   
24            NAN  ...               40               NAN   

   MANUFACTURING_PROCESS       END_FINISH END_CONNECTIONS TRIM MISCELLANEOUS  \
0               SEAMLESS              NAN             NAN  NAN         BLACK   
1               SEAMLESS              NAN             NAN  NAN         BLACK   
2               SEAMLESS              NAN             NAN  NAN         BLACK   
3               SEAMLESS              NAN             NAN  NAN         BLACK   
4               SEAMLESS              NAN             NAN  NAN   CLOSE BLACK   
5               SEAMLESS              NAN             NAN  NAN         BLACK   
6               SEAMLESS              NAN             NAN  NAN           NAN   
7               SEAMLESS              NAN             NAN  NAN         BLACK   
8               SEAMLESS            BLACK             NAN  NAN         CLOSE   
9               SEAMLESS              NAN             NAN  NAN         BLACK   
10              SEAMLESS  PLAIN BOTH ENDS             NAN  NAN           NAN   
11              SEAMLESS              NAN             NAN  NAN         BLACK   
12              SEAMLESS              NAN             NAN  NAN         BLACK   
13              SEAMLESS              NAN        THD X BW  NAN           NAN   
14              SEAMLESS              NAN             NAN  NAN         BLACK   
15              SEAMLESS            BLACK             NAN  NAN           NAN   
16              SEAMLESS            BLACK             NAN  NAN         CLOSE   
17              SEAMLESS              NAN             NAN  NAN           NAN   
18              SEAMLESS              NAN             NAN  NAN         BLACK   
19              SEAMLESS              NAN             NAN  NAN         BLACK   
20              SEAMLESS              NAN             NAN  NAN         BLACK   
21              SEAMLESS              NAN             NAN  NAN         BLACK   
22              SEAMLESS       GALVANIZED             NAN  NAN           NAN   
23              SEAMLESS  PLAIN BOTH ENDS             NAN  NAN           NAN   
24              SEAMLESS              NAN             NAN  NAN         BLACK   

   CONFIDENCE     id     score  
0        0.90  25814  0.791026  
1        0.80  43632  0.783514  
2        0.90  25811  0.782652  
3        0.95  25813  0.781302  
4        0.90  25824  0.768765  
5        0.90  43519  0.768387  
6        0.90  32380  0.767683  
7        0.90  25821  0.767143  
8        0.90  25820  0.766873  
9        0.95  25854  0.766350  
10       0.85  32274  0.765321  
11       0.90  25853  0.764841  
12       0.90  43520  0.764138  
13       0.95  38335  0.763624  
14       0.90  25803  0.763574  
15       0.90  25053  0.763094  
16       0.95  25823  0.763072  
17       0.95  38336  0.762765  
18       0.95  32253  0.761820  
19       0.95  25942  0.761003  
20       0.90  25784  0.758900  
21       0.90  25744  0.758835  
22       0.90  25817  0.758770  
23       0.85  32266  0.758590  
24       0.95  25718  0.758102  

[25 rows x 21 columns]",1,EXCELLENT
20,"20"" PIPE, ASTM A53, GRADE B, CS BLK, ERW, SCH.STD",20 BLACK PLAIN END A53B STANDARD ELECTRIC RESISTANCE WELDED DRL PIPE,True,20,29,10.733285400000113,"       ID  \
0   26817   
1   26816   
2   26814   
3   26815   
4    2717   
5   26811   
6   26812   
7   26813   
8   27033   
9   26889   
10  26891   
11  26890   
12  26892   
13  26798   
14  26819   
15  26893   
16  26894   
17   2716   
18  28345   
19  26805   
20  26804   
21  28374   
22  26807   
23  26456   
24  26806   

                                                             DESCRIPTION  \
0                          20 BLACK PLAIN END A53B STANDARD ERW SRL PIPE   
1                          20 BLACK PLAIN END A53B STANDARD ERW SRL PIPE   
2         20 BLACK PLAIN END A53B STANDARD ERW DOUBLE RANDOM LENGTH PIPE   
3         20 BLACK PLAIN END A53B STANDARD ERW DOUBLE RANDOM LENGTH PIPE   
4                              20 BLACK PLAIN END A53B 250 ERW 20FT PIPE   
5                       20 BLACK PLAIN END A53B EXTRA HEAVY ERW SRL PIPE   
6      20 BLACK PLAIN END A53B SCHEDULE 10 ERW DOUBLE RANDOM LENGTH PIPE   
7                       20 BLACK PLAIN END A53B SCHEDULE 10 ERW SRL PIPE   
8                                  30 BLACK PLAIN END A53B STANDARD PIPE   
9         24 BLACK PLAIN END A53B STANDARD ERW DOUBLE RANDOM LENGTH PIPE   
10        24 BLACK PLAIN END A53B STANDARD ERW DOUBLE RANDOM LENGTH PIPE   
11        24 BLACK PLAIN END A53B STANDARD ERW DOUBLE RANDOM LENGTH PIPE   
12        24 BLACK PLAIN END A53B STANDARD ERW DOUBLE RANDOM LENGTH PIPE   
13                           20 BLACK PE A106B SCHEDULE 40 SMLS SRL PIPE   
14                       20 BLACK PLAIN END API5LB STANDARD ERW SRL PIPE   
15                         24 BLACK PLAIN END A53B STANDARD ERW SRL PIPE   
16                         24 BLACK PLAIN END A53B STANDARD ERW SRL PIPE   
17                             16 BLACK PLAIN END A53B 250 ERW 20FT PIPE   
18  20 BLACK PLAIN END A106B STANDARD SEAMLESS DOUBLE RANDOM LENGTH PIPE   
19  20 BLACK PLAIN END A106B STANDARD SEAMLESS DOUBLE RANDOM LENGTH PIPE   
20  20 BLACK PLAIN END A106B STANDARD SEAMLESS DOUBLE RANDOM LENGTH PIPE   
21  20 BLACK PLAIN END A106B STANDARD SEAMLESS DOUBLE RANDOM LENGTH PIPE   
22                   20 BLACK PLAIN END A106B STANDARD SEAMLESS SRL PIPE   
23             10 BLACK PLAIN END A53B S20 ERW DOUBLE RANDOM LENGTH PIPE   
24                   20 BLACK PLAIN END A106B STANDARD SEAMLESS SRL PIPE   

   CATEGORY                  TYPE PRIMARY_SIZE REDUCING_SIZE LENGTH  \
0      PIPE                  PIPE           20           NAN    NAN   
1      PIPE                  PIPE           20           NAN    NAN   
2      PIPE                  PIPE           20           NAN    NAN   
3      PIPE                  PIPE           20           NAN    NAN   
4      PIPE                  PIPE           20           NAN     20   
5      PIPE                  PIPE           20           NAN    NAN   
6      PIPE                  PIPE           20           NAN    NAN   
7      PIPE                  PIPE           20           NAN    NAN   
8      PIPE                  PIPE           30           NAN    NAN   
9      PIPE                  PIPE           24           NAN    NAN   
10     PIPE                  PIPE           24           NAN    NAN   
11     PIPE                  PIPE           24           NAN    NAN   
12     PIPE                  PIPE           24           NAN    NAN   
13     PIPE                  PIPE           20           NAN    NAN   
14     PIPE                  PIPE           20           NAN    NAN   
15     PIPE                  PIPE           24           NAN    NAN   
16     PIPE                  PIPE           24           NAN    NAN   
17     PIPE                  PIPE           16           NAN     20   
18     PIPE  THREADED AND COUPLED            2           NAN    NAN   
19     PIPE                  PIPE            2           NAN    NAN   
20     PIPE                  PIPE            2           NAN    NAN   
21     PIPE  THREADED AND COUPLED            2           NAN    NAN   
22     PIPE                  PIPE            2           NAN    NAN   
23     PIPE                  PIPE           10           NAN    NAN   
24     PIPE                  PIPE            2           NAN    NAN   

   MATERIAL_NAME MATERIAL_SPECIFICATION MATERIAL_GRADE  ... PRIMARY_SCHEDULE  \
0   CARBON STEEL                    A53              B  ...              STD   
1   CARBON STEEL                    A53              B  ...              STD   
2   CARBON STEEL                    A53              B  ...              STD   
3   CARBON STEEL                    A53              B  ...              STD   
4   CARBON STEEL                    A53              B  ...              NAN   
5   CARBON STEEL                    A53              B  ...               XH   
6   CARBON STEEL                    A53              B  ...               10   
7   CARBON STEEL                    A53              B  ...               10   
8   CARBON STEEL                    A53              B  ...              STD   
9   CARBON STEEL                    A53              B  ...              STD   
10  CARBON STEEL                    A53              B  ...              STD   
11  CARBON STEEL                    A53              B  ...              STD   
12  CARBON STEEL                    A53              B  ...              STD   
13  CARBON STEEL                   A106              B  ...               40   
14  CARBON STEEL                  API5L              B  ...              STD   
15  CARBON STEEL                    A53              B  ...              STD   
16  CARBON STEEL                    A53              B  ...              STD   
17  CARBON STEEL                    A53              B  ...              NAN   
18  CARBON STEEL                    A53              A  ...               80   
19  CARBON STEEL                   A53A            NAN  ...               40   
20  CARBON STEEL                   A106              B  ...               80   
21  CARBON STEEL                    A53              B  ...               40   
22  CARBON STEEL                   A106              B  ...               80   
23  CARBON STEEL                    A53              B  ...               20   
24  CARBON STEEL                   A106              B  ...               40   

   REDUCING_SCHEDULE MANUFACTURING_PROCESS  END_FINISH       END_CONNECTIONS  \
0                NAN                   ERW          PE                   NAN   
1                NAN                   ERW          PE                    PE   
2                NAN                   ERW   PLAIN END                   NAN   
3                NAN                   ERW   PLAIN END                   NAN   
4                NAN                   ERW          PE                   NAN   
5                NAN                   ERW          PE                    PE   
6                NAN                   ERW   PLAIN END                   NAN   
7                NAN                   ERW   PLAIN END                   NAN   
8                NAN                   NAN   PLAIN END                   NAN   
9                NAN                   ERW   PLAIN END                   NAN   
10               NAN                   ERW   PLAIN END                   NAN   
11               NAN                   ERW          PE                   NAN   
12               NAN                   ERW          PE                   NAN   
13               NAN              SEAMLESS  PLAIN ENDS                   NAN   
14               NAN                   ERW          PE                    PE   
15               NAN                   ERW          PE                    PE   
16               NAN                   ERW   PLAIN END                   NAN   
17               NAN                   ERW   PLAIN END                   NAN   
18               NAN                   NAN  GALVANIZED                   THD   
19               NAN                   NAN  GALVANIZED                   THD   
20               NAN              SEAMLESS  GALVANIZED  THREADED AND COUPLED   
21               NAN                   ERW  GALVANIZED                   THD   
22               NAN              SEAMLESS  GALVANIZED                   THD   
23               NAN                   ERW   PLAIN END                   NAN   
24               NAN              SEAMLESS  GALVANIZED                   THD   

   TRIM        MISCELLANEOUS CONFIDENCE     id     score  
0   NAN                  SRL       0.95  26817  0.799196  
1   NAN                  SRL       0.95  26816  0.798860  
2   NAN                BLACK       0.95  26814  0.794092  
3   NAN                  DRL       0.95  26815  0.794092  
4   NAN      BLACK PLAIN END       0.90   2717  0.784571  
5   NAN                  SRL       0.95  26811  0.777213  
6   NAN            BLACK DRL       0.95  26812  0.776610  
7   NAN                  SRL       0.95  26813  0.774106  
8   NAN                BLACK       0.90  27033  0.765877  
9   NAN                BLACK       0.95  26889  0.764543  
10  NAN            BLACK DRL       0.95  26891  0.764541  
11  NAN  BLACK PLAIN END DRL       0.95  26890  0.764541  
12  NAN  BLACK PLAIN END DRL       0.95  26892  0.764493  
13  NAN                  SRL       0.95  26798  0.764080  
14  NAN                  SRL       0.90  26819  0.758331  
15  NAN  BLACK PLAIN END SRL       0.95  26893  0.757823  
16  NAN            BLACK SRL       0.95  26894  0.757780  
17  NAN                BLACK       0.90   2716  0.757706  
18  NAN                  NAN       0.90  28345  0.757162  
19  NAN              COUPLED       0.90  26805  0.756845  
20  NAN                  SRL       0.95  26804  0.756845  
21  NAN                  SRL       0.95  28374  0.756811  
22  NAN                  SRL       0.90  26807  0.756528  
23  NAN                BLACK       0.95  26456  0.756410  
24  NAN                  SRL       0.95  26806  0.756184  

[25 rows x 21 columns]",7,GOOD
21,"6X4 CONCENTRIC REDUCER , ASME B16.9 , BEVELED END , ASTM A420 GRADE WPL6 , TYPE S S-80",6 X 4 CARBON STEEL WPL6 SCHEDULE XH WELD CONCENTRIC REDUCER,True,21,1,9.620198200000004,"       ID                                                  DESCRIPTION  \
0   23526                     6 X 4 CS STD A420 WPL6 WELD CONC REDUCER   
1   43153  6 X 4 CARBON STEEL WPL6 SCHEDULE XH WELD CONCENTRIC REDUCER   
2   23519      6 X 4 CARBON STEEL WPL6 STANDARD WLD CONCENTRIC REDUCER   
3   23520      6 X 4 CARBON STEEL WPL6 STANDARD WLD CONCENTRIC REDUCER   
4   43076     4 X 2 CARBON STEEL WPL6 STANDARD WELD CONCENTRIC REDUCER   
5   43211     8 X 4 CARBON STEEL WPL6 STANDARD WELD CONCENTRIC REDUCER   
6   23426      4 X 2 CARBON STEEL WPL6 STANDARD WLD CONCENTRIC REDUCER   
7   43082     4 X 3 CARBON STEEL WPL6 STANDARD WELD CONCENTRIC REDUCER   
8   23551      8 X 4 CARBON STEEL WPL6 STANDARD WLD CONCENTRIC REDUCER   
9   23552      8 X 4 CARBON STEEL WPL6 STANDARD WLD CONCENTRIC REDUCER   
10  23454      4 X 3 CARBON STEEL WPL6 STANDARD WLD CONCENTRIC REDUCER   
11  23453      4 X 3 CARBON STEEL WPL6 STANDARD WLD CONCENTRIC REDUCER   
12  43156      6 X 4 CARBON STEEL WPL6 STANDARD WELD ECCENTRIC REDUCER   
13  24263       6 X 4 CARBON STEEL WPL6 STANDARD WLD ECCENTRIC REDUCER   
14  23006     10 X 4 CARBON STEEL WPL6 STANDARD WLD CONCENTRIC REDUCER   
15  23517   6 X 4 CARBON STEEL WPL6 EXTRA HEAVY WLD CONCENTRIC REDUCER   
16  23569      8 X 6 CARBON STEEL WPL6 STANDARD WLD CONCENTRIC REDUCER   
17  43147  6 X 3 CARBON STEEL WPL6 SCHEDULE XH WELD CONCENTRIC REDUCER   
18  23568      8 X 6 CARBON STEEL WPL6 STANDARD WLD CONCENTRIC REDUCER   
19  23474      5 X 4 CARBON STEEL WPL6 STANDARD WLD CONCENTRIC REDUCER   
20  23484      6 X 2 CARBON STEEL WPL6 STANDARD WLD CONCENTRIC REDUCER   
21  23518  6 X 4 CARBON STEEL WPL6 SCHEDULE 160 WLD CONCENTRIC REDUCER   
22  23170     16 X 8 CARBON STEEL WPL6 STANDARD WLD CONCENTRIC REDUCER   
23  23499      6 X 3 CARBON STEEL WPL6 STANDARD WLD CONCENTRIC REDUCER   
24  23155    16 X 12 CARBON STEEL WPL6 STANDARD WLD CONCENTRIC REDUCER   

   CATEGORY                TYPE PRIMARY_SIZE REDUCING_SIZE LENGTH  \
0   FITTING  CONCENTRIC REDUCER            6             4    NAN   
1   FITTING  CONCENTRIC REDUCER          6.0           4.0    NAN   
2   FITTING  CONCENTRIC REDUCER            6             4    NAN   
3   FITTING  CONCENTRIC REDUCER            6             4    NAN   
4   FITTING  CONCENTRIC REDUCER          4.0           2.0    NAN   
5   FITTING  CONCENTRIC REDUCER          8.0           4.0    NAN   
6   FITTING  CONCENTRIC REDUCER            4             2    NAN   
7   FITTING  CONCENTRIC REDUCER          4.0           3.0    NAN   
8   FITTING  CONCENTRIC REDUCER            8             4    NAN   
9   FITTING  CONCENTRIC REDUCER            8             4    NAN   
10  FITTING  CONCENTRIC REDUCER            4             3    NAN   
11  FITTING  CONCENTRIC REDUCER            4             3    NAN   
12  FITTING   ECCENTRIC REDUCER          6.0           4.0    NAN   
13  FITTING   ECCENTRIC REDUCER            6             4    NAN   
14  FITTING  CONCENTRIC REDUCER           10             4    NAN   
15  FITTING  CONCENTRIC REDUCER            6             4    NAN   
16  FITTING  CONCENTRIC REDUCER            8             6    NAN   
17  FITTING  CONCENTRIC REDUCER          6.0           3.0    NAN   
18  FITTING  CONCENTRIC REDUCER            8             6    NAN   
19  FITTING  CONCENTRIC REDUCER            5             4    NAN   
20  FITTING  CONCENTRIC REDUCER            6             2    NAN   
21  FITTING  CONCENTRIC REDUCER            6             4    NAN   
22  FITTING  CONCENTRIC REDUCER           16             8    NAN   
23  FITTING  CONCENTRIC REDUCER            6             3    NAN   
24  FITTING  CONCENTRIC REDUCER           16            12    NAN   

   MATERIAL_NAME MATERIAL_SPECIFICATION MATERIAL_GRADE  ... PRIMARY_SCHEDULE  \
0   CARBON STEEL                   A420           WPL6  ...              STD   
1   CARBON STEEL                   WPL6            NAN  ...               XH   
2   CARBON STEEL                   WPL6            NAN  ...              STD   
3   CARBON STEEL                   WPL6            NAN  ...              STD   
4   CARBON STEEL                    NAN           WPL6  ...         STANDARD   
5   CARBON STEEL                    NAN           WPL6  ...         STANDARD   
6   CARBON STEEL                   WPL6            NAN  ...              STD   
7   CARBON STEEL                   WPL6            NAN  ...         STANDARD   
8   CARBON STEEL                   WPL6            NAN  ...              STD   
9   CARBON STEEL                   WPL6            NAN  ...              STD   
10  CARBON STEEL                   WPL6            NAN  ...              STD   
11  CARBON STEEL                   WPL6            NAN  ...              STD   
12  CARBON STEEL                    NAN           WPL6  ...         STANDARD   
13  CARBON STEEL                    NAN           WPL6  ...              STD   
14  CARBON STEEL                   WPL6            NAN  ...              STD   
15  CARBON STEEL                   WPL6            NAN  ...               XH   
16  CARBON STEEL                   WPL6            NAN  ...              STD   
17  CARBON STEEL                    NAN           WPL6  ...               XH   
18  CARBON STEEL                    NAN           WPL6  ...              STD   
19  CARBON STEEL                   WPL6            NAN  ...              STD   
20  CARBON STEEL                   WPL6            NAN  ...              STD   
21  CARBON STEEL                   WPL6            NAN  ...              160   
22  CARBON STEEL                   WPL6            NAN  ...              STD   
23  CARBON STEEL                   WPL6            NAN  ...              STD   
24  CARBON STEEL                   WPL6            NAN  ...              STD   

   REDUCING_SCHEDULE MANUFACTURING_PROCESS END_FINISH END_CONNECTIONS TRIM  \
0                NAN                  WELD        NAN             NAN  NAN   
1                 XH                   NAN        NAN             NAN  NAN   
2                NAN                   NAN         BW             NAN  NAN   
3                NAN                   NAN        NAN             NAN  NAN   
4                NAN                  WELD        NAN             NAN  NAN   
5                NAN                   NAN        NAN             NAN  NAN   
6                NAN                WELDED        NAN             NAN  NAN   
7                NAN                   NAN        NAN             NAN  NAN   
8                NAN                WELDED        NAN             NAN  NAN   
9                NAN                   NAN        NAN             NAN  NAN   
10               NAN                WELDED        NAN             NAN  NAN   
11               NAN                WELDED        NAN             NAN  NAN   
12               NAN                   NAN        NAN             NAN  NAN   
13               NAN                   NAN         BW             NAN  NAN   
14               NAN                   NAN        NAN             NAN  NAN   
15               NAN                   NAN       WELD             NAN  NAN   
16               NAN                   NAN        NAN             NAN  NAN   
17               NAN                  WELD        NAN             NAN  NAN   
18               NAN                   NAN         BW             NAN  NAN   
19               NAN                WELDED        NAN             NAN  NAN   
20               NAN                   NAN        NAN            WELD  NAN   
21               NAN                   NAN       WELD             NAN  NAN   
22               NAN                   NAN         BW             NAN  NAN   
23               NAN                   NAN       WELD             NAN  NAN   
24               NAN                WELDED        NAN             NAN  NAN   

   MISCELLANEOUS CONFIDENCE     id     score  
0            NAN       0.90  23526  0.855964  
1            NAN       0.90  43153  0.846977  
2            NAN       0.85  23519  0.845390  
3            NAN       0.85  23520  0.845390  
4            NAN       0.90  43076  0.839088  
5            NAN       0.80  43211  0.837890  
6            NAN       0.85  23426  0.837603  
7            NAN       0.90  43082  0.837194  
8            NAN       0.85  23551  0.835296  
9            NAN       0.85  23552  0.835274  
10           NAN       0.85  23454  0.833265  
11           NAN       0.85  23453  0.833257  
12           NAN       0.90  43156  0.833171  
13           NAN       0.85  24263  0.832900  
14           NAN       0.85  23006  0.832769  
15           NAN       0.90  23517  0.831299  
16           NAN       0.90  23569  0.830226  
17           NAN       0.90  43147  0.829886  
18           NAN       0.85  23568  0.829795  
19           NAN       0.85  23474  0.829675  
20           NAN       0.90  23484  0.828240  
21           NAN       0.95  23518  0.828089  
22           NAN       0.90  23170  0.824345  
23           NAN       0.85  23499  0.824281  
24           NAN       0.85  23155  0.823727  

[25 rows x 21 columns]",8,GOOD
22,"20"" TEE, BW, ASME 16.9, WROUGHT STEEL, ASTM/ASME A/SA-234-WPB, SCH.STD",20 CARBON STEEL STANDARD WELD TEE,True,22,9,8.43599549999999,"       ID                                      DESCRIPTION CATEGORY  \
0   28136       30 X 20 CARBON STEEL TEE STANDARD A234 WPB  FITTING   
1   28024       20 X 20 X 16 CARBON STEEL STANDARD WLD TEE  FITTING   
2   28009                 20 CARBON STEEL STANDARD WLD TEE  FITTING   
3   28010                 20 CARBON STEEL STANDARD WLD TEE  FITTING   
4   28025  20 X 20 X 16 CARBON STEEL WPL6 STANDARD WLD TEE  FITTING   
5   28039           20X20X18 CARBON STEEL STANDARD WLD TEE  FITTING   
6   42934      20 X 20 X 16 CARBON STEEL STANDARD WELD TEE  FITTING   
7   42935      20 X 20 X 16 CARBON STEEL STANDARD WELD TEE  FITTING   
8   28023      20 X 20 X 16 CARBON STEEL STANDARD WELD TEE  FITTING   
9   42930                20 CARBON STEEL STANDARD WELD TEE  FITTING   
10  28020       20 X 20 X 12 CARBON STEEL STANDARD WLD TEE  FITTING   
11  28019       20 X 20 X 12 CARBON STEEL STANDARD WLD TEE  FITTING   
12  28028   20 X 20 X 8 CARBON STEEL WPL6 STANDARD WLD TEE  FITTING   
13  28027        20 X 20 X 8 CARBON STEEL STANDARD WLD TEE  FITTING   
14  28068       24 X 24 X 20 CARBON STEEL STANDARD WLD TEE  FITTING   
15  28069       24 X 24 X 20 CARBON STEEL STANDARD WLD TEE  FITTING   
16  28070  24 X 24 X 20 CARBON STEEL WPL6 STANDARD WLD TEE  FITTING   
17  28040      20X20X18 CARBON STEEL WPL6 STANDARD WLD TEE  FITTING   
18  27570           20X20X14 CARBON STEEL STANDARD WLD TEE  FITTING   
19  28011            20 CARBON STEEL WPL6 STANDARD WLD TEE  FITTING   
20  28451                     24 X 24 X 20 CS STD WELD TEE  FITTING   
21  28008              20 CARBON STEEL EXTRA HEAVY WLD TEE  FITTING   
22  28033      20X20X10 CARBON STEEL WPL6 STANDARD WLD TEE  FITTING   
23  28038        20X20X18 CARBON STEEL EXTRA HEAVY WLD TEE  FITTING   
24  28032           20X20X10 CARBON STEEL STANDARD WLD TEE  FITTING   

                 TYPE PRIMARY_SIZE REDUCING_SIZE LENGTH MATERIAL_NAME  \
0                 TEE           30            20    NAN  CARBON STEEL   
1                 TEE           20            16    NAN  CARBON STEEL   
2                 TEE           20           NAN    NAN  CARBON STEEL   
3                 TEE           20           NAN    NAN  CARBON STEEL   
4                 TEE           20            16    NAN  CARBON STEEL   
5                 TEE           20            18    NAN  CARBON STEEL   
6        STRAIGHT TEE         20.0          16.0    NAN  CARBON STEEL   
7                 TEE         20.0          16.0    NAN  CARBON STEEL   
8                 TEE           20            16    NAN  CARBON STEEL   
9                 TEE         20.0           NAN    NAN  CARBON STEEL   
10                TEE           20            12    NAN  CARBON STEEL   
11                TEE           20            12    NAN  CARBON STEEL   
12                TEE           20             8    NAN  CARBON STEEL   
13                TEE           20             8    NAN  CARBON STEEL   
14                TEE           24            20    NAN  CARBON STEEL   
15                TEE           24            20    NAN  CARBON STEEL   
16                TEE           24            20    NAN  CARBON STEEL   
17                TEE           20            18    NAN  CARBON STEEL   
18  STANDARD WELD TEE           20            14    NAN  CARBON STEEL   
19                TEE           20           NAN    NAN  CARBON STEEL   
20           WELD TEE           24            20    NAN  CARBON STEEL   
21                TEE           20           NAN    NAN  CARBON STEEL   
22                TEE           20            10    NAN  CARBON STEEL   
23                TEE           20            18    NAN  CARBON STEEL   
24                TEE           20            10    NAN  CARBON STEEL   

   MATERIAL_SPECIFICATION MATERIAL_GRADE  ... PRIMARY_SCHEDULE  \
0                    A234            WPB  ...              STD   
1                     NAN            NAN  ...              STD   
2                     NAN            NAN  ...              STD   
3                     NAN            NAN  ...              STD   
4                    WPL6            NAN  ...              STD   
5                     NAN            NAN  ...              STD   
6                     NAN            NAN  ...         STANDARD   
7                     NAN            NAN  ...         STANDARD   
8                     NAN            NAN  ...              STD   
9                     NAN            NAN  ...         STANDARD   
10                    NAN            NAN  ...              STD   
11                    NAN            NAN  ...              STD   
12                   WPL6            NAN  ...              STD   
13                    NAN            NAN  ...              STD   
14                    NAN            NAN  ...              STD   
15                    NAN            NAN  ...              STD   
16                   WPL6            NAN  ...              STD   
17                   WPL6            NAN  ...              STD   
18                    NAN            NAN  ...              NAN   
19                   WPL6            NAN  ...              STD   
20                    NAN            NAN  ...              STD   
21                    NAN            NAN  ...               XH   
22                   WPL6            NAN  ...              STD   
23                    NAN            NAN  ...               XH   
24                    NAN            NAN  ...              STD   

   REDUCING_SCHEDULE MANUFACTURING_PROCESS END_FINISH END_CONNECTIONS TRIM  \
0                NAN                   NAN        NAN             NAN  NAN   
1                NAN                  WELD        NAN             NAN  NAN   
2                NAN                WELDED        NAN             NAN  NAN   
3                NAN                WELDED        NAN             NAN  NAN   
4                NAN                WELDED        NAN             NAN  NAN   
5                NAN                WELDED        NAN             NAN  NAN   
6                NAN                WELDED        NAN             NAN  NAN   
7                NAN                   NAN        NAN       BUTT WELD  NAN   
8                NAN                  WELD        NAN             NAN  NAN   
9                NAN                WELDED        NAN             NAN  NAN   
10               NAN                WELDED        NAN             NAN  NAN   
11               NAN                  WELD        NAN             NAN  NAN   
12               NAN                WELDED        NAN             NAN  NAN   
13               NAN                  WELD        NAN             NAN  NAN   
14               NAN                WELDED        NAN             NAN  NAN   
15               NAN                WELDED        NAN             NAN  NAN   
16               NAN                WELDED        NAN             NAN  NAN   
17               NAN                WELDED        NAN             NAN  NAN   
18               NAN                   NAN        NAN             NAN  NAN   
19               NAN                WELDED        NAN             NAN  NAN   
20               NAN                   NAN        NAN             NAN  NAN   
21               NAN                WELDED        NAN             NAN  NAN   
22               NAN                WELDED        NAN             NAN  NAN   
23               NAN                WELDED        NAN             NAN  NAN   
24               NAN                   NAN        NAN             NAN  NAN   

   MISCELLANEOUS CONFIDENCE     id     score  
0            NAN       0.85  28136  0.785817  
1            NAN       0.80  28024  0.783764  
2            NAN       0.80  28009  0.779741  
3            NAN       0.80  28010  0.779637  
4            NAN       0.85  28025  0.779428  
5            NAN       0.80  28039  0.773825  
6            NAN       0.80  42934  0.773365  
7            NAN       0.80  42935  0.773354  
8            NAN       0.80  28023  0.773354  
9            NAN       0.80  42930  0.772557  
10           NAN       0.85  28020  0.772142  
11           NAN       0.80  28019  0.772052  
12           NAN       0.85  28028  0.770988  
13           NAN       0.80  28027  0.769990  
14           NAN       0.80  28068  0.768252  
15           NAN       0.80  28069  0.768240  
16           NAN       0.85  28070  0.767658  
17           NAN       0.85  28040  0.766938  
18           NAN       0.80  27570  0.765709  
19           NAN       0.85  28011  0.764217  
20           NAN       0.80  28451  0.761837  
21           NAN       0.85  28008  0.759233  
22           NAN       0.85  28033  0.758359  
23           NAN       0.80  28038  0.755885  
24          WELD       0.80  28032  0.755617  

[25 rows x 21 columns]",9,GOOD
23,"GASKET, SPIRAL WOUND, 20"" PIPE, 150 LB, 316 SS WINDING, GRAFOIL, W/ INNER RING",20 150 WRI 316 FG 316 IR GASKET *Z,True,23,97,23.24427969999988,"       ID                          DESCRIPTION CATEGORY          TYPE  \
0    2180    20 150 316 FG SPIRAL WOUND GASKET   GASKET  SPIRAL WOUND   
1   12412    20 150 304 FG SPIRAL WOUND GASKET   GASKET  SPIRAL WOUND   
2    2177    18 150 316 FG SPIRAL WOUND GASKET   GASKET  SPIRAL WOUND   
3   12405    12 150 316 FG SPIRAL WOUND GASKET   GASKET  SPIRAL WOUND   
4   12424     6 150 316 FG SPIRAL WOUND GASKET   GASKET  SPIRAL WOUND   
5    2176    18 150 304 FG SPIRAL WOUND GASKET   GASKET  SPIRAL WOUND   
6   12413    24 150 304 FG SPIRAL WOUND GASKET   GASKET  SPIRAL WOUND   
7    6910    10 150 316 FG SPIRAL WOUND GASKET   GASKET  SPIRAL WOUND   
8    6913     8 150 316 FG SPIRAL WOUND GASKET   GASKET  SPIRAL WOUND   
9   12410     2 150 316 FG SPIRAL WOUND GASKET   GASKET  SPIRAL WOUND   
10   6911     3 150 316 FG SPIRAL WOUND GASKET   GASKET  SPIRAL WOUND   
11   6912     5 150 316 FG SPIRAL WOUND GASKET   GASKET  SPIRAL WOUND   
12   2175    16 150 304 FG SPIRAL WOUND GASKET   GASKET  SPIRAL WOUND   
13   2186     4 150 316 FG SPIRAL WOUND GASKET   GASKET  SPIRAL WOUND   
14   3953    20 300 316 FG SPIRAL WOUND GASKET   GASKET  SPIRAL WOUND   
15  11962     1 150 316 FG SPIRAL WOUND GASKET   GASKET  SPIRAL WOUND   
16  12407     2 150 304 FG SPIRAL WOUND GASKET   GASKET  SPIRAL WOUND   
17  11920  20 150 316 SPIRAL GASKET WITH GRAPH   GASKET        SPIRAL   
18  12408        2 150 304 SPIRAL WOUND GASKET   GASKET  SPIRAL WOUND   
19  12423     6 150 304 FG SPIRAL WOUND GASKET   GASKET  SPIRAL WOUND   
20  12406       16 150 304 SPIRAL WOUND GASKET   GASKET  SPIRAL WOUND   
21   2174    14 150 304 FG SPIRAL WOUND GASKET   GASKET  SPIRAL WOUND   
22  12404       12 150 304 SPIRAL WOUND GASKET   GASKET  SPIRAL WOUND   
23  11919             20 150 316 SPIRAL GASKET   GASKET        SPIRAL   
24   2172    12 150 304 FG SPIRAL WOUND GASKET   GASKET  SPIRAL WOUND   

   PRIMARY_SIZE REDUCING_SIZE LENGTH    MATERIAL_NAME MATERIAL_SPECIFICATION  \
0            20           NAN    NAN  STAINLESS STEEL                    316   
1            20           NAN    NAN  STAINLESS STEEL                    304   
2            18           NAN    NAN  STAINLESS STEEL                    316   
3            12           NAN    NAN  STAINLESS STEEL                    316   
4             6           NAN    NAN  STAINLESS STEEL                    316   
5            18           NAN    NAN  STAINLESS STEEL                    304   
6            24           NAN    NAN  STAINLESS STEEL                    304   
7            10           NAN    NAN              316                    NAN   
8             8           NAN    NAN              316                    NAN   
9             2           NAN    NAN  STAINLESS STEEL                    316   
10            3           NAN    NAN              316                    NAN   
11            5           NAN    NAN              316                    NAN   
12           16           NAN    NAN  STAINLESS STEEL                    304   
13            4           NAN    NAN  STAINLESS STEEL                    316   
14           20           NAN    NAN  STAINLESS STEEL                    316   
15            1           NAN    NAN  STAINLESS STEEL                    316   
16            2           NAN    NAN  STAINLESS STEEL                    NAN   
17           20           NAN    NAN  STAINLESS STEEL                    316   
18            2           NAN    NAN  STAINLESS STEEL                    NAN   
19            6           NAN    NAN  STAINLESS STEEL                    304   
20           16           NAN    NAN  STAINLESS STEEL                    304   
21           14           NAN    NAN  STAINLESS STEEL                    304   
22           12           NAN    NAN  STAINLESS STEEL                    304   
23           20           NAN    NAN  STAINLESS STEEL                    316   
24           12           NAN    NAN  STAINLESS STEEL                    304   

   MATERIAL_GRADE  ... PRIMARY_SCHEDULE REDUCING_SCHEDULE  \
0             NAN  ...              NAN               NAN   
1             NAN  ...              NAN               NAN   
2             NAN  ...              NAN               NAN   
3             NAN  ...              NAN               NAN   
4             NAN  ...              NAN               NAN   
5             NAN  ...              NAN               NAN   
6             NAN  ...              NAN               NAN   
7             NAN  ...              NAN               NAN   
8             NAN  ...              NAN               NAN   
9             NAN  ...              NAN               NAN   
10            NAN  ...              NAN               NAN   
11            NAN  ...              NAN               NAN   
12            NAN  ...              NAN               NAN   
13            NAN  ...              NAN               NAN   
14            NAN  ...              NAN               NAN   
15            NAN  ...              NAN               NAN   
16            304  ...              NAN               NAN   
17            NAN  ...              NAN               NAN   
18            304  ...              NAN               NAN   
19            NAN  ...              NAN               NAN   
20            NAN  ...              NAN               NAN   
21            NAN  ...              NAN               NAN   
22            NAN  ...              NAN               NAN   
23            NAN  ...              NAN               NAN   
24            NAN  ...              NAN               NAN   

   MANUFACTURING_PROCESS END_FINISH END_CONNECTIONS TRIM  MISCELLANEOUS  \
0                    NAN        NAN             NAN  NAN             FG   
1                    NAN         FG             NAN  NAN            NAN   
2                    NAN        NAN             NAN  NAN             FG   
3                    NAN        NAN             NAN  NAN             FG   
4                    NAN        NAN             NAN  NAN             FG   
5                    NAN        NAN             NAN  NAN             FG   
6                    NAN        NAN             NAN  NAN             FG   
7                    NAN        NAN             NAN  NAN             FG   
8                    NAN        NAN             NAN  NAN             FG   
9                    NAN        NAN             NAN  NAN             FG   
10                   NAN         FG             NAN  NAN            NAN   
11                   NAN        NAN             NAN  NAN             FG   
12                   NAN         FG             NAN  NAN            NAN   
13                   NAN        NAN             NAN  NAN             FG   
14                   NAN        NAN             NAN  NAN             FG   
15                   NAN        NAN             NAN  NAN             FG   
16                   NAN        NAN             NAN  NAN             FG   
17                   NAN        NAN             NAN  NAN  WITH GRAPHITE   
18                   NAN        NAN             NAN  NAN            NAN   
19                   NAN        NAN             NAN  NAN             FG   
20                   NAN        NAN             NAN  NAN            NAN   
21                   NAN        NAN             NAN  NAN             FG   
22                   NAN        NAN             NAN  NAN            NAN   
23                   NAN        NAN             NAN  NAN            NAN   
24                   NAN        NAN             NAN  NAN             FG   

   CONFIDENCE     id     score  
0        0.95   2180  0.813552  
1        0.95  12412  0.797335  
2        0.95   2177  0.795944  
3        0.95  12405  0.787720  
4        0.90  12424  0.785277  
5        0.95   2176  0.781882  
6        0.90  12413  0.781520  
7        0.95   6910  0.780783  
8        0.90   6913  0.777796  
9        0.95  12410  0.777055  
10       0.90   6911  0.775352  
11       0.90   6912  0.774826  
12       0.90   2175  0.774635  
13       0.90   2186  0.774534  
14       0.90   3953  0.772828  
15       0.95  11962  0.771432  
16       0.95  12407  0.770117  
17       0.95  11920  0.768987  
18       0.90  12408  0.768185  
19       0.95  12423  0.768180  
20       0.95  12406  0.768066  
21       0.95   2174  0.767940  
22       0.95  12404  0.767899  
23       0.90  11919  0.767384  
24       0.95   2172  0.766761  

[25 rows x 21 columns]",7,GOOD
24,"1"" PIPE, ASTM A-312 304L SS, WELDED, SCH 80S, ASME B36.19M",1 STAINLESS STEEL SCHEDULE 80 304L A312 SEAMLESS PIPE,True,24,3,12.10597729999995,"       ID                                            DESCRIPTION CATEGORY  \
0   38928      1 STAINLESS STEEL SCHEDULE 80 304L A312 WELD PIPE     PIPE   
1   38929      1 STAINLESS STEEL SCHEDULE 80 304L A312 WELD PIPE     PIPE   
2   41286      1 STAINLESS STEEL SCHEDULE 80 304L A312 WELD PIPE     PIPE   
3   38926  1 STAINLESS STEEL SCHEDULE 80 304L A312 SEAMLESS PIPE     PIPE   
4   38924  1 STAINLESS STEEL SCHEDULE 80 304L A312 SEAMLESS PIPE     PIPE   
5   38927  1 STAINLESS STEEL SCHEDULE 80 304L A312 SEAMLESS PIPE     PIPE   
6   43705  1 STAINLESS STEEL SCHEDULE 80 304L A312 SEAMLESS PIPE     PIPE   
7   42657  1 STAINLESS STEEL SCHEDULE 80 304L A312 SEAMLESS PIPE     PIPE   
8   38925  1 STAINLESS STEEL SCHEDULE 80 304L A312 SEAMLESS PIPE     PIPE   
9   38907      1 STAINLESS STEEL SCHEDULE 40 304L A312 WELD PIPE     PIPE   
10  38908      1 STAINLESS STEEL SCHEDULE 40 304L A312 WELD PIPE     PIPE   
11  38906      1 STAINLESS STEEL SCHEDULE 40 304L A312 WELD PIPE     PIPE   
12  38905      1 STAINLESS STEEL SCHEDULE 40 304L A312 WELD PIPE     PIPE   
13  38900  1 STAINLESS STEEL SCHEDULE 40 304L A312 SEAMLESS PIPE     PIPE   
14  38903  1 STAINLESS STEEL SCHEDULE 40 304L A312 SEAMLESS PIPE     PIPE   
15  38904  1 STAINLESS STEEL SCHEDULE 40 304L A312 SEAMLESS PIPE     PIPE   
16  38902  1 STAINLESS STEEL SCHEDULE 40 304L A312 SEAMLESS PIPE     PIPE   
17  42656  1 STAINLESS STEEL SCHEDULE 40 304L A312 SEAMLESS PIPE     PIPE   
18  38901  1 STAINLESS STEEL SCHEDULE 40 304L A312 SEAMLESS PIPE     PIPE   
19  38934      1 STAINLESS STEEL SCHEDULE 80 316L A312 WELD PIPE     PIPE   
20  38933  1 STAINLESS STEEL SCHEDULE 80 316L A312 SEAMLESS PIPE     PIPE   
21  38932  1 STAINLESS STEEL SCHEDULE 80 316L A312 SEAMLESS PIPE     PIPE   
22  38931  1 STAINLESS STEEL SCHEDULE 80 316L A312 SEAMLESS PIPE     PIPE   
23  38930  1 STAINLESS STEEL SCHEDULE 80 316L A312 SEAMLESS PIPE     PIPE   
24  38918      1 STAINLESS STEEL SCHEDULE 40 316L A312 WELD PIPE     PIPE   

             TYPE PRIMARY_SIZE REDUCING_SIZE LENGTH    MATERIAL_NAME  \
0            PIPE            1           NAN    NAN  STAINLESS STEEL   
1            PIPE            1           NAN    NAN  STAINLESS STEEL   
2       WELD PIPE            1           NAN    NAN  STAINLESS STEEL   
3            PIPE            1           NAN    NAN  STAINLESS STEEL   
4            PIPE            1           NAN    NAN  STAINLESS STEEL   
5            PIPE            1           NAN    NAN  STAINLESS STEEL   
6   SEAMLESS PIPE          1.0           NAN    NAN  STAINLESS STEEL   
7   SEAMLESS PIPE          1.0           NAN    NAN  STAINLESS STEEL   
8            PIPE            1           NAN    NAN  STAINLESS STEEL   
9            PIPE            1           NAN    NAN  STAINLESS STEEL   
10           PIPE            1           NAN    NAN  STAINLESS STEEL   
11           PIPE            1           NAN    NAN  STAINLESS STEEL   
12           PIPE            1           NAN    NAN  STAINLESS STEEL   
13           PIPE            1           NAN    NAN  STAINLESS STEEL   
14           PIPE            1           NAN    NAN  STAINLESS STEEL   
15           PIPE            1           NAN    NAN  STAINLESS STEEL   
16           PIPE            1           NAN    NAN  STAINLESS STEEL   
17  SEAMLESS PIPE          1.0           NAN    NAN  STAINLESS STEEL   
18           PIPE            1           NAN    NAN  STAINLESS STEEL   
19           PIPE            1           NAN    NAN  STAINLESS STEEL   
20           PIPE            1           NAN    NAN  STAINLESS STEEL   
21           PIPE            1           NAN    NAN  STAINLESS STEEL   
22           PIPE            1           NAN    NAN  STAINLESS STEEL   
23           PIPE            1           NAN    NAN  STAINLESS STEEL   
24           PIPE            1           NAN    NAN  STAINLESS STEEL   

   MATERIAL_SPECIFICATION MATERIAL_GRADE  ... PRIMARY_SCHEDULE  \
0                    A312           304L  ...               80   
1                    A312           304L  ...               80   
2                    A312           304L  ...               80   
3                    A312           304L  ...               80   
4                    A312           304L  ...               80   
5                    A312           304L  ...               80   
6                    A312           304L  ...               80   
7                    A312           304L  ...               80   
8                    A312           304L  ...               80   
9                    A312           304L  ...               40   
10                   A312           304L  ...               40   
11                   A312           304L  ...               40   
12                   A312           304L  ...               40   
13                   A312           304L  ...               40   
14                   A312           304L  ...               40   
15                   A312           304L  ...               40   
16                   A312           304L  ...               40   
17                   A312           304L  ...               40   
18                   A312           304L  ...               40   
19                   A312           316L  ...               80   
20                   A312           316L  ...               80   
21                   A312           316L  ...               80   
22                   A312           316L  ...               80   
23                   A312           316L  ...               80   
24                   A312           316L  ...               40   

   REDUCING_SCHEDULE MANUFACTURING_PROCESS END_FINISH END_CONNECTIONS TRIM  \
0                NAN                WELDED        NAN             NAN  NAN   
1                NAN                WELDED        NAN             NAN  NAN   
2                NAN                WELDED        NAN             NAN  NAN   
3                NAN              SEAMLESS        NAN             NAN  NAN   
4                NAN              SEAMLESS        NAN             NAN  NAN   
5                NAN              SEAMLESS        NAN             NAN  NAN   
6                NAN              SEAMLESS        NAN             NAN  NAN   
7                NAN              SEAMLESS        NAN             NAN  NAN   
8                NAN              SEAMLESS        NAN             NAN  NAN   
9                NAN                WELDED        NAN             NAN  NAN   
10               NAN                WELDED        NAN             NAN  NAN   
11               NAN                WELDED        NAN             NAN  NAN   
12               NAN                WELDED        NAN             NAN  NAN   
13               NAN              SEAMLESS        NAN             NAN  NAN   
14               NAN              SEAMLESS        NAN             NAN  NAN   
15               NAN              SEAMLESS        NAN             NAN  NAN   
16               NAN              SEAMLESS        NAN             NAN  NAN   
17               NAN              SEAMLESS        NAN             NAN  NAN   
18               NAN              SEAMLESS        NAN             NAN  NAN   
19               NAN                WELDED        NAN             NAN  NAN   
20               NAN              SEAMLESS        NAN             NAN  NAN   
21               NAN              SEAMLESS        NAN             NAN  NAN   
22               NAN              SEAMLESS        NAN             NAN  NAN   
23               NAN              SEAMLESS        NAN             NAN  NAN   
24               NAN                WELDED        NAN             NAN  NAN   

   MISCELLANEOUS CONFIDENCE     id     score  
0            NAN       0.90  38928  0.814846  
1            NAN       0.90  38929  0.814838  
2            NAN       0.90  41286  0.814838  
3            NAN       0.90  38926  0.811182  
4            NAN       0.95  38924  0.811182  
5            NAN       0.95  38927  0.811182  
6            NAN       0.90  43705  0.811171  
7            NAN       0.90  42657  0.811171  
8            NAN       0.90  38925  0.811171  
9            NAN       0.90  38907  0.806603  
10           NAN       0.90  38908  0.806595  
11           NAN       0.90  38906  0.806595  
12           NAN       0.90  38905  0.806595  
13           NAN       0.90  38900  0.804843  
14           NAN       0.90  38903  0.804809  
15           NAN       0.90  38904  0.804259  
16           NAN       0.90  38902  0.804259  
17           NAN       0.90  42656  0.804259  
18           NAN       0.95  38901  0.804259  
19           NAN       0.90  38934  0.798785  
20           NAN       0.90  38933  0.795532  
21           NAN       0.90  38932  0.795532  
22           NAN       0.90  38931  0.795532  
23           NAN       0.90  38930  0.795182  
24           NAN       0.90  38918  0.788763  

[25 rows x 21 columns]",7,GOOD
25,"4X4X2 REDUCING TEE , ASME B16.9 , BEVELED END , ASTM A234 GRADE WPB , TYPE S S-STD",4 X 4 X 2 CARBON STEEL STANDARD WELD TEE,True,25,20,22.58307200000013,"       ID  \
0   28187   
1   24203   
2   23421   
3   43089   
4   43092   
5   28197   
6   24211   
7   39829   
8   28204   
9   28203   
10  23205   
11  28212   
12  43789   
13  23587   
14  23586   
15  28194   
16  28195   
17  28206   
18  27395   
19  28219   
20  43087   
21  28136   
22  23581   
23  23582   
24  23583   

                                                                                                   DESCRIPTION  \
0                                                                       4 X 2 CARBON STEEL TEE STD-XH A234 WPB   
1                                                         4 X 2 CARBON STEEL STD-XH ECCENTRIC REDUCER A234 WPB   
2                                                        4 X 2 CARBON STEEL STD-XH CONCENTRIC REDUCER A234 WPB   
3                                                                4 X 4 X 2 CARBON STEEL WPL6 STANDARD WELD TEE   
4                                                                4 X 4 X 3 CARBON STEEL WPL6 STANDARD WELD TEE   
5                                                                 4 X 4 X 2 CARBON STEEL WPL6 STANDARD WLD TEE   
6                                                                                4 X 2 CS STD WELD ECC REDUCER   
7                                                                              6X6X4 SS S10S 304L SMLS RED TEE   
8                                                                                    4 X 4 X 2 CS STD WELD TEE   
9                                                                                    4 X 4 X 2 CS STD WELD TEE   
10                                                       2 X 1 CARBON STEEL STD-XH CONCENTRIC REDUCER A234 WPB   
11                                                                4 X 4 X 3 CARBON STEEL WPL6 STANDARD WLD TEE   
12                                                                        4X4X2 CARBON STEEL STANDARD WELD TEE   
13           FITTG REDUCER CONCENTRIC SWAGE PLA END XSTRONG SEAMLESS CARBON STEEL ASTM A234 GRADE WPB MSS SP95   
14           FITTG REDUCER CONCENTRIC SWAGE PLA END XSTRONG SEAMLESS CARBON STEEL ASTM A234 GRADE WPB MSS SP95   
15                                                                     4 X 4 X 2 CARBON STEEL STANDARD WLD TEE   
16                                                                     4 X 4 X 2 CARBON STEEL STANDARD WLD TEE   
17                                                                 4 X 4 X 2-0.5 CARBON STEEL STANDARD WLD TEE   
18                                                                 4 X 4 X 2-0.5 CARBON STEEL STANDARD WLD TEE   
19                                                                         4X4X1 CARBON STEEL STANDARD WLD TEE   
20                                                                    4 X 4 X 2 CARBON STEEL STANDARD WELD TEE   
21                                                                  30 X 20 CARBON STEEL TEE STANDARD A234 WPB   
22  FITTG REDUCER CONCENTRIC SWAGE BUTT WELDG X PLA XSTRONG SEAMLESS CARBON STEEL ASTM A234 GRADE WPB MSS SP95   
23  FITTG REDUCER CONCENTRIC SWAGE BUTT WELDG X PLA XSTRONG SEAMLESS CARBON STEEL ASTM A234 GRADE WPB MSS SP95   
24  FITTG REDUCER CONCENTRIC SWAGE BUTT WELDG X PLA XSTRONG SEAMLESS CARBON STEEL ASTM A234 GRADE WPB MSS SP95   

   CATEGORY                TYPE PRIMARY_SIZE REDUCING_SIZE LENGTH  \
0   FITTING                 TEE            4             2    NAN   
1   FITTING   ECCENTRIC REDUCER            4             2    NAN   
2   FITTING  CONCENTRIC REDUCER            4             2    NAN   
3   FITTING        REDUCING TEE          4.0           2.0    NAN   
4   FITTING                 TEE          4.0           3.0    NAN   
5   FITTING                 TEE            4             2    NAN   
6   FITTING   ECCENTRIC REDUCER            4             2    NAN   
7   FITTING        REDUCING TEE            6             4    NAN   
8   FITTING                 TEE            4             2    NAN   
9   FITTING                 TEE            4             2    NAN   
10  FITTING  CONCENTRIC REDUCER            2             1    NAN   
11  FITTING                 TEE            4             3    NAN   
12  FITTING        REDUCING TEE          4.0           2.0    NAN   
13  FITTING  CONCENTRIC REDUCER         1.25          0.75    NAN   
14  FITTING  CONCENTRIC REDUCER          0.5         0.375    NAN   
15  FITTING                 TEE            4             2    NAN   
16  FITTING                 TEE            4             2    NAN   
17  FITTING                 TEE            4           2.5    NAN   
18  FITTING        REDUCING TEE            4           2.5    NAN   
19  FITTING                 TEE            4             1    NAN   
20  FITTING        STRAIGHT TEE          4.0           2.0    NAN   
21  FITTING                 TEE           30            20    NAN   
22  FITTING  CONCENTRIC REDUCER            3             1    NAN   
23  FITTING  CONCENTRIC REDUCER            3          0.75    NAN   
24  FITTING  CONCENTRIC REDUCER         0.75           0.5    NAN   

      MATERIAL_NAME MATERIAL_SPECIFICATION MATERIAL_GRADE  ...  \
0      CARBON STEEL                   A234            WPB  ...   
1      CARBON STEEL                   A234            WPB  ...   
2      CARBON STEEL                   A234            WPB  ...   
3      CARBON STEEL                    NAN           WPL6  ...   
4      CARBON STEEL                   WPL6            NAN  ...   
5      CARBON STEEL                   WPL6            NAN  ...   
6      CARBON STEEL                    NAN            NAN  ...   
7   STAINLESS STEEL                   S10S           304L  ...   
8      CARBON STEEL                    NAN            NAN  ...   
9      CARBON STEEL                    NAN            NAN  ...   
10     CARBON STEEL                   A234            WPB  ...   
11     CARBON STEEL                   WPL6            NAN  ...   
12     CARBON STEEL                    NAN            NAN  ...   
13     CARBON STEEL              ASTM A234            WPB  ...   
14     CARBON STEEL                   A234            WPB  ...   
15     CARBON STEEL                    NAN            NAN  ...   
16     CARBON STEEL                    NAN            NAN  ...   
17     CARBON STEEL                    NAN            NAN  ...   
18     CARBON STEEL                    NAN            NAN  ...   
19     CARBON STEEL                    NAN            NAN  ...   
20     CARBON STEEL                    NAN            NAN  ...   
21     CARBON STEEL                   A234            WPB  ...   
22     CARBON STEEL                   A234            WPB  ...   
23     CARBON STEEL                   A234            WPB  ...   
24     CARBON STEEL                   A234            WPB  ...   

   PRIMARY_SCHEDULE REDUCING_SCHEDULE MANUFACTURING_PROCESS END_FINISH  \
0                XH               NAN                   NAN        NAN   
1                XH               NAN                   NAN        NAN   
2                XH               NAN                   NAN        NAN   
3          STANDARD               NAN                   NAN        NAN   
4          STANDARD               NAN                  WELD        NAN   
5               STD               NAN                WELDED        NAN   
6               STD               NAN                   NAN        NAN   
7                10               NAN              SEAMLESS        NAN   
8               STD               NAN                  WELD        NAN   
9               STD               NAN                WELDED        NAN   
10               XH               NAN                   NAN        NAN   
11              STD               NAN                WELDED        NAN   
12         STANDARD          STANDARD                   NAN        NAN   
13               XH               NAN              SEAMLESS  PLAIN END   
14               XH               NAN              SEAMLESS  PLAIN END   
15              STD               NAN                  WELD        NAN   
16              STD               NAN                  WELD        NAN   
17              STD               NAN                  WELD        NAN   
18              STD               NAN                WELDED        NAN   
19              STD               NAN                WELDED        NAN   
20         STANDARD               NAN                  WELD        NAN   
21              STD               NAN                   NAN        NAN   
22               XH               NAN              SEAMLESS        NAN   
23               XH                XH              SEAMLESS        NAN   
24               XH                XH              SEAMLESS        NAN   

   END_CONNECTIONS TRIM MISCELLANEOUS CONFIDENCE     id     score  
0              NAN  NAN           NAN       0.90  28187  0.799750  
1              NAN  NAN      STANDARD       0.95  24203  0.777924  
2              NAN  NAN      STANDARD       0.95  23421  0.777923  
3               BW  NAN           NAN       0.90  43089  0.757378  
4              NAN  NAN           NAN       0.80  43092  0.750932  
5              NAN  NAN           NAN       0.85  28197  0.746956  
6              NAN  NAN           NAN       0.80  24211  0.744202  
7              NAN  NAN           NAN       0.90  39829  0.741730  
8              NAN  NAN           NAN       0.80  28204  0.740101  
9              NAN  NAN           NAN       0.80  28203  0.740101  
10             NAN  NAN           NAN       0.90  23205  0.739830  
11             NAN  NAN           NAN       0.90  28212  0.739418  
12       BUTT WELD  NAN           NAN       0.80  43789  0.736088  
13              SW  NAN      MSS SP95       0.95  23587  0.734259  
14              SW  NAN      MSS SP95       0.95  23586  0.734199  
15             NAN  NAN           NAN       0.85  28194  0.734126  
16             NAN  NAN           NAN       0.80  28195  0.733819  
17             NAN  NAN           NAN       0.80  28206  0.732594  
18             NAN  NAN           NAN       0.80  27395  0.732468  
19             NAN  NAN           NAN       0.80  28219  0.731778  
20             NAN  NAN           NAN       0.80  43087  0.729159  
21             NAN  NAN           NAN       0.85  28136  0.728341  
22         SW X BW  NAN      MSS SP95       0.95  23581  0.727803  
23         BW X PE  NAN      MSS SP95       0.95  23582  0.727803  
24         SW X BW  NAN      MSS SP95       0.95  23583  0.727803  

[25 rows x 21 columns]",8,GOOD
26,"CAP,3,WELD,S40,A234WPB",3 CARBON STEEL STANDARD WELD CAP,True,26,9,13.334263200000123,"       ID                                      DESCRIPTION CATEGORY  \
0   22782                                3 CS STD WELD CAP  FITTING   
1   42983            3 CARBON STEEL WPL6 STANDARD WELD CAP  FITTING   
2   42982            3 CARBON STEEL WPL6 STANDARD WELD CAP  FITTING   
3   22793                               30 CS STD WELD CAP  FITTING   
4   22795                               32 CS STD WELD CAP  FITTING   
5   43182            8 CARBON STEEL WPL6 STANDARD WELD CAP  FITTING   
6   22842                                6 CS STD WELD CAP  FITTING   
7   42941           24 CARBON STEEL WPL6 STANDARD WELD CAP  FITTING   
8   22766                               26 CS STD WELD CAP  FITTING   
9   22774                 3 CARBON STEEL STANDARD WELD CAP  FITTING   
10  34742   3 STAINLESS STEEL SCHEDULE 40 304L CAP A403WPS  FITTING   
11  43261                 3 CARBON STEEL STANDARD WELD CAP  FITTING   
12  43258                 3 CARBON STEEL STANDARD WELD CAP  FITTING   
13  22719                               18 CS T40 WELD CAP  FITTING   
14  34747  3 STAINLESS STEEL SCHEDULE 40 316 L CAP A403WPS  FITTING   
15  34746  3 STAINLESS STEEL SCHEDULE 40 316 L CAP A403WPS  FITTING   
16  34645            12 STAINLESS STEEL S40S 304L SMLS CAP  FITTING   
17  34608                       10 SS S40 316L CAP A403WPS  FITTING   
18  34665            18 STAINLESS STEEL S40S 304L SMLS CAP  FITTING   
19  22682             12 CARBON STEEL SCHEDULE 40 WELD CAP  FITTING   
20  22812             4 CARBON STEEL WPL6 STANDARD WLD CAP  FITTING   
21  22816                               4 CS S120 WELD CAP  FITTING   
22  22780             3 CARBON STEEL WPL6 STANDARD WLD CAP  FITTING   
23  42874            2 CARBON STEEL WPL6 STANDARD WELD CAP  FITTING   
24  24812             24 CS T40 A420 WPL6 WELD LR 90 ELBOW  FITTING   

                  TYPE PRIMARY_SIZE REDUCING_SIZE LENGTH    MATERIAL_NAME  \
0                  CAP            3           NAN    NAN     CARBON STEEL   
1                  CAP          3.0           NAN    NAN     CARBON STEEL   
2                  CAP          3.0           NAN    NAN     CARBON STEEL   
3                  CAP           30           NAN    NAN     CARBON STEEL   
4                  CAP           32           NAN    NAN     CARBON STEEL   
5                  CAP          8.0           NAN    NAN     CARBON STEEL   
6                  CAP            6           NAN    NAN     CARBON STEEL   
7                  CAP         24.0           NAN    NAN     CARBON STEEL   
8                  CAP           26           NAN    NAN     CARBON STEEL   
9                  CAP            3           NAN    NAN     CARBON STEEL   
10                 CAP            3           NAN    NAN  STAINLESS STEEL   
11                 CAP          3.0           NAN    NAN     CARBON STEEL   
12                 CAP          3.0           NAN    NAN     CARBON STEEL   
13                 CAP           18           NAN    NAN     CARBON STEEL   
14                 CAP            3           NAN    NAN  STAINLESS STEEL   
15                 CAP            3           NAN    NAN  STAINLESS STEEL   
16                 CAP           12           NAN    NAN  STAINLESS STEEL   
17                 CAP           10           NAN    NAN  STAINLESS STEEL   
18                 CAP           18           NAN    NAN  STAINLESS STEEL   
19                 CAP           12           NAN    NAN     CARBON STEEL   
20                 CAP            4           NAN    NAN     CARBON STEEL   
21                 CAP            4           NAN    NAN     CARBON STEEL   
22                 CAP            3           NAN    NAN     CARBON STEEL   
23                 CAP          2.0           NAN    NAN     CARBON STEEL   
24  LR 90 DEGREE ELBOW           24           NAN    NAN     CARBON STEEL   

   MATERIAL_SPECIFICATION MATERIAL_GRADE  ... PRIMARY_SCHEDULE  \
0                     NAN            NAN  ...              STD   
1                    WPL6            NAN  ...         STANDARD   
2                    WPL6            NAN  ...         STANDARD   
3                     NAN            NAN  ...              STD   
4                     NAN            NAN  ...              STD   
5                    WPL6            NAN  ...         STANDARD   
6                     NAN            NAN  ...              STD   
7                    WPL6            NAN  ...         STANDARD   
8                     NAN            NAN  ...              STD   
9                     NAN            NAN  ...              STD   
10                   A403            WPS  ...               40   
11                    NAN            NAN  ...         STANDARD   
12                    NAN            NAN  ...         STANDARD   
13                    NAN            NAN  ...               40   
14                   A403            WPS  ...               40   
15                   A403            WPS  ...               40   
16                    NAN           304L  ...              40S   
17                   A403            WPS  ...               40   
18                    NAN           304L  ...              40S   
19                    NAN            NAN  ...               40   
20                   WPL6            NAN  ...              STD   
21                    NAN            NAN  ...              120   
22                   WPL6            NAN  ...              STD   
23                   WPL6            NAN  ...         STANDARD   
24                   A420           WPL6  ...              T40   

   REDUCING_SCHEDULE MANUFACTURING_PROCESS END_FINISH END_CONNECTIONS TRIM  \
0                NAN                WELDED        NAN             NAN  NAN   
1                NAN                WELDED        NAN       BUTT WELD  NAN   
2                NAN                WELDED        NAN       BUTT WELD  NAN   
3                NAN                WELDED        NAN             NAN  NAN   
4                NAN                   NAN         BW             NAN  NAN   
5                NAN                WELDED        NAN       BUTT WELD  NAN   
6                NAN                WELDED        NAN             NAN  NAN   
7                NAN                   NAN        NAN              BW  NAN   
8                NAN                WELDED        NAN             NAN  NAN   
9                NAN                WELDED        NAN             NAN  NAN   
10               NAN                   NAN        NAN             NAN  NAN   
11               NAN                   NAN        NAN       BUTT WELD  NAN   
12               NAN                   NAN        NAN       BUTT WELD  NAN   
13               NAN                   NAN       WELD             NAN  NAN   
14               NAN                   NAN        NAN             NAN  NAN   
15               NAN                   NAN        NAN             NAN  NAN   
16               NAN              SEAMLESS        NAN             NAN  NAN   
17               NAN                   NAN        NAN             NAN  NAN   
18               NAN              SEAMLESS        NAN             NAN  NAN   
19               NAN                   NAN       WELD              BW  NAN   
20               NAN                   NAN         BW             NAN  NAN   
21               NAN                   NAN       WELD             NAN  NAN   
22               NAN                   NAN         BW             NAN  NAN   
23               NAN                WELDED        NAN             NAN  NAN   
24               NAN                   NAN       WELD             NAN  NAN   

   MISCELLANEOUS CONFIDENCE     id     score  
0            NAN       0.80  22782  0.717640  
1            NAN       0.80  42983  0.711717  
2            NAN       0.90  42982  0.711717  
3            NAN       0.80  22793  0.694930  
4            NAN       0.85  22795  0.693695  
5            NAN       0.90  43182  0.691683  
6            NAN       0.85  22842  0.691539  
7            NAN       0.80  42941  0.690552  
8            NAN       0.85  22766  0.689907  
9            NAN       0.80  22774  0.687771  
10          304L       0.95  34742  0.687709  
11           NAN       0.80  43261  0.687683  
12           NAN       0.80  43258  0.687683  
13           NAN       0.85  22719  0.687497  
14          316L       0.95  34747  0.686253  
15          316L       0.95  34746  0.686253  
16           NAN       0.90  34645  0.685913  
17          316L       0.90  34608  0.685891  
18           NAN       0.90  34665  0.685127  
19           NAN       0.85  22682  0.685031  
20           NAN       0.85  22812  0.683691  
21           NAN       0.85  22816  0.681878  
22           NAN       0.85  22780  0.681398  
23           NAN       0.80  42874  0.680613  
24           NAN       0.95  24812  0.679351  

[25 rows x 21 columns]",7,GOOD
27,"ELBOW, PIPE, 2"", BUTT WELD, 45 DEG, LONG RADIUS, SCH 80/XS, CARBON STEEL",2 CARBON STEEL SCHEDULE XH WELD 45 ELBOW,True,27,42,16.6313025999998,"       ID                                                DESCRIPTION CATEGORY  \
0   43294       2 CARBON STEEL SCHEDULE XH WELD LONG RADIUS 90 ELBOW  FITTING   
1   43319       2 CARBON STEEL SCHEDULE XH WELD LONG RADIUS 90 ELBOW  FITTING   
2   43293       2 CARBON STEEL SCHEDULE XH WELD LONG RADIUS 90 ELBOW  FITTING   
3   42863       2 CARBON STEEL SCHEDULE XH WELD LONG RADIUS 90 ELBOW  FITTING   
4   24559      8 CARBON STEEL SCHEDULE 160 WELD LONG RADIUS 45 ELBOW  FITTING   
5   24514       2 CARBON STEEL SCHEDULE 160 LONG RADIUS 45 WLD ELBOW  FITTING   
6   24515       2 CARBON STEEL SCHEDULE 160 LONG RADIUS 45 WLD ELBOW  FITTING   
7   24758          2 CARBON STEEL STANDARD WELD LONG RADIUS 90 ELBOW  FITTING   
8   24546         42 CARBON STEEL STANDARD WELD LONG RADIUS 45 ELBOW  FITTING   
9   43174       8 CARBON STEEL SCHEDULE XH WELD LONG RADIUS 90 ELBOW  FITTING   
10  24509       14 CARBON STEEL SCHEDULE 80 WLD LONG RADIUS 45 ELBOW  FITTING   
11  24512  2 CARBON STEEL EXTRA EXTRA HEAVY WLD LONG RADIUS 45 ELBOW  FITTING   
12  24513  2 CARBON STEEL EXTRA EXTRA HEAVY WLD LONG RADIUS 45 ELBOW  FITTING   
13  24776       2 X 1 CARBON STEEL STANDARD WLD LONG RADIUS 90 ELBOW  FITTING   
14  43698          8 CARBON STEEL STANDARD WELD LONG RADIUS 90 ELBOW  FITTING   
15  43311          8 CARBON STEEL STANDARD WELD LONG RADIUS 90 ELBOW  FITTING   
16  25023          8 CARBON STEEL STANDARD WELD LONG RADIUS 90 ELBOW  FITTING   
17  43199          8 CARBON STEEL STANDARD WELD LONG RADIUS 90 ELBOW  FITTING   
18  43175          8 CARBON STEEL STANDARD WELD LONG RADIUS 90 ELBOW  FITTING   
19  24488       1 CARBON STEEL SCHEDULE 160 WLD LONG RADIUS 45 ELBOW  FITTING   
20  24987           2 CARBON STEEL STANDARD WLD LONG RADIUS 90 ELBOW  FITTING   
21  24759           2 CARBON STEEL STANDARD WLD LONG RADIUS 90 ELBOW  FITTING   
22  24487       1 CARBON STEEL SCHEDULE 160 WLD LONG RADIUS 45 ELBOW  FITTING   
23  24493       10 CARBON STEEL SCHEDULE 80 WLD LONG RADIUS 45 ELBOW  FITTING   
24  24486  1 CARBON STEEL EXTRA EXTRA HEAVY WLD LONG RADIUS 45 ELBOW  FITTING   

                    TYPE PRIMARY_SIZE REDUCING_SIZE LENGTH MATERIAL_NAME  \
0   LONG RADIUS 90 ELBOW          2.0           NAN    NAN  CARBON STEEL   
1   LONG RADIUS 90 ELBOW          2.0           NAN    NAN  CARBON STEEL   
2   LONG RADIUS 90 ELBOW          2.0           NAN    NAN  CARBON STEEL   
3   LONG RADIUS 90 ELBOW          2.0           NAN    NAN  CARBON STEEL   
4     LR 45 DEGREE ELBOW            8           NAN    NAN  CARBON STEEL   
5     LR 45 DEGREE ELBOW            2           NAN    NAN  CARBON STEEL   
6     LR 45 DEGREE ELBOW            2           NAN    NAN  CARBON STEEL   
7     LR 90 DEGREE ELBOW            2           NAN    NAN  CARBON STEEL   
8     LR 45 DEGREE ELBOW           42           NAN    NAN  CARBON STEEL   
9   LONG RADIUS 90 ELBOW          8.0           NAN    NAN  CARBON STEEL   
10    LR 45 DEGREE ELBOW           14           NAN    NAN  CARBON STEEL   
11    LR 45 DEGREE ELBOW            2           NAN    NAN  CARBON STEEL   
12    LR 45 DEGREE ELBOW            2           NAN    NAN  CARBON STEEL   
13    LR 90 DEGREE ELBOW            2             1    NAN  CARBON STEEL   
14  LONG RADIUS 90 ELBOW          8.0           NAN    NAN  CARBON STEEL   
15  LONG RADIUS 90 ELBOW          8.0           NAN    NAN  CARBON STEEL   
16           LR 90 ELBOW            8           NAN    NAN  CARBON STEEL   
17  LONG RADIUS 90 ELBOW          8.0           NAN    NAN  CARBON STEEL   
18  LONG RADIUS 90 ELBOW          8.0           NAN    NAN  CARBON STEEL   
19    LR 45 DEGREE ELBOW            1           NAN    NAN  CARBON STEEL   
20           LR 90 ELBOW            2           NAN    NAN  CARBON STEEL   
21    LR 90 DEGREE ELBOW            2           NAN    NAN  CARBON STEEL   
22    LR 45 DEGREE ELBOW            1           NAN    NAN  CARBON STEEL   
23    LR 45 DEGREE ELBOW           10           NAN    NAN  CARBON STEEL   
24    LR 45 DEGREE ELBOW            1           NAN    NAN  CARBON STEEL   

   MATERIAL_SPECIFICATION MATERIAL_GRADE  ... PRIMARY_SCHEDULE  \
0                     NAN            NAN  ...               XH   
1                     NAN            NAN  ...               XH   
2                     NAN            NAN  ...      EXTRA HEAVY   
3                     NAN            NAN  ...               XH   
4                     NAN            NAN  ...              160   
5                     NAN            NAN  ...              160   
6                     NAN            NAN  ...              160   
7                     NAN            NAN  ...              STD   
8                     NAN            NAN  ...              STD   
9                     NAN            NAN  ...      EXTRA HEAVY   
10                    NAN            NAN  ...               80   
11                    NAN            NAN  ...              XXH   
12                    NAN            NAN  ...              XXH   
13                    NAN            NAN  ...              STD   
14                    NAN            NAN  ...         STANDARD   
15                    NAN            NAN  ...         STANDARD   
16                    NAN            NAN  ...              STD   
17                    NAN            NAN  ...         STANDARD   
18                    NAN            NAN  ...         STANDARD   
19                    NAN            NAN  ...              160   
20                    NAN            NAN  ...              STD   
21                    NAN            NAN  ...              STD   
22                    NAN            NAN  ...              160   
23                    NAN            NAN  ...               80   
24                    NAN            NAN  ...              XXH   

   REDUCING_SCHEDULE MANUFACTURING_PROCESS END_FINISH END_CONNECTIONS TRIM  \
0                NAN                  WELD        NAN             NAN  NAN   
1                NAN                  WELD        NAN             NAN  NAN   
2                NAN                  WELD        NAN             NAN  NAN   
3                NAN                  WELD        NAN             NAN  NAN   
4                NAN                  WELD         BW             NAN  NAN   
5                NAN                   NAN        NAN             NAN  NAN   
6                NAN                   NAN        NAN             NAN  NAN   
7                NAN                WELDED        NAN             NAN  NAN   
8                NAN                WELDED        NAN             NAN  NAN   
9                NAN                  WELD        NAN             NAN  NAN   
10               NAN                   NAN       WELD             NAN  NAN   
11               NAN                  WELD        NAN             NAN  NAN   
12               NAN                  WELD        NAN             NAN  NAN   
13               NAN                WELDED        NAN             NAN  NAN   
14               NAN                   NAN        NAN       BUTT WELD  NAN   
15               NAN                   NAN        NAN       BUTT WELD  NAN   
16               NAN                WELDED        NAN             NAN  NAN   
17               NAN                   NAN        NAN       BUTT WELD  NAN   
18               NAN                  WELD        NAN             NAN  NAN   
19               NAN                   NAN       WELD              BW  NAN   
20               NAN                WELDED        NAN             NAN  NAN   
21               NAN                WELDED        NAN             NAN  NAN   
22               NAN                   NAN       WELD              BW  NAN   
23               NAN                  WELD        NAN             NAN  NAN   
24               NAN                   NAN       WELD              BW  NAN   

   MISCELLANEOUS CONFIDENCE     id     score  
0            NAN       0.80  43294  0.812668  
1            NAN       0.90  43319  0.812660  
2            NAN       0.80  43293  0.812634  
3            NAN       0.80  42863  0.812624  
4            NAN       0.85  24559  0.810840  
5            NAN       0.80  24514  0.808456  
6            NAN       0.85  24515  0.808448  
7            NAN       0.80  24758  0.805455  
8            NAN       0.80  24546  0.804748  
9            NAN       0.80  43174  0.803527  
10           NAN       0.85  24509  0.802213  
11           NAN       0.85  24512  0.800421  
12           NAN       0.90  24513  0.800402  
13           NAN       0.80  24776  0.799984  
14           NAN       0.90  43698  0.797285  
15           NAN       0.80  43311  0.797285  
16           NAN       0.80  25023  0.797281  
17           NAN       0.80  43199  0.797269  
18           NAN       0.80  43175  0.797232  
19           NAN       0.85  24488  0.796447  
20           NAN       0.85  24987  0.796391  
21           NAN       0.85  24759  0.796358  
22           NAN       0.85  24487  0.796282  
23           NAN       0.80  24493  0.796263  
24           NAN       0.85  24486  0.795918  

[25 rows x 21 columns]",7,GOOD
28,"6 TEE , ASME B16.9 , BEVELED END , ASTM A420 GRADE WPL6 , TYPE S S-STD",6 CARBON STEEL WPL6 STANDARD WELD TEE,True,28,2,13.956520400000045,"       ID                                    DESCRIPTION CATEGORY  \
0   28244                    6 CS STD A420 WPL6 WELD TEE  FITTING   
1   28288                    8 CS A420 WPL6 STD WELD TEE  FITTING   
2   43124          6 CARBON STEEL WPL6 STANDARD WELD TEE  FITTING   
3   42822         16 CARBON STEEL WPL6 STANDARD WELD TEE  FITTING   
4   27777                   10 CS STD A420 WPL6 WELD TEE  FITTING   
5   28282           8 CARBON STEEL WPL6 STANDARD WLD TEE  FITTING   
6   28236           6 CARBON STEEL WPL6 STANDARD WLD TEE  FITTING   
7   28237           6 CARBON STEEL WPL6 STANDARD WLD TEE  FITTING   
8   43166  6 X 6 X 4 CARBON STEEL WPL6 STANDARD WELD TEE  FITTING   
9   43165  6 X 6 X 4 CARBON STEEL WPL6 STANDARD WELD TEE  FITTING   
10  27908          16 CARBON STEEL WPL6 STANDARD WLD TEE  FITTING   
11  27909          16 CARBON STEEL WPL6 STANDARD WLD TEE  FITTING   
12  28267   6 X 6 X 4 CARBON STEEL WPL6 STANDARD WLD TEE  FITTING   
13  27846          12 CARBON STEEL WPL6 STANDARD WLD TEE  FITTING   
14  27847          12 CARBON STEEL WPL6 STANDARD WLD TEE  FITTING   
15  43162  6 X 6 X 3 CARBON STEEL WPL6 STANDARD WELD TEE  FITTING   
16  43161  6 X 6 X 3 CARBON STEEL WPL6 STANDARD WELD TEE  FITTING   
17  28257   6 X 6 X 3 CARBON STEEL WPL6 STANDARD WLD TEE  FITTING   
18  43057          4 CARBON STEEL WPL6 STANDARD WELD TEE  FITTING   
19  43058          4 CARBON STEEL WPL6 STANDARD WELD TEE  FITTING   
20  28178           4 CARBON STEEL WPL6 STANDARD WLD TEE  FITTING   
21  28179           4 CARBON STEEL WPL6 STANDARD WLD TEE  FITTING   
22  28235       6 CARBON STEEL WPL6 SCHEDULE 160 WLD TEE  FITTING   
23  27884          14 CARBON STEEL WPL6 STANDARD WLD TEE  FITTING   
24  28318   8 X 8 X 6 CARBON STEEL WPL6 STANDARD WLD TEE  FITTING   

            TYPE PRIMARY_SIZE REDUCING_SIZE LENGTH MATERIAL_NAME  \
0            TEE            6           NAN    NAN  CARBON STEEL   
1            TEE            8           NAN    NAN  CARBON STEEL   
2            TEE          6.0           NAN    NAN  CARBON STEEL   
3   STRAIGHT TEE         16.0           NAN    NAN  CARBON STEEL   
4            TEE           10           NAN    NAN  CARBON STEEL   
5            TEE            8           NAN    NAN  CARBON STEEL   
6            TEE            6           NAN    NAN  CARBON STEEL   
7            TEE            6           NAN    NAN  CARBON STEEL   
8            TEE          6.0           4.0    NAN  CARBON STEEL   
9            TEE          6.0           4.0    NAN  CARBON STEEL   
10           TEE           16           NAN    NAN  CARBON STEEL   
11           TEE           16           NAN    NAN  CARBON STEEL   
12           TEE            6             4    NAN  CARBON STEEL   
13           TEE           12           NAN    NAN  CARBON STEEL   
14           TEE           12           NAN    NAN  CARBON STEEL   
15  STRAIGHT TEE          6.0           3.0    NAN  CARBON STEEL   
16           TEE          6.0           3.0    NAN  CARBON STEEL   
17           TEE            6             3    NAN  CARBON STEEL   
18           TEE          4.0           NAN    NAN  CARBON STEEL   
19           TEE          4.0           NAN    NAN  CARBON STEEL   
20           TEE            4           NAN    NAN  CARBON STEEL   
21           TEE            4           NAN    NAN  CARBON STEEL   
22           TEE            6           NAN    NAN  CARBON STEEL   
23           TEE           14           NAN    NAN  CARBON STEEL   
24           TEE            8             6    NAN  CARBON STEEL   

   MATERIAL_SPECIFICATION MATERIAL_GRADE  ... PRIMARY_SCHEDULE  \
0                    A420           WPL6  ...              STD   
1                    A420           WPL6  ...              STD   
2                    WPL6            NAN  ...         STANDARD   
3                     NAN           WPL6  ...         STANDARD   
4                    A420           WPL6  ...              STD   
5                    WPL6            NAN  ...              STD   
6                    WPL6            NAN  ...              STD   
7                    WPL6            NAN  ...              STD   
8                     NAN           WPL6  ...         STANDARD   
9                    WPL6            NAN  ...         STANDARD   
10                   WPL6            NAN  ...              STD   
11                   WPL6            NAN  ...              STD   
12                   WPL6            NAN  ...              STD   
13                   WPL6            NAN  ...              STD   
14                   WPL6            NAN  ...              STD   
15                   WPL6            NAN  ...         STANDARD   
16                   WPL6            NAN  ...         STANDARD   
17                   WPL6            NAN  ...              STD   
18                   WPL6            NAN  ...         STANDARD   
19                   WPL6            NAN  ...         STANDARD   
20                   WPL6            NAN  ...              STD   
21                   WPL6            NAN  ...              STD   
22                   WPL6            NAN  ...              160   
23                   WPL6            NAN  ...              STD   
24                   WPL6            NAN  ...              STD   

   REDUCING_SCHEDULE MANUFACTURING_PROCESS END_FINISH END_CONNECTIONS TRIM  \
0                NAN                WELDED        NAN             NAN  NAN   
1                NAN                WELDED        NAN             NAN  NAN   
2                NAN                WELDED        NAN             NAN  NAN   
3                NAN                   NAN        NAN       BUTT WELD  NAN   
4                NAN                   NAN        NAN             NAN  NAN   
5                NAN                WELDED        NAN             NAN  NAN   
6                NAN                   NAN        NAN             NAN  NAN   
7                NAN                   NAN        NAN             NAN  NAN   
8                NAN                  WELD        NAN             NAN  NAN   
9                NAN                  WELD        NAN             NAN  NAN   
10               NAN                   NAN         BW             NAN  NAN   
11               NAN                   NAN         BW             NAN  NAN   
12               NAN                WELDED        NAN             NAN  NAN   
13               NAN                   NAN         BW             NAN  NAN   
14               NAN                   NAN        NAN             NAN  NAN   
15               NAN                WELDED        NAN             NAN  NAN   
16               NAN                  WELD        NAN             NAN  NAN   
17               NAN                WELDED        NAN             NAN  NAN   
18               NAN                WELDED        NAN             NAN  NAN   
19               NAN                WELDED        NAN             NAN  NAN   
20               NAN                   NAN         BW             NAN  NAN   
21               NAN                   NAN         BW             NAN  NAN   
22               NAN                   NAN         BW             NAN  NAN   
23               NAN                   NAN         BW             NAN  NAN   
24               NAN                   NAN         BW             NAN  NAN   

   MISCELLANEOUS CONFIDENCE     id     score  
0            NAN       0.85  28244  0.825608  
1            NAN       0.85  28288  0.810496  
2            NAN       0.80  43124  0.799983  
3            NAN       0.80  42822  0.798039  
4            NAN       0.85  27777  0.795985  
5            NAN       0.85  28282  0.793092  
6            NAN       0.80  28236  0.792286  
7            NAN       0.85  28237  0.792156  
8            NAN       0.80  43166  0.791558  
9            NAN       0.90  43165  0.791557  
10           NAN       0.85  27908  0.790055  
11           NAN       0.85  27909  0.790055  
12           NAN       0.85  28267  0.788838  
13           NAN       0.85  27846  0.788355  
14           NAN       0.85  27847  0.788280  
15           NAN       0.90  43162  0.786550  
16           NAN       0.90  43161  0.786412  
17           NAN       0.85  28257  0.784266  
18           NAN       0.80  43057  0.782314  
19           NAN       0.80  43058  0.782283  
20           NAN       0.85  28178  0.778967  
21           NAN       0.85  28179  0.778967  
22           NAN       0.85  28235  0.778783  
23           NAN       0.85  27884  0.775712  
24           NAN       0.85  28318  0.774974  

[25 rows x 21 columns]",9,GOOD
29,"NIPPLE, PIPE, SEAMLESS, 2"", TBE, 5"" LG, SCH 80/XS, CARBON STEEL, ASTM A106",2 X 5 BLACK SCHEDULE XH SEAMLESS A106 NIPPLE,True,29,0,11.299356799999941,"       ID                                        DESCRIPTION CATEGORY    TYPE  \
0   43573       2 X 5 BLACK SCHEDULE XH SEAMLESS A106 NIPPLE     PIPE  NIPPLE   
1   25053           1 X 2 BLACK SCHEDULE 40 SMLS A106 NIPPLE  FITTING  NIPPLE   
2   43507      1 X 5 BLACK SCHEDULE 160 SEAMLESS A106 NIPPLE     PIPE  NIPPLE   
3   43534      1 X 10 BLACK SCHEDULE XH SEAMLESS A106 NIPPLE     PIPE  NIPPLE   
4   25737       2 X 3 BLACK EXTRA HEAVY SMLS A106 NIPPLE PBE  FITTING  NIPPLE   
5   25788  2 X 5 GALVANIZED SCHEDULE 40 SEAMLESS A106 NIPPLE  FITTING  NIPPLE   
6   25059  1 X 2 GALVANIZED SCHEDULE 40 SEAMLESS A106 NIPPLE  FITTING  NIPPLE   
7   25123  1 X 5 GALVANIZED SCHEDULE 40 SEAMLESS A106 NIPPLE  FITTING  NIPPLE   
8   25784           2 X 5 BLACK SCHEDULE 40 SMLS A106 NIPPLE  FITTING  NIPPLE   
9   43615       1 X 2 BLACK SCHEDULE XH SEAMLESS A106 NIPPLE     PIPE  NIPPLE   
10  43631       2 X 6 BLACK SCHEDULE XH SEAMLESS A106 NIPPLE     PIPE  NIPPLE   
11  25052          1 X 2 BLACK SCHEDULE 160 SMLS A106 NIPPLE  FITTING  NIPPLE   
12  25134       1 X 6 BLACK EXTRA HEAVY SMLS A106 NIPPLE PBE  FITTING  NIPPLE   
13  43547       1 X 9 BLACK SCHEDULE XH SEAMLESS A106 NIPPLE     PIPE  NIPPLE   
14  25710   1XCL GALVANIZED SCHEDULE 40 SEAMLESS A106 NIPPLE  FITTING  NIPPLE   
15  43546      1 X 9 BLACK SCHEDULE 160 SEAMLESS A106 NIPPLE     PIPE  NIPPLE   
16  43618       1 X 8 BLACK SCHEDULE XH SEAMLESS A106 NIPPLE     PIPE  NIPPLE   
17  43543       1 X 6 BLACK SCHEDULE XH SEAMLESS A106 NIPPLE     PIPE  NIPPLE   
18  43545       1 X 8 BLACK SCHEDULE XH SEAMLESS A106 NIPPLE     PIPE  NIPPLE   
19  25781           2 X 5 BLACK EXTRA HEAVY SMLS A106 NIPPLE  FITTING  NIPPLE   
20  32267          2 X 5 BLACK SCHEDULE 160 SMLS A106 NIPPLE  FITTING  NIPPLE   
21  43632       2 X 8 BLACK SCHEDULE XH SEAMLESS A106 NIPPLE     PIPE  NIPPLE   
22  43617       1 X 6 BLACK SCHEDULE XH SEAMLESS A106 NIPPLE     PIPE  NIPPLE   
23  32378          5 X 12 BLACK SCHEDULE 40 SMLS A106 NIPPLE  FITTING  NIPPLE   
24  25810  2 X 6 GALVANIZED SCHEDULE 40 SEAMLESS A106 NIPPLE  FITTING  NIPPLE   

   PRIMARY_SIZE REDUCING_SIZE LENGTH MATERIAL_NAME MATERIAL_SPECIFICATION  \
0           2.0           NAN    5.0  CARBON STEEL                   A106   
1             1             2    NAN  CARBON STEEL                   A106   
2           1.0           NAN    5.0  CARBON STEEL                   A106   
3           1.0           NAN   10.0  CARBON STEEL                   A106   
4             2             3    NAN  CARBON STEEL                   A106   
5             2           NAN      5  CARBON STEEL                   A106   
6             1             2    NAN  CARBON STEEL                   A106   
7             1           NAN      5  CARBON STEEL                   A106   
8             2           NAN      5  CARBON STEEL                   A106   
9           1.0           2.0    NAN  CARBON STEEL                   A106   
10          2.0           NAN    6.0  CARBON STEEL                   A106   
11            1             2    NAN  CARBON STEEL                   A106   
12            1           NAN      6  CARBON STEEL                   A106   
13          1.0           NAN    9.0  CARBON STEEL                   A106   
14            1           NAN    NAN  CARBON STEEL                   A106   
15          1.0           NAN    9.0  CARBON STEEL                   A106   
16          1.0           NAN    8.0  CARBON STEEL                   A106   
17          1.0           NAN    6.0  CARBON STEEL                   A106   
18          1.0           NAN    8.0  CARBON STEEL                   A106   
19            2           NAN      5  CARBON STEEL                   A106   
20            2           NAN      5           NAN                   A106   
21          2.0           8.0    NAN  CARBON STEEL                   A106   
22          1.0           NAN    6.0  CARBON STEEL                   A106   
23            5           NAN     12           NAN                   A106   
24            2           NAN      6  CARBON STEEL                   A106   

   MATERIAL_GRADE  ... PRIMARY_SCHEDULE REDUCING_SCHEDULE  \
0             NAN  ...               XH               NAN   
1             NAN  ...               40               NAN   
2             NAN  ...              160               NAN   
3             NAN  ...               XH               NAN   
4             NAN  ...               XH               NAN   
5             NAN  ...               40               NAN   
6             NAN  ...               40               NAN   
7             NAN  ...               40               NAN   
8             NAN  ...               40               NAN   
9             NAN  ...               XH               NAN   
10            NAN  ...               XH               NAN   
11            NAN  ...              160               NAN   
12            NAN  ...               XH               NAN   
13            NAN  ...      EXTRA HEAVY               NAN   
14            NAN  ...               40               NAN   
15            NAN  ...              160               NAN   
16            NAN  ...      EXTRA HEAVY               NAN   
17            NAN  ...      EXTRA HEAVY               NAN   
18            NAN  ...               XH               NAN   
19            NAN  ...               XH               NAN   
20            NAN  ...              160               NAN   
21            NAN  ...               XH               NAN   
22            NAN  ...      EXTRA HEAVY               NAN   
23            NAN  ...               40               NAN   
24            NAN  ...               40               NAN   

   MANUFACTURING_PROCESS  END_FINISH END_CONNECTIONS TRIM MISCELLANEOUS  \
0               SEAMLESS         NAN             NAN  NAN         BLACK   
1               SEAMLESS       BLACK             NAN  NAN           NAN   
2               SEAMLESS         NAN             NAN  NAN         BLACK   
3               SEAMLESS         NAN             NAN  NAN         BLACK   
4               SEAMLESS       PLAIN         PE X PE  NAN         BLACK   
5               SEAMLESS  GALVANIZED             NAN  NAN           NAN   
6               SEAMLESS  GALVANIZED             NAN  NAN           NAN   
7               SEAMLESS  GALVANIZED             NAN  NAN           NAN   
8               SEAMLESS         NAN             NAN  NAN         BLACK   
9               SEAMLESS         NAN             NAN  NAN         BLACK   
10              SEAMLESS         NAN             NAN  NAN         BLACK   
11              SEAMLESS       BLACK             NAN  NAN           NAN   
12              SEAMLESS       PLAIN         PE X PE  NAN         BLACK   
13              SEAMLESS         NAN             NAN  NAN         BLACK   
14              SEAMLESS  GALVANIZED             NAN  NAN            CL   
15              SEAMLESS         NAN             NAN  NAN         BLACK   
16              SEAMLESS         NAN             NAN  NAN         BLACK   
17              SEAMLESS         NAN             NAN  NAN         BLACK   
18              SEAMLESS         NAN             NAN  NAN         BLACK   
19              SEAMLESS         NAN             NAN  NAN         BLACK   
20              SEAMLESS         NAN             NAN  NAN         BLACK   
21              SEAMLESS         NAN             NAN  NAN         BLACK   
22              SEAMLESS         NAN             NAN  NAN         BLACK   
23              SEAMLESS         NAN             NAN  NAN         BLACK   
24              SEAMLESS  GALVANIZED             NAN  NAN           NAN   

   CONFIDENCE     id     score  
0        0.90  43573  0.792250  
1        0.90  25053  0.786997  
2        0.90  43507  0.785772  
3        0.90  43534  0.785020  
4        0.90  25737  0.784775  
5        0.90  25788  0.783285  
6        0.90  25059  0.782817  
7        0.90  25123  0.782536  
8        0.90  25784  0.782034  
9        0.80  43615  0.780849  
10       0.90  43631  0.780728  
11       0.90  25052  0.780364  
12       0.95  25134  0.779627  
13       0.90  43547  0.779275  
14       0.85  25710  0.779269  
15       0.90  43546  0.778737  
16       0.90  43618  0.778423  
17       0.90  43543  0.778400  
18       0.90  43545  0.778392  
19       0.95  25781  0.778378  
20       0.90  32267  0.778183  
21       0.80  43632  0.778164  
22       0.90  43617  0.777115  
23       0.95  32378  0.777029  
24       0.95  25810  0.777016  

[25 rows x 21 columns]",8,GOOD
30,"10 CAP , ASME B16.9 , BEVELED END , ASTM A403 GRADE WP316/WP316L , TYPE S S-10S",10 STAINLESS STEEL SCHEDULE 10 316L SEAMLESS CAP,True,30,54,23.534819900000002,"       ID                                               DESCRIPTION CATEGORY  \
0   34613          10 STAINLESS STEEL SCHEDULE 10 316 L CAP A403WPW  FITTING   
1   34620          10 STAINLESS STEEL SCHEDULE 40 316 L CAP A403WPS  FITTING   
2   34608                                10 SS S40 316L CAP A403WPS  FITTING   
3   34828           8 STAINLESS STEEL SCHEDULE 10 316 L CAP A403WPS  FITTING   
4   34782           4 STAINLESS STEEL SCHEDULE 10 316 L CAP A403WPS  FITTING   
5   34652          12 STAINLESS STEEL SCHEDULE 10 316 L CAP A403WPS  FITTING   
6   34651          12 STAINLESS STEEL SCHEDULE 10 316 L CAP A403WPS  FITTING   
7   40498                                 10 SS S10 316L TEE A403CR  FITTING   
8   34811           6 STAINLESS STEEL SCHEDULE 10 316 L CAP A403WPS  FITTING   
9   34812           6 STAINLESS STEEL SCHEDULE 10 316 L CAP A403WPS  FITTING   
10  34656                                   14 SS S10 316L SMLS CAP  FITTING   
11  34621             10 STAINLESS STEEL SCHEDULE 40 316 L SMLS CAP  FITTING   
12  34622             10 STAINLESS STEEL SCHEDULE 40 316 L SMLS CAP  FITTING   
13  34623             10 STAINLESS STEEL SCHEDULE 40 316 L SMLS CAP  FITTING   
14  34118                              10 SS S10 316L 45 ELL A403CR  FITTING   
15  34583           1 STAINLESS STEEL SCHEDULE 10 316 L CAP A403WPS  FITTING   
16  39956  10 STAINLESS STEEL SCHEDULE 10 316 L SR 90 ELBOW A403WPW  FITTING   
17  36783  10 STAINLESS STEEL SCHEDULE 10 316 L LR 90 ELBOW A403WPW  FITTING   
18  36782  10 STAINLESS STEEL SCHEDULE 10 316 L LR 90 ELBOW A403WPW  FITTING   
19  40021   5 STAINLESS STEEL SCHEDULE 10 316 L SR 90 ELBOW A403WPW  FITTING   
20  34800              5 STAINLESS STEEL SCHEDULE 10 316 L SMLS CAP  FITTING   
21  34799              5 STAINLESS STEEL SCHEDULE 10 316 L SMLS CAP  FITTING   
22  34597         0.5 STAINLESS STEEL SCHEDULE 10 316 L CAP A403WPS  FITTING   
23  37050   5 STAINLESS STEEL SCHEDULE 10 316 L LR 90 ELBOW A403WPW  FITTING   
24  36585  10 STAINLESS STEEL SCHEDULE 10 316 L LR 45 ELBOW A403WPW  FITTING   

                  TYPE PRIMARY_SIZE REDUCING_SIZE LENGTH    MATERIAL_NAME  \
0                  CAP           10           NAN    NAN  STAINLESS STEEL   
1                  CAP           10           NAN    NAN  STAINLESS STEEL   
2                  CAP           10           NAN    NAN  STAINLESS STEEL   
3                  CAP            8           NAN    NAN  STAINLESS STEEL   
4                  CAP            4           NAN    NAN  STAINLESS STEEL   
5                  CAP           12           NAN    NAN  STAINLESS STEEL   
6                  CAP           12           NAN    NAN  STAINLESS STEEL   
7                  TEE           10           NAN    NAN  STAINLESS STEEL   
8                  CAP            6           NAN    NAN  STAINLESS STEEL   
9                  CAP            6           NAN    NAN  STAINLESS STEEL   
10                 CAP           14           NAN    NAN  STAINLESS STEEL   
11                 CAP           10           NAN    NAN  STAINLESS STEEL   
12                 CAP           10           NAN    NAN  STAINLESS STEEL   
13                 CAP           10           NAN    NAN  STAINLESS STEEL   
14     45 DEGREE ELBOW           10           NAN    NAN  STAINLESS STEEL   
15                 CAP            1           NAN    NAN  STAINLESS STEEL   
16  SR 90 DEGREE ELBOW           10           NAN    NAN  STAINLESS STEEL   
17  LR 90 DEGREE ELBOW           10           NAN    NAN  STAINLESS STEEL   
18  LR 90 DEGREE ELBOW           10           NAN    NAN  STAINLESS STEEL   
19  SR 90 DEGREE ELBOW            5           NAN    NAN  STAINLESS STEEL   
20                 CAP            5           NAN    NAN  STAINLESS STEEL   
21                 CAP            5           NAN    NAN  STAINLESS STEEL   
22                 CAP          0.5           NAN    NAN  STAINLESS STEEL   
23  LR 90 DEGREE ELBOW            5           NAN    NAN  STAINLESS STEEL   
24  LR 45 DEGREE ELBOW           10           NAN    NAN  STAINLESS STEEL   

   MATERIAL_SPECIFICATION MATERIAL_GRADE  ... PRIMARY_SCHEDULE  \
0                    A403            WPW  ...               10   
1                    A403            WPS  ...               40   
2                    A403            WPS  ...               40   
3                    A403         WP316L  ...               10   
4                    A403            WPS  ...               10   
5                    A403         WP316L  ...               10   
6                    A403         WP316L  ...               10   
7                    A403           316L  ...               10   
8                    A403         WP316L  ...               10   
9                    A403         WP316L  ...               10   
10                    NAN           316L  ...               10   
11                    NAN           316L  ...               40   
12                    NAN           316L  ...               40   
13                    NAN           316L  ...               40   
14                   A403           316L  ...               10   
15                   A403            WPS  ...               10   
16                   A403            WPW  ...               10   
17                   A403            WPW  ...               10   
18                   A403            WPW  ...               10   
19                   A403            WPW  ...               10   
20                    NAN           316L  ...               10   
21                    NAN           316L  ...               10   
22                   A403            WPS  ...               10   
23                   A403            WPW  ...               10   
24                   A403            WPW  ...               10   

   REDUCING_SCHEDULE MANUFACTURING_PROCESS END_FINISH END_CONNECTIONS TRIM  \
0                NAN                   NAN        NAN             NAN  NAN   
1                NAN                   NAN        NAN             NAN  NAN   
2                NAN                   NAN        NAN             NAN  NAN   
3                NAN                   NAN        NAN             NAN  NAN   
4                NAN                   NAN        NAN             NAN  NAN   
5                NAN                   NAN        NAN             NAN  NAN   
6                NAN                   NAN        NAN             NAN  NAN   
7                NAN                   NAN        NAN             NAN  NAN   
8                NAN                   NAN        NAN             NAN  NAN   
9                NAN                   NAN        NAN             NAN  NAN   
10               NAN              SEAMLESS        NAN             NAN  NAN   
11               NAN              SEAMLESS        NAN             NAN  NAN   
12               NAN              SEAMLESS        NAN             NAN  NAN   
13               NAN              SEAMLESS        NAN             NAN  NAN   
14               NAN                   NAN        NAN             NAN  NAN   
15               NAN                   NAN        NAN             NAN  NAN   
16               NAN                   NAN        NAN             NAN  NAN   
17               NAN                   NAN        NAN             NAN  NAN   
18               NAN                   NAN        NAN             NAN  NAN   
19               NAN                   NAN        NAN             NAN  NAN   
20               NAN              SEAMLESS        NAN             NAN  NAN   
21               NAN              SEAMLESS        NAN             NAN  NAN   
22               NAN                   NAN        NAN             NAN  NAN   
23               NAN                   NAN        NAN             NAN  NAN   
24               NAN                   NAN        NAN             NAN  NAN   

   MISCELLANEOUS CONFIDENCE     id     score  
0            NAN       0.90  34613  0.805137  
1           316L       0.90  34620  0.792755  
2           316L       0.90  34608  0.792541  
3            NAN       0.95  34828  0.786516  
4           316L       0.90  34782  0.781337  
5            NAN       0.95  34652  0.780132  
6            NAN       0.90  34651  0.780016  
7             CR       0.90  40498  0.779979  
8            NAN       0.95  34811  0.778119  
9            NAN       0.90  34812  0.778092  
10           NAN       0.85  34656  0.777285  
11           NAN       0.90  34621  0.776455  
12           NAN       0.90  34622  0.776449  
13           NAN       0.90  34623  0.776449  
14            CR       0.90  34118  0.773150  
15          316L       0.90  34583  0.772483  
16           NAN       0.90  39956  0.772411  
17           NAN       0.95  36783  0.772128  
18           NAN       0.95  36782  0.771582  
19           NAN       0.95  40021  0.770614  
20           NAN       0.90  34800  0.768921  
21           NAN       0.95  34799  0.768921  
22          316L       0.90  34597  0.768809  
23           NAN       0.95  37050  0.767735  
24           NAN       0.95  36585  0.767709  

[25 rows x 21 columns]",7,GOOD
31,"18"" ELBOW 90D, LR, BW, ASME 16.9, WROUGHT STEEL, ASTM/ASME A/SA-234-WPB, SCH.STD",18 CARBON STEEL STANDARD WELD LONG RADIUS 90 ELBOW,True,31,3,23.56333749999999,"       ID                                              DESCRIPTION CATEGORY  \
0   24739        18 CARBON STEEL STANDARD WLD LONG RADIUS 90 ELBOW  FITTING   
1   27502                 18 CARBON STEEL STANDARD WLD SR 90 ELBOW  FITTING   
2   24740        18 CARBON STEEL STANDARD WLD LONG RADIUS 90 ELBOW  FITTING   
3   42848       18 CARBON STEEL STANDARD WELD LONG RADIUS 90 ELBOW  FITTING   
4   24738       18 CARBON STEEL STANDARD WELD LONG RADIUS 90 ELBOW  FITTING   
5   24737       18 CARBON STEEL STANDARD WELD LONG RADIUS 90 ELBOW  FITTING   
6   22410                    18 CARBON STEEL STANDARD WLD 45 ELBOW  FITTING   
7   22411                    18 CARBON STEEL STANDARD WLD 45 ELBOW  FITTING   
8   24733   16 X 10 CARBON STEEL STANDARD WLD LONG RADIUS 90 ELBOW  FITTING   
9   24743   18 CARBON STEEL WPL6 STANDARD WLD LONG RADIUS 90 ELBOW  FITTING   
10  24870                               36 CS STD WELD LR 90 ELBOW  FITTING   
11  24742   18 CARBON STEEL WPL6 STANDARD WLD LONG RADIUS 90 ELBOW  FITTING   
12  24700                               12 CS STD WELD LR 90 ELBOW  FITTING   
13  42843  18 CARBON STEEL WPL6 STANDARD WELD LONG RADIUS 90 ELBOW  FITTING   
14  27496                 16 CARBON STEEL STANDARD WLD SR 90 ELBOW  FITTING   
15  27497                 16 CARBON STEEL STANDARD WLD SR 90 ELBOW  FITTING   
16  24747                       18 CS EXTRA HEAVY WELD LR 90 ELBOW  FITTING   
17  24746                       18 CS EXTRA HEAVY WELD LR 90 ELBOW  FITTING   
18  25005                               30 CS STD WELD LR 90 ELBOW  FITTING   
19  24735     18 CARBON STEEL EXTRA HEAVY WLD LONG RADIUS 90 ELBOW  FITTING   
20  24736     18 CARBON STEEL EXTRA HEAVY WLD LONG RADIUS 90 ELBOW  FITTING   
21  24958                                8 CS STD WELD LR 90 ELBOW  FITTING   
22  24981        16 CARBON STEEL STANDARD WLD LONG RADIUS 90 ELBOW  FITTING   
23  24723        16 CARBON STEEL STANDARD WLD LONG RADIUS 90 ELBOW  FITTING   
24  42849      18 CARBON STEEL STANDARD WELD SHORT RADIUS 90 ELBOW  FITTING   

                     TYPE PRIMARY_SIZE REDUCING_SIZE LENGTH MATERIAL_NAME  \
0      LR 90 DEGREE ELBOW           18           NAN    NAN  CARBON STEEL   
1      SR 90 DEGREE ELBOW           18           NAN    NAN  CARBON STEEL   
2      LR 90 DEGREE ELBOW           18           NAN    NAN  CARBON STEEL   
3    LONG RADIUS 90 ELBOW         18.0           NAN    NAN  CARBON STEEL   
4      LR 90 DEGREE ELBOW           18           NAN    NAN  CARBON STEEL   
5      LR 90 DEGREE ELBOW           18           NAN    NAN  CARBON STEEL   
6         45 DEGREE ELBOW           18           NAN    NAN  CARBON STEEL   
7         45 DEGREE ELBOW           18           NAN    NAN  CARBON STEEL   
8      LR 90 DEGREE ELBOW           16            10    NAN  CARBON STEEL   
9      LR 90 DEGREE ELBOW           18           NAN    NAN  CARBON STEEL   
10     LR 90 DEGREE ELBOW           36           NAN    NAN  CARBON STEEL   
11     LR 90 DEGREE ELBOW           18           NAN    NAN  CARBON STEEL   
12     LR 90 DEGREE ELBOW           12           NAN    NAN  CARBON STEEL   
13   LONG RADIUS 90 ELBOW         18.0           NAN    NAN  CARBON STEEL   
14     SR 90 DEGREE ELBOW           16           NAN    NAN  CARBON STEEL   
15     SR 90 DEGREE ELBOW           16           NAN    NAN  CARBON STEEL   
16     LR 90 DEGREE ELBOW           18           NAN    NAN  CARBON STEEL   
17     LR 90 DEGREE ELBOW           18           NAN    NAN  CARBON STEEL   
18            LR 90 ELBOW           30           NAN    NAN  CARBON STEEL   
19     LR 90 DEGREE ELBOW           18           NAN    NAN  CARBON STEEL   
20     LR 90 DEGREE ELBOW           18           NAN    NAN  CARBON STEEL   
21     LR 90 DEGREE ELBOW            8           NAN    NAN  CARBON STEEL   
22            LR 90 ELBOW           16           NAN    NAN  CARBON STEEL   
23     LR 90 DEGREE ELBOW           16           NAN    NAN  CARBON STEEL   
24  SHORT RADIUS 90 ELBOW         18.0           NAN    NAN  CARBON STEEL   

   MATERIAL_SPECIFICATION MATERIAL_GRADE  ... PRIMARY_SCHEDULE  \
0                     NAN            NAN  ...              STD   
1                     NAN            NAN  ...              STD   
2                     NAN            NAN  ...              STD   
3                     NAN            NAN  ...         STANDARD   
4                     NAN            NAN  ...              STD   
5                     NAN            NAN  ...              STD   
6                     NAN            NAN  ...              STD   
7                     NAN            NAN  ...              STD   
8                     NAN            NAN  ...              STD   
9                    WPL6            NAN  ...              STD   
10                    NAN            NAN  ...              STD   
11                   WPL6            NAN  ...              STD   
12                    NAN            NAN  ...              STD   
13                   WPL6            NAN  ...         STANDARD   
14                    NAN            NAN  ...              STD   
15                    NAN            NAN  ...              STD   
16                    NAN            NAN  ...               XH   
17                    NAN            NAN  ...               XH   
18                    NAN            NAN  ...              STD   
19                    NAN            NAN  ...               XH   
20                    NAN            NAN  ...               XH   
21                    NAN            NAN  ...              STD   
22                    NAN            NAN  ...              STD   
23                    NAN            NAN  ...              STD   
24                    NAN            NAN  ...         STANDARD   

   REDUCING_SCHEDULE MANUFACTURING_PROCESS END_FINISH END_CONNECTIONS TRIM  \
0                NAN                WELDED        NAN             NAN  NAN   
1                NAN                WELDED        NAN             NAN  NAN   
2                NAN                   NAN        NAN             NAN  NAN   
3                NAN                WELDED        NAN       BUTT WELD  NAN   
4                NAN                WELDED        NAN             NAN  NAN   
5                NAN                   NAN         BW             NAN  NAN   
6                NAN                WELDED        NAN             NAN  NAN   
7                NAN                   NAN       WELD             NAN  NAN   
8                NAN                   NAN         BW             NAN  NAN   
9                NAN                WELDED         BW             NAN  NAN   
10               NAN                WELDED        NAN             NAN  NAN   
11               NAN                   NAN         BW             NAN  NAN   
12               NAN                   NAN         BW             NAN  NAN   
13               NAN                  WELD        NAN             NAN  NAN   
14               NAN                WELDED        NAN             NAN  NAN   
15               NAN                WELDED        NAN             NAN  NAN   
16               NAN                  WELD        NAN             NAN  NAN   
17               NAN                   NAN         BW             NAN  NAN   
18               NAN                WELDED         BW             NAN  NAN   
19               NAN                  WELD        NAN             NAN  NAN   
20               NAN                  WELD        NAN             NAN  NAN   
21               NAN                WELDED        NAN             NAN  NAN   
22               NAN                  WELD        NAN             NAN  NAN   
23               NAN                   NAN         BW             NAN  NAN   
24               NAN                  WELD        NAN             NAN  NAN   

   MISCELLANEOUS CONFIDENCE     id     score  
0            NAN       0.80  24739  0.783939  
1            NAN       0.80  27502  0.783376  
2            NAN       0.80  24740  0.783313  
3            NAN       0.80  42848  0.779679  
4            NAN       0.80  24738  0.779679  
5            NAN       0.80  24737  0.778673  
6            NAN       0.80  22410  0.772779  
7            NAN       0.80  22411  0.772775  
8            NAN       0.80  24733  0.769366  
9            NAN       0.90  24743  0.767917  
10           NAN       0.80  24870  0.767895  
11           NAN       0.90  24742  0.767314  
12           NAN       0.80  24700  0.765611  
13           NAN       0.90  42843  0.765540  
14           NAN       0.80  27496  0.764150  
15           NAN       0.80  27497  0.764145  
16           NAN       0.80  24747  0.762461  
17           NAN       0.80  24746  0.762452  
18           NAN       0.80  25005  0.761950  
19           NAN       0.85  24735  0.761165  
20           NAN       0.80  24736  0.761165  
21           NAN       0.80  24958  0.760618  
22           NAN       0.80  24981  0.760182  
23           NAN       0.80  24723  0.760177  
24           NAN       0.90  42849  0.760160  

[25 rows x 21 columns]",7,GOOD
32,"18"" PIPE, ASTM A53, GRADE B, CS BLK, ERW, SCH.STD",18 BLACK PLAIN END A53B STANDARD ELECTRIC RESISTANCE WELDED DRL PIPE,True,32,45,9.966842900000074,"       ID                                                        DESCRIPTION  \
0   26711                      18 BLACK PLAIN END A53B STANDARD ERW SRL PIPE   
1   26710                      18 BLACK PLAIN END A53B STANDARD ERW SRL PIPE   
2   26707     18 BLACK PLAIN END A53B STANDARD ERW DOUBLE RANDOM LENGTH PIPE   
3   26709     18 BLACK PLAIN END A53B STANDARD ERW DOUBLE RANDOM LENGTH PIPE   
4   26708     18 BLACK PLAIN END A53B STANDARD ERW DOUBLE RANDOM LENGTH PIPE   
5   26667                      16 BLACK PLAIN END A53B SCHEDULE 40 BARE PIPE   
6   26672                      16 BLACK PLAIN END A53B STANDARD ERW SRL PIPE   
7   26671                      16 BLACK PLAIN END A53B STANDARD ERW SRL PIPE   
8   26706                   18 BLACK PLAIN END A53B SCHEDULE 10 ERW SRL PIPE   
9   27376  18 BLACK PLAIN END A53B SCHEDULE 10 ERW DOUBLE RANDOM LENGTH PIPE   
10  26670     16 BLACK PLAIN END A53B STANDARD ERW DOUBLE RANDOM LENGTH PIPE   
11  26669     16 BLACK PLAIN END A53B STANDARD ERW DOUBLE RANDOM LENGTH PIPE   
12  26668     16 BLACK PLAIN END A53B STANDARD ERW DOUBLE RANDOM LENGTH PIPE   
13  26705                   18 BLACK PLAIN END A53B EXTRA HEAVY ERW SRL PIPE   
14  26704  18 BLACK PLAIN END A53B EXTRA HEAVY ERW DOUBLE RANDOM LENGTH PIPE   
15  26697                18 BLACK PLAIN END A106B STANDARD SEAMLESS SRL PIPE   
16  26698                18 BLACK PLAIN END A106B STANDARD SEAMLESS SRL PIPE   
17  26696                18 BLACK PLAIN END A106B STANDARD SEAMLESS SRL PIPE   
18  26893                      24 BLACK PLAIN END A53B STANDARD ERW SRL PIPE   
19  26894                      24 BLACK PLAIN END A53B STANDARD ERW SRL PIPE   
20  26890     24 BLACK PLAIN END A53B STANDARD ERW DOUBLE RANDOM LENGTH PIPE   
21  26891     24 BLACK PLAIN END A53B STANDARD ERW DOUBLE RANDOM LENGTH PIPE   
22  26889     24 BLACK PLAIN END A53B STANDARD ERW DOUBLE RANDOM LENGTH PIPE   
23  26892     24 BLACK PLAIN END A53B STANDARD ERW DOUBLE RANDOM LENGTH PIPE   
24  26666                           16 BLACK PLAIN END A53B SCHEDULE 10 PIPE   

   CATEGORY            TYPE PRIMARY_SIZE REDUCING_SIZE LENGTH MATERIAL_NAME  \
0      PIPE            PIPE           18           NAN    NAN  CARBON STEEL   
1      PIPE            PIPE           18           NAN    NAN  CARBON STEEL   
2      PIPE            PIPE           18           NAN    NAN  CARBON STEEL   
3      PIPE            PIPE           18           NAN    NAN  CARBON STEEL   
4      PIPE            PIPE           18           NAN    NAN  CARBON STEEL   
5      PIPE            PIPE           16           NAN    NAN  CARBON STEEL   
6      PIPE            PIPE           16           NAN    NAN  CARBON STEEL   
7      PIPE            PIPE           16           NAN    NAN  CARBON STEEL   
8      PIPE            PIPE           18           NAN    NAN  CARBON STEEL   
9      PIPE  PLAIN END PIPE           18           NAN    NAN  CARBON STEEL   
10     PIPE            PIPE           16           NAN    NAN  CARBON STEEL   
11     PIPE            PIPE           16           NAN    NAN  CARBON STEEL   
12     PIPE            PIPE           16           NAN    NAN  CARBON STEEL   
13     PIPE            PIPE           18           NAN    NAN  CARBON STEEL   
14     PIPE            PIPE           18           NAN    NAN  CARBON STEEL   
15     PIPE            PIPE           18           NAN    NAN  CARBON STEEL   
16     PIPE            PIPE           18           NAN    NAN  CARBON STEEL   
17     PIPE            PIPE           18           NAN    NAN  CARBON STEEL   
18     PIPE            PIPE           24           NAN    NAN  CARBON STEEL   
19     PIPE            PIPE           24           NAN    NAN  CARBON STEEL   
20     PIPE            PIPE           24           NAN    NAN  CARBON STEEL   
21     PIPE            PIPE           24           NAN    NAN  CARBON STEEL   
22     PIPE            PIPE           24           NAN    NAN  CARBON STEEL   
23     PIPE            PIPE           24           NAN    NAN  CARBON STEEL   
24     PIPE            PIPE           16           NAN    NAN  CARBON STEEL   

   MATERIAL_SPECIFICATION MATERIAL_GRADE  ... PRIMARY_SCHEDULE  \
0                     A53              B  ...              STD   
1                     A53              B  ...              STD   
2                     A53              B  ...              STD   
3                     A53              B  ...              STD   
4                     A53              B  ...              STD   
5                     A53              B  ...               40   
6                     A53              B  ...              STD   
7                     A53              B  ...              STD   
8                     A53              B  ...               10   
9                     A53              B  ...               10   
10                    A53              B  ...              STD   
11                    A53              B  ...              STD   
12                    A53              B  ...              STD   
13                    A53              B  ...               XH   
14                    A53              B  ...               XH   
15                   A106              B  ...              STD   
16                   A106              B  ...              STD   
17                   A106              B  ...              STD   
18                    A53              B  ...              STD   
19                    A53              B  ...              STD   
20                    A53              B  ...              STD   
21                    A53              B  ...              STD   
22                    A53              B  ...              STD   
23                    A53              B  ...              STD   
24                    A53              B  ...               10   

   REDUCING_SCHEDULE MANUFACTURING_PROCESS END_FINISH END_CONNECTIONS TRIM  \
0                NAN                   ERW         PE              PE  NAN   
1                NAN                   ERW         PE             NAN  NAN   
2                NAN                   ERW  PLAIN END             NAN  NAN   
3                NAN                   ERW         PE             NAN  NAN   
4                NAN                   ERW  PLAIN END             NAN  NAN   
5                NAN                   NAN  PLAIN END              PE  NAN   
6                NAN                   ERW         PE             NAN  NAN   
7                NAN                   ERW         PE             NAN  NAN   
8                NAN                   ERW  PLAIN END             NAN  NAN   
9                NAN                   ERW  PLAIN END             NAN  NAN   
10               NAN                   ERW  PLAIN END             NAN  NAN   
11               NAN                   ERW         PE              PE  NAN   
12               NAN                   ERW  PLAIN END             NAN  NAN   
13               NAN                   ERW         PE             NAN  NAN   
14               NAN                   ERW  PLAIN END             NAN  NAN   
15               NAN                  SMLS         PE             NAN  NAN   
16               NAN                  SMLS         PE              PE  NAN   
17               NAN                  SMLS         PE             NAN  NAN   
18               NAN                   ERW         PE              PE  NAN   
19               NAN                   ERW  PLAIN END             NAN  NAN   
20               NAN                   ERW         PE             NAN  NAN   
21               NAN                   ERW  PLAIN END             NAN  NAN   
22               NAN                   ERW  PLAIN END             NAN  NAN   
23               NAN                   ERW         PE             NAN  NAN   
24               NAN                   NAN  PLAIN END             NAN  NAN   

           MISCELLANEOUS CONFIDENCE     id     score  
0    BLACK PLAIN END SRL       0.90  26711  0.793475  
1    BLACK PLAIN END SRL       0.95  26710  0.792909  
2                  BLACK       0.95  26707  0.789437  
3   DOUBLE RANDOM LENGTH       0.95  26709  0.789416  
4                  BLACK       0.95  26708  0.789416  
5             BLACK BARE       0.90  26667  0.786841  
6                  BLACK       0.95  26672  0.775961  
7                  BLACK       0.95  26671  0.775876  
8              BLACK SRL       0.95  26706  0.773474  
9                  BLACK       0.95  27376  0.773393  
10                 BLACK       0.95  26670  0.771947  
11                 BLACK       0.95  26669  0.771813  
12                 BLACK       0.95  26668  0.771792  
13   BLACK PLAIN END SRL       0.95  26705  0.771487  
14             BLACK DRL       0.95  26704  0.770590  
15                 BLACK       0.95  26697  0.764525  
16   BLACK PLAIN END SRL       0.90  26698  0.764052  
17                 BLACK       0.90  26696  0.764038  
18   BLACK PLAIN END SRL       0.95  26893  0.760905  
19             BLACK SRL       0.95  26894  0.760839  
20   BLACK PLAIN END DRL       0.95  26890  0.760417  
21             BLACK DRL       0.95  26891  0.760417  
22                 BLACK       0.95  26889  0.760417  
23   BLACK PLAIN END DRL       0.95  26892  0.760381  
24                 BLACK       0.90  26666  0.760207  

[25 rows x 21 columns]",9,GOOD
33,"14 PIPE , ASME B36.19 , BEVELED END , ASTM A312 GRADE TP304/TP304L , ELECTRIC FUSION WELDED , (EJ = 0.80) S-40S",14 STAINLESS STEEL SCHEDULE 40S 304L A312 WELD PIPE,True,33,11,20.976248700000042,"       ID                                          DESCRIPTION CATEGORY  \
0   39142          14 STAINLESS STEEL S40S 304L A312 WELD PIPE     PIPE   
1   41295          14 STAINLESS STEEL S40S 304L A312 WELD PIPE     PIPE   
2   39141          14 STAINLESS STEEL S40S 304L A312 WELD PIPE     PIPE   
3   41292          12 STAINLESS STEEL S40S 304L A312 WELD PIPE     PIPE   
4   39117          12 STAINLESS STEEL S40S 304L A312 WELD PIPE     PIPE   
5   39118          12 STAINLESS STEEL S40S 304L A312 WELD PIPE     PIPE   
6   39116          12 STAINLESS STEEL S40S 304L A312 WELD PIPE     PIPE   
7   39697                       12 SS S40S 304L A312 WELD PIPE     PIPE   
8   39158          16 STAINLESS STEEL S40S 304L A312 WELD PIPE     PIPE   
9   39157          16 STAINLESS STEEL S40S 304L A312 WELD PIPE     PIPE   
10  39502          36 STAINLESS STEEL S40S 304L A312 WELD PIPE     PIPE   
11  42799  14 STAINLESS STEEL SCHEDULE 40S 304L A312 WELD PIPE     PIPE   
12  39140      14 STAINLESS STEEL S40S 304L A312 SEAMLESS PIPE     PIPE   
13  43021  36 STAINLESS STEEL SCHEDULE 40S 304L A312 WELD PIPE     PIPE   
14  39144          14 STAINLESS STEEL S40S 316L A312 WELD PIPE     PIPE   
15  41296          14 STAINLESS STEEL S40S 316L A312 WELD PIPE     PIPE   
16  39145          14 STAINLESS STEEL S40S 316L A312 WELD PIPE     PIPE   
17  38808                            4X12 S40 304L WLD NIP TBE  FITTING   
18  41303          18 STAINLESS STEEL S40S 304L A312 WELD PIPE     PIPE   
19  39176          18 STAINLESS STEEL S40S 304L A312 WELD PIPE     PIPE   
20  39153   14 STAINLESS STEEL SCHEDULE 40 304L A312 WELD PIPE     PIPE   
21  39175          18 STAINLESS STEEL S40S 304L A312 WELD PIPE     PIPE   
22  41304          18 STAINLESS STEEL S40S 304L A312 WELD PIPE     PIPE   
23  38104                            1X4 S40 304L SMLS NIP TBE  FITTING   
24  39114      12 STAINLESS STEEL S40S 304L A312 SEAMLESS PIPE     PIPE   

         TYPE PRIMARY_SIZE REDUCING_SIZE LENGTH    MATERIAL_NAME  \
0        PIPE           14           NAN    NAN  STAINLESS STEEL   
1   WELD PIPE           14           NAN    NAN  STAINLESS STEEL   
2        PIPE           14           NAN    NAN  STAINLESS STEEL   
3   WELD PIPE           12           NAN    NAN  STAINLESS STEEL   
4        PIPE           12           NAN    NAN  STAINLESS STEEL   
5        PIPE           12           NAN    NAN  STAINLESS STEEL   
6        PIPE           12           NAN    NAN  STAINLESS STEEL   
7        PIPE           12           NAN    NAN  STAINLESS STEEL   
8        PIPE           16           NAN    NAN  STAINLESS STEEL   
9        PIPE           16           NAN    NAN  STAINLESS STEEL   
10       PIPE           36           NAN    NAN  STAINLESS STEEL   
11       PIPE         14.0           NAN    NAN  STAINLESS STEEL   
12       PIPE           14           NAN    NAN  STAINLESS STEEL   
13       PIPE         36.0           NAN    NAN  STAINLESS STEEL   
14       PIPE           14           NAN    NAN  STAINLESS STEEL   
15  WELD PIPE           14           NAN    NAN  STAINLESS STEEL   
16       PIPE           14           NAN    NAN  STAINLESS STEEL   
17     NIPPLE            4           NAN     12  STAINLESS STEEL   
18  WELD PIPE           18           NAN    NAN  STAINLESS STEEL   
19       PIPE           18           NAN    NAN  STAINLESS STEEL   
20       PIPE           14           NAN    NAN  STAINLESS STEEL   
21       PIPE           18           NAN    NAN  STAINLESS STEEL   
22  WELD PIPE           18           NAN    NAN  STAINLESS STEEL   
23     NIPPLE            1           NAN      4  STAINLESS STEEL   
24       PIPE           12           NAN    NAN  STAINLESS STEEL   

   MATERIAL_SPECIFICATION MATERIAL_GRADE  ... PRIMARY_SCHEDULE  \
0                    A312           304L  ...              40S   
1                    A312           304L  ...              40S   
2                    A312           304L  ...              40S   
3                    A312           304L  ...              40S   
4                    A312           304L  ...              40S   
5                    A312           304L  ...              40S   
6                    A312           304L  ...              40S   
7                    A312           304L  ...              40S   
8                    A312           304L  ...              40S   
9                    A312           304L  ...              40S   
10                   A312           304L  ...              40S   
11                   A312           304L  ...              40S   
12                   A312           304L  ...              40S   
13                   A312           304L  ...              40S   
14                   A312           316L  ...              40S   
15                   A312           316L  ...              40S   
16                   A312           316L  ...              40S   
17                   304L            NAN  ...               40   
18                   A312           304L  ...              40S   
19                   A312           304L  ...              40S   
20                   A312           304L  ...               40   
21                   A312           304L  ...              40S   
22                   A312           304L  ...              40S   
23                   304L            NAN  ...               40   
24                   A312           304L  ...              40S   

   REDUCING_SCHEDULE MANUFACTURING_PROCESS END_FINISH END_CONNECTIONS TRIM  \
0                NAN                WELDED        NAN             NAN  NAN   
1                NAN                WELDED        NAN             NAN  NAN   
2                NAN                  WELD        NAN             NAN  NAN   
3                NAN                WELDED        NAN             NAN  NAN   
4                NAN                WELDED        NAN             NAN  NAN   
5                NAN                  WELD        NAN             NAN  NAN   
6                NAN                WELDED        NAN             NAN  NAN   
7                NAN                WELDED        NAN             NAN  NAN   
8                NAN                  WELD        NAN             NAN  NAN   
9                NAN                WELDED        NAN             NAN  NAN   
10               NAN                  WELD        NAN             NAN  NAN   
11               NAN                  WELD        NAN             NAN  NAN   
12               NAN              SEAMLESS        NAN             NAN  NAN   
13               NAN                WELDED        NAN             NAN  NAN   
14               NAN                  WELD        NAN             NAN  NAN   
15               NAN                WELDED        NAN             NAN  NAN   
16               NAN                WELDED        NAN             NAN  NAN   
17               NAN                   NAN        NAN        THD X BW  NAN   
18               NAN                WELDED        NAN             NAN  NAN   
19               NAN                WELDED        NAN             NAN  NAN   
20               NAN                WELDED        NAN             NAN  NAN   
21               NAN                  WELD        NAN             NAN  NAN   
22               NAN                WELDED        NAN             NAN  NAN   
23               NAN              SEAMLESS        NAN        THD X BW  NAN   
24               NAN              SEAMLESS        NAN             NAN  NAN   

   MISCELLANEOUS CONFIDENCE     id     score  
0            NAN       0.95  39142  0.768502  
1            NAN       0.90  41295  0.768502  
2            NAN       0.95  39141  0.768502  
3            NAN       0.95  41292  0.761279  
4            NAN       0.95  39117  0.761238  
5            NAN       0.95  39118  0.761238  
6            NAN       0.95  39116  0.761235  
7            NAN       0.95  39697  0.758964  
8            NAN       0.95  39158  0.758881  
9            NAN       0.90  39157  0.758841  
10           NAN       0.90  39502  0.756996  
11           NAN       0.90  42799  0.756800  
12           NAN       0.95  39140  0.754423  
13           NAN       0.90  43021  0.750197  
14           NAN       0.95  39144  0.748027  
15           NAN       0.95  41296  0.747977  
16           NAN       0.95  39145  0.747928  
17           NAN       0.90  38808  0.747294  
18           NAN       0.95  41303  0.746855  
19           NAN       0.95  39176  0.746855  
20           NAN       0.90  39153  0.746741  
21           NAN       0.90  39175  0.745964  
22           NAN       0.90  41304  0.745955  
23           NAN       0.95  38104  0.743176  
24           NAN       0.95  39114  0.742201  

[25 rows x 21 columns]",8,GOOD
34,"8 PIPE , ASME B36.19 , BEVELED END , ASTM A312 GRADE TP316/TP316L , ELECTRIC FUSION WELDED , (EJ = 0.80) S-10S",8 STAINLESS STEEL SCHEDULE 10 316L A312 WELD PIPE,True,34,4,9.661879400000089,"       ID                                          DESCRIPTION CATEGORY  \
0   41302  16 STAINLESS STEEL SCHEDULE 10S 316L A312 WELD PIPE     PIPE   
1   42820  16 STAINLESS STEEL SCHEDULE 10S 316L A312 WELD PIPE     PIPE   
2   39168  16 STAINLESS STEEL SCHEDULE 10S 316L A312 WELD PIPE     PIPE   
3   39169  16 STAINLESS STEEL SCHEDULE 10S 316L A312 WELD PIPE     PIPE   
4   39662    8 STAINLESS STEEL SCHEDULE 10 316L A312 WELD PIPE     PIPE   
5   43188    8 STAINLESS STEEL SCHEDULE 10 316L A312 WELD PIPE     PIPE   
6   39660    8 STAINLESS STEEL SCHEDULE 10 316L A312 WELD PIPE     PIPE   
7   39661    8 STAINLESS STEEL SCHEDULE 10 316L A312 WELD PIPE     PIPE   
8   39137  12 STAINLESS STEEL SCHEDULE 10S 316L A312 WELD PIPE     PIPE   
9   39138  12 STAINLESS STEEL SCHEDULE 10S 316L A312 WELD PIPE     PIPE   
10  39532    4 STAINLESS STEEL SCHEDULE 10 316L A312 WELD PIPE     PIPE   
11  41313    4 STAINLESS STEEL SCHEDULE 10 316L A312 WELD PIPE     PIPE   
12  39531    4 STAINLESS STEEL SCHEDULE 10 316L A312 WELD PIPE     PIPE   
13  39528    4 STAINLESS STEEL SCHEDULE 10 316L A312 WELD PIPE     PIPE   
14  39530    4 STAINLESS STEEL SCHEDULE 10 316L A312 WELD PIPE     PIPE   
15  39529    4 STAINLESS STEEL SCHEDULE 10 316L A312 WELD PIPE     PIPE   
16  39574    5 STAINLESS STEEL SCHEDULE 10 316L A312 WELD PIPE     PIPE   
17  39575    5 STAINLESS STEEL SCHEDULE 10 316L A312 WELD PIPE     PIPE   
18  41316                       16 SS S10S 304L A312 WELD PIPE     PIPE   
19  39642                         8 SS S10 304L A312 SMLS PIPE     PIPE   
20  39605    6 STAINLESS STEEL SCHEDULE 10 316L A312 WELD PIPE     PIPE   
21  39606    6 STAINLESS STEEL SCHEDULE 10 316L A312 WELD PIPE     PIPE   
22  39607    6 STAINLESS STEEL SCHEDULE 10 316L A312 WELD PIPE     PIPE   
23  39643                         8 SS S40 316L A312 SMLS PIPE     PIPE   
24  39187  18 STAINLESS STEEL SCHEDULE 10S 316L A312 WELD PIPE     PIPE   

         TYPE PRIMARY_SIZE REDUCING_SIZE LENGTH    MATERIAL_NAME  \
0   WELD PIPE           16           NAN    NAN  STAINLESS STEEL   
1        PIPE         16.0           NAN    NAN  STAINLESS STEEL   
2        PIPE           16           NAN    NAN  STAINLESS STEEL   
3        PIPE           16           NAN    NAN  STAINLESS STEEL   
4        PIPE            8           NAN    NAN  STAINLESS STEEL   
5        PIPE          8.0           NAN    NAN  STAINLESS STEEL   
6        PIPE            8           NAN    NAN  STAINLESS STEEL   
7        PIPE            8           NAN    NAN  STAINLESS STEEL   
8        PIPE           12           NAN    NAN  STAINLESS STEEL   
9        PIPE           12           NAN    NAN  STAINLESS STEEL   
10       PIPE            4           NAN    NAN  STAINLESS STEEL   
11  WELD PIPE            4           NAN    NAN  STAINLESS STEEL   
12       PIPE            4           NAN    NAN  STAINLESS STEEL   
13       PIPE            4           NAN    NAN  STAINLESS STEEL   
14       PIPE            4           NAN    NAN  STAINLESS STEEL   
15       PIPE            4           NAN    NAN  STAINLESS STEEL   
16       PIPE            5           NAN    NAN  STAINLESS STEEL   
17       PIPE            5           NAN    NAN  STAINLESS STEEL   
18  WELD PIPE           16           NAN    NAN  STAINLESS STEEL   
19       PIPE            8           NAN    NAN  STAINLESS STEEL   
20       PIPE            6           NAN    NAN  STAINLESS STEEL   
21       PIPE            6           NAN    NAN  STAINLESS STEEL   
22       PIPE            6           NAN    NAN  STAINLESS STEEL   
23       PIPE            8           NAN    NAN  STAINLESS STEEL   
24       PIPE           18           NAN    NAN  STAINLESS STEEL   

   MATERIAL_SPECIFICATION MATERIAL_GRADE  ... PRIMARY_SCHEDULE  \
0                    A312           316L  ...              10S   
1                    A312           316L  ...              10S   
2                    A312           316L  ...              10S   
3                    A312           316L  ...              10S   
4                    A312           316L  ...               10   
5                    A312           316L  ...               10   
6                    A312           316L  ...               10   
7                    A312           316L  ...               10   
8                    A312           316L  ...              10S   
9                    A312           316L  ...              10S   
10                   A312           316L  ...               10   
11                   A312           316L  ...               10   
12                   A312           316L  ...               10   
13                   A312           316L  ...               10   
14                   A312           316L  ...               10   
15                   A312           316L  ...               10   
16                   A312           316L  ...               10   
17                   A312           316L  ...               10   
18                   A312           304L  ...              10S   
19                   A312           304L  ...               10   
20                   A312           316L  ...               10   
21                   A312           316L  ...               10   
22                   A312           316L  ...               10   
23                   A312           316L  ...               40   
24                   A312           316L  ...              10S   

   REDUCING_SCHEDULE MANUFACTURING_PROCESS END_FINISH END_CONNECTIONS TRIM  \
0                NAN                WELDED        NAN             NAN  NAN   
1                NAN                WELDED        NAN             NAN  NAN   
2                NAN                WELDED        NAN             NAN  NAN   
3                NAN                WELDED        NAN             NAN  NAN   
4                NAN                WELDED        NAN             NAN  NAN   
5                NAN                  WELD        NAN             NAN  NAN   
6                NAN                WELDED        NAN             NAN  NAN   
7                NAN                WELDED        NAN             NAN  NAN   
8                NAN                  WELD        NAN             NAN  NAN   
9                NAN                  WELD        NAN             NAN  NAN   
10               NAN                WELDED        NAN             NAN  NAN   
11               NAN                WELDED        NAN             NAN  NAN   
12               NAN                WELDED        NAN             NAN  NAN   
13               NAN                WELDED        NAN             NAN  NAN   
14               NAN                  WELD        NAN             NAN  NAN   
15               NAN                  WELD        NAN             NAN  NAN   
16               NAN                WELDED        NAN             NAN  NAN   
17               NAN                WELDED        NAN             NAN  NAN   
18               NAN                WELDED        NAN             NAN  NAN   
19               NAN              SEAMLESS        NAN             NAN  NAN   
20               NAN                WELDED        NAN             NAN  NAN   
21               NAN                WELDED        NAN             NAN  NAN   
22               NAN                WELDED        NAN             NAN  NAN   
23               NAN              SEAMLESS        NAN             NAN  NAN   
24               NAN                  WELD        NAN             NAN  NAN   

   MISCELLANEOUS CONFIDENCE     id     score  
0            NAN       0.90  41302  0.763839  
1            NAN       0.90  42820  0.763501  
2            NAN       0.90  39168  0.763501  
3            NAN       0.90  39169  0.763501  
4            NAN       0.90  39662  0.761755  
5            NAN       0.90  43188  0.761693  
6            NAN       0.90  39660  0.761693  
7            NAN       0.90  39661  0.761693  
8            NAN       0.95  39137  0.759801  
9            NAN       0.95  39138  0.759801  
10           NAN       0.90  39532  0.758851  
11           NAN       0.90  41313  0.758851  
12           NAN       0.90  39531  0.758821  
13           NAN       0.90  39528  0.758817  
14           NAN       0.90  39530  0.758817  
15           NAN       0.90  39529  0.758786  
16           NAN       0.90  39574  0.757689  
17           NAN       0.90  39575  0.757631  
18           NAN       0.90  41316  0.756818  
19           NAN       0.95  39642  0.756276  
20           NAN       0.90  39605  0.754287  
21           NAN       0.90  39606  0.754285  
22           NAN       0.90  39607  0.754271  
23           NAN       0.95  39643  0.753556  
24           NAN       0.90  39187  0.752648  

[25 rows x 21 columns]",8,GOOD
35,"GASKET, SPIRAL WOUND, 8"" PIPE, 150 LB, 316 SS WINDING, GRAFOIL, W/ INNER RING",8 150 WRI 316 FG 316 IR GASKET *Z,True,35,115,9.017651599999908,"       ID                          DESCRIPTION CATEGORY          TYPE  \
0    6913     8 150 316 FG SPIRAL WOUND GASKET   GASKET  SPIRAL WOUND   
1    2188     8 150 304 FG SPIRAL WOUND GASKET   GASKET  SPIRAL WOUND   
2    2177    18 150 316 FG SPIRAL WOUND GASKET   GASKET  SPIRAL WOUND   
3   12992  8 1500 316 SPIRAL GASKET WITH GRAPH   GASKET        SPIRAL   
4   12424     6 150 316 FG SPIRAL WOUND GASKET   GASKET  SPIRAL WOUND   
5    3965     8 300 316 FG SPIRAL WOUND GASKET   GASKET  SPIRAL WOUND   
6   12405    12 150 316 FG SPIRAL WOUND GASKET   GASKET  SPIRAL WOUND   
7    2186     4 150 316 FG SPIRAL WOUND GASKET   GASKET  SPIRAL WOUND   
8    6910    10 150 316 FG SPIRAL WOUND GASKET   GASKET  SPIRAL WOUND   
9    2176    18 150 304 FG SPIRAL WOUND GASKET   GASKET  SPIRAL WOUND   
10  12423     6 150 304 FG SPIRAL WOUND GASKET   GASKET  SPIRAL WOUND   
11   6912     5 150 316 FG SPIRAL WOUND GASKET   GASKET  SPIRAL WOUND   
12   6911     3 150 316 FG SPIRAL WOUND GASKET   GASKET  SPIRAL WOUND   
13  11956   8 150 316 SPIRAL GASKET WITH GRAPH   GASKET        SPIRAL   
14   2187        6 150 304 SPIRAL WOUND GASKET   GASKET  SPIRAL WOUND   
15  11962     1 150 316 FG SPIRAL WOUND GASKET   GASKET  SPIRAL WOUND   
16   5075  4 1500 316 SPIRAL GASKET WITH GRAPH   GASKET        SPIRAL   
17   2175    16 150 304 FG SPIRAL WOUND GASKET   GASKET  SPIRAL WOUND   
18  12410     2 150 316 FG SPIRAL WOUND GASKET   GASKET  SPIRAL WOUND   
19   4889  6 1500 316 SPIRAL GASKET WITH GRAPH   GASKET        SPIRAL   
20  12991        8 1500 304 SPIRAL FLEX GASKET   GASKET        SPIRAL   
21  12421     4 150 304 FG SPIRAL WOUND GASKET   GASKET  SPIRAL WOUND   
22   2180    20 150 316 FG SPIRAL WOUND GASKET   GASKET  SPIRAL WOUND   
23  12413    24 150 304 FG SPIRAL WOUND GASKET   GASKET  SPIRAL WOUND   
24   2185        4 150 304 SPIRAL WOUND GASKET   GASKET  SPIRAL WOUND   

   PRIMARY_SIZE REDUCING_SIZE LENGTH    MATERIAL_NAME MATERIAL_SPECIFICATION  \
0             8           NAN    NAN              316                    NAN   
1             8           NAN    NAN  STAINLESS STEEL                    304   
2            18           NAN    NAN  STAINLESS STEEL                    316   
3             8           NAN    NAN  STAINLESS STEEL                    316   
4             6           NAN    NAN  STAINLESS STEEL                    316   
5             8           NAN    NAN  STAINLESS STEEL                    316   
6            12           NAN    NAN  STAINLESS STEEL                    316   
7             4           NAN    NAN  STAINLESS STEEL                    316   
8            10           NAN    NAN              316                    NAN   
9            18           NAN    NAN  STAINLESS STEEL                    304   
10            6           NAN    NAN  STAINLESS STEEL                    304   
11            5           NAN    NAN              316                    NAN   
12            3           NAN    NAN              316                    NAN   
13            8           NAN    NAN  STAINLESS STEEL                    316   
14            6           NAN    NAN  STAINLESS STEEL                    304   
15            1           NAN    NAN  STAINLESS STEEL                    316   
16            4           NAN    NAN  STAINLESS STEEL                    316   
17           16           NAN    NAN  STAINLESS STEEL                    304   
18            2           NAN    NAN  STAINLESS STEEL                    316   
19            6           NAN    NAN              316                    NAN   
20            8           NAN    NAN  STAINLESS STEEL                    304   
21            4           NAN    NAN  STAINLESS STEEL                    304   
22           20           NAN    NAN  STAINLESS STEEL                    316   
23           24           NAN    NAN  STAINLESS STEEL                    304   
24            4           NAN    NAN  STAINLESS STEEL                    304   

   MATERIAL_GRADE  ... PRIMARY_SCHEDULE REDUCING_SCHEDULE  \
0             NAN  ...              NAN               NAN   
1             NAN  ...              NAN               NAN   
2             NAN  ...              NAN               NAN   
3             NAN  ...              NAN               NAN   
4             NAN  ...              NAN               NAN   
5             NAN  ...              NAN               NAN   
6             NAN  ...              NAN               NAN   
7             NAN  ...              NAN               NAN   
8             NAN  ...              NAN               NAN   
9             NAN  ...              NAN               NAN   
10            NAN  ...              NAN               NAN   
11            NAN  ...              NAN               NAN   
12            NAN  ...              NAN               NAN   
13            NAN  ...              NAN               NAN   
14            NAN  ...              NAN               NAN   
15            NAN  ...              NAN               NAN   
16            NAN  ...              NAN               NAN   
17            NAN  ...              NAN               NAN   
18            NAN  ...              NAN               NAN   
19            NAN  ...              NAN               NAN   
20            NAN  ...              NAN               NAN   
21            NAN  ...              NAN               NAN   
22            NAN  ...              NAN               NAN   
23            NAN  ...              NAN               NAN   
24            NAN  ...              NAN               NAN   

   MANUFACTURING_PROCESS END_FINISH END_CONNECTIONS TRIM    MISCELLANEOUS  \
0                    NAN        NAN             NAN  NAN               FG   
1                    NAN        NAN             NAN  NAN               FG   
2                    NAN        NAN             NAN  NAN               FG   
3                    NAN        NAN             NAN  NAN    WITH GRAPHITE   
4                    NAN        NAN             NAN  NAN               FG   
5                    NAN        NAN             NAN  NAN               FG   
6                    NAN        NAN             NAN  NAN               FG   
7                    NAN        NAN             NAN  NAN               FG   
8                    NAN        NAN             NAN  NAN               FG   
9                    NAN        NAN             NAN  NAN               FG   
10                   NAN        NAN             NAN  NAN               FG   
11                   NAN        NAN             NAN  NAN               FG   
12                   NAN         FG             NAN  NAN              NAN   
13                   NAN        NAN             NAN  NAN    WITH GRAPHITE   
14                   NAN        NAN             NAN  NAN              NAN   
15                   NAN        NAN             NAN  NAN               FG   
16                   NAN        NAN             NAN  NAN    WITH GRAPHITE   
17                   NAN         FG             NAN  NAN              NAN   
18                   NAN        NAN             NAN  NAN               FG   
19                   NAN        NAN             NAN  NAN  GRAPHITE FILLER   
20          SPIRAL WOUND        NAN             NAN  NAN             FLEX   
21                   NAN        NAN             NAN  NAN               FG   
22                   NAN        NAN             NAN  NAN               FG   
23                   NAN        NAN             NAN  NAN               FG   
24                   NAN        NAN             NAN  NAN              NAN   

   CONFIDENCE     id     score  
0        0.90   6913  0.819365  
1        0.95   2188  0.804824  
2        0.95   2177  0.791824  
3        0.90  12992  0.790748  
4        0.90  12424  0.790005  
5        0.95   3965  0.780513  
6        0.95  12405  0.780142  
7        0.90   2186  0.777992  
8        0.95   6910  0.777647  
9        0.95   2176  0.777264  
10       0.95  12423  0.774682  
11       0.90   6912  0.772520  
12       0.90   6911  0.771661  
13       0.90  11956  0.771573  
14       0.95   2187  0.770908  
15       0.95  11962  0.766836  
16       0.95   5075  0.766578  
17       0.90   2175  0.765771  
18       0.95  12410  0.765228  
19       0.90   4889  0.765063  
20       0.95  12991  0.764519  
21       0.95  12421  0.764472  
22       0.95   2180  0.764359  
23       0.90  12413  0.762891  
24       0.95   2185  0.762678  

[25 rows x 21 columns]",8,GOOD
36,"16"" PIPE, ASTM A-312 304L SS, WELDED, SCH 10S, ASME B36.19M",16 STAINLESS STEEL SCHEDULE 10S 304L A312 WELD PIPE,True,36,0,8.340898299999935,"       ID                                             DESCRIPTION CATEGORY  \
0   39167     16 STAINLESS STEEL SCHEDULE 10S 304L A312 WELD PIPE     PIPE   
1   39163     16 STAINLESS STEEL SCHEDULE 10S 304L A312 WELD PIPE     PIPE   
2   39165     16 STAINLESS STEEL SCHEDULE 10S 304L A312 WELD PIPE     PIPE   
3   39166     16 STAINLESS STEEL SCHEDULE 10S 304L A312 WELD PIPE     PIPE   
4   39164     16 STAINLESS STEEL SCHEDULE 10S 304L A312 WELD PIPE     PIPE   
5   42833     16 STAINLESS STEEL SCHEDULE 10S 304L A312 WELD PIPE     PIPE   
6   39170      16 STAINLESS STEEL SCHEDULE 40 304L A312 WELD PIPE     PIPE   
7   39169     16 STAINLESS STEEL SCHEDULE 10S 316L A312 WELD PIPE     PIPE   
8   39168     16 STAINLESS STEEL SCHEDULE 10S 316L A312 WELD PIPE     PIPE   
9   42820     16 STAINLESS STEEL SCHEDULE 10S 316L A312 WELD PIPE     PIPE   
10  41302     16 STAINLESS STEEL SCHEDULE 10S 316L A312 WELD PIPE     PIPE   
11  41316                          16 SS S10S 304L A312 WELD PIPE     PIPE   
12  39171      16 STAINLESS STEEL SCHEDULE 80 304L A312 WELD PIPE     PIPE   
13  43118  6"" STAINLESS STEEL SCHEDULE 10 304L A312 SEAMLESS PIPE     PIPE   
14  39157             16 STAINLESS STEEL S40S 304L A312 WELD PIPE     PIPE   
15  39158             16 STAINLESS STEEL S40S 304L A312 WELD PIPE     PIPE   
16  39135     12 STAINLESS STEEL SCHEDULE 10S 304L A312 WELD PIPE     PIPE   
17  39136     12 STAINLESS STEEL SCHEDULE 10S 304L A312 WELD PIPE     PIPE   
18  39162             16 STAINLESS STEEL S80S 304L A312 WELD PIPE     PIPE   
19  39130      12 STAINLESS STEEL SCHEDULE 10 304L A312 WELD PIPE     PIPE   
20  41299            16 STAINLESS STEEL S40S 316 L A312 WELD PIPE     PIPE   
21  39129  12 STAINLESS STEEL SCHEDULE 10 304L A312 SEAMLESS PIPE     PIPE   
22  39160             16 STAINLESS STEEL S40S 316L A312 WELD PIPE     PIPE   
23  41301            16 STAINLESS STEEL S80S 316 L A312 WELD PIPE     PIPE   
24  41300             16 STAINLESS STEEL S40S 316L A312 WELD PIPE     PIPE   

             TYPE PRIMARY_SIZE REDUCING_SIZE LENGTH    MATERIAL_NAME  \
0            PIPE           16           NAN    NAN  STAINLESS STEEL   
1            PIPE           16           NAN    NAN  STAINLESS STEEL   
2            PIPE           16           NAN    NAN  STAINLESS STEEL   
3            PIPE           16           NAN    NAN  STAINLESS STEEL   
4            PIPE           16           NAN    NAN  STAINLESS STEEL   
5            PIPE         16.0           NAN    NAN  STAINLESS STEEL   
6            PIPE           16           NAN    NAN  STAINLESS STEEL   
7            PIPE           16           NAN    NAN  STAINLESS STEEL   
8            PIPE           16           NAN    NAN  STAINLESS STEEL   
9            PIPE         16.0           NAN    NAN  STAINLESS STEEL   
10      WELD PIPE           16           NAN    NAN  STAINLESS STEEL   
11      WELD PIPE           16           NAN    NAN  STAINLESS STEEL   
12           PIPE           16           NAN    NAN  STAINLESS STEEL   
13  SEAMLESS PIPE          6.0           NAN    NAN  STAINLESS STEEL   
14           PIPE           16           NAN    NAN  STAINLESS STEEL   
15           PIPE           16           NAN    NAN  STAINLESS STEEL   
16           PIPE           12           NAN    NAN  STAINLESS STEEL   
17           PIPE           12           NAN    NAN  STAINLESS STEEL   
18           PIPE           16           NAN    NAN  STAINLESS STEEL   
19           PIPE           12           NAN    NAN  STAINLESS STEEL   
20      WELD PIPE           16           NAN    NAN  STAINLESS STEEL   
21           PIPE           12           NAN    NAN  STAINLESS STEEL   
22           PIPE           16           NAN    NAN  STAINLESS STEEL   
23      WELD PIPE           16           NAN    NAN  STAINLESS STEEL   
24      WELD PIPE           16           NAN    NAN  STAINLESS STEEL   

   MATERIAL_SPECIFICATION MATERIAL_GRADE  ... PRIMARY_SCHEDULE  \
0                    A312           304L  ...              10S   
1                    A312           304L  ...              10S   
2                    A312           304L  ...              10S   
3                    A312           304L  ...              10S   
4                    A312           304L  ...              10S   
5                    A312           304L  ...              10S   
6                    A312           304L  ...               40   
7                    A312           316L  ...              10S   
8                    A312           316L  ...              10S   
9                    A312           316L  ...              10S   
10                   A312           316L  ...              10S   
11                   A312           304L  ...              10S   
12                   A312           304L  ...               80   
13                   A312           304L  ...               10   
14                   A312           304L  ...              40S   
15                   A312           304L  ...              40S   
16                   A312           304L  ...              10S   
17                   A312           304L  ...              10S   
18                   A312           304L  ...              80S   
19                   A312           304L  ...               10   
20                   A312           316L  ...              40S   
21                   A312           304L  ...               10   
22                   A312           316L  ...              40S   
23                   A312           316L  ...              80S   
24                   A312           316L  ...              40S   

   REDUCING_SCHEDULE MANUFACTURING_PROCESS END_FINISH END_CONNECTIONS TRIM  \
0                NAN                WELDED        NAN             NAN  NAN   
1                NAN                WELDED        NAN             NAN  NAN   
2                NAN                WELDED        NAN             NAN  NAN   
3                NAN                WELDED        NAN             NAN  NAN   
4                NAN                  WELD        NAN             NAN  NAN   
5                NAN                  WELD        NAN             NAN  NAN   
6                NAN                WELDED        NAN             NAN  NAN   
7                NAN                WELDED        NAN             NAN  NAN   
8                NAN                WELDED        NAN             NAN  NAN   
9                NAN                WELDED        NAN             NAN  NAN   
10               NAN                WELDED        NAN             NAN  NAN   
11               NAN                WELDED        NAN             NAN  NAN   
12               NAN                WELDED        NAN             NAN  NAN   
13               NAN              SEAMLESS        NAN             NAN  NAN   
14               NAN                WELDED        NAN             NAN  NAN   
15               NAN                  WELD        NAN             NAN  NAN   
16               NAN                WELDED        NAN             NAN  NAN   
17               NAN                WELDED        NAN             NAN  NAN   
18               NAN                WELDED        NAN             NAN  NAN   
19               NAN                WELDED        NAN             NAN  NAN   
20               NAN                WELDED        NAN             NAN  NAN   
21               NAN              SEAMLESS        NAN             NAN  NAN   
22               NAN                WELDED        NAN             NAN  NAN   
23               NAN                WELDED        NAN             NAN  NAN   
24               NAN                WELDED        NAN             NAN  NAN   

   MISCELLANEOUS CONFIDENCE     id     score  
0            NAN       0.90  39167  0.836860  
1            NAN       0.95  39163  0.836860  
2            NAN       0.90  39165  0.836840  
3            NAN       0.95  39166  0.836833  
4            NAN       0.95  39164  0.836833  
5            NAN       0.90  42833  0.836809  
6            NAN       0.90  39170  0.825808  
7            NAN       0.90  39169  0.817767  
8            NAN       0.90  39168  0.817767  
9            NAN       0.90  42820  0.817767  
10           NAN       0.90  41302  0.817473  
11           NAN       0.90  41316  0.815490  
12           NAN       0.95  39171  0.810783  
13           NAN       0.90  43118  0.800473  
14           NAN       0.90  39157  0.796274  
15           NAN       0.95  39158  0.796197  
16           NAN       0.90  39135  0.795278  
17           NAN       0.95  39136  0.795205  
18           NAN       0.90  39162  0.793047  
19           NAN       0.90  39130  0.792726  
20           NAN       0.90  41299  0.790145  
21           NAN       0.90  39129  0.789319  
22           NAN       0.90  39160  0.787062  
23           NAN       0.90  41301  0.787057  
24           NAN       0.90  41300  0.787043  

[25 rows x 21 columns]",7,GOOD
37,"VALVE, GATE, 1"", THREADED, 150 LB, BRASS BODY, TR: BRASS","1"" 150 NON-RISING STEM THREAD BONNET GATE VALVE BRONZE NOT FOR POTABLE USE THREADED",True,37,10,12.141380900000058,"       ID  \
0     235   
1   21951   
2   13119   
3    6970   
4   13145   
5   20876   
6    7016   
7   12765   
8    5020   
9   43865   
10  43872   
11  43857   
12     91   
13   6661   
14   6969   
15  13336   
16  13570   
17   5018   
18   6660   
19  43866   
20  43868   
21   5083   
22   6633   
23  43854   
24   4939   

                                                                               DESCRIPTION  \
0                                             1 BRONZE 150 THREADED RISING STEM GATE VALVE   
1                                                                       3 BRASS GATE VALVE   
2                                                      3 BRASS 200 THREADED FULL PORT GATE   
3                                             2 BRONZE 150 THREADED RISING STEM GATE VALVE   
4                                             1 BRONZE 200 THREADED RISING STEM GATE VALVE   
5                                             1 800 THREADED BOLTED BONNET GATE VALVE 1.0L   
6                                         1-0.5 BRONZE 150 THREADED RISING STEM GATE VALVE   
7                             1 1500 THREADED BOLTED BONNET OUTSIDE STEM & YOKE GATE VALVE   
8                             1 1500 THREADED BOLTED BONNET OUTSIDE STEM & YOKE GATE VALVE   
9             1"" 150 GATE VALVE FORGED STEEL REDUCED PORT BOLTED BONNET RAISED FACE TRIM12   
10     1"" 150 NON-RISING STEM THREAD BONNET GATE VALVE BRONZE NOT FOR POTABLE USE THREADED   
11            1"" 150 GATE VALVE FORGED STEEL REDUCED PORT BOLTED BONNET RAISED FACE TRIM12   
12                                            2 BRONZE 125 THREADED RISING STEM GATE VALVE   
13                                            2 BRONZE 125 THREADED RISING STEM GATE VALVE   
14                                          0.5 BRONZE 150 THREADED RISING STEM GATE VALVE   
15                                                        TC-GT 1"" 200 316 THRD GATE VALVE   
16                                 LEAD LAW COMPLIANT 1-0.5 BRASS 200WOG THREADED NRS GATE   
17                         1 1500 BOLTED BONNET THREADED OUTSIDE STEM & YOKE GATE VALVE *X   
18                                        1-0.5 BRONZE 125 THREADED RISING STEM GATE VALVE   
19  1"" 800 GATE VALVE FORGED STEEL REDUCED PORT BOLTED BONNET SOCKETWELD X THREADED TRIM12   
20  1"" 800 GATE VALVE FORGED STEEL REDUCED PORT BOLTED BONNET SOCKETWELD X THREADED TRIM12   
21            1 FORGED STEEL 1500 SOCKET WELD BOLTED BONNET OUTSIDE STEM & YOKE GATE VALVE   
22                                                 2-0.5 BRASS 125 THREADED NRS GATE VALVE   
23     1"" 800 GATE VALVE FORGED STEEL FULL PORT BOLTED BONNET SOCKETWELD X THREADED TRIM 8   
24            1 FORGED STEEL 1500 SOCKET WELD WELDED BONNET OUTSIDE STEM & YOKE GATE VALVE   

   CATEGORY        TYPE PRIMARY_SIZE REDUCING_SIZE LENGTH    MATERIAL_NAME  \
0     VALVE        GATE            1           NAN    NAN           BRONZE   
1     VALVE        GATE            3           NAN    NAN            BRASS   
2     VALVE        GATE            3           NAN    NAN            BRASS   
3     VALVE        GATE            2           NAN    NAN           BRONZE   
4     VALVE        GATE            1           NAN    NAN           BRONZE   
5     VALVE        GATE            1           NAN    NAN  STAINLESS STEEL   
6     VALVE  GATE VALVE          1.5           NAN    NAN           BRONZE   
7     VALVE        GATE            1           NAN    NAN              NAN   
8     VALVE        GATE            1           NAN    NAN              NAN   
9     VALVE  GATE VALVE          1.0           NAN    NAN     CARBON STEEL   
10    VALVE  GATE VALVE          1.0           NAN    NAN           BRONZE   
11    VALVE  GATE VALVE          1.0           NAN    NAN     CARBON STEEL   
12    VALVE        GATE            2           NAN    NAN           BRONZE   
13    VALVE        GATE            2           NAN    NAN           BRONZE   
14    VALVE        GATE          0.5           NAN    NAN           BRONZE   
15    VALVE        GATE            1           NAN    NAN  STAINLESS STEEL   
16    VALVE        GATE          1.5           NAN    NAN            BRASS   
17    VALVE        GATE            1           NAN    NAN              NAN   
18    VALVE        GATE          1.5           NAN    NAN           BRONZE   
19    VALVE  GATE VALVE          1.0           NAN    NAN     CARBON STEEL   
20    VALVE  GATE VALVE          1.0           NAN    NAN     CARBON STEEL   
21    VALVE        GATE            1           NAN    NAN            STEEL   
22    VALVE  GATE VALVE          2.5           NAN    NAN            BRASS   
23    VALVE  GATE VALVE          1.0           NAN    NAN     CARBON STEEL   
24    VALVE        GATE            1           NAN    NAN     CARBON STEEL   

   MATERIAL_SPECIFICATION MATERIAL_GRADE  ... PRIMARY_SCHEDULE  \
0                     NAN            NAN  ...              NAN   
1                     NAN            NAN  ...              NAN   
2                     NAN            NAN  ...              NAN   
3                     NAN            NAN  ...              NAN   
4                     NAN            NAN  ...              NAN   
5                    1.0L            NAN  ...              NAN   
6                     NAN            NAN  ...              NAN   
7                     NAN            NAN  ...              NAN   
8                     NAN            NAN  ...              NAN   
9                     NAN            NAN  ...              NAN   
10                    NAN            NAN  ...              NAN   
11                    NAN            NAN  ...              NAN   
12                    NAN            NAN  ...              NAN   
13                    NAN            NAN  ...              NAN   
14                    NAN            NAN  ...              NAN   
15                    NAN            316  ...              NAN   
16                    NAN            NAN  ...              NAN   
17                    NAN            NAN  ...              NAN   
18                    NAN            NAN  ...              NAN   
19                    NAN            NAN  ...              NAN   
20                    NAN            NAN  ...              NAN   
21                    NAN            NAN  ...              NAN   
22                    NAN            NAN  ...              NAN   
23                    NAN            NAN  ...              NAN   
24                    NAN            NAN  ...              NAN   

   REDUCING_SCHEDULE MANUFACTURING_PROCESS END_FINISH END_CONNECTIONS  \
0                NAN                   NAN        NAN             THD   
1                NAN                   NAN        NAN             NAN   
2                NAN                   NAN  FULL PORT             THD   
3                NAN                   NAN        NAN             THD   
4                NAN                   NAN        NAN             THD   
5                NAN                   NAN        NAN             THD   
6                NAN                   NAN        NAN             THD   
7                NAN                   NAN        NAN             THD   
8                NAN                   NAN        NAN             THD   
9                NAN                FORGED         RF             NAN   
10               NAN                   NAN        NAN        THREADED   
11               NAN                FORGED         RF             NAN   
12               NAN                   NAN        NAN             THD   
13               NAN                   NAN        NAN             THD   
14               NAN                   NAN        NAN             THD   
15               NAN                   NAN        NAN             THD   
16               NAN                   NAN        NAN             THD   
17               NAN                   NAN        NAN             THD   
18               NAN                   NAN        NAN             THD   
19               NAN                FORGED        NAN        SW X THD   
20               NAN                FORGED        NAN        SW X THD   
21               NAN                FORGED        NAN              SW   
22               NAN                   NAN        NAN             THD   
23               NAN                FORGED        NAN        SW X THD   
24               NAN                FORGED        NAN              SW   

                  TRIM                       MISCELLANEOUS CONFIDENCE     id  \
0          RISING STEM                                 NAN       0.90    235   
1                  NAN                                 NAN       0.70  21951   
2                  NAN                                 NAN       0.90  13119   
3          RISING STEM                                 NAN       0.90   6970   
4          RISING STEM                                 NAN       0.90  13145   
5        BOLTED BONNET                                 NAN       0.90  20876   
6          RISING STEM                                 NAN       0.90   7016   
7                 OS&Y                       BOLTED BONNET       0.90  12765   
8   BOLTED BONNET OS&Y                                 NAN       0.90   5020   
9                   12          REDUCED PORT BOLTED BONNET       0.90  43865   
10     NON-RISING STEM  THREAD BONNET, NOT FOR POTABLE USE       0.90  43872   
11                  12          REDUCED PORT BOLTED BONNET       0.90  43857   
12         RISING STEM                                 NAN       0.90     91   
13         RISING STEM                                 NAN       0.90   6661   
14         RISING STEM                                 NAN       0.90   6969   
15                 NAN                                 NAN       0.95  13336   
16     NON-RISING STEM                  LEAD LAW COMPLIANT       0.90  13570   
17                OS&Y                       BOLTED BONNET       0.85   5018   
18         RISING STEM                                 NAN       0.90   6660   
19                  12          REDUCED PORT BOLTED BONNET       0.90  43866   
20                  12          REDUCED PORT BOLTED BONNET       0.90  43868   
21  BOLTED BONNET OS&Y                                 NAN       0.90   5083   
22     NON-RISING STEM                                 NAN       0.95   6633   
23                   8             FULL PORT BOLTED BONNET       0.90  43854   
24  WELDED BONNET OS&Y                                 NAN       0.90   4939   

       score  
0   0.773241  
1   0.770600  
2   0.761645  
3   0.753682  
4   0.752826  
5   0.750097  
6   0.749591  
7   0.747133  
8   0.747118  
9   0.743376  
10  0.743234  
11  0.743064  
12  0.731749  
13  0.730216  
14  0.729009  
15  0.725253  
16  0.722446  
17  0.722141  
18  0.721853  
19  0.721148  
20  0.721148  
21  0.719677  
22  0.718596  
23  0.718560  
24  0.717851  

[25 rows x 21 columns]",7,GOOD
38,"NIPPLE, PIPE, SEAMLESS, 2"", TBE, 3"" LG, SCH 80/XS, CARBON STEEL, ASTM A106",2 X 3 BLACK SCHEDULE XH SEAMLESS A106 NIPPLE,True,38,7,25.00657699999988,"       ID                                              DESCRIPTION CATEGORY  \
0   25053                 1 X 2 BLACK SCHEDULE 40 SMLS A106 NIPPLE  FITTING   
1   25737             2 X 3 BLACK EXTRA HEAVY SMLS A106 NIPPLE PBE  FITTING   
2   25059        1 X 2 GALVANIZED SCHEDULE 40 SEAMLESS A106 NIPPLE  FITTING   
3   43534            1 X 10 BLACK SCHEDULE XH SEAMLESS A106 NIPPLE     PIPE   
4   43615             1 X 2 BLACK SCHEDULE XH SEAMLESS A106 NIPPLE     PIPE   
5   25052                1 X 2 BLACK SCHEDULE 160 SMLS A106 NIPPLE  FITTING   
6   25751        2 X 3 GALVANIZED SCHEDULE 40 SEAMLESS A106 NIPPLE  FITTING   
7   43629             2 X 3 BLACK SCHEDULE XH SEAMLESS A106 NIPPLE     PIPE   
8   43631             2 X 6 BLACK SCHEDULE XH SEAMLESS A106 NIPPLE     PIPE   
9   43547             1 X 9 BLACK SCHEDULE XH SEAMLESS A106 NIPPLE     PIPE   
10  25710         1XCL GALVANIZED SCHEDULE 40 SEAMLESS A106 NIPPLE  FITTING   
11  43546            1 X 9 BLACK SCHEDULE 160 SEAMLESS A106 NIPPLE     PIPE   
12  43616             1 X 3 BLACK SCHEDULE XH SEAMLESS A106 NIPPLE     PIPE   
13  43539             1 X 3 BLACK SCHEDULE XH SEAMLESS A106 NIPPLE     PIPE   
14  25744                 2 X 3 BLACK SCHEDULE 40 SMLS A106 NIPPLE  FITTING   
15  43571             2 X 3 BLACK SCHEDULE XH SEAMLESS A106 NIPPLE     PIPE   
16  25745  2 X 3 BLACK SCHEDULE 40 SMLS A106 NIPPLE PLAIN X THREAD  FITTING   
17  43618             1 X 8 BLACK SCHEDULE XH SEAMLESS A106 NIPPLE     PIPE   
18  43545             1 X 8 BLACK SCHEDULE XH SEAMLESS A106 NIPPLE     PIPE   
19  43632             2 X 8 BLACK SCHEDULE XH SEAMLESS A106 NIPPLE     PIPE   
20  25810        2 X 6 GALVANIZED SCHEDULE 40 SEAMLESS A106 NIPPLE  FITTING   
21  25134             1 X 6 BLACK EXTRA HEAVY SMLS A106 NIPPLE PBE  FITTING   
22  25082        1 X 3 GALVANIZED SCHEDULE 40 SEAMLESS A106 NIPPLE  FITTING   
23  43543             1 X 6 BLACK SCHEDULE XH SEAMLESS A106 NIPPLE     PIPE   
24  43573             2 X 5 BLACK SCHEDULE XH SEAMLESS A106 NIPPLE     PIPE   

      TYPE PRIMARY_SIZE REDUCING_SIZE LENGTH MATERIAL_NAME  \
0   NIPPLE            1             2    NAN  CARBON STEEL   
1   NIPPLE            2             3    NAN  CARBON STEEL   
2   NIPPLE            1             2    NAN  CARBON STEEL   
3   NIPPLE          1.0           NAN   10.0  CARBON STEEL   
4   NIPPLE          1.0           2.0    NAN  CARBON STEEL   
5   NIPPLE            1             2    NAN  CARBON STEEL   
6   NIPPLE            2             3    NAN  CARBON STEEL   
7   NIPPLE          2.0           3.0    NAN  CARBON STEEL   
8   NIPPLE          2.0           NAN    6.0  CARBON STEEL   
9   NIPPLE          1.0           NAN    9.0  CARBON STEEL   
10  NIPPLE            1           NAN    NAN  CARBON STEEL   
11  NIPPLE          1.0           NAN    9.0  CARBON STEEL   
12  NIPPLE          1.0           NAN    3.0  CARBON STEEL   
13  NIPPLE          1.0           NAN    3.0  CARBON STEEL   
14  NIPPLE            2             3    NAN  CARBON STEEL   
15  NIPPLE          2.0           3.0    NAN  CARBON STEEL   
16  NIPPLE            2             3    NAN  CARBON STEEL   
17  NIPPLE          1.0           NAN    8.0  CARBON STEEL   
18  NIPPLE          1.0           NAN    8.0  CARBON STEEL   
19  NIPPLE          2.0           8.0    NAN  CARBON STEEL   
20  NIPPLE            2           NAN      6  CARBON STEEL   
21  NIPPLE            1           NAN      6  CARBON STEEL   
22  NIPPLE            1           NAN      3  CARBON STEEL   
23  NIPPLE          1.0           NAN    6.0  CARBON STEEL   
24  NIPPLE          2.0           NAN    5.0  CARBON STEEL   

   MATERIAL_SPECIFICATION MATERIAL_GRADE  ... PRIMARY_SCHEDULE  \
0                    A106            NAN  ...               40   
1                    A106            NAN  ...               XH   
2                    A106            NAN  ...               40   
3                    A106            NAN  ...               XH   
4                    A106            NAN  ...               XH   
5                    A106            NAN  ...              160   
6                    A106            NAN  ...               40   
7                    A106            NAN  ...      EXTRA HEAVY   
8                    A106            NAN  ...               XH   
9                    A106            NAN  ...      EXTRA HEAVY   
10                   A106            NAN  ...               40   
11                   A106            NAN  ...              160   
12                   A106            NAN  ...      EXTRA HEAVY   
13                   A106            NAN  ...               XH   
14                   A106            NAN  ...               40   
15                   A106            NAN  ...      EXTRA HEAVY   
16                   A106            NAN  ...               40   
17                   A106            NAN  ...      EXTRA HEAVY   
18                   A106            NAN  ...               XH   
19                   A106            NAN  ...               XH   
20                   A106            NAN  ...               40   
21                   A106            NAN  ...               XH   
22                   A106            NAN  ...               40   
23                   A106            NAN  ...      EXTRA HEAVY   
24                   A106            NAN  ...               XH   

   REDUCING_SCHEDULE MANUFACTURING_PROCESS  END_FINISH END_CONNECTIONS TRIM  \
0                NAN              SEAMLESS       BLACK             NAN  NAN   
1                NAN              SEAMLESS       PLAIN         PE X PE  NAN   
2                NAN              SEAMLESS  GALVANIZED             NAN  NAN   
3                NAN              SEAMLESS         NAN             NAN  NAN   
4                NAN              SEAMLESS         NAN             NAN  NAN   
5                NAN              SEAMLESS       BLACK             NAN  NAN   
6                NAN              SEAMLESS  GALVANIZED             NAN  NAN   
7                NAN              SEAMLESS         NAN             NAN  NAN   
8                NAN              SEAMLESS         NAN             NAN  NAN   
9                NAN              SEAMLESS         NAN             NAN  NAN   
10               NAN              SEAMLESS  GALVANIZED             NAN  NAN   
11               NAN              SEAMLESS         NAN             NAN  NAN   
12               NAN              SEAMLESS         NAN             NAN  NAN   
13               NAN              SEAMLESS         NAN             NAN  NAN   
14               NAN              SEAMLESS         NAN             NAN  NAN   
15               NAN              SEAMLESS         NAN             NAN  NAN   
16               NAN              SEAMLESS         NAN     PLAIN X THD  NAN   
17               NAN              SEAMLESS         NAN             NAN  NAN   
18               NAN              SEAMLESS         NAN             NAN  NAN   
19               NAN              SEAMLESS         NAN             NAN  NAN   
20               NAN              SEAMLESS  GALVANIZED             NAN  NAN   
21               NAN              SEAMLESS       PLAIN         PE X PE  NAN   
22               NAN              SEAMLESS  GALVANIZED             NAN  NAN   
23               NAN              SEAMLESS         NAN             NAN  NAN   
24               NAN              SEAMLESS         NAN             NAN  NAN   

   MISCELLANEOUS CONFIDENCE     id     score  
0            NAN       0.90  25053  0.788827  
1          BLACK       0.90  25737  0.788574  
2            NAN       0.90  25059  0.785662  
3          BLACK       0.90  43534  0.783875  
4          BLACK       0.80  43615  0.782596  
5            NAN       0.90  25052  0.782094  
6            NAN       0.90  25751  0.781338  
7          BLACK       0.80  43629  0.780088  
8          BLACK       0.90  43631  0.779705  
9          BLACK       0.90  43547  0.779303  
10            CL       0.85  25710  0.779218  
11         BLACK       0.90  43546  0.779194  
12         BLACK       0.90  43616  0.778917  
13         BLACK       0.90  43539  0.778917  
14         BLACK       0.90  25744  0.778451  
15         BLACK       0.80  43571  0.778033  
16         BLACK       0.90  25745  0.777980  
17         BLACK       0.90  43618  0.777968  
18         BLACK       0.90  43545  0.777942  
19         BLACK       0.80  43632  0.777587  
20           NAN       0.95  25810  0.777542  
21         BLACK       0.95  25134  0.777250  
22           NAN       0.95  25082  0.777031  
23         BLACK       0.90  43543  0.777009  
24         BLACK       0.90  43573  0.776841  

[25 rows x 21 columns]",8,GOOD
39,"ELBOW, PIPE, 4"", BUTT WELD, 45 DEG, LONG RADIUS, SCH 80/XS, CARBON STEEL",4 CARBON STEEL SCHEDULE XH WELD 45 ELBOW,True,39,33,26.697048199999927,"       ID                                                DESCRIPTION CATEGORY  \
0   24559      8 CARBON STEEL SCHEDULE 160 WELD LONG RADIUS 45 ELBOW  FITTING   
1   43306       4 CARBON STEEL SCHEDULE XH WELD LONG RADIUS 90 ELBOW  FITTING   
2   43174       8 CARBON STEEL SCHEDULE XH WELD LONG RADIUS 90 ELBOW  FITTING   
3   24538       4 CARBON STEEL SCHEDULE 160 WLD LONG RADIUS 45 ELBOW  FITTING   
4   24875          4 CARBON STEEL STANDARD WELD LONG RADIUS 90 ELBOW  FITTING   
5   24537       4 CARBON STEEL SCHEDULE 160 WLD LONG RADIUS 45 ELBOW  FITTING   
6   24509       14 CARBON STEEL SCHEDULE 80 WLD LONG RADIUS 45 ELBOW  FITTING   
7   25012      4 X 3 CARBON STEEL STANDARD WELD LONG RADIUS 90 ELBOW  FITTING   
8   25023          8 CARBON STEEL STANDARD WELD LONG RADIUS 90 ELBOW  FITTING   
9   43698          8 CARBON STEEL STANDARD WELD LONG RADIUS 90 ELBOW  FITTING   
10  43311          8 CARBON STEEL STANDARD WELD LONG RADIUS 90 ELBOW  FITTING   
11  43199          8 CARBON STEEL STANDARD WELD LONG RADIUS 90 ELBOW  FITTING   
12  43175          8 CARBON STEEL STANDARD WELD LONG RADIUS 90 ELBOW  FITTING   
13  25015       5 X 4 CARBON STEEL STANDARD WLD LONG RADIUS 90 ELBOW  FITTING   
14  25010       4 X 2 CARBON STEEL STANDARD WLD LONG RADIUS 90 ELBOW  FITTING   
15  24892       4 X 2 CARBON STEEL STANDARD WLD LONG RADIUS 90 ELBOW  FITTING   
16  24891    4 X 2 CARBON STEEL EXTRA HEAVY WLD LONG RADIUS 90 ELBOW  FITTING   
17  43039  4 CARBON STEEL WPL6 SCHEDULE XH WELD LONG RADIUS 90 ELBOW  FITTING   
18  24546         42 CARBON STEEL STANDARD WELD LONG RADIUS 45 ELBOW  FITTING   
19  24893    4 X 3 CARBON STEEL EXTRA HEAVY WLD LONG RADIUS 90 ELBOW  FITTING   
20  43294       2 CARBON STEEL SCHEDULE XH WELD LONG RADIUS 90 ELBOW  FITTING   
21  43319       2 CARBON STEEL SCHEDULE XH WELD LONG RADIUS 90 ELBOW  FITTING   
22  43293       2 CARBON STEEL SCHEDULE XH WELD LONG RADIUS 90 ELBOW  FITTING   
23  42863       2 CARBON STEEL SCHEDULE XH WELD LONG RADIUS 90 ELBOW  FITTING   
24  24535  4 CARBON STEEL EXTRA EXTRA HEAVY WLD LONG RADIUS 45 ELBOW  FITTING   

                    TYPE PRIMARY_SIZE REDUCING_SIZE LENGTH MATERIAL_NAME  \
0     LR 45 DEGREE ELBOW            8           NAN    NAN  CARBON STEEL   
1   LONG RADIUS 90 ELBOW          4.0           NAN    NAN  CARBON STEEL   
2   LONG RADIUS 90 ELBOW          8.0           NAN    NAN  CARBON STEEL   
3     LR 45 DEGREE ELBOW            4           NAN    NAN  CARBON STEEL   
4     LR 90 DEGREE ELBOW            4           NAN    NAN  CARBON STEEL   
5     LR 45 DEGREE ELBOW            4           NAN    NAN  CARBON STEEL   
6     LR 45 DEGREE ELBOW           14           NAN    NAN  CARBON STEEL   
7            LR 90 ELBOW            4             3    NAN  CARBON STEEL   
8            LR 90 ELBOW            8           NAN    NAN  CARBON STEEL   
9   LONG RADIUS 90 ELBOW          8.0           NAN    NAN  CARBON STEEL   
10  LONG RADIUS 90 ELBOW          8.0           NAN    NAN  CARBON STEEL   
11  LONG RADIUS 90 ELBOW          8.0           NAN    NAN  CARBON STEEL   
12  LONG RADIUS 90 ELBOW          8.0           NAN    NAN  CARBON STEEL   
13           LR 90 ELBOW            5             4    NAN  CARBON STEEL   
14           LR 90 ELBOW            4             2    NAN  CARBON STEEL   
15    LR 90 DEGREE ELBOW            4             2    NAN  CARBON STEEL   
16    LR 90 DEGREE ELBOW            4             2    NAN  CARBON STEEL   
17  LONG RADIUS 90 ELBOW          4.0           NAN    NAN  CARBON STEEL   
18    LR 45 DEGREE ELBOW           42           NAN    NAN  CARBON STEEL   
19    LR 90 DEGREE ELBOW            4             3    NAN  CARBON STEEL   
20  LONG RADIUS 90 ELBOW          2.0           NAN    NAN  CARBON STEEL   
21  LONG RADIUS 90 ELBOW          2.0           NAN    NAN  CARBON STEEL   
22  LONG RADIUS 90 ELBOW          2.0           NAN    NAN  CARBON STEEL   
23  LONG RADIUS 90 ELBOW          2.0           NAN    NAN  CARBON STEEL   
24    LR 45 DEGREE ELBOW            4           NAN    NAN  CARBON STEEL   

   MATERIAL_SPECIFICATION MATERIAL_GRADE  ... PRIMARY_SCHEDULE  \
0                     NAN            NAN  ...              160   
1                     NAN            NAN  ...               XH   
2                     NAN            NAN  ...      EXTRA HEAVY   
3                     NAN            NAN  ...              160   
4                     NAN            NAN  ...              STD   
5                     NAN            NAN  ...              160   
6                     NAN            NAN  ...               80   
7                     NAN            NAN  ...              STD   
8                     NAN            NAN  ...              STD   
9                     NAN            NAN  ...         STANDARD   
10                    NAN            NAN  ...         STANDARD   
11                    NAN            NAN  ...         STANDARD   
12                    NAN            NAN  ...         STANDARD   
13                    NAN            NAN  ...              STD   
14                    NAN            NAN  ...              STD   
15                    NAN            NAN  ...              STD   
16                    NAN            NAN  ...               XH   
17                   WPL6            NAN  ...               XH   
18                    NAN            NAN  ...              STD   
19                    NAN            NAN  ...               XH   
20                    NAN            NAN  ...               XH   
21                    NAN            NAN  ...               XH   
22                    NAN            NAN  ...      EXTRA HEAVY   
23                    NAN            NAN  ...               XH   
24                    NAN            NAN  ...              XXH   

   REDUCING_SCHEDULE MANUFACTURING_PROCESS END_FINISH END_CONNECTIONS TRIM  \
0                NAN                  WELD         BW             NAN  NAN   
1                NAN                  WELD        NAN             NAN  NAN   
2                NAN                  WELD        NAN             NAN  NAN   
3                NAN                  WELD        NAN             NAN  NAN   
4                NAN                  WELD        NAN             NAN  NAN   
5                NAN                   NAN         BW             NAN  NAN   
6                NAN                   NAN       WELD             NAN  NAN   
7                NAN                WELDED        NAN             NAN  NAN   
8                NAN                WELDED        NAN             NAN  NAN   
9                NAN                   NAN        NAN       BUTT WELD  NAN   
10               NAN                   NAN        NAN       BUTT WELD  NAN   
11               NAN                   NAN        NAN       BUTT WELD  NAN   
12               NAN                  WELD        NAN             NAN  NAN   
13               NAN                WELDED        NAN             NAN  NAN   
14               NAN                  WELD        NAN             NAN  NAN   
15               NAN                   NAN        NAN             NAN  NAN   
16               NAN                  WELD        NAN             NAN  NAN   
17               NAN                  WELD        NAN             NAN  NAN   
18               NAN                WELDED        NAN             NAN  NAN   
19               NAN                  WELD        NAN             NAN  NAN   
20               NAN                  WELD        NAN             NAN  NAN   
21               NAN                  WELD        NAN             NAN  NAN   
22               NAN                  WELD        NAN             NAN  NAN   
23               NAN                  WELD        NAN             NAN  NAN   
24               NAN                  WELD        NAN             NAN  NAN   

   MISCELLANEOUS CONFIDENCE     id     score  
0            NAN       0.85  24559  0.817188  
1            NAN       0.80  43306  0.814855  
2            NAN       0.80  43174  0.810403  
3            NAN       0.85  24538  0.807607  
4            NAN       0.80  24875  0.807549  
5            NAN       0.85  24537  0.807124  
6            NAN       0.85  24509  0.806034  
7            NAN       0.80  25012  0.804826  
8            NAN       0.80  25023  0.803538  
9            NAN       0.90  43698  0.803528  
10           NAN       0.80  43311  0.803528  
11           NAN       0.80  43199  0.803517  
12           NAN       0.80  43175  0.803491  
13           NAN       0.85  25015  0.803322  
14           NAN       0.80  25010  0.803283  
15           NAN       0.80  24892  0.803234  
16           NAN       0.80  24891  0.802277  
17           NAN       0.90  43039  0.801885  
18           NAN       0.80  24546  0.801800  
19           NAN       0.80  24893  0.801702  
20           NAN       0.80  43294  0.801277  
21           NAN       0.90  43319  0.801263  
22           NAN       0.80  43293  0.801235  
23           NAN       0.80  42863  0.801224  
24           NAN       0.85  24535  0.800946  

[25 rows x 21 columns]",9,GOOD
40,"8 90 DEGREE LONG RADIUS ELBOW , ASME B16.9 , BEVELED END , ASTM A234 GRADE WPB , TYPE S S-80",8 CARBON STEEL SCHEDULE XH WELD LONG RADIUS 90 ELBOW,True,40,52,21.024408600000015,"       ID                                              DESCRIPTION CATEGORY  \
0   25023        8 CARBON STEEL STANDARD WELD LONG RADIUS 90 ELBOW  FITTING   
1   43175        8 CARBON STEEL STANDARD WELD LONG RADIUS 90 ELBOW  FITTING   
2   43311        8 CARBON STEEL STANDARD WELD LONG RADIUS 90 ELBOW  FITTING   
3   43698        8 CARBON STEEL STANDARD WELD LONG RADIUS 90 ELBOW  FITTING   
4   43199        8 CARBON STEEL STANDARD WELD LONG RADIUS 90 ELBOW  FITTING   
5   24937            8 CARBON STEEL S120 LONG RADIUS 90 WELD ELBOW  FITTING   
6   25027     8 X 4 CARBON STEEL STANDARD WLD LONG RADIUS 90 ELBOW  FITTING   
7   24719     16 CARBON STEEL SCHEDULE 80 WLD LONG RADIUS 90 ELBOW  FITTING   
8   24720     16 CARBON STEEL SCHEDULE 80 WLD LONG RADIUS 90 ELBOW  FITTING   
9   24941         8 CARBON STEEL STANDARD WLD LONG RADIUS 90 ELBOW  FITTING   
10  24709     14 CARBON STEEL SCHEDULE 80 WLD LONG RADIUS 90 ELBOW  FITTING   
11  24965     8 X 6 CARBON STEEL STANDARD WLD LONG RADIUS 90 ELBOW  FITTING   
12  24683    12 CARBON STEEL SCHEDULE 80 WELD LONG RADIUS 90 ELBOW  FITTING   
13  24964     8 X 6 CARBON STEEL STANDARD WLD LONG RADIUS 90 ELBOW  FITTING   
14  24684     12 CARBON STEEL SCHEDULE 80 WLD LONG RADIUS 90 ELBOW  FITTING   
15  24963  8 X 6 CARBON STEEL EXTRA HEAVY WLD LONG RADIUS 90 ELBOW  FITTING   
16  24962  8 X 6 CARBON STEEL EXTRA HEAVY WLD LONG RADIUS 90 ELBOW  FITTING   
17  24510     16 CARBON STEEL SCHEDULE 80 WLD LONG RADIUS 45 ELBOW  FITTING   
18  24938     8 CARBON STEEL SCHEDULE 160 WLD LONG RADIUS 90 ELBOW  FITTING   
19  24936      8 CARBON STEEL EXTRA HEAVY WLD LONG RADIUS 90 ELBOW  FITTING   
20  24971     10 CARBON STEEL SCHEDULE 80 WLD LONG RADIUS 90 ELBOW  FITTING   
21  24637     10 CARBON STEEL SCHEDULE 80 WLD LONG RADIUS 90 ELBOW  FITTING   
22  24935     8 CARBON STEEL EXTRA HEAVY WELD LONG RADIUS 90 ELBOW  FITTING   
23  43179   8 CARBON STEEL WPL6 STANDARD WELD LONG RADIUS 90 ELBOW  FITTING   
24  43178   8 CARBON STEEL WPL6 STANDARD WELD LONG RADIUS 90 ELBOW  FITTING   

                    TYPE PRIMARY_SIZE REDUCING_SIZE LENGTH MATERIAL_NAME  \
0            LR 90 ELBOW            8           NAN    NAN  CARBON STEEL   
1   LONG RADIUS 90 ELBOW          8.0           NAN    NAN  CARBON STEEL   
2   LONG RADIUS 90 ELBOW          8.0           NAN    NAN  CARBON STEEL   
3   LONG RADIUS 90 ELBOW          8.0           NAN    NAN  CARBON STEEL   
4   LONG RADIUS 90 ELBOW          8.0           NAN    NAN  CARBON STEEL   
5     LR 90 DEGREE ELBOW            8           NAN    NAN  CARBON STEEL   
6            LR 90 ELBOW            8             4    NAN  CARBON STEEL   
7     LR 90 DEGREE ELBOW           16           NAN    NAN  CARBON STEEL   
8     LR 90 DEGREE ELBOW           16           NAN    NAN  CARBON STEEL   
9     LR 90 DEGREE ELBOW            8           NAN    NAN  CARBON STEEL   
10    LR 90 DEGREE ELBOW           14           NAN    NAN  CARBON STEEL   
11    LR 90 DEGREE ELBOW            8             6    NAN  CARBON STEEL   
12    LR 90 DEGREE ELBOW           12           NAN    NAN  CARBON STEEL   
13    LR 90 DEGREE ELBOW            8             6    NAN  CARBON STEEL   
14    LR 90 DEGREE ELBOW           12           NAN    NAN  CARBON STEEL   
15    LR 90 DEGREE ELBOW            8             6    NAN  CARBON STEEL   
16    LR 90 DEGREE ELBOW            8             6    NAN  CARBON STEEL   
17    LR 45 DEGREE ELBOW           16           NAN    NAN  CARBON STEEL   
18    LR 90 DEGREE ELBOW            8           NAN    NAN  CARBON STEEL   
19    LR 90 DEGREE ELBOW            8           NAN    NAN  CARBON STEEL   
20           LR 90 ELBOW           10           NAN    NAN  CARBON STEEL   
21    LR 90 DEGREE ELBOW           10           NAN    NAN  CARBON STEEL   
22    LR 90 DEGREE ELBOW            8           NAN    NAN  CARBON STEEL   
23  LONG RADIUS 90 ELBOW          8.0           NAN    NAN  CARBON STEEL   
24  LONG RADIUS 90 ELBOW          8.0           NAN    NAN  CARBON STEEL   

   MATERIAL_SPECIFICATION MATERIAL_GRADE  ... PRIMARY_SCHEDULE  \
0                     NAN            NAN  ...              STD   
1                     NAN            NAN  ...         STANDARD   
2                     NAN            NAN  ...         STANDARD   
3                     NAN            NAN  ...         STANDARD   
4                     NAN            NAN  ...         STANDARD   
5                     NAN            NAN  ...              120   
6                     NAN            NAN  ...              STD   
7                     NAN            NAN  ...               80   
8                     NAN            NAN  ...               80   
9                     NAN            NAN  ...              STD   
10                    NAN            NAN  ...               80   
11                    NAN            NAN  ...              STD   
12                    NAN            NAN  ...               80   
13                    NAN            NAN  ...              STD   
14                    NAN            NAN  ...               80   
15                    NAN            NAN  ...               XH   
16                    NAN            NAN  ...               XH   
17                    NAN            NAN  ...               80   
18                    NAN            NAN  ...              160   
19                    NAN            NAN  ...               XH   
20                    NAN            NAN  ...               80   
21                    NAN            NAN  ...               80   
22                    NAN            NAN  ...               XH   
23                   WPL6            NAN  ...         STANDARD   
24                    NAN           WPL6  ...         STANDARD   

   REDUCING_SCHEDULE MANUFACTURING_PROCESS END_FINISH END_CONNECTIONS TRIM  \
0                NAN                WELDED        NAN             NAN  NAN   
1                NAN                  WELD        NAN             NAN  NAN   
2                NAN                   NAN        NAN       BUTT WELD  NAN   
3                NAN                   NAN        NAN       BUTT WELD  NAN   
4                NAN                   NAN        NAN       BUTT WELD  NAN   
5                NAN                   NAN        NAN             NAN  NAN   
6                NAN                WELDED        NAN             NAN  NAN   
7                NAN                   NAN       WELD             NAN  NAN   
8                NAN                   NAN       WELD             NAN  NAN   
9                NAN                WELDED        NAN             NAN  NAN   
10               NAN                   NAN         BW             NAN  NAN   
11               NAN                  WELD        NAN             NAN  NAN   
12               NAN                   NAN       WELD             NAN  NAN   
13               NAN                   NAN         BW             NAN  NAN   
14               NAN                   NAN       WELD             NAN  NAN   
15               NAN                  WELD        NAN             NAN  NAN   
16               NAN                  WELD        NAN             NAN  NAN   
17               NAN                   NAN       WELD             NAN  NAN   
18               NAN                   NAN         BW             NAN  NAN   
19               NAN                   NAN       WELD             NAN  NAN   
20               NAN                   NAN       WELD             NAN  NAN   
21               NAN                   NAN       WELD             NAN  NAN   
22               NAN                   NAN       WELD             NAN  NAN   
23               NAN                WELDED        NAN       BUTT WELD  NAN   
24               NAN                  WELD        NAN             NAN  NAN   

   MISCELLANEOUS CONFIDENCE     id     score  
0            NAN       0.80  25023  0.775195  
1            NAN       0.80  43175  0.775184  
2            NAN       0.80  43311  0.775175  
3            NAN       0.90  43698  0.775175  
4            NAN       0.80  43199  0.775174  
5            NAN       0.80  24937  0.774671  
6            NAN       0.85  25027  0.773350  
7            NAN       0.85  24719  0.772615  
8            NAN       0.85  24720  0.772403  
9            NAN       0.80  24941  0.770365  
10           NAN       0.85  24709  0.766974  
11           NAN       0.80  24965  0.766657  
12           NAN       0.85  24683  0.765963  
13           NAN       0.80  24964  0.765950  
14           NAN       0.85  24684  0.765223  
15           NAN       0.85  24963  0.764578  
16           NAN       0.85  24962  0.764578  
17           NAN       0.85  24510  0.762877  
18           NAN       0.80  24938  0.761935  
19           NAN       0.85  24936  0.760850  
20           NAN       0.85  24971  0.760068  
21           NAN       0.85  24637  0.760068  
22           NAN       0.85  24935  0.759360  
23           NAN       0.90  43179  0.758427  
24           NAN       0.80  43178  0.758427  

[25 rows x 21 columns]",16,NOT BAD
41,"PIPE, SEAMLESS, 3"", SCH 40/STD, CS, ASTM A53, A106, GR: B, DOUBLE RANDOM",3 BLACK PLAIN END A106B SCHEDULE 40 SEAMLESS DRL PIPE,True,41,123,25.440408800000114,"       ID  \
0   26919   
1   26913   
2   26914   
3   26912   
4   26922   
5   26920   
6   26921   
7   26928   
8   26927   
9   26930   
10  26929   
11  26939   
12  27373   
13  26937   
14  26938   
15  26943   
16  26944   
17  27081   
18  27089   
19  27085   
20  27087   
21  27086   
22  27088   
23  27079   
24  26743   

                                                               DESCRIPTION  \
0   3 BLACK PLAIN END A106B SCHEDULE 40 SEAMLESS DOUBLE RANDOM LENGTH PIPE   
1          3 BLACK PLAIN END A106B S160 SEAMLESS DOUBLE RANDOM LENGTH PIPE   
2          3 BLACK PLAIN END A106B S160 SEAMLESS DOUBLE RANDOM LENGTH PIPE   
3          3 BLACK PLAIN END A106B S160 SEAMLESS DOUBLE RANDOM LENGTH PIPE   
4   3 BLACK PLAIN END A106B SCHEDULE 40 SEAMLESS DOUBLE RANDOM LENGTH PIPE   
5   3 BLACK PLAIN END A106B SCHEDULE 40 SEAMLESS DOUBLE RANDOM LENGTH PIPE   
6   3 BLACK PLAIN END A106B SCHEDULE 40 SEAMLESS DOUBLE RANDOM LENGTH PIPE   
7   3 BLACK PLAIN END A106B SCHEDULE 80 SEAMLESS DOUBLE RANDOM LENGTH PIPE   
8   3 BLACK PLAIN END A106B SCHEDULE 80 SEAMLESS DOUBLE RANDOM LENGTH PIPE   
9   3 BLACK PLAIN END A106B SCHEDULE 80 SEAMLESS DOUBLE RANDOM LENGTH PIPE   
10  3 BLACK PLAIN END A106B SCHEDULE 80 SEAMLESS DOUBLE RANDOM LENGTH PIPE   
11        3 BLACK PLAIN END A53B SCHEDULE 40 ERW DOUBLE RANDOM LENGTH PIPE   
12        3 BLACK PLAIN END A53B SCHEDULE 40 ERW DOUBLE RANDOM LENGTH PIPE   
13        3 BLACK PLAIN END A53B SCHEDULE 40 ERW DOUBLE RANDOM LENGTH PIPE   
14        3 BLACK PLAIN END A53B SCHEDULE 40 ERW DOUBLE RANDOM LENGTH PIPE   
15        3 BLACK PLAIN END A53B SCHEDULE 80 ERW DOUBLE RANDOM LENGTH PIPE   
16        3 BLACK PLAIN END A53B SCHEDULE 80 ERW DOUBLE RANDOM LENGTH PIPE   
17         4 BLACK PLAIN END A106B S160 SEAMLESS DOUBLE RANDOM LENGTH PIPE   
18  4 BLACK PLAIN END A106B SCHEDULE 40 SEAMLESS DOUBLE RANDOM LENGTH PIPE   
19  4 BLACK PLAIN END A106B SCHEDULE 40 SEAMLESS DOUBLE RANDOM LENGTH PIPE   
20  4 BLACK PLAIN END A106B SCHEDULE 40 SEAMLESS DOUBLE RANDOM LENGTH PIPE   
21  4 BLACK PLAIN END A106B SCHEDULE 40 SEAMLESS DOUBLE RANDOM LENGTH PIPE   
22  4 BLACK PLAIN END A106B SCHEDULE 40 SEAMLESS DOUBLE RANDOM LENGTH PIPE   
23         4 BLACK PLAIN END A106B S160 SEAMLESS DOUBLE RANDOM LENGTH PIPE   
24  2 BLACK PLAIN END A106B SCHEDULE 40 SEAMLESS DOUBLE RANDOM LENGTH PIPE   

   CATEGORY       TYPE PRIMARY_SIZE REDUCING_SIZE LENGTH MATERIAL_NAME  \
0      PIPE       PIPE            3           NAN    NAN  CARBON STEEL   
1      PIPE       PIPE            3           NAN    NAN  CARBON STEEL   
2      PIPE       PIPE            3           NAN    NAN  CARBON STEEL   
3      PIPE       PIPE            3           NAN    NAN  CARBON STEEL   
4      PIPE       PIPE            3           NAN    NAN  CARBON STEEL   
5      PIPE       PIPE            3           NAN    NAN  CARBON STEEL   
6      PIPE       PIPE            3           NAN    NAN  CARBON STEEL   
7      PIPE       PIPE            3           NAN    NAN  CARBON STEEL   
8      PIPE       PIPE            3           NAN    NAN  CARBON STEEL   
9      PIPE       PIPE            3           NAN    NAN  CARBON STEEL   
10     PIPE       PIPE            3           NAN    NAN  CARBON STEEL   
11     PIPE       PIPE            3           NAN    NAN  CARBON STEEL   
12     PIPE  PLAIN END            3           NAN    NAN  CARBON STEEL   
13     PIPE       PIPE            3           NAN    NAN  CARBON STEEL   
14     PIPE       PIPE            3           NAN    NAN  CARBON STEEL   
15     PIPE       PIPE            3           NAN    NAN  CARBON STEEL   
16     PIPE       PIPE            3           NAN    NAN  CARBON STEEL   
17     PIPE       PIPE            4           NAN    NAN  CARBON STEEL   
18     PIPE       PIPE            4           NAN    NAN  CARBON STEEL   
19     PIPE       PIPE            4           NAN    NAN  CARBON STEEL   
20     PIPE       PIPE            4           NAN    NAN  CARBON STEEL   
21     PIPE       PIPE            4           NAN    NAN  CARBON STEEL   
22     PIPE       PIPE            4           NAN    NAN  CARBON STEEL   
23     PIPE       PIPE            4           NAN    NAN  CARBON STEEL   
24     PIPE       PIPE            2           NAN    NAN  CARBON STEEL   

   MATERIAL_SPECIFICATION MATERIAL_GRADE  ... PRIMARY_SCHEDULE  \
0                    A106              B  ...               40   
1                    A106              B  ...              160   
2                    A106              B  ...              160   
3                    A106              B  ...              160   
4                    A106              B  ...               40   
5                    A106              B  ...               40   
6                    A106              B  ...               40   
7                    A106              B  ...               80   
8                    A106              B  ...               80   
9                    A106              B  ...               80   
10                   A106              B  ...               80   
11                    A53              B  ...               40   
12                    A53              B  ...               40   
13                    A53              B  ...               40   
14                    A53              B  ...               40   
15                    A53              B  ...               80   
16                    A53              B  ...               80   
17                   A106              B  ...              160   
18                   A106              B  ...               40   
19                   A106              B  ...               40   
20                   A106              B  ...               40   
21                   A106              B  ...               40   
22                   A106              B  ...               40   
23                   A106              B  ...              160   
24                   A106              B  ...               40   

   REDUCING_SCHEDULE MANUFACTURING_PROCESS END_FINISH END_CONNECTIONS TRIM  \
0                NAN              SEAMLESS  PLAIN END             NAN  NAN   
1                NAN              SEAMLESS  PLAIN END             NAN  NAN   
2                NAN              SEAMLESS  PLAIN END             NAN  NAN   
3                NAN              SEAMLESS  PLAIN END             NAN  NAN   
4                NAN              SEAMLESS  PLAIN END             NAN  NAN   
5                NAN              SEAMLESS  PLAIN END             NAN  NAN   
6                NAN              SEAMLESS  PLAIN END             NAN  NAN   
7                NAN              SEAMLESS  PLAIN END             NAN  NAN   
8                NAN              SEAMLESS  PLAIN END             NAN  NAN   
9                NAN              SEAMLESS  PLAIN END             NAN  NAN   
10               NAN              SEAMLESS  PLAIN END             NAN  NAN   
11               NAN                   ERW  PLAIN END             NAN  NAN   
12               NAN                   ERW  PLAIN END              PE  NAN   
13               NAN                   ERW  PLAIN END             NAN  NAN   
14               NAN                   ERW  PLAIN END             NAN  NAN   
15               NAN                   ERW  PLAIN END             NAN  NAN   
16               NAN                   ERW         PE              PE  NAN   
17               NAN              SEAMLESS  PLAIN END             NAN  NAN   
18               NAN              SEAMLESS  PLAIN END             NAN  NAN   
19               NAN              SEAMLESS  PLAIN END             NAN  NAN   
20               NAN              SEAMLESS  PLAIN END             NAN  NAN   
21               NAN              SEAMLESS  PLAIN END             NAN  NAN   
22               NAN              SEAMLESS  PLAIN END             NAN  NAN   
23               NAN              SEAMLESS  PLAIN END             NAN  NAN   
24               NAN              SEAMLESS  PLAIN END             NAN  NAN   

   MISCELLANEOUS CONFIDENCE     id     score  
0      BLACK DRL       0.90  26919  0.782225  
1            DRL       0.95  26913  0.781829  
2            DRL       0.95  26914  0.781806  
3            DRL       0.95  26912  0.781591  
4      BLACK DRL       0.90  26922  0.781506  
5      BLACK DRL       0.95  26920  0.781496  
6      BLACK DRL       0.95  26921  0.781135  
7      BLACK DRL       0.95  26928  0.773374  
8      BLACK DRL       0.95  26927  0.773333  
9            DRL       0.95  26930  0.773184  
10           DRL       0.90  26929  0.773184  
11         BLACK       0.95  26939  0.766588  
12         BLACK       0.95  27373  0.766391  
13         BLACK       0.95  26937  0.766296  
14         BLACK       0.95  26938  0.766261  
15         BLACK       0.95  26943  0.764644  
16         BLACK       0.95  26944  0.764474  
17     BLACK DRL       0.90  27081  0.759821  
18           DRL       0.90  27089  0.759733  
19     BLACK DRL       0.95  27085  0.759708  
20     BLACK DRL       0.90  27087  0.759708  
21     BLACK DRL       0.90  27086  0.759693  
22     BLACK DRL       0.95  27088  0.759693  
23     BLACK DRL       0.95  27079  0.759042  
24     BLACK DRL       0.90  26743  0.759032  

[25 rows x 21 columns]",14,NOT BAD
42,"8 45 DEGREE LONG RADIUS ELBOW , ASME B16.9 , BEVELED END , ASTM A420 GRADE WPL6 , TYPE S S-STD",8 CARBON STEEL WPL6 STANDARD WELD 45 ELBOW,True,42,15,15.962709899999936,"       ID                                                DESCRIPTION CATEGORY  \
0   24957                        8 CS STD A420 WPL6 WELD LR 90 ELBOW  FITTING   
1   22510                           6 CS STD A420 WPL6 WELD 45 ELBOW  FITTING   
2   24927                        6 CS STD A420 WPL6 WELD LR 90 ELBOW  FITTING   
3   24945      8 CARBON STEEL WPL6 STANDARD WLD LONG RADIUS 90 ELBOW  FITTING   
4   24944      8 CARBON STEEL WPL6 STANDARD WLD LONG RADIUS 90 ELBOW  FITTING   
5   24725     16 CARBON STEEL WPL6 STANDARD WLD LONG RADIUS 90 ELBOW  FITTING   
6   22519                  8 CARBON STEEL WPL6 STANDARD WLD 45 ELBOW  FITTING   
7   43179     8 CARBON STEEL WPL6 STANDARD WELD LONG RADIUS 90 ELBOW  FITTING   
8   43178     8 CARBON STEEL WPL6 STANDARD WELD LONG RADIUS 90 ELBOW  FITTING   
9   42816    16 CARBON STEEL WPL6 STANDARD WELD LONG RADIUS 90 ELBOW  FITTING   
10  24714     14 CARBON STEEL WPL6 STANDARD WLD LONG RADIUS 90 ELBOW  FITTING   
11  24805     24 CARBON STEEL WPL6 STANDARD WLD LONG RADIUS 90 ELBOW  FITTING   
12  24656                       10 CS STD A420 WPL6 WELD LR 90 ELBOW  FITTING   
13  24690     12 CARBON STEEL WPL6 STANDARD WLD LONG RADIUS 90 ELBOW  FITTING   
14  24689     12 CARBON STEEL WPL6 STANDARD WLD LONG RADIUS 90 ELBOW  FITTING   
15  43173                 8 CARBON STEEL WPL6 STANDARD WELD 45 ELBOW  FITTING   
16  22401                 16 CARBON STEEL WPL6 STANDARD WLD 45 ELBOW  FITTING   
17  24879      4 CARBON STEEL WPL6 STANDARD WLD LONG RADIUS 90 ELBOW  FITTING   
18  24880      4 CARBON STEEL WPL6 STANDARD WLD LONG RADIUS 90 ELBOW  FITTING   
19  24943  8 CARBON STEEL WPL6 SCHEDULE 160 WLD LONG RADIUS 90 ELBOW  FITTING   
20  42795    14 CARBON STEEL WPL6 STANDARD WELD LONG RADIUS 90 ELBOW  FITTING   
21  42797    14 CARBON STEEL WPL6 STANDARD WELD LONG RADIUS 90 ELBOW  FITTING   
22  24743     18 CARBON STEEL WPL6 STANDARD WLD LONG RADIUS 90 ELBOW  FITTING   
23  24916      6 CARBON STEEL WPL6 STANDARD WLD LONG RADIUS 90 ELBOW  FITTING   
24  24915      6 CARBON STEEL WPL6 STANDARD WLD LONG RADIUS 90 ELBOW  FITTING   

                    TYPE PRIMARY_SIZE REDUCING_SIZE LENGTH MATERIAL_NAME  \
0     LR 90 DEGREE ELBOW            8           NAN    NAN  CARBON STEEL   
1        45 DEGREE ELBOW            6           NAN    NAN  CARBON STEEL   
2     LR 90 DEGREE ELBOW            6           NAN    NAN  CARBON STEEL   
3     LR 90 DEGREE ELBOW            8           NAN    NAN  CARBON STEEL   
4     LR 90 DEGREE ELBOW            8           NAN    NAN  CARBON STEEL   
5     LR 90 DEGREE ELBOW           16           NAN    NAN  CARBON STEEL   
6        45 DEGREE ELBOW            8           NAN    NAN  CARBON STEEL   
7   LONG RADIUS 90 ELBOW          8.0           NAN    NAN  CARBON STEEL   
8   LONG RADIUS 90 ELBOW          8.0           NAN    NAN  CARBON STEEL   
9   LONG RADIUS 90 ELBOW         16.0           NAN    NAN  CARBON STEEL   
10    LR 90 DEGREE ELBOW           14           NAN    NAN  CARBON STEEL   
11    LR 90 DEGREE ELBOW           24           NAN    NAN  CARBON STEEL   
12    LR 90 DEGREE ELBOW           10           NAN    NAN  CARBON STEEL   
13    LR 90 DEGREE ELBOW           12           NAN    NAN  CARBON STEEL   
14    LR 90 DEGREE ELBOW           12           NAN    NAN  CARBON STEEL   
15       45 DEGREE ELBOW          8.0           NAN    NAN  CARBON STEEL   
16       45 DEGREE ELBOW           16           NAN    NAN  CARBON STEEL   
17    LR 90 DEGREE ELBOW            4           NAN    NAN  CARBON STEEL   
18    LR 90 DEGREE ELBOW            4           NAN    NAN  CARBON STEEL   
19    LR 90 DEGREE ELBOW            8           NAN    NAN  CARBON STEEL   
20  LONG RADIUS 90 ELBOW         14.0           NAN    NAN  CARBON STEEL   
21  LONG RADIUS 90 ELBOW         14.0           NAN    NAN  CARBON STEEL   
22    LR 90 DEGREE ELBOW           18           NAN    NAN  CARBON STEEL   
23    LR 90 DEGREE ELBOW            6           NAN    NAN  CARBON STEEL   
24    LR 90 DEGREE ELBOW            6           NAN    NAN  CARBON STEEL   

   MATERIAL_SPECIFICATION MATERIAL_GRADE  ... PRIMARY_SCHEDULE  \
0                    A420           WPL6  ...              STD   
1                    A420           WPL6  ...              STD   
2                    A420           WPL6  ...              STD   
3                    WPL6            NAN  ...              STD   
4                    WPL6            NAN  ...              STD   
5                    WPL6            NAN  ...              STD   
6                    WPL6            NAN  ...              STD   
7                    WPL6            NAN  ...         STANDARD   
8                     NAN           WPL6  ...         STANDARD   
9                    WPL6            NAN  ...         STANDARD   
10                   WPL6            NAN  ...              STD   
11                   WPL6            NAN  ...              STD   
12                   A420           WPL6  ...              STD   
13                   WPL6            NAN  ...              STD   
14                   WPL6            NAN  ...              STD   
15                   WPL6            NAN  ...         STANDARD   
16                   WPL6            NAN  ...              STD   
17                   WPL6            NAN  ...              STD   
18                   WPL6            NAN  ...              STD   
19                   WPL6            NAN  ...              160   
20                   WPL6            NAN  ...         STANDARD   
21                   WPL6            NAN  ...         STANDARD   
22                   WPL6            NAN  ...              STD   
23                   WPL6            NAN  ...              STD   
24                   WPL6            NAN  ...              STD   

   REDUCING_SCHEDULE MANUFACTURING_PROCESS END_FINISH END_CONNECTIONS TRIM  \
0                NAN                  WELD        NAN             NAN  NAN   
1                NAN                  WELD        NAN             NAN  NAN   
2                NAN                WELDED        NAN             NAN  NAN   
3                NAN                   NAN         BW             NAN  NAN   
4                NAN                   NAN         BW             NAN  NAN   
5                NAN                   NAN         BW             NAN  NAN   
6                NAN                WELDED        NAN             NAN  NAN   
7                NAN                WELDED        NAN       BUTT WELD  NAN   
8                NAN                  WELD        NAN             NAN  NAN   
9                NAN                  WELD        NAN             NAN  NAN   
10               NAN                   NAN        NAN             NAN  NAN   
11               NAN                  WELD        NAN             NAN  NAN   
12               NAN                   NAN       WELD             NAN  NAN   
13               NAN                   NAN         BW             NAN  NAN   
14               NAN                   NAN         BW             NAN  NAN   
15               NAN                  WELD        NAN             NAN  NAN   
16               NAN                   NAN        NAN              BW  NAN   
17               NAN                   NAN        NAN             NAN  NAN   
18               NAN                   NAN         BW             NAN  NAN   
19               NAN                   NAN       WELD             NAN  NAN   
20               NAN                  WELD        NAN             NAN  NAN   
21               NAN                WELDED        NAN             NAN  NAN   
22               NAN                WELDED         BW             NAN  NAN   
23               NAN                   NAN         BW             NAN  NAN   
24               NAN                WELDED        NAN             NAN  NAN   

   MISCELLANEOUS CONFIDENCE     id     score  
0            NAN       0.90  24957  0.800571  
1            NAN       0.90  22510  0.799723  
2            NAN       0.85  24927  0.795959  
3    LONG RADIUS       0.90  24945  0.787727  
4            NAN       0.90  24944  0.787582  
5            NAN       0.90  24725  0.785990  
6            NAN       0.85  22519  0.781431  
7            NAN       0.90  43179  0.781403  
8            NAN       0.80  43178  0.781403  
9            NAN       0.90  42816  0.777553  
10           NAN       0.85  24714  0.777104  
11           NAN       0.90  24805  0.776047  
12           NAN       0.95  24656  0.775381  
13           NAN       0.90  24690  0.775313  
14           NAN       0.90  24689  0.775284  
15           NAN       0.90  43173  0.772753  
16           NAN       0.85  22401  0.772564  
17           NAN       0.85  24879  0.772394  
18           NAN       0.90  24880  0.772394  
19           NAN       0.90  24943  0.770083  
20           NAN       0.90  42795  0.770039  
21           NAN       0.90  42797  0.769997  
22           NAN       0.90  24743  0.768769  
23           NAN       0.90  24916  0.768016  
24           NAN       0.90  24915  0.767969  

[25 rows x 21 columns]",20,NOT BAD
43,"TEE, PIPE, REDUCING, 4"" X 4"" X 2"", SCH 40/XH, BUTT WELD, CS, A234",4X4X2 CARBON STEEL STANDARD WELD TEE,True,43,166,23.71228610000003,"       ID  \
0   28187   
1   23421   
2   24203   
3   24211   
4   43089   
5   43760   
6   23205   
7   24209   
8   24208   
9   43092   
10  28204   
11  28203   
12  23590   
13  23582   
14  23581   
15  23583   
16  23584   
17  24303   
18  43779   
19  23431   
20  24225   
21  23526   
22  42893   
23  43788   
24  23960   

                                                                                                   DESCRIPTION  \
0                                                                       4 X 2 CARBON STEEL TEE STD-XH A234 WPB   
1                                                        4 X 2 CARBON STEEL STD-XH CONCENTRIC REDUCER A234 WPB   
2                                                         4 X 2 CARBON STEEL STD-XH ECCENTRIC REDUCER A234 WPB   
3                                                                                4 X 2 CS STD WELD ECC REDUCER   
4                                                                4 X 4 X 2 CARBON STEEL WPL6 STANDARD WELD TEE   
5                                                       4 X 2 CARBON STEEL SCHEDULE XH WELD CONCENTRIC REDUCER   
6                                                        2 X 1 CARBON STEEL STD-XH CONCENTRIC REDUCER A234 WPB   
7                                                                        4 X 2 CS EXTRA HEAVY WELD ECC REDUCER   
8                                                                        4 X 2 CS EXTRA HEAVY WELD ECC REDUCER   
9                                                                4 X 4 X 3 CARBON STEEL WPL6 STANDARD WELD TEE   
10                                                                                   4 X 4 X 2 CS STD WELD TEE   
11                                                                                   4 X 4 X 2 CS STD WELD TEE   
12                                                 4 X 1-0.25 CARBON STEEL SCHEDULE XH WELD CONCENTRIC REDUCER   
13  FITTG REDUCER CONCENTRIC SWAGE BUTT WELDG X PLA XSTRONG SEAMLESS CARBON STEEL ASTM A234 GRADE WPB MSS SP95   
14  FITTG REDUCER CONCENTRIC SWAGE BUTT WELDG X PLA XSTRONG SEAMLESS CARBON STEEL ASTM A234 GRADE WPB MSS SP95   
15  FITTG REDUCER CONCENTRIC SWAGE BUTT WELDG X PLA XSTRONG SEAMLESS CARBON STEEL ASTM A234 GRADE WPB MSS SP95   
16  FITTG REDUCER CONCENTRIC SWAGE BUTT WELDG X PLA XSTRONG SEAMLESS CARBON STEEL ASTM A234 GRADE WPB MSS SP95   
17   FITTG REDUCER ECCENTRIC SWAGE BUTT WELDG X PLA XSTRONG SEAMLESS CARBON STEEL ASTM A234 GRADE WPB MSS SP95   
18                                                                         2 CARBON STEEL SCHEDULE XH WELD TEE   
19                                                                              4 X 2 CS STD WELD CONC REDUCER   
20                                                                               4 X 3 CS STD WELD ECC REDUCER   
21                                                                    6 X 4 CS STD A420 WPL6 WELD CONC REDUCER   
22                                                                    2 CARBON STEEL WPL6 SCHEDULE XH WELD TEE   
23                                                                     2X2X1 CARBON STEEL SCHEDULE XH WELD TEE   
24                                                                              10 X 4 CS STD WELD ECC REDUCER   

   CATEGORY                TYPE PRIMARY_SIZE REDUCING_SIZE LENGTH  \
0   FITTING                 TEE            4             2    NAN   
1   FITTING  CONCENTRIC REDUCER            4             2    NAN   
2   FITTING   ECCENTRIC REDUCER            4             2    NAN   
3   FITTING   ECCENTRIC REDUCER            4             2    NAN   
4   FITTING        REDUCING TEE          4.0           2.0    NAN   
5   FITTING  CONCENTRIC REDUCER          4.0           2.0    NAN   
6   FITTING  CONCENTRIC REDUCER            2             1    NAN   
7   FITTING   ECCENTRIC REDUCER            4             2    NAN   
8   FITTING   ECCENTRIC REDUCER            4             2    NAN   
9   FITTING                 TEE          4.0           3.0    NAN   
10  FITTING                 TEE            4             2    NAN   
11  FITTING                 TEE            4             2    NAN   
12  FITTING  CONCENTRIC REDUCER            4          1.25    NAN   
13  FITTING  CONCENTRIC REDUCER            3          0.75    NAN   
14  FITTING  CONCENTRIC REDUCER            3             1    NAN   
15  FITTING  CONCENTRIC REDUCER         0.75           0.5    NAN   
16  FITTING  CONCENTRIC REDUCER            4             2    NAN   
17  FITTING   ECCENTRIC REDUCER            1         0.625    NAN   
18  FITTING                 TEE          2.0           NAN    NAN   
19  FITTING  CONCENTRIC REDUCER            4             2    NAN   
20  FITTING   ECCENTRIC REDUCER            4             3    NAN   
21  FITTING  CONCENTRIC REDUCER            6             4    NAN   
22  FITTING                 TEE          2.0           NAN    NAN   
23  FITTING                 TEE          2.0           1.0    NAN   
24  FITTING   ECCENTRIC REDUCER           10             4    NAN   

   MATERIAL_NAME MATERIAL_SPECIFICATION MATERIAL_GRADE  ... PRIMARY_SCHEDULE  \
0   CARBON STEEL                   A234            WPB  ...               XH   
1   CARBON STEEL                   A234            WPB  ...               XH   
2   CARBON STEEL                   A234            WPB  ...               XH   
3   CARBON STEEL                    NAN            NAN  ...              STD   
4   CARBON STEEL                    NAN           WPL6  ...         STANDARD   
5   CARBON STEEL                    NAN            NAN  ...               XH   
6   CARBON STEEL                   A234            WPB  ...               XH   
7   CARBON STEEL                    NAN            NAN  ...               XH   
8   CARBON STEEL                    NAN            NAN  ...               XH   
9   CARBON STEEL                   WPL6            NAN  ...         STANDARD   
10  CARBON STEEL                    NAN            NAN  ...              STD   
11  CARBON STEEL                    NAN            NAN  ...              STD   
12  CARBON STEEL                    NAN            NAN  ...               XH   
13  CARBON STEEL                   A234            WPB  ...               XH   
14  CARBON STEEL                   A234            WPB  ...               XH   
15  CARBON STEEL                   A234            WPB  ...               XH   
16  CARBON STEEL                   A234            WPB  ...               XH   
17  CARBON STEEL              ASTM A234            WPB  ...               XH   
18  CARBON STEEL                    NAN            NAN  ...               XH   
19  CARBON STEEL                    NAN            NAN  ...              STD   
20  CARBON STEEL                    NAN            NAN  ...              STD   
21  CARBON STEEL                   A420           WPL6  ...              STD   
22  CARBON STEEL                    NAN           WPL6  ...               XH   
23  CARBON STEEL                    NAN            NAN  ...               XH   
24  CARBON STEEL                    NAN            NAN  ...              STD   

   REDUCING_SCHEDULE MANUFACTURING_PROCESS END_FINISH END_CONNECTIONS TRIM  \
0                NAN                   NAN        NAN             NAN  NAN   
1                NAN                   NAN        NAN             NAN  NAN   
2                NAN                   NAN        NAN             NAN  NAN   
3                NAN                   NAN        NAN             NAN  NAN   
4                NAN                   NAN        NAN              BW  NAN   
5                NAN                  WELD        NAN             NAN  NAN   
6                NAN                   NAN        NAN             NAN  NAN   
7                NAN                  WELD        NAN             NAN  NAN   
8                NAN                  WELD        NAN             NAN  NAN   
9                NAN                  WELD        NAN             NAN  NAN   
10               NAN                  WELD        NAN             NAN  NAN   
11               NAN                WELDED        NAN             NAN  NAN   
12               NAN                  WELD        NAN             NAN  NAN   
13                XH              SEAMLESS        NAN         BW X PE  NAN   
14               NAN              SEAMLESS        NAN         SW X BW  NAN   
15                XH              SEAMLESS        NAN         SW X BW  NAN   
16                XH              SEAMLESS        NAN         SW X BW  NAN   
17               NAN              SEAMLESS        NAN         SW X BW  NAN   
18               NAN                  WELD        NAN             NAN  NAN   
19               NAN                   NAN        NAN              BW  NAN   
20               NAN                WELDED        NAN             NAN  NAN   
21               NAN                  WELD        NAN             NAN  NAN   
22               NAN                  WELD        NAN             NAN  NAN   
23               NAN                WELDED        NAN             NAN  NAN   
24               NAN                WELDED        NAN             NAN  NAN   

   MISCELLANEOUS CONFIDENCE     id     score  
0            NAN       0.90  28187  0.775088  
1       STANDARD       0.95  23421  0.768767  
2       STANDARD       0.95  24203  0.763548  
3            NAN       0.80  24211  0.742050  
4            NAN       0.90  43089  0.736690  
5            NAN       0.80  43760  0.734938  
6            NAN       0.90  23205  0.734260  
7            NAN       0.80  24209  0.729761  
8            NAN       0.80  24208  0.729720  
9            NAN       0.80  43092  0.728023  
10           NAN       0.80  28204  0.727551  
11           NAN       0.80  28203  0.727551  
12           NAN       0.80  23590  0.727119  
13      MSS SP95       0.95  23582  0.725716  
14      MSS SP95       0.95  23581  0.725716  
15      MSS SP95       0.95  23583  0.725716  
16      MSS SP95       0.95  23584  0.725716  
17      MSS SP95       0.95  24303  0.725584  
18           NAN       0.80  43779  0.722358  
19           NAN       0.80  23431  0.720879  
20           NAN       0.80  24225  0.720524  
21           NAN       0.90  23526  0.719286  
22           NAN       0.80  42893  0.718350  
23           NAN       0.80  43788  0.718249  
24           NAN       0.80  23960  0.716627  

[25 rows x 21 columns]",15,NOT BAD
44,"6X6X3 REDUCING TEE , ASME B16.9 , BEVELED END , ASTM A234 GRADE WPB , TYPE S S-STD",6 X 6 X 3 CARBON STEEL STANDARD WELD TEE,True,44,16,27.338326599999846,"       ID                                            DESCRIPTION CATEGORY  \
0   43162          6 X 6 X 3 CARBON STEEL WPL6 STANDARD WELD TEE  FITTING   
1   43161          6 X 6 X 3 CARBON STEEL WPL6 STANDARD WELD TEE  FITTING   
2   43165          6 X 6 X 4 CARBON STEEL WPL6 STANDARD WELD TEE  FITTING   
3   43166          6 X 6 X 4 CARBON STEEL WPL6 STANDARD WELD TEE  FITTING   
4   39829                        6X6X4 SS S10S 304L SMLS RED TEE  FITTING   
5   28260                              6 X 6 X 3 CS STD WELD TEE  FITTING   
6   28257           6 X 6 X 3 CARBON STEEL WPL6 STANDARD WLD TEE  FITTING   
7   28187                 4 X 2 CARBON STEEL TEE STD-XH A234 WPB  FITTING   
8   28267           6 X 6 X 4 CARBON STEEL WPL6 STANDARD WLD TEE  FITTING   
9   43092          4 X 4 X 3 CARBON STEEL WPL6 STANDARD WELD TEE  FITTING   
10  28244                            6 CS STD A420 WPL6 WELD TEE  FITTING   
11  23526               6 X 4 CS STD A420 WPL6 WELD CONC REDUCER  FITTING   
12  28272                              6 X 6 X 4 CS STD WELD TEE  FITTING   
13  24203   4 X 2 CARBON STEEL STD-XH ECCENTRIC REDUCER A234 WPB  FITTING   
14  43124                  6 CARBON STEEL WPL6 STANDARD WELD TEE  FITTING   
15  23421  4 X 2 CARBON STEEL STD-XH CONCENTRIC REDUCER A234 WPB  FITTING   
16  43157               6 X 6 X 3 CARBON STEEL STANDARD WELD TEE  FITTING   
17  43158               6 X 6 X 3 CARBON STEEL STANDARD WELD TEE  FITTING   
18  24253                          6 X 3 CS STD WELD ECC REDUCER  FITTING   
19  24254                          6 X 3 CS STD WELD ECC REDUCER  FITTING   
20  28254               6 X 6 X 3 CARBON STEEL STANDARD WELD TEE  FITTING   
21  42744        10 X 10 X 6 CARBON STEEL WPL6 STANDARD WELD TEE  FITTING   
22  42745        10 X 10 X 6 CARBON STEEL WPL6 STANDARD WELD TEE  FITTING   
23  28256                6 X 6 X 3 CARBON STEEL STANDARD WLD TEE  FITTING   
24  28255                6 X 6 X 3 CARBON STEEL STANDARD WLD TEE  FITTING   

                  TYPE PRIMARY_SIZE REDUCING_SIZE LENGTH    MATERIAL_NAME  \
0         STRAIGHT TEE          6.0           3.0    NAN     CARBON STEEL   
1                  TEE          6.0           3.0    NAN     CARBON STEEL   
2                  TEE          6.0           4.0    NAN     CARBON STEEL   
3                  TEE          6.0           4.0    NAN     CARBON STEEL   
4         REDUCING TEE            6             4    NAN  STAINLESS STEEL   
5                  TEE            6             3    NAN     CARBON STEEL   
6                  TEE            6             3    NAN     CARBON STEEL   
7                  TEE            4             2    NAN     CARBON STEEL   
8                  TEE            6             4    NAN     CARBON STEEL   
9                  TEE          4.0           3.0    NAN     CARBON STEEL   
10                 TEE            6           NAN    NAN     CARBON STEEL   
11  CONCENTRIC REDUCER            6             4    NAN     CARBON STEEL   
12                 TEE            6             4    NAN     CARBON STEEL   
13   ECCENTRIC REDUCER            4             2    NAN     CARBON STEEL   
14                 TEE          6.0           NAN    NAN     CARBON STEEL   
15  CONCENTRIC REDUCER            4             2    NAN     CARBON STEEL   
16                 TEE          6.0           3.0    NAN     CARBON STEEL   
17                 TEE          6.0           3.0    NAN     CARBON STEEL   
18   ECCENTRIC REDUCER            6             3    NAN     CARBON STEEL   
19   ECCENTRIC REDUCER            6             3    NAN     CARBON STEEL   
20                 TEE            6             3    NAN     CARBON STEEL   
21        REDUCING TEE         10.0           6.0    NAN     CARBON STEEL   
22                 TEE         10.0           6.0    NAN     CARBON STEEL   
23                 TEE            6             3    NAN     CARBON STEEL   
24                 TEE            6             3    NAN     CARBON STEEL   

   MATERIAL_SPECIFICATION MATERIAL_GRADE  ... PRIMARY_SCHEDULE  \
0                    WPL6            NAN  ...         STANDARD   
1                    WPL6            NAN  ...         STANDARD   
2                    WPL6            NAN  ...         STANDARD   
3                     NAN           WPL6  ...         STANDARD   
4                    S10S           304L  ...               10   
5                     NAN            NAN  ...              STD   
6                    WPL6            NAN  ...              STD   
7                    A234            WPB  ...               XH   
8                    WPL6            NAN  ...              STD   
9                    WPL6            NAN  ...         STANDARD   
10                   A420           WPL6  ...              STD   
11                   A420           WPL6  ...              STD   
12                    NAN            NAN  ...              STD   
13                   A234            WPB  ...               XH   
14                   WPL6            NAN  ...         STANDARD   
15                   A234            WPB  ...               XH   
16                    NAN            NAN  ...         STANDARD   
17                    NAN            NAN  ...         STANDARD   
18                    NAN            NAN  ...              STD   
19                    NAN            NAN  ...              STD   
20                    NAN            NAN  ...              STD   
21                   WPL6            NAN  ...         STANDARD   
22                   WPL6            NAN  ...         STANDARD   
23                    NAN            NAN  ...              STD   
24                    NAN            NAN  ...              STD   

   REDUCING_SCHEDULE MANUFACTURING_PROCESS END_FINISH END_CONNECTIONS TRIM  \
0                NAN                WELDED        NAN             NAN  NAN   
1                NAN                  WELD        NAN             NAN  NAN   
2                NAN                  WELD        NAN             NAN  NAN   
3                NAN                  WELD        NAN             NAN  NAN   
4                NAN              SEAMLESS        NAN             NAN  NAN   
5                NAN                WELDED        NAN             NAN  NAN   
6                NAN                WELDED        NAN             NAN  NAN   
7                NAN                   NAN        NAN             NAN  NAN   
8                NAN                WELDED        NAN             NAN  NAN   
9                NAN                  WELD        NAN             NAN  NAN   
10               NAN                WELDED        NAN             NAN  NAN   
11               NAN                  WELD        NAN             NAN  NAN   
12               NAN                WELDED        NAN             NAN  NAN   
13               NAN                   NAN        NAN             NAN  NAN   
14               NAN                WELDED        NAN             NAN  NAN   
15               NAN                   NAN        NAN             NAN  NAN   
16               NAN                   NAN        NAN       BUTT WELD  NAN   
17               NAN                  WELD        NAN             NAN  NAN   
18               NAN                WELDED        NAN             NAN  NAN   
19               NAN                  WELD        NAN             NAN  NAN   
20               NAN                WELDED        NAN             NAN  NAN   
21               NAN                   NAN        NAN             NAN  NAN   
22               NAN                  WELD        NAN             NAN  NAN   
23               NAN                WELDED        NAN             NAN  NAN   
24               NAN                WELDED        NAN             NAN  NAN   

   MISCELLANEOUS CONFIDENCE     id     score  
0            NAN       0.90  43162  0.761838  
1            NAN       0.90  43161  0.761797  
2            NAN       0.90  43165  0.754419  
3            NAN       0.80  43166  0.754286  
4            NAN       0.90  39829  0.749731  
5            NAN       0.80  28260  0.748525  
6            NAN       0.85  28257  0.748214  
7            NAN       0.90  28187  0.745443  
8            NAN       0.85  28267  0.742010  
9            NAN       0.80  43092  0.738914  
10           NAN       0.85  28244  0.737384  
11           NAN       0.90  23526  0.736547  
12           NAN       0.80  28272  0.734093  
13      STANDARD       0.95  24203  0.733155  
14           NAN       0.80  43124  0.732922  
15      STANDARD       0.95  23421  0.732491  
16           NAN       0.80  43157  0.732155  
17           NAN       0.80  43158  0.732108  
18           NAN       0.85  24253  0.732098  
19           NAN       0.80  24254  0.732098  
20           NAN       0.80  28254  0.732016  
21           NAN       0.80  42744  0.730607  
22           NAN       0.80  42745  0.730607  
23           NAN       0.80  28256  0.730399  
24           NAN       0.80  28255  0.730068  

[25 rows x 21 columns]",19,NOT BAD
45,"GASKET, SPIRAL WOUND, 6"" PIPE, 150 LB, 316 SS WINDING, GRAFOIL, W/ INNER RING",6 150 WRI 316 FG 316 IR GASKET *Z,True,45,152,26.951610299999857,"       ID                               DESCRIPTION CATEGORY          TYPE  \
0   12424          6 150 316 FG SPIRAL WOUND GASKET   GASKET  SPIRAL WOUND   
1   12423          6 150 304 FG SPIRAL WOUND GASKET   GASKET  SPIRAL WOUND   
2    2187             6 150 304 SPIRAL WOUND GASKET   GASKET  SPIRAL WOUND   
3    4889       6 1500 316 SPIRAL GASKET WITH GRAPH   GASKET        SPIRAL   
4    6913          8 150 316 FG SPIRAL WOUND GASKET   GASKET  SPIRAL WOUND   
5    2177         18 150 316 FG SPIRAL WOUND GASKET   GASKET  SPIRAL WOUND   
6   12405         12 150 316 FG SPIRAL WOUND GASKET   GASKET  SPIRAL WOUND   
7    6912          5 150 316 FG SPIRAL WOUND GASKET   GASKET  SPIRAL WOUND   
8    5077       6 1500 304 SPIRAL GASKET WITH GRAPH   GASKET        SPIRAL   
9    3963          6 300 316 FG SPIRAL WOUND GASKET   GASKET  SPIRAL WOUND   
10   2186          4 150 316 FG SPIRAL WOUND GASKET   GASKET  SPIRAL WOUND   
11  11950        6 150 316 SPIRAL GASKET WITH GRAPH   GASKET        SPIRAL   
12   6911          3 150 316 FG SPIRAL WOUND GASKET   GASKET  SPIRAL WOUND   
13   6910         10 150 316 FG SPIRAL WOUND GASKET   GASKET  SPIRAL WOUND   
14  11972  6 150 316 L STAINLESS STEEL WOUND GASKET   GASKET  SPIRAL WOUND   
15   6905          5 150 304 FG SPIRAL WOUND GASKET   GASKET  SPIRAL WOUND   
16   2188          8 150 304 FG SPIRAL WOUND GASKET   GASKET  SPIRAL WOUND   
17   5075       4 1500 316 SPIRAL GASKET WITH GRAPH   GASKET        SPIRAL   
18   2180         20 150 316 FG SPIRAL WOUND GASKET   GASKET  SPIRAL WOUND   
19  11962          1 150 316 FG SPIRAL WOUND GASKET   GASKET  SPIRAL WOUND   
20   2176         18 150 304 FG SPIRAL WOUND GASKET   GASKET  SPIRAL WOUND   
21   2175         16 150 304 FG SPIRAL WOUND GASKET   GASKET  SPIRAL WOUND   
22  12992       8 1500 316 SPIRAL GASKET WITH GRAPH   GASKET        SPIRAL   
23  12410          2 150 316 FG SPIRAL WOUND GASKET   GASKET  SPIRAL WOUND   
24   2085        6 150 304 SPIRAL GASKET WITH GRAPH   GASKET        SPIRAL   

   PRIMARY_SIZE REDUCING_SIZE LENGTH    MATERIAL_NAME MATERIAL_SPECIFICATION  \
0             6           NAN    NAN  STAINLESS STEEL                    316   
1             6           NAN    NAN  STAINLESS STEEL                    304   
2             6           NAN    NAN  STAINLESS STEEL                    304   
3             6           NAN    NAN              316                    NAN   
4             8           NAN    NAN              316                    NAN   
5            18           NAN    NAN  STAINLESS STEEL                    316   
6            12           NAN    NAN  STAINLESS STEEL                    316   
7             5           NAN    NAN              316                    NAN   
8             6           NAN    NAN  STAINLESS STEEL                    304   
9             6           NAN    NAN  STAINLESS STEEL                    316   
10            4           NAN    NAN  STAINLESS STEEL                    316   
11            6           NAN    NAN  STAINLESS STEEL                    316   
12            3           NAN    NAN              316                    NAN   
13           10           NAN    NAN              316                    NAN   
14            6           NAN    NAN  STAINLESS STEEL                   316L   
15            5           NAN    NAN              304                    NAN   
16            8           NAN    NAN  STAINLESS STEEL                    304   
17            4           NAN    NAN  STAINLESS STEEL                    316   
18           20           NAN    NAN  STAINLESS STEEL                    316   
19            1           NAN    NAN  STAINLESS STEEL                    316   
20           18           NAN    NAN  STAINLESS STEEL                    304   
21           16           NAN    NAN  STAINLESS STEEL                    304   
22            8           NAN    NAN  STAINLESS STEEL                    316   
23            2           NAN    NAN  STAINLESS STEEL                    316   
24            6           NAN    NAN  STAINLESS STEEL                    304   

   MATERIAL_GRADE  ... PRIMARY_SCHEDULE REDUCING_SCHEDULE  \
0             NAN  ...              NAN               NAN   
1             NAN  ...              NAN               NAN   
2             NAN  ...              NAN               NAN   
3             NAN  ...              NAN               NAN   
4             NAN  ...              NAN               NAN   
5             NAN  ...              NAN               NAN   
6             NAN  ...              NAN               NAN   
7             NAN  ...              NAN               NAN   
8             NAN  ...              NAN               NAN   
9             NAN  ...              NAN               NAN   
10            NAN  ...              NAN               NAN   
11            NAN  ...              NAN               NAN   
12            NAN  ...              NAN               NAN   
13            NAN  ...              NAN               NAN   
14            NAN  ...              NAN               NAN   
15            NAN  ...              NAN               NAN   
16            NAN  ...              NAN               NAN   
17            NAN  ...              NAN               NAN   
18            NAN  ...              NAN               NAN   
19            NAN  ...              NAN               NAN   
20            NAN  ...              NAN               NAN   
21            NAN  ...              NAN               NAN   
22            NAN  ...              NAN               NAN   
23            NAN  ...              NAN               NAN   
24            NAN  ...              NAN               NAN   

   MANUFACTURING_PROCESS END_FINISH END_CONNECTIONS TRIM    MISCELLANEOUS  \
0                    NAN        NAN             NAN  NAN               FG   
1                    NAN        NAN             NAN  NAN               FG   
2                    NAN        NAN             NAN  NAN              NAN   
3                    NAN        NAN             NAN  NAN  GRAPHITE FILLER   
4                    NAN        NAN             NAN  NAN               FG   
5                    NAN        NAN             NAN  NAN               FG   
6                    NAN        NAN             NAN  NAN               FG   
7                    NAN        NAN             NAN  NAN               FG   
8                    NAN        NAN             NAN  NAN    WITH GRAPHITE   
9                    NAN        NAN             NAN  NAN               FG   
10                   NAN        NAN             NAN  NAN               FG   
11                   NAN        NAN             NAN  NAN    WITH GRAPHITE   
12                   NAN         FG             NAN  NAN              NAN   
13                   NAN        NAN             NAN  NAN               FG   
14                   NAN        NAN             NAN  NAN              NAN   
15                   NAN         FG             NAN  NAN              NAN   
16                   NAN        NAN             NAN  NAN               FG   
17                   NAN        NAN             NAN  NAN    WITH GRAPHITE   
18                   NAN        NAN             NAN  NAN               FG   
19                   NAN        NAN             NAN  NAN               FG   
20                   NAN        NAN             NAN  NAN               FG   
21                   NAN         FG             NAN  NAN              NAN   
22                   NAN        NAN             NAN  NAN    WITH GRAPHITE   
23                   NAN        NAN             NAN  NAN               FG   
24                   NAN        NAN             NAN  NAN    WITH GRAPHITE   

   CONFIDENCE     id     score  
0        0.90  12424  0.821116  
1        0.95  12423  0.805852  
2        0.95   2187  0.801674  
3        0.90   4889  0.791077  
4        0.90   6913  0.786830  
5        0.95   2177  0.784618  
6        0.95  12405  0.783371  
7        0.90   6912  0.782922  
8        0.95   5077  0.780275  
9        0.95   3963  0.779174  
10       0.90   2186  0.778550  
11       0.90  11950  0.778084  
12       0.90   6911  0.776238  
13       0.95   6910  0.773173  
14       0.95  11972  0.770120  
15       0.90   6905  0.770102  
16       0.95   2188  0.769962  
17       0.95   5075  0.768851  
18       0.95   2180  0.768483  
19       0.95  11962  0.768406  
20       0.95   2176  0.768116  
21       0.90   2175  0.767473  
22       0.90  12992  0.767238  
23       0.95  12410  0.766563  
24       0.95   2085  0.765898  

[25 rows x 21 columns]",17,NOT BAD
46,"2 45 DEGREE LONG RADIUS ELBOW , ASME B16.9 , BEVELED END , ASTM A420 GRADE WPL6 , TYPE S S-STD",2 CARBON STEEL WPL6 STANDARD WELD 45 ELBOW,True,46,24,26.971165500000097,"       ID                                                DESCRIPTION CATEGORY  \
0   24517  2 CARBON STEEL WPL6 SCHEDULE 160 LONG RADIUS 45 WLD ELBOW  FITTING   
1   24516  2 CARBON STEEL WPL6 SCHEDULE 160 LONG RADIUS 45 WLD ELBOW  FITTING   
2   24765      2 CARBON STEEL WPL6 STANDARD WLD LONG RADIUS 90 ELBOW  FITTING   
3   24764      2 CARBON STEEL WPL6 STANDARD WLD LONG RADIUS 90 ELBOW  FITTING   
4   24777  2 X 1 CARBON STEEL WPL6 STANDARD WLD LONG RADIUS 90 ELBOW  FITTING   
5   22510                           6 CS STD A420 WPL6 WELD 45 ELBOW  FITTING   
6   24725     16 CARBON STEEL WPL6 STANDARD WLD LONG RADIUS 90 ELBOW  FITTING   
7   22420                  2 CARBON STEEL WPL6 STANDARD WLD 45 ELBOW  FITTING   
8   42866     2 CARBON STEEL WPL6 STANDARD WELD LONG RADIUS 90 ELBOW  FITTING   
9   24927                        6 CS STD A420 WPL6 WELD LR 90 ELBOW  FITTING   
10  24805     24 CARBON STEEL WPL6 STANDARD WLD LONG RADIUS 90 ELBOW  FITTING   
11  24945      8 CARBON STEEL WPL6 STANDARD WLD LONG RADIUS 90 ELBOW  FITTING   
12  24944      8 CARBON STEEL WPL6 STANDARD WLD LONG RADIUS 90 ELBOW  FITTING   
13  24714     14 CARBON STEEL WPL6 STANDARD WLD LONG RADIUS 90 ELBOW  FITTING   
14  24879      4 CARBON STEEL WPL6 STANDARD WLD LONG RADIUS 90 ELBOW  FITTING   
15  24880      4 CARBON STEEL WPL6 STANDARD WLD LONG RADIUS 90 ELBOW  FITTING   
16  22519                  8 CARBON STEEL WPL6 STANDARD WLD 45 ELBOW  FITTING   
17  42816    16 CARBON STEEL WPL6 STANDARD WELD LONG RADIUS 90 ELBOW  FITTING   
18  42938    24 CARBON STEEL WPL6 STANDARD WELD LONG RADIUS 90 ELBOW  FITTING   
19  42939    24 CARBON STEEL WPL6 STANDARD WELD LONG RADIUS 90 ELBOW  FITTING   
20  24690     12 CARBON STEEL WPL6 STANDARD WLD LONG RADIUS 90 ELBOW  FITTING   
21  24689     12 CARBON STEEL WPL6 STANDARD WLD LONG RADIUS 90 ELBOW  FITTING   
22  24619      1 CARBON STEEL WPL6 STANDARD WLD LONG RADIUS 90 ELBOW  FITTING   
23  24620      1 CARBON STEEL WPL6 STANDARD WLD LONG RADIUS 90 ELBOW  FITTING   
24  42861                 2 CARBON STEEL WPL6 STANDARD WELD 45 ELBOW  FITTING   

                    TYPE PRIMARY_SIZE REDUCING_SIZE LENGTH MATERIAL_NAME  \
0     LR 45 DEGREE ELBOW            2           NAN    NAN  CARBON STEEL   
1     LR 45 DEGREE ELBOW            2           NAN    NAN  CARBON STEEL   
2     LR 90 DEGREE ELBOW            2           NAN    NAN  CARBON STEEL   
3     LR 90 DEGREE ELBOW            2           NAN    NAN  CARBON STEEL   
4     LR 90 DEGREE ELBOW            2             1    NAN  CARBON STEEL   
5        45 DEGREE ELBOW            6           NAN    NAN  CARBON STEEL   
6     LR 90 DEGREE ELBOW           16           NAN    NAN  CARBON STEEL   
7        45 DEGREE ELBOW            2           NAN    NAN  CARBON STEEL   
8   LONG RADIUS 90 ELBOW          2.0           NAN    NAN  CARBON STEEL   
9     LR 90 DEGREE ELBOW            6           NAN    NAN  CARBON STEEL   
10    LR 90 DEGREE ELBOW           24           NAN    NAN  CARBON STEEL   
11    LR 90 DEGREE ELBOW            8           NAN    NAN  CARBON STEEL   
12    LR 90 DEGREE ELBOW            8           NAN    NAN  CARBON STEEL   
13    LR 90 DEGREE ELBOW           14           NAN    NAN  CARBON STEEL   
14    LR 90 DEGREE ELBOW            4           NAN    NAN  CARBON STEEL   
15    LR 90 DEGREE ELBOW            4           NAN    NAN  CARBON STEEL   
16       45 DEGREE ELBOW            8           NAN    NAN  CARBON STEEL   
17  LONG RADIUS 90 ELBOW         16.0           NAN    NAN  CARBON STEEL   
18  LONG RADIUS 90 ELBOW         24.0           NAN    NAN  CARBON STEEL   
19  LONG RADIUS 90 ELBOW         24.0           NAN    NAN  CARBON STEEL   
20    LR 90 DEGREE ELBOW           12           NAN    NAN  CARBON STEEL   
21    LR 90 DEGREE ELBOW           12           NAN    NAN  CARBON STEEL   
22    LR 90 DEGREE ELBOW            1           NAN    NAN  CARBON STEEL   
23    LR 90 DEGREE ELBOW            1           NAN    NAN  CARBON STEEL   
24       45 DEGREE ELBOW          2.0           NAN    NAN  CARBON STEEL   

   MATERIAL_SPECIFICATION MATERIAL_GRADE  ... PRIMARY_SCHEDULE  \
0                    WPL6            NAN  ...              160   
1                    WPL6            NAN  ...              160   
2                    WPL6            NAN  ...              STD   
3                    WPL6            NAN  ...              STD   
4                    WPL6            NAN  ...              STD   
5                    A420           WPL6  ...              STD   
6                    WPL6            NAN  ...              STD   
7                    WPL6            NAN  ...              STD   
8                    WPL6            NAN  ...         STANDARD   
9                    A420           WPL6  ...              STD   
10                   WPL6            NAN  ...              STD   
11                   WPL6            NAN  ...              STD   
12                   WPL6            NAN  ...              STD   
13                   WPL6            NAN  ...              STD   
14                   WPL6            NAN  ...              STD   
15                   WPL6            NAN  ...              STD   
16                   WPL6            NAN  ...              STD   
17                   WPL6            NAN  ...         STANDARD   
18                   WPL6            NAN  ...         STANDARD   
19                   WPL6            NAN  ...         STANDARD   
20                   WPL6            NAN  ...              STD   
21                   WPL6            NAN  ...              STD   
22                   WPL6            NAN  ...              STD   
23                   WPL6            NAN  ...              STD   
24                   WPL6            NAN  ...         STANDARD   

   REDUCING_SCHEDULE MANUFACTURING_PROCESS END_FINISH END_CONNECTIONS TRIM  \
0                NAN                   NAN        NAN             NAN  NAN   
1                NAN                   NAN        NAN             NAN  NAN   
2                NAN                   NAN         BW             NAN  NAN   
3                NAN                WELDED        NAN             NAN  NAN   
4                NAN                   NAN        NAN             NAN  NAN   
5                NAN                  WELD        NAN             NAN  NAN   
6                NAN                   NAN         BW             NAN  NAN   
7                NAN                WELDED        NAN             NAN  NAN   
8                NAN                  WELD        NAN             NAN  NAN   
9                NAN                WELDED        NAN             NAN  NAN   
10               NAN                  WELD        NAN             NAN  NAN   
11               NAN                   NAN         BW             NAN  NAN   
12               NAN                   NAN         BW             NAN  NAN   
13               NAN                   NAN        NAN             NAN  NAN   
14               NAN                   NAN        NAN             NAN  NAN   
15               NAN                   NAN         BW             NAN  NAN   
16               NAN                WELDED        NAN             NAN  NAN   
17               NAN                  WELD        NAN             NAN  NAN   
18               NAN                WELDED        NAN       BUTT WELD  NAN   
19               NAN                   NAN        NAN       BUTT WELD  NAN   
20               NAN                   NAN         BW             NAN  NAN   
21               NAN                   NAN         BW             NAN  NAN   
22               NAN                   NAN        NAN              BW  NAN   
23               NAN                   NAN        NAN              BW  NAN   
24               NAN                  WELD        NAN             NAN  NAN   

   MISCELLANEOUS CONFIDENCE     id     score  
0            NAN       0.95  24517  0.791336  
1            NAN       0.90  24516  0.791213  
2            NAN       0.90  24765  0.790109  
3            NAN       0.90  24764  0.789981  
4            NAN       0.90  24777  0.789680  
5            NAN       0.90  22510  0.789229  
6            NAN       0.90  24725  0.784726  
7            NAN       0.85  22420  0.784705  
8            NAN       0.90  42866  0.784572  
9            NAN       0.85  24927  0.782041  
10           NAN       0.90  24805  0.781769  
11   LONG RADIUS       0.90  24945  0.779825  
12           NAN       0.90  24944  0.779747  
13           NAN       0.85  24714  0.779427  
14           NAN       0.85  24879  0.776617  
15           NAN       0.90  24880  0.776617  
16           NAN       0.85  22519  0.776411  
17           NAN       0.90  42816  0.776318  
18           NAN       0.90  42938  0.775175  
19           NAN       0.90  42939  0.775122  
20           NAN       0.90  24690  0.775052  
21           NAN       0.90  24689  0.775023  
22           NAN       0.90  24619  0.774152  
23           NAN       0.90  24620  0.774150  
24           NAN       0.80  42861  0.774075  

[25 rows x 21 columns]",16,NOT BAD
47,"3 45 DEGREE LONG RADIUS ELBOW , ASME B16.9 , BEVELED END , ASTM A420 GRADE WPL6 , TYPE S S-STD",3 CARBON STEEL WPL6 STANDARD WELD 45 ELBOW,True,47,12,13.046084300000075,"       ID                                                DESCRIPTION CATEGORY  \
0   24833                        3 CS STD A420 WPL6 WELD LR 90 ELBOW  FITTING   
1   24827      3 CARBON STEEL WPL6 STANDARD WLD LONG RADIUS 90 ELBOW  FITTING   
2   24828      3 CARBON STEEL WPL6 STANDARD WLD LONG RADIUS 90 ELBOW  FITTING   
3   24832                             3 CS STD A420 WELD LR 90 ELBOW  FITTING   
4   22510                           6 CS STD A420 WPL6 WELD 45 ELBOW  FITTING   
5   22459                  3 CARBON STEEL WPL6 STANDARD WLD 45 ELBOW  FITTING   
6   42974     3 CARBON STEEL WPL6 STANDARD WELD LONG RADIUS 90 ELBOW  FITTING   
7   42975     3 CARBON STEEL WPL6 STANDARD WELD LONG RADIUS 90 ELBOW  FITTING   
8   24927                        6 CS STD A420 WPL6 WELD LR 90 ELBOW  FITTING   
9   24879      4 CARBON STEEL WPL6 STANDARD WLD LONG RADIUS 90 ELBOW  FITTING   
10  24880      4 CARBON STEEL WPL6 STANDARD WLD LONG RADIUS 90 ELBOW  FITTING   
11  24725     16 CARBON STEEL WPL6 STANDARD WLD LONG RADIUS 90 ELBOW  FITTING   
12  42970                 3 CARBON STEEL WPL6 STANDARD WELD 45 ELBOW  FITTING   
13  24945      8 CARBON STEEL WPL6 STANDARD WLD LONG RADIUS 90 ELBOW  FITTING   
14  24826  3 CARBON STEEL WPL6 SCHEDULE 160 WLD LONG RADIUS 90 ELBOW  FITTING   
15  24944      8 CARBON STEEL WPL6 STANDARD WLD LONG RADIUS 90 ELBOW  FITTING   
16  24714     14 CARBON STEEL WPL6 STANDARD WLD LONG RADIUS 90 ELBOW  FITTING   
17  24805     24 CARBON STEEL WPL6 STANDARD WLD LONG RADIUS 90 ELBOW  FITTING   
18  24957                        8 CS STD A420 WPL6 WELD LR 90 ELBOW  FITTING   
19  43041     4 CARBON STEEL WPL6 STANDARD WELD LONG RADIUS 90 ELBOW  FITTING   
20  43040     4 CARBON STEEL WPL6 STANDARD WELD LONG RADIUS 90 ELBOW  FITTING   
21  24690     12 CARBON STEEL WPL6 STANDARD WLD LONG RADIUS 90 ELBOW  FITTING   
22  24689     12 CARBON STEEL WPL6 STANDARD WLD LONG RADIUS 90 ELBOW  FITTING   
23  24620      1 CARBON STEEL WPL6 STANDARD WLD LONG RADIUS 90 ELBOW  FITTING   
24  24619      1 CARBON STEEL WPL6 STANDARD WLD LONG RADIUS 90 ELBOW  FITTING   

                    TYPE PRIMARY_SIZE REDUCING_SIZE LENGTH MATERIAL_NAME  \
0     LR 90 DEGREE ELBOW            3           NAN    NAN  CARBON STEEL   
1     LR 90 DEGREE ELBOW            3           NAN    NAN  CARBON STEEL   
2     LR 90 DEGREE ELBOW            3           NAN    NAN  CARBON STEEL   
3     LR 90 DEGREE ELBOW            3           NAN    NAN  CARBON STEEL   
4        45 DEGREE ELBOW            6           NAN    NAN  CARBON STEEL   
5        45 DEGREE ELBOW            3           NAN    NAN  CARBON STEEL   
6   LONG RADIUS 90 ELBOW          3.0           NAN    NAN  CARBON STEEL   
7   LONG RADIUS 90 ELBOW          3.0           NAN    NAN  CARBON STEEL   
8     LR 90 DEGREE ELBOW            6           NAN    NAN  CARBON STEEL   
9     LR 90 DEGREE ELBOW            4           NAN    NAN  CARBON STEEL   
10    LR 90 DEGREE ELBOW            4           NAN    NAN  CARBON STEEL   
11    LR 90 DEGREE ELBOW           16           NAN    NAN  CARBON STEEL   
12              45 ELBOW          3.0           NAN    NAN  CARBON STEEL   
13    LR 90 DEGREE ELBOW            8           NAN    NAN  CARBON STEEL   
14    LR 90 DEGREE ELBOW            3           NAN    NAN  CARBON STEEL   
15    LR 90 DEGREE ELBOW            8           NAN    NAN  CARBON STEEL   
16    LR 90 DEGREE ELBOW           14           NAN    NAN  CARBON STEEL   
17    LR 90 DEGREE ELBOW           24           NAN    NAN  CARBON STEEL   
18    LR 90 DEGREE ELBOW            8           NAN    NAN  CARBON STEEL   
19  LONG RADIUS 90 ELBOW          4.0           NAN    NAN  CARBON STEEL   
20  LONG RADIUS 90 ELBOW          4.0           NAN    NAN  CARBON STEEL   
21    LR 90 DEGREE ELBOW           12           NAN    NAN  CARBON STEEL   
22    LR 90 DEGREE ELBOW           12           NAN    NAN  CARBON STEEL   
23    LR 90 DEGREE ELBOW            1           NAN    NAN  CARBON STEEL   
24    LR 90 DEGREE ELBOW            1           NAN    NAN  CARBON STEEL   

   MATERIAL_SPECIFICATION MATERIAL_GRADE  ... PRIMARY_SCHEDULE  \
0                    A420           WPL6  ...              STD   
1                    WPL6            NAN  ...              STD   
2                    WPL6            NAN  ...              STD   
3                    A420            NAN  ...              STD   
4                    A420           WPL6  ...              STD   
5                    WPL6            NAN  ...              STD   
6                    WPL6            NAN  ...         STANDARD   
7                     NAN           WPL6  ...         STANDARD   
8                    A420           WPL6  ...              STD   
9                    WPL6            NAN  ...              STD   
10                   WPL6            NAN  ...              STD   
11                   WPL6            NAN  ...              STD   
12                   WPL6            NAN  ...         STANDARD   
13                   WPL6            NAN  ...              STD   
14                   WPL6            NAN  ...              160   
15                   WPL6            NAN  ...              STD   
16                   WPL6            NAN  ...              STD   
17                   WPL6            NAN  ...              STD   
18                   A420           WPL6  ...              STD   
19                    NAN           WPL6  ...         STANDARD   
20                   WPL6            NAN  ...         STANDARD   
21                   WPL6            NAN  ...              STD   
22                   WPL6            NAN  ...              STD   
23                   WPL6            NAN  ...              STD   
24                   WPL6            NAN  ...              STD   

   REDUCING_SCHEDULE MANUFACTURING_PROCESS END_FINISH END_CONNECTIONS TRIM  \
0                NAN                WELDED        NAN             NAN  NAN   
1                NAN                   NAN        NAN             NAN  NAN   
2                NAN                   NAN         BW             NAN  NAN   
3                NAN                  WELD        NAN             NAN  NAN   
4                NAN                  WELD        NAN             NAN  NAN   
5                NAN                   NAN        NAN             NAN  NAN   
6                NAN                  WELD        NAN             NAN  NAN   
7                NAN                  WELD        NAN             NAN  NAN   
8                NAN                WELDED        NAN             NAN  NAN   
9                NAN                   NAN        NAN             NAN  NAN   
10               NAN                   NAN         BW             NAN  NAN   
11               NAN                   NAN         BW             NAN  NAN   
12               NAN                  WELD        NAN             NAN  NAN   
13               NAN                   NAN         BW             NAN  NAN   
14               NAN                   NAN       WELD             NAN  NAN   
15               NAN                   NAN         BW             NAN  NAN   
16               NAN                   NAN        NAN             NAN  NAN   
17               NAN                  WELD        NAN             NAN  NAN   
18               NAN                  WELD        NAN             NAN  NAN   
19               NAN                  WELD        NAN             NAN  NAN   
20               NAN                  WELD        NAN             NAN  NAN   
21               NAN                   NAN         BW             NAN  NAN   
22               NAN                   NAN         BW             NAN  NAN   
23               NAN                   NAN        NAN              BW  NAN   
24               NAN                   NAN        NAN              BW  NAN   

   MISCELLANEOUS CONFIDENCE     id     score  
0            NAN       0.85  24833  0.805040  
1            NAN       0.90  24827  0.794244  
2            NAN       0.90  24828  0.794244  
3            NAN       0.85  24832  0.790371  
4            NAN       0.90  22510  0.790237  
5           WELD       0.85  22459  0.789466  
6            NAN       0.90  42974  0.788923  
7            NAN       0.80  42975  0.788834  
8            NAN       0.85  24927  0.788297  
9            NAN       0.85  24879  0.781929  
10           NAN       0.90  24880  0.781929  
11           NAN       0.90  24725  0.778899  
12           NAN       0.90  42970  0.778839  
13   LONG RADIUS       0.90  24945  0.778311  
14           NAN       0.95  24826  0.778299  
15           NAN       0.90  24944  0.778154  
16           NAN       0.85  24714  0.777075  
17           NAN       0.90  24805  0.776734  
18           NAN       0.90  24957  0.773756  
19           NAN       0.90  43041  0.773691  
20           NAN       0.90  43040  0.773574  
21           NAN       0.90  24690  0.773412  
22           NAN       0.90  24689  0.773395  
23           NAN       0.90  24620  0.773196  
24           NAN       0.90  24619  0.773192  

[25 rows x 21 columns]",17,NOT BAD
48,"12"" ELBOW 45D, LR, BW, ASME 16.9, WROUGHT STEEL, ASTM/ASME A/SA-234-WPB, SCH.STD",12 CARBON STEEL STANDARD WELD 45 ELBOW,True,48,3,22.61078439999983,"       ID                                             DESCRIPTION CATEGORY  \
0   22380                   12 CARBON STEEL STANDARD WLD 45 ELBOW  FITTING   
1   22379                   12 CARBON STEEL STANDARD WLD 45 ELBOW  FITTING   
2   24502                12 CARBON STEEL STANDARD 3R WLD 45 ELBOW  FITTING   
3   42774                  12 CARBON STEEL STANDARD WELD 45 ELBOW  FITTING   
4   24733  16 X 10 CARBON STEEL STANDARD WLD LONG RADIUS 90 ELBOW  FITTING   
5   22382              12 CARBON STEEL WPL6 STANDARD WLD 45 ELBOW  FITTING   
6   22383              12 CARBON STEEL WPL6 STANDARD WLD 45 ELBOW  FITTING   
7   22399                   16 CARBON STEEL STANDARD WLD 45 ELBOW  FITTING   
8   24976       12 CARBON STEEL STANDARD WLD LONG RADIUS 90 ELBOW  FITTING   
9   22398                   16 CARBON STEEL STANDARD WLD 45 ELBOW  FITTING   
10  27486                12 CARBON STEEL STANDARD WLD SR 90 ELBOW  FITTING   
11  27485                12 CARBON STEEL STANDARD WLD SR 90 ELBOW  FITTING   
12  22390                   14 CARBON STEEL STANDARD WLD 45 ELBOW  FITTING   
13  22391                   14 CARBON STEEL STANDARD WLD 45 ELBOW  FITTING   
14  24700                              12 CS STD WELD LR 90 ELBOW  FITTING   
15  42760             12 CARBON STEEL WPL6 STANDARD WELD 45 ELBOW  FITTING   
16  42759             12 CARBON STEEL WPL6 STANDARD WELD 45 ELBOW  FITTING   
17  22517                    8 CARBON STEEL STANDARD WLD 45 ELBOW  FITTING   
18  22516                    8 CARBON STEEL STANDARD WLD 45 ELBOW  FITTING   
19  22444                   24 CARBON STEEL STANDARD WLD 45 ELBOW  FITTING   
20  24510    16 CARBON STEEL SCHEDULE 80 WLD LONG RADIUS 45 ELBOW  FITTING   
21  24686      12 CARBON STEEL STANDARD WELD LONG RADIUS 90 ELBOW  FITTING   
22  42775      12 CARBON STEEL STANDARD WELD LONG RADIUS 90 ELBOW  FITTING   
23  24509    14 CARBON STEEL SCHEDULE 80 WLD LONG RADIUS 45 ELBOW  FITTING   
24  22410                   18 CARBON STEEL STANDARD WLD 45 ELBOW  FITTING   

                    TYPE PRIMARY_SIZE REDUCING_SIZE LENGTH MATERIAL_NAME  \
0        45 DEGREE ELBOW           12           NAN    NAN  CARBON STEEL   
1        45 DEGREE ELBOW           12           NAN    NAN  CARBON STEEL   
2     LR 45 DEGREE ELBOW           12           NAN    NAN  CARBON STEEL   
3               45 ELBOW         12.0           NAN    NAN  CARBON STEEL   
4     LR 90 DEGREE ELBOW           16            10    NAN  CARBON STEEL   
5        45 DEGREE ELBOW           12           NAN    NAN  CARBON STEEL   
6        45 DEGREE ELBOW           12           NAN    NAN  CARBON STEEL   
7        45 DEGREE ELBOW           16           NAN    NAN  CARBON STEEL   
8            LR 90 ELBOW           12           NAN    NAN  CARBON STEEL   
9        45 DEGREE ELBOW           16           NAN    NAN  CARBON STEEL   
10    SR 90 DEGREE ELBOW           12           NAN    NAN  CARBON STEEL   
11    SR 90 DEGREE ELBOW           12           NAN    NAN  CARBON STEEL   
12       45 DEGREE ELBOW           14           NAN    NAN  CARBON STEEL   
13       45 DEGREE ELBOW           14           NAN    NAN  CARBON STEEL   
14    LR 90 DEGREE ELBOW           12           NAN    NAN  CARBON STEEL   
15       ELBOW 45 DEGREE         12.0           NAN    NAN  CARBON STEEL   
16              45 ELBOW         12.0           NAN    NAN  CARBON STEEL   
17       45 DEGREE ELBOW            8           NAN    NAN  CARBON STEEL   
18       45 DEGREE ELBOW            8           NAN    NAN  CARBON STEEL   
19       45 DEGREE ELBOW           24           NAN    NAN  CARBON STEEL   
20    LR 45 DEGREE ELBOW           16           NAN    NAN  CARBON STEEL   
21    LR 90 DEGREE ELBOW           12           NAN    NAN  CARBON STEEL   
22  LONG RADIUS 90 ELBOW         12.0           NAN    NAN  CARBON STEEL   
23    LR 45 DEGREE ELBOW           14           NAN    NAN  CARBON STEEL   
24       45 DEGREE ELBOW           18           NAN    NAN  CARBON STEEL   

   MATERIAL_SPECIFICATION MATERIAL_GRADE  ... PRIMARY_SCHEDULE  \
0                     NAN            NAN  ...              STD   
1                     NAN            NAN  ...              STD   
2                     NAN            NAN  ...              STD   
3                     NAN            NAN  ...         STANDARD   
4                     NAN            NAN  ...              STD   
5                    WPL6            NAN  ...              STD   
6                    WPL6            NAN  ...              STD   
7                     NAN            NAN  ...              STD   
8                     NAN            NAN  ...              STD   
9                     NAN            NAN  ...              STD   
10                    NAN            NAN  ...              STD   
11                    NAN            NAN  ...              STD   
12                    NAN            NAN  ...              STD   
13                    NAN            NAN  ...              STD   
14                    NAN            NAN  ...              STD   
15                   WPL6            NAN  ...         STANDARD   
16                   WPL6            NAN  ...         STANDARD   
17                    NAN            NAN  ...              STD   
18                    NAN            NAN  ...              STD   
19                    NAN            NAN  ...              STD   
20                    NAN            NAN  ...               80   
21                    NAN            NAN  ...              STD   
22                    NAN            NAN  ...         STANDARD   
23                    NAN            NAN  ...               80   
24                    NAN            NAN  ...              STD   

   REDUCING_SCHEDULE MANUFACTURING_PROCESS END_FINISH END_CONNECTIONS TRIM  \
0                NAN                WELDED        NAN             NAN  NAN   
1                NAN                WELDED        NAN             NAN  NAN   
2                NAN                   NAN         BW             NAN  NAN   
3                NAN                  WELD        NAN             NAN  NAN   
4                NAN                   NAN         BW             NAN  NAN   
5                NAN                   NAN         BW             NAN  NAN   
6                NAN                   NAN       WELD             NAN  NAN   
7                NAN                   NAN       WELD             NAN  NAN   
8                NAN                WELDED        NAN             NAN  NAN   
9                NAN                WELDED        NAN             NAN  NAN   
10               NAN                   NAN        NAN             NAN  NAN   
11               NAN                WELDED        NAN             NAN  NAN   
12               NAN                WELDED        NAN             NAN  NAN   
13               NAN                   NAN       WELD             NAN  NAN   
14               NAN                   NAN         BW             NAN  NAN   
15               NAN                WELDED        NAN             NAN  NAN   
16               NAN                  WELD        NAN             NAN  NAN   
17               NAN                  WELD        NAN             NAN  NAN   
18               NAN                  WELD        NAN             NAN  NAN   
19               NAN                WELDED        NAN             NAN  NAN   
20               NAN                   NAN       WELD             NAN  NAN   
21               NAN                WELDED        NAN             NAN  NAN   
22               NAN                   NAN        NAN              BW  NAN   
23               NAN                   NAN       WELD             NAN  NAN   
24               NAN                WELDED        NAN             NAN  NAN   

   MISCELLANEOUS CONFIDENCE     id     score  
0            NAN       0.80  22380  0.786161  
1            NAN       0.80  22379  0.786112  
2            NAN       0.80  24502  0.777317  
3            NAN       0.80  42774  0.774019  
4            NAN       0.80  24733  0.769486  
5            NAN       0.85  22382  0.769460  
6            NAN       0.85  22383  0.769403  
7            NAN       0.80  22399  0.766668  
8            NAN       0.80  24976  0.766545  
9            NAN       0.80  22398  0.766365  
10           NAN       0.85  27486  0.764406  
11           NAN       0.80  27485  0.764360  
12           NAN       0.80  22390  0.764319  
13           NAN       0.80  22391  0.764285  
14           NAN       0.80  24700  0.763711  
15           NAN       0.80  42760  0.762912  
16           NAN       0.80  42759  0.762851  
17           NAN       0.80  22517  0.761342  
18           NAN       0.85  22516  0.761165  
19           NAN       0.80  22444  0.760926  
20           NAN       0.85  24510  0.759792  
21           NAN       0.85  24686  0.759023  
22           NAN       0.80  42775  0.758939  
23           NAN       0.85  24509  0.758085  
24           NAN       0.80  22410  0.756463  

[25 rows x 21 columns]",13,NOT BAD
49,"6X6X4 REDUCING TEE , ASME B16.9 , BEVELED END , ASTM A234 GRADE WPB , TYPE S",6 X 6 X 4 CARBON STEEL STANDARD WELD TEE,True,49,26,19.85015139999996,"       ID  \
0   43165   
1   43166   
2   39829   
3   28187   
4   23526   
5   23421   
6   24203   
7   43092   
8   43162   
9   43161   
10  28267   
11  43089   
12  28272   
13  24271   
14  23586   
15  23587   
16  43082   
17  28244   
18  28212   
19  28197   
20  28257   
21  43156   
22  43153   
23  43086   
24  43085   

                                                                                          DESCRIPTION  \
0                                                       6 X 6 X 4 CARBON STEEL WPL6 STANDARD WELD TEE   
1                                                       6 X 6 X 4 CARBON STEEL WPL6 STANDARD WELD TEE   
2                                                                     6X6X4 SS S10S 304L SMLS RED TEE   
3                                                              4 X 2 CARBON STEEL TEE STD-XH A234 WPB   
4                                                            6 X 4 CS STD A420 WPL6 WELD CONC REDUCER   
5                                               4 X 2 CARBON STEEL STD-XH CONCENTRIC REDUCER A234 WPB   
6                                                4 X 2 CARBON STEEL STD-XH ECCENTRIC REDUCER A234 WPB   
7                                                       4 X 4 X 3 CARBON STEEL WPL6 STANDARD WELD TEE   
8                                                       6 X 6 X 3 CARBON STEEL WPL6 STANDARD WELD TEE   
9                                                       6 X 6 X 3 CARBON STEEL WPL6 STANDARD WELD TEE   
10                                                       6 X 6 X 4 CARBON STEEL WPL6 STANDARD WLD TEE   
11                                                      4 X 4 X 2 CARBON STEEL WPL6 STANDARD WELD TEE   
12                                                                          6 X 6 X 4 CS STD WELD TEE   
13                                                                      6 X 4 CS STD WELD ECC REDUCER   
14  FITTG REDUCER CONCENTRIC SWAGE PLA END XSTRONG SEAMLESS CARBON STEEL ASTM A234 GRADE WPB MSS SP95   
15  FITTG REDUCER CONCENTRIC SWAGE PLA END XSTRONG SEAMLESS CARBON STEEL ASTM A234 GRADE WPB MSS SP95   
16                                           4 X 3 CARBON STEEL WPL6 STANDARD WELD CONCENTRIC REDUCER   
17                                                                        6 CS STD A420 WPL6 WELD TEE   
18                                                       4 X 4 X 3 CARBON STEEL WPL6 STANDARD WLD TEE   
19                                                       4 X 4 X 2 CARBON STEEL WPL6 STANDARD WLD TEE   
20                                                       6 X 6 X 3 CARBON STEEL WPL6 STANDARD WLD TEE   
21                                            6 X 4 CARBON STEEL WPL6 STANDARD WELD ECCENTRIC REDUCER   
22                                        6 X 4 CARBON STEEL WPL6 SCHEDULE XH WELD CONCENTRIC REDUCER   
23                                            4 X 3 CARBON STEEL WPL6 STANDARD WELD ECCENTRIC REDUCER   
24                                            4 X 3 CARBON STEEL WPL6 STANDARD WELD ECCENTRIC REDUCER   

   CATEGORY                TYPE PRIMARY_SIZE REDUCING_SIZE LENGTH  \
0   FITTING                 TEE          6.0           4.0    NAN   
1   FITTING                 TEE          6.0           4.0    NAN   
2   FITTING        REDUCING TEE            6             4    NAN   
3   FITTING                 TEE            4             2    NAN   
4   FITTING  CONCENTRIC REDUCER            6             4    NAN   
5   FITTING  CONCENTRIC REDUCER            4             2    NAN   
6   FITTING   ECCENTRIC REDUCER            4             2    NAN   
7   FITTING                 TEE          4.0           3.0    NAN   
8   FITTING        STRAIGHT TEE          6.0           3.0    NAN   
9   FITTING                 TEE          6.0           3.0    NAN   
10  FITTING                 TEE            6             4    NAN   
11  FITTING        REDUCING TEE          4.0           2.0    NAN   
12  FITTING                 TEE            6             4    NAN   
13  FITTING   ECCENTRIC REDUCER            6             4    NAN   
14  FITTING  CONCENTRIC REDUCER          0.5         0.375    NAN   
15  FITTING  CONCENTRIC REDUCER         1.25          0.75    NAN   
16  FITTING  CONCENTRIC REDUCER          4.0           3.0    NAN   
17  FITTING                 TEE            6           NAN    NAN   
18  FITTING                 TEE            4             3    NAN   
19  FITTING                 TEE            4             2    NAN   
20  FITTING                 TEE            6             3    NAN   
21  FITTING   ECCENTRIC REDUCER          6.0           4.0    NAN   
22  FITTING  CONCENTRIC REDUCER          6.0           4.0    NAN   
23  FITTING   ECCENTRIC REDUCER          4.0           3.0    NAN   
24  FITTING   ECCENTRIC REDUCER          4.0           3.0    NAN   

      MATERIAL_NAME MATERIAL_SPECIFICATION MATERIAL_GRADE  ...  \
0      CARBON STEEL                   WPL6            NAN  ...   
1      CARBON STEEL                    NAN           WPL6  ...   
2   STAINLESS STEEL                   S10S           304L  ...   
3      CARBON STEEL                   A234            WPB  ...   
4      CARBON STEEL                   A420           WPL6  ...   
5      CARBON STEEL                   A234            WPB  ...   
6      CARBON STEEL                   A234            WPB  ...   
7      CARBON STEEL                   WPL6            NAN  ...   
8      CARBON STEEL                   WPL6            NAN  ...   
9      CARBON STEEL                   WPL6            NAN  ...   
10     CARBON STEEL                   WPL6            NAN  ...   
11     CARBON STEEL                    NAN           WPL6  ...   
12     CARBON STEEL                    NAN            NAN  ...   
13     CARBON STEEL                    NAN            NAN  ...   
14     CARBON STEEL                   A234            WPB  ...   
15     CARBON STEEL              ASTM A234            WPB  ...   
16     CARBON STEEL                   WPL6            NAN  ...   
17     CARBON STEEL                   A420           WPL6  ...   
18     CARBON STEEL                   WPL6            NAN  ...   
19     CARBON STEEL                   WPL6            NAN  ...   
20     CARBON STEEL                   WPL6            NAN  ...   
21     CARBON STEEL                    NAN           WPL6  ...   
22     CARBON STEEL                   WPL6            NAN  ...   
23     CARBON STEEL                   WPL6            NAN  ...   
24     CARBON STEEL                    NAN           WPL6  ...   

   PRIMARY_SCHEDULE REDUCING_SCHEDULE MANUFACTURING_PROCESS END_FINISH  \
0          STANDARD               NAN                  WELD        NAN   
1          STANDARD               NAN                  WELD        NAN   
2                10               NAN              SEAMLESS        NAN   
3                XH               NAN                   NAN        NAN   
4               STD               NAN                  WELD        NAN   
5                XH               NAN                   NAN        NAN   
6                XH               NAN                   NAN        NAN   
7          STANDARD               NAN                  WELD        NAN   
8          STANDARD               NAN                WELDED        NAN   
9          STANDARD               NAN                  WELD        NAN   
10              STD               NAN                WELDED        NAN   
11         STANDARD               NAN                   NAN        NAN   
12              STD               NAN                WELDED        NAN   
13              STD               NAN                  WELD        NAN   
14               XH               NAN              SEAMLESS  PLAIN END   
15               XH               NAN              SEAMLESS  PLAIN END   
16         STANDARD               NAN                   NAN        NAN   
17              STD               NAN                WELDED        NAN   
18              STD               NAN                WELDED        NAN   
19              STD               NAN                WELDED        NAN   
20              STD               NAN                WELDED        NAN   
21         STANDARD               NAN                   NAN        NAN   
22               XH                XH                   NAN        NAN   
23         STANDARD               NAN                  WELD        NAN   
24         STANDARD               NAN                  WELD        NAN   

   END_CONNECTIONS TRIM MISCELLANEOUS CONFIDENCE     id     score  
0              NAN  NAN           NAN       0.90  43165  0.754223  
1              NAN  NAN           NAN       0.80  43166  0.753949  
2              NAN  NAN           NAN       0.90  39829  0.753429  
3              NAN  NAN           NAN       0.90  28187  0.745167  
4              NAN  NAN           NAN       0.90  23526  0.743317  
5              NAN  NAN      STANDARD       0.95  23421  0.743193  
6              NAN  NAN      STANDARD       0.95  24203  0.742705  
7              NAN  NAN           NAN       0.80  43092  0.738932  
8              NAN  NAN           NAN       0.90  43162  0.738091  
9              NAN  NAN           NAN       0.90  43161  0.738055  
10             NAN  NAN           NAN       0.85  28267  0.736817  
11              BW  NAN           NAN       0.90  43089  0.735958  
12             NAN  NAN           NAN       0.80  28272  0.727729  
13             NAN  NAN           NAN       0.80  24271  0.726752  
14              SW  NAN      MSS SP95       0.95  23586  0.725820  
15              SW  NAN      MSS SP95       0.95  23587  0.725742  
16             NAN  NAN           NAN       0.90  43082  0.724703  
17             NAN  NAN           NAN       0.85  28244  0.724413  
18             NAN  NAN           NAN       0.90  28212  0.723427  
19             NAN  NAN           NAN       0.85  28197  0.721763  
20             NAN  NAN           NAN       0.85  28257  0.721536  
21             NAN  NAN           NAN       0.90  43156  0.721511  
22             NAN  NAN           NAN       0.90  43153  0.721438  
23             NAN  NAN           NAN       0.90  43086  0.720360  
24             NAN  NAN           NAN       0.90  43085  0.720352  

[25 rows x 21 columns]",15,NOT BAD
50,"16 45 DEGREE LONG RADIUS ELBOW , ASME B16.9 , BEVELED END , ASTM A420 GRADE WPL6 , TYPE S S-XS",16 CARBON STEEL WPL6 SCHEDULE XH WELD 45 ELBOW,True,50,6,23.317994699999872,"       ID                                                 DESCRIPTION  \
0   24725      16 CARBON STEEL WPL6 STANDARD WLD LONG RADIUS 90 ELBOW   
1   42817  16 CARBON STEEL WPL6 SCHEDULE XH WELD LONG RADIUS 90 ELBOW   
2   42816     16 CARBON STEEL WPL6 STANDARD WELD LONG RADIUS 90 ELBOW   
3   22401                  16 CARBON STEEL WPL6 STANDARD WLD 45 ELBOW   
4   24724   16 CARBON STEEL WPL6 EXTRA HEAVY WLD LONG RADIUS 90 ELBOW   
5   42813                 16 CARBON STEEL WPL6 STANDARD WELD 45 ELBOW   
6   42814              16 CARBON STEEL WPL6 SCHEDULE XH WELD 45 ELBOW   
7   27498               16 CARBON STEEL WPL6 STANDARD WLD SR 90 ELBOW   
8   22400               16 CARBON STEEL WPL6 EXTRA HEAVY WLD 45 ELBOW   
9   22510                            6 CS STD A420 WPL6 WELD 45 ELBOW   
10  42796  14 CARBON STEEL WPL6 SCHEDULE XH WELD LONG RADIUS 90 ELBOW   
11  24714      14 CARBON STEEL WPL6 STANDARD WLD LONG RADIUS 90 ELBOW   
12  24510        16 CARBON STEEL SCHEDULE 80 WLD LONG RADIUS 45 ELBOW   
13  24981           16 CARBON STEEL STANDARD WLD LONG RADIUS 90 ELBOW   
14  24723           16 CARBON STEEL STANDARD WLD LONG RADIUS 90 ELBOW   
15  24927                         6 CS STD A420 WPL6 WELD LR 90 ELBOW   
16  42795     14 CARBON STEEL WPL6 STANDARD WELD LONG RADIUS 90 ELBOW   
17  42797     14 CARBON STEEL WPL6 STANDARD WELD LONG RADIUS 90 ELBOW   
18  24542   4 CARBON STEEL WPL6 SCHEDULE 160 WLD LONG RADIUS 45 ELBOW   
19  24517   2 CARBON STEEL WPL6 SCHEDULE 160 LONG RADIUS 45 WLD ELBOW   
20  24516   2 CARBON STEEL WPL6 SCHEDULE 160 LONG RADIUS 45 WLD ELBOW   
21  42831          16 CARBON STEEL STANDARD WELD LONG RADIUS 90 ELBOW   
22  24722          16 CARBON STEEL STANDARD WELD LONG RADIUS 90 ELBOW   
23  24721          16 CARBON STEEL STANDARD WELD LONG RADIUS 90 ELBOW   
24  42815          16 CARBON STEEL STANDARD WELD LONG RADIUS 90 ELBOW   

   CATEGORY                  TYPE PRIMARY_SIZE REDUCING_SIZE LENGTH  \
0   FITTING    LR 90 DEGREE ELBOW           16           NAN    NAN   
1   FITTING  LONG RADIUS 90 ELBOW         16.0           NAN    NAN   
2   FITTING  LONG RADIUS 90 ELBOW         16.0           NAN    NAN   
3   FITTING       45 DEGREE ELBOW           16           NAN    NAN   
4   FITTING    LR 90 DEGREE ELBOW           16           NAN    NAN   
5   FITTING              45 ELBOW         16.0           NAN    NAN   
6   FITTING       45 DEGREE ELBOW         16.0           NAN    NAN   
7   FITTING    SR 90 DEGREE ELBOW           16           NAN    NAN   
8   FITTING       45 DEGREE ELBOW           16           NAN    NAN   
9   FITTING       45 DEGREE ELBOW            6           NAN    NAN   
10  FITTING  LONG RADIUS 90 ELBOW         14.0           NAN    NAN   
11  FITTING    LR 90 DEGREE ELBOW           14           NAN    NAN   
12  FITTING    LR 45 DEGREE ELBOW           16           NAN    NAN   
13  FITTING           LR 90 ELBOW           16           NAN    NAN   
14  FITTING    LR 90 DEGREE ELBOW           16           NAN    NAN   
15  FITTING    LR 90 DEGREE ELBOW            6           NAN    NAN   
16  FITTING  LONG RADIUS 90 ELBOW         14.0           NAN    NAN   
17  FITTING  LONG RADIUS 90 ELBOW         14.0           NAN    NAN   
18  FITTING    LR 45 DEGREE ELBOW            4           NAN    NAN   
19  FITTING    LR 45 DEGREE ELBOW            2           NAN    NAN   
20  FITTING    LR 45 DEGREE ELBOW            2           NAN    NAN   
21  FITTING  LONG RADIUS 90 ELBOW         16.0           NAN    NAN   
22  FITTING    LR 90 DEGREE ELBOW           16           NAN    NAN   
23  FITTING    LR 90 DEGREE ELBOW           16           NAN    NAN   
24  FITTING  LONG RADIUS 90 ELBOW         16.0           NAN    NAN   

   MATERIAL_NAME MATERIAL_SPECIFICATION MATERIAL_GRADE  ... PRIMARY_SCHEDULE  \
0   CARBON STEEL                   WPL6            NAN  ...              STD   
1   CARBON STEEL                   WPL6            NAN  ...               XH   
2   CARBON STEEL                   WPL6            NAN  ...         STANDARD   
3   CARBON STEEL                   WPL6            NAN  ...              STD   
4   CARBON STEEL                   WPL6            NAN  ...               XH   
5   CARBON STEEL                    NAN           WPL6  ...         STANDARD   
6   CARBON STEEL                   WPL6            NAN  ...               XH   
7   CARBON STEEL                   WPL6            NAN  ...              STD   
8   CARBON STEEL                   WPL6            NAN  ...               XH   
9   CARBON STEEL                   A420           WPL6  ...              STD   
10  CARBON STEEL                   WPL6            NAN  ...               XH   
11  CARBON STEEL                   WPL6            NAN  ...              STD   
12  CARBON STEEL                    NAN            NAN  ...               80   
13  CARBON STEEL                    NAN            NAN  ...              STD   
14  CARBON STEEL                    NAN            NAN  ...              STD   
15  CARBON STEEL                   A420           WPL6  ...              STD   
16  CARBON STEEL                   WPL6            NAN  ...         STANDARD   
17  CARBON STEEL                   WPL6            NAN  ...         STANDARD   
18  CARBON STEEL                   WPL6            NAN  ...              160   
19  CARBON STEEL                   WPL6            NAN  ...              160   
20  CARBON STEEL                   WPL6            NAN  ...              160   
21  CARBON STEEL                    NAN            NAN  ...         STANDARD   
22  CARBON STEEL                    NAN            NAN  ...              STD   
23  CARBON STEEL                    NAN            NAN  ...              STD   
24  CARBON STEEL                    NAN            NAN  ...         STANDARD   

   REDUCING_SCHEDULE MANUFACTURING_PROCESS END_FINISH END_CONNECTIONS TRIM  \
0                NAN                   NAN         BW             NAN  NAN   
1                NAN                  WELD        NAN             NAN  NAN   
2                NAN                  WELD        NAN             NAN  NAN   
3                NAN                   NAN        NAN              BW  NAN   
4                NAN                   NAN        NAN             NAN  NAN   
5                NAN                  WELD        NAN             NAN  NAN   
6                NAN                  WELD        NAN             NAN  NAN   
7                NAN                WELDED        NAN             NAN  NAN   
8                NAN                  WELD        NAN             NAN  NAN   
9                NAN                  WELD        NAN             NAN  NAN   
10               NAN                  WELD        NAN             NAN  NAN   
11               NAN                   NAN        NAN             NAN  NAN   
12               NAN                   NAN       WELD             NAN  NAN   
13               NAN                  WELD        NAN             NAN  NAN   
14               NAN                   NAN         BW             NAN  NAN   
15               NAN                WELDED        NAN             NAN  NAN   
16               NAN                  WELD        NAN             NAN  NAN   
17               NAN                WELDED        NAN             NAN  NAN   
18               NAN                   NAN       WELD             NAN  NAN   
19               NAN                   NAN        NAN             NAN  NAN   
20               NAN                   NAN        NAN             NAN  NAN   
21               NAN                   NAN        NAN       BUTT WELD  NAN   
22               NAN                   NAN         BW             NAN  NAN   
23               NAN                   NAN         BW             NAN  NAN   
24               NAN                   NAN  BUTT WELD             NAN  NAN   

   MISCELLANEOUS CONFIDENCE     id     score  
0            NAN       0.90  24725  0.798092  
1            NAN       0.90  42817  0.795752  
2            NAN       0.90  42816  0.795017  
3            NAN       0.85  22401  0.789624  
4            NAN       0.90  24724  0.784038  
5            NAN       0.80  42813  0.783848  
6            NAN       0.90  42814  0.781426  
7            NAN       0.90  27498  0.777131  
8            NAN       0.85  22400  0.774844  
9            NAN       0.90  22510  0.774096  
10           NAN       0.90  42796  0.769713  
11           NAN       0.85  24714  0.769587  
12           NAN       0.85  24510  0.769492  
13           NAN       0.80  24981  0.767842  
14           NAN       0.80  24723  0.767819  
15           NAN       0.85  24927  0.767614  
16           NAN       0.90  42795  0.766439  
17           NAN       0.90  42797  0.766391  
18           NAN       0.90  24542  0.764716  
19           NAN       0.95  24517  0.762697  
20           NAN       0.90  24516  0.762405  
21           NAN       0.80  42831  0.761672  
22           NAN       0.85  24722  0.761672  
23           NAN       0.85  24721  0.761672  
24           NAN       0.80  42815  0.761652  

[25 rows x 21 columns]",24,NOT BAD
51,"12 45 DEGREE LONG RADIUS ELBOW , ASME B16.9 , BEVELED END , ASTM A420 GRADE WPL6 , TYPE S S-STD",12 CARBON STEEL WPL6 STANDARD WELD 45 ELBOW,True,51,8,26.370524799999657,"       ID                                                DESCRIPTION CATEGORY  \
0   24690     12 CARBON STEEL WPL6 STANDARD WLD LONG RADIUS 90 ELBOW  FITTING   
1   24689     12 CARBON STEEL WPL6 STANDARD WLD LONG RADIUS 90 ELBOW  FITTING   
2   22382                 12 CARBON STEEL WPL6 STANDARD WLD 45 ELBOW  FITTING   
3   22383                 12 CARBON STEEL WPL6 STANDARD WLD 45 ELBOW  FITTING   
4   22510                           6 CS STD A420 WPL6 WELD 45 ELBOW  FITTING   
5   24725     16 CARBON STEEL WPL6 STANDARD WLD LONG RADIUS 90 ELBOW  FITTING   
6   24927                        6 CS STD A420 WPL6 WELD LR 90 ELBOW  FITTING   
7   24714     14 CARBON STEEL WPL6 STANDARD WLD LONG RADIUS 90 ELBOW  FITTING   
8   42760                12 CARBON STEEL WPL6 STANDARD WELD 45 ELBOW  FITTING   
9   42759                12 CARBON STEEL WPL6 STANDARD WELD 45 ELBOW  FITTING   
10  24805     24 CARBON STEEL WPL6 STANDARD WLD LONG RADIUS 90 ELBOW  FITTING   
11  24945      8 CARBON STEEL WPL6 STANDARD WLD LONG RADIUS 90 ELBOW  FITTING   
12  24944      8 CARBON STEEL WPL6 STANDARD WLD LONG RADIUS 90 ELBOW  FITTING   
13  42816    16 CARBON STEEL WPL6 STANDARD WELD LONG RADIUS 90 ELBOW  FITTING   
14  24957                        8 CS STD A420 WPL6 WELD LR 90 ELBOW  FITTING   
15  42795    14 CARBON STEEL WPL6 STANDARD WELD LONG RADIUS 90 ELBOW  FITTING   
16  42797    14 CARBON STEEL WPL6 STANDARD WELD LONG RADIUS 90 ELBOW  FITTING   
17  22519                  8 CARBON STEEL WPL6 STANDARD WLD 45 ELBOW  FITTING   
18  24688  12 CARBON STEEL WPL6 EXTRA HEAVY WLD LONG RADIUS 90 ELBOW  FITTING   
19  22401                 16 CARBON STEEL WPL6 STANDARD WLD 45 ELBOW  FITTING   
20  42938    24 CARBON STEEL WPL6 STANDARD WELD LONG RADIUS 90 ELBOW  FITTING   
21  42939    24 CARBON STEEL WPL6 STANDARD WELD LONG RADIUS 90 ELBOW  FITTING   
22  22394                 14 CARBON STEEL WPL6 STANDARD WLD 45 ELBOW  FITTING   
23  22393                 14 CARBON STEEL WPL6 STANDARD WLD 45 ELBOW  FITTING   
24  24880      4 CARBON STEEL WPL6 STANDARD WLD LONG RADIUS 90 ELBOW  FITTING   

                    TYPE PRIMARY_SIZE REDUCING_SIZE LENGTH MATERIAL_NAME  \
0     LR 90 DEGREE ELBOW           12           NAN    NAN  CARBON STEEL   
1     LR 90 DEGREE ELBOW           12           NAN    NAN  CARBON STEEL   
2        45 DEGREE ELBOW           12           NAN    NAN  CARBON STEEL   
3        45 DEGREE ELBOW           12           NAN    NAN  CARBON STEEL   
4        45 DEGREE ELBOW            6           NAN    NAN  CARBON STEEL   
5     LR 90 DEGREE ELBOW           16           NAN    NAN  CARBON STEEL   
6     LR 90 DEGREE ELBOW            6           NAN    NAN  CARBON STEEL   
7     LR 90 DEGREE ELBOW           14           NAN    NAN  CARBON STEEL   
8        ELBOW 45 DEGREE         12.0           NAN    NAN  CARBON STEEL   
9               45 ELBOW         12.0           NAN    NAN  CARBON STEEL   
10    LR 90 DEGREE ELBOW           24           NAN    NAN  CARBON STEEL   
11    LR 90 DEGREE ELBOW            8           NAN    NAN  CARBON STEEL   
12    LR 90 DEGREE ELBOW            8           NAN    NAN  CARBON STEEL   
13  LONG RADIUS 90 ELBOW         16.0           NAN    NAN  CARBON STEEL   
14    LR 90 DEGREE ELBOW            8           NAN    NAN  CARBON STEEL   
15  LONG RADIUS 90 ELBOW         14.0           NAN    NAN  CARBON STEEL   
16  LONG RADIUS 90 ELBOW         14.0           NAN    NAN  CARBON STEEL   
17       45 DEGREE ELBOW            8           NAN    NAN  CARBON STEEL   
18    LR 90 DEGREE ELBOW           12           NAN    NAN  CARBON STEEL   
19       45 DEGREE ELBOW           16           NAN    NAN  CARBON STEEL   
20  LONG RADIUS 90 ELBOW         24.0           NAN    NAN  CARBON STEEL   
21  LONG RADIUS 90 ELBOW         24.0           NAN    NAN  CARBON STEEL   
22       45 DEGREE ELBOW           14           NAN    NAN  CARBON STEEL   
23       45 DEGREE ELBOW           14           NAN    NAN  CARBON STEEL   
24    LR 90 DEGREE ELBOW            4           NAN    NAN  CARBON STEEL   

   MATERIAL_SPECIFICATION MATERIAL_GRADE  ... PRIMARY_SCHEDULE  \
0                    WPL6            NAN  ...              STD   
1                    WPL6            NAN  ...              STD   
2                    WPL6            NAN  ...              STD   
3                    WPL6            NAN  ...              STD   
4                    A420           WPL6  ...              STD   
5                    WPL6            NAN  ...              STD   
6                    A420           WPL6  ...              STD   
7                    WPL6            NAN  ...              STD   
8                    WPL6            NAN  ...         STANDARD   
9                    WPL6            NAN  ...         STANDARD   
10                   WPL6            NAN  ...              STD   
11                   WPL6            NAN  ...              STD   
12                   WPL6            NAN  ...              STD   
13                   WPL6            NAN  ...         STANDARD   
14                   A420           WPL6  ...              STD   
15                   WPL6            NAN  ...         STANDARD   
16                   WPL6            NAN  ...         STANDARD   
17                   WPL6            NAN  ...              STD   
18                   WPL6            NAN  ...               XH   
19                   WPL6            NAN  ...              STD   
20                   WPL6            NAN  ...         STANDARD   
21                   WPL6            NAN  ...         STANDARD   
22                   WPL6            NAN  ...              STD   
23                   WPL6            NAN  ...              STD   
24                   WPL6            NAN  ...              STD   

   REDUCING_SCHEDULE MANUFACTURING_PROCESS END_FINISH END_CONNECTIONS TRIM  \
0                NAN                   NAN         BW             NAN  NAN   
1                NAN                   NAN         BW             NAN  NAN   
2                NAN                   NAN         BW             NAN  NAN   
3                NAN                   NAN       WELD             NAN  NAN   
4                NAN                  WELD        NAN             NAN  NAN   
5                NAN                   NAN         BW             NAN  NAN   
6                NAN                WELDED        NAN             NAN  NAN   
7                NAN                   NAN        NAN             NAN  NAN   
8                NAN                WELDED        NAN             NAN  NAN   
9                NAN                  WELD        NAN             NAN  NAN   
10               NAN                  WELD        NAN             NAN  NAN   
11               NAN                   NAN         BW             NAN  NAN   
12               NAN                   NAN         BW             NAN  NAN   
13               NAN                  WELD        NAN             NAN  NAN   
14               NAN                  WELD        NAN             NAN  NAN   
15               NAN                  WELD        NAN             NAN  NAN   
16               NAN                WELDED        NAN             NAN  NAN   
17               NAN                WELDED        NAN             NAN  NAN   
18               NAN                  WELD        NAN             NAN  NAN   
19               NAN                   NAN        NAN              BW  NAN   
20               NAN                WELDED        NAN       BUTT WELD  NAN   
21               NAN                   NAN        NAN       BUTT WELD  NAN   
22               NAN                   NAN         BW             NAN  NAN   
23               NAN                   NAN        NAN             NAN  NAN   
24               NAN                   NAN         BW             NAN  NAN   

   MISCELLANEOUS CONFIDENCE     id     score  
0            NAN       0.90  24690  0.809987  
1            NAN       0.90  24689  0.809975  
2            NAN       0.85  22382  0.802814  
3            NAN       0.85  22383  0.802755  
4            NAN       0.90  22510  0.800864  
5            NAN       0.90  24725  0.797290  
6            NAN       0.85  24927  0.796972  
7            NAN       0.85  24714  0.795017  
8            NAN       0.80  42760  0.791503  
9            NAN       0.80  42759  0.791413  
10           NAN       0.90  24805  0.791311  
11   LONG RADIUS       0.90  24945  0.789705  
12           NAN       0.90  24944  0.789538  
13           NAN       0.90  42816  0.788771  
14           NAN       0.90  24957  0.788560  
15           NAN       0.90  42795  0.788393  
16           NAN       0.90  42797  0.788363  
17           NAN       0.85  22519  0.785257  
18           NAN       0.95  24688  0.785212  
19           NAN       0.85  22401  0.785063  
20           NAN       0.90  42938  0.783374  
21           NAN       0.90  42939  0.783332  
22           NAN       0.85  22394  0.782226  
23           NAN       0.85  22393  0.782201  
24           NAN       0.90  24880  0.781530  

[25 rows x 21 columns]",12,NOT BAD
52,"14"" PIPE, ASTM A53, GRADE B, CS BLK, ERW, SCH.STD",14 BLACK PLAIN END A53B STANDARD ELECTRIC RESISTANCE WELDED DRL PIPE,True,52,48,23.708532399999967,"       ID                                                        DESCRIPTION  \
0   26667                      16 BLACK PLAIN END A53B SCHEDULE 40 BARE PIPE   
1   26640                      14 BLACK PLAIN END A53B STANDARD ERW SRL PIPE   
2   26639                      14 BLACK PLAIN END A53B STANDARD ERW SRL PIPE   
3   26638                      14 BLACK PLAIN END A53B STANDARD ERW SRL PIPE   
4   26637     14 BLACK PLAIN END A53B STANDARD ERW DOUBLE RANDOM LENGTH PIPE   
5   26635     14 BLACK PLAIN END A53B STANDARD ERW DOUBLE RANDOM LENGTH PIPE   
6   26636     14 BLACK PLAIN END A53B STANDARD ERW DOUBLE RANDOM LENGTH PIPE   
7   26672                      16 BLACK PLAIN END A53B STANDARD ERW SRL PIPE   
8   26671                      16 BLACK PLAIN END A53B STANDARD ERW SRL PIPE   
9   26670     16 BLACK PLAIN END A53B STANDARD ERW DOUBLE RANDOM LENGTH PIPE   
10  26668     16 BLACK PLAIN END A53B STANDARD ERW DOUBLE RANDOM LENGTH PIPE   
11  26669     16 BLACK PLAIN END A53B STANDARD ERW DOUBLE RANDOM LENGTH PIPE   
12   2715                          14 BLACK PLAIN END A53B 250 ERW 20FT PIPE   
13  26632  14 BLACK PLAIN END A53B EXTRA HEAVY ERW DOUBLE RANDOM LENGTH PIPE   
14  26609                                14 BLACK PE A106B S60 SMLS SRL PIPE   
15  26633  14 BLACK PLAIN END A53B EXTRA HEAVY ERW DOUBLE RANDOM LENGTH PIPE   
16  26610                        14 BLACK PE A106B SCHEDULE 80 SMLS SRL PIPE   
17  26593     12 BLACK PLAIN END A53B STANDARD ERW DOUBLE RANDOM LENGTH PIPE   
18  26592     12 BLACK PLAIN END A53B STANDARD ERW DOUBLE RANDOM LENGTH PIPE   
19  26594     12 BLACK PLAIN END A53B STANDARD ERW DOUBLE RANDOM LENGTH PIPE   
20  28548                 14 GALVANIZED PLAIN END A53B STANDARD ERW SRL PIPE   
21  26666                           16 BLACK PLAIN END A53B SCHEDULE 10 PIPE   
22  26596                      12 BLACK PLAIN END A53B STANDARD ERW SRL PIPE   
23  26595                      12 BLACK PLAIN END A53B STANDARD ERW SRL PIPE   
24  26597                      12 BLACK PLAIN END A53B STANDARD ERW SRL PIPE   

   CATEGORY            TYPE PRIMARY_SIZE REDUCING_SIZE LENGTH MATERIAL_NAME  \
0      PIPE            PIPE           16           NAN    NAN  CARBON STEEL   
1      PIPE            PIPE           14           NAN    SRL  CARBON STEEL   
2      PIPE            PIPE           14           NAN    NAN  CARBON STEEL   
3      PIPE            PIPE           14           NAN    NAN  CARBON STEEL   
4      PIPE            PIPE           14           NAN    NAN  CARBON STEEL   
5      PIPE            PIPE           14           NAN    NAN  CARBON STEEL   
6      PIPE            PIPE           14           NAN    NAN  CARBON STEEL   
7      PIPE            PIPE           16           NAN    NAN  CARBON STEEL   
8      PIPE            PIPE           16           NAN    NAN  CARBON STEEL   
9      PIPE            PIPE           16           NAN    NAN  CARBON STEEL   
10     PIPE            PIPE           16           NAN    NAN  CARBON STEEL   
11     PIPE            PIPE           16           NAN    NAN  CARBON STEEL   
12     PIPE            PIPE           14           NAN     20  CARBON STEEL   
13     PIPE            PIPE           14           NAN    NAN  CARBON STEEL   
14     PIPE            PIPE           14           NAN    NAN  CARBON STEEL   
15     PIPE            PIPE           14           NAN    NAN  CARBON STEEL   
16     PIPE            PIPE           14           NAN    NAN  CARBON STEEL   
17     PIPE            PIPE           12           NAN    NAN  CARBON STEEL   
18     PIPE            PIPE           12           NAN    NAN  CARBON STEEL   
19     PIPE            PIPE           12           NAN    NAN  CARBON STEEL   
20     PIPE  PLAIN END PIPE           14           NAN    NAN  CARBON STEEL   
21     PIPE            PIPE           16           NAN    NAN  CARBON STEEL   
22     PIPE            PIPE           12           NAN    NAN  CARBON STEEL   
23     PIPE            PIPE           12           NAN    NAN  CARBON STEEL   
24     PIPE            PIPE           12           NAN    NAN  CARBON STEEL   

   MATERIAL_SPECIFICATION MATERIAL_GRADE  ... PRIMARY_SCHEDULE  \
0                     A53              B  ...               40   
1                     A53              B  ...              STD   
2                     A53              B  ...              STD   
3                     A53              B  ...              STD   
4                     A53              B  ...              STD   
5                     A53              B  ...              STD   
6                     A53              B  ...              STD   
7                     A53              B  ...              STD   
8                     A53              B  ...              STD   
9                     A53              B  ...              STD   
10                    A53              B  ...              STD   
11                    A53              B  ...              STD   
12                    A53              B  ...              NAN   
13                    A53              B  ...               XH   
14                   A106              B  ...               60   
15                    A53              B  ...               XH   
16                   A106              B  ...               80   
17                    A53              B  ...              STD   
18                    A53              B  ...              STD   
19                    A53              B  ...              STD   
20                    A53              B  ...              STD   
21                    A53              B  ...               10   
22                    A53              B  ...              STD   
23                    A53              B  ...              STD   
24                    A53              B  ...              STD   

   REDUCING_SCHEDULE MANUFACTURING_PROCESS  END_FINISH END_CONNECTIONS TRIM  \
0                NAN                   NAN   PLAIN END              PE  NAN   
1                NAN                   ERW          PE             NAN  NAN   
2                NAN                   ERW          PE             NAN  NAN   
3                NAN                   ERW          PE             NAN  NAN   
4                NAN                   ERW   PLAIN END             NAN  NAN   
5                NAN                   ERW   PLAIN END             NAN  NAN   
6                NAN                   ERW   PLAIN END             NAN  NAN   
7                NAN                   ERW          PE             NAN  NAN   
8                NAN                   ERW          PE             NAN  NAN   
9                NAN                   ERW   PLAIN END             NAN  NAN   
10               NAN                   ERW   PLAIN END             NAN  NAN   
11               NAN                   ERW          PE              PE  NAN   
12               NAN                   ERW          PE             NAN  NAN   
13               NAN                   ERW   PLAIN END             NAN  NAN   
14               NAN              SEAMLESS   PLAIN END             NAN  NAN   
15               NAN                   ERW   PLAIN END             NAN  NAN   
16               NAN              SEAMLESS  PLAIN ENDS             NAN  NAN   
17               NAN                   ERW          PE             NAN  NAN   
18               NAN                   ERW   PLAIN END             NAN  NAN   
19               NAN                   ERW   PLAIN END             NAN  NAN   
20               NAN                   ERW  GALVANIZED              PE  NAN   
21               NAN                   NAN   PLAIN END             NAN  NAN   
22               NAN                   ERW          PE             NAN  NAN   
23               NAN                   ERW          PE             NAN  NAN   
24               NAN                   ERW          PE             NAN  NAN   

          MISCELLANEOUS CONFIDENCE     id     score  
0            BLACK BARE       0.90  26667  0.795427  
1                 BLACK       0.95  26640  0.795361  
2                   SRL       0.95  26639  0.795361  
3   BLACK PLAIN END SRL       0.95  26638  0.795350  
4                 BLACK       0.95  26637  0.791267  
5                 BLACK       0.95  26635  0.791263  
6                 BLACK       0.95  26636  0.790922  
7                 BLACK       0.95  26672  0.780963  
8                 BLACK       0.95  26671  0.780869  
9                 BLACK       0.95  26670  0.779070  
10                BLACK       0.95  26668  0.778945  
11                BLACK       0.95  26669  0.778915  
12                BLACK       0.90   2715  0.772947  
13                BLACK       0.95  26632  0.771534  
14                  SRL       0.95  26609  0.771454  
15                  DRL       0.95  26633  0.771255  
16                  SRL       0.95  26610  0.770784  
17                BLACK       0.95  26593  0.770553  
18             BLACKDRL       0.95  26592  0.770538  
19                BLACK       0.95  26594  0.770508  
20                  SRL       0.95  28548  0.769767  
21                BLACK       0.90  26666  0.769663  
22                BLACK       0.95  26596  0.768885  
23                BLACK       0.95  26595  0.768873  
24            BLACK SRL       0.95  26597  0.768850  

[25 rows x 21 columns]",16,NOT BAD
53,"OUTLET, PIPE, WELDOLET, 8"" RUN, 4"", WELD NECK BRANCH, SCH STD, SA105",8 X 4 FORGED STEEL SCHEDULE STANDARD WELDOLET FOR 10-INCH PIPE,True,53,1,11.604351499999666,"       ID                                                     DESCRIPTION  \
0   28509                                           8 X 1 STD CS WELDOLET   
1   43703  8 X 4 FORGED STEEL SCHEDULE STANDARD WELDOLET FOR 10-INCH PIPE   
2   28504                                           4 X 2 STD CS WELDOLET   
3   28505                                          48 X 8 STD CS WELDOLET   
4   28500                                          36 X 8 STD CS WELDOLET   
5   43702  8 X 3 FORGED STEEL SCHEDULE STANDARD WELDOLET FOR 14-INCH PIPE   
6   42293                          8 X 4 FORGED STEEL STD WEIGHT WELDOLET   
7   28462                     10 - 8 X 4 FORGED STEEL STD WEIGHT WELDOLET   
8   28498                                         36 X 10 STD CS WELDOLET   
9   41323            10 - 8 X 4 STAINLESS STEEL SCHEDULE 40 304L WELDOLET   
10  42292                          8 X 3 FORGED STEEL STD WEIGHT WELDOLET   
11  42295                          8 X 6 FORGED STEEL STD WEIGHT WELDOLET   
12  42297                          8 X 8 FORGED STEEL STD WEIGHT WELDOLET   
13  28489                                         30 X 10 STD CS WELDOLET   
14  41374                24 X 8 STAINLESS STEEL SCHEDULE 40 304L WELDOLET   
15  42228                        24 X 14 FORGED STEEL STD WEIGHT WELDOLET   
16  42209                         16 X 8 FORGED STEEL STD WEIGHT WELDOLET   
17  42202                         14 X 8 FORGED STEEL STD WEIGHT WELDOLET   
18  28499                                         36 X 16 STD CS WELDOLET   
19  42185                         10 X 8 FORGED STEEL STD WEIGHT WELDOLET   
20  41498                 8 X 6 STAINLESS STEEL SCHEDULE 10 304L WELDOLET   
21  28493                           36 - 3 X 1 SCHEDULE 160 A105 WELDOLET   
22  33859                                       4 X 3 STD WEIGHT WELDOLET   
23  42211                        18 X 10 FORGED STEEL STD WEIGHT WELDOLET   
24  42180                     10 - 8 X 2 FORGED STEEL STD WEIGHT WELDOLET   

   CATEGORY      TYPE PRIMARY_SIZE REDUCING_SIZE LENGTH    MATERIAL_NAME  \
0   FITTING  WELDOLET            8             1    NAN     CARBON STEEL   
1   FITTING  WELDOLET          8.0           4.0    NAN     CARBON STEEL   
2   FITTING  WELDOLET            4             2    NAN     CARBON STEEL   
3   FITTING  WELDOLET           48             8    NAN     CARBON STEEL   
4   FITTING  WELDOLET           36             8    NAN     CARBON STEEL   
5   FITTING  WELDOLET          8.0           3.0    NAN     CARBON STEEL   
6   FITTING  WELDOLET            8             4    NAN            STEEL   
7   FITTING  WELDOLET            8             4    NAN     CARBON STEEL   
8   FITTING  WELDOLET           36            10    NAN     CARBON STEEL   
9   FITTING  WELDOLET            8             4    NAN  STAINLESS STEEL   
10  FITTING  WELDOLET            8             3    NAN            STEEL   
11  FITTING  WELDOLET            8             6    NAN            STEEL   
12  FITTING  WELDOLET            8             8    NAN            STEEL   
13  FITTING  WELDOLET           30            10    NAN     CARBON STEEL   
14  FITTING  WELDOLET           24             8    NAN  STAINLESS STEEL   
15  FITTING  WELDOLET           24            14    NAN            STEEL   
16  FITTING  WELDOLET           16             8    NAN            STEEL   
17  FITTING  WELDOLET           14             8    NAN            STEEL   
18  FITTING  WELDOLET           36            16    NAN     CARBON STEEL   
19  FITTING  WELDOLET           10             8    NAN            STEEL   
20  FITTING  WELDOLET            8             6    NAN  STAINLESS STEEL   
21  FITTING  WELDOLET            3             1    NAN     CARBON STEEL   
22  FITTING  WELDOLET            4             3    NAN              NAN   
23  FITTING  WELDOLET           18            10    NAN            STEEL   
24  FITTING  WELDOLET            8             2    NAN            STEEL   

   MATERIAL_SPECIFICATION MATERIAL_GRADE  ... PRIMARY_SCHEDULE  \
0                     NAN            NAN  ...              STD   
1                     NAN            NAN  ...         STANDARD   
2                     NAN            NAN  ...              STD   
3                     NAN            NAN  ...              STD   
4                     NAN            NAN  ...              STD   
5                     NAN            NAN  ...         STANDARD   
6                     NAN            NAN  ...              STD   
7                     NAN            NAN  ...              STD   
8                     NAN            NAN  ...              STD   
9                     NAN           304L  ...               40   
10                    NAN            NAN  ...              STD   
11                    NAN            NAN  ...              STD   
12                    NAN            NAN  ...              STD   
13                    NAN            NAN  ...              STD   
14                    NAN           304L  ...               40   
15                    NAN            NAN  ...              STD   
16                    NAN            NAN  ...              STD   
17                    NAN            NAN  ...              STD   
18                    NAN            NAN  ...              STD   
19                    NAN            NAN  ...              STD   
20                    NAN           304L  ...               10   
21                   A105            NAN  ...              160   
22                    NAN            NAN  ...              STD   
23                    NAN            NAN  ...              STD   
24                    NAN            NAN  ...              STD   

   REDUCING_SCHEDULE MANUFACTURING_PROCESS END_FINISH END_CONNECTIONS TRIM  \
0                NAN                   NAN        NAN             NAN  NAN   
1                NAN                FORGED        NAN             NAN  NAN   
2                NAN                   NAN        NAN             NAN  NAN   
3                NAN                   NAN        NAN             NAN  NAN   
4                NAN                   NAN        NAN             NAN  NAN   
5                NAN                FORGED        NAN             NAN  NAN   
6                NAN                FORGED        NAN             NAN  NAN   
7                NAN                FORGED        NAN             NAN  NAN   
8                NAN                   NAN        NAN             NAN  NAN   
9                NAN                   NAN        NAN             NAN  NAN   
10               NAN                FORGED        NAN             NAN  NAN   
11               NAN                FORGED        NAN             NAN  NAN   
12               NAN                FORGED        NAN             NAN  NAN   
13               NAN                   NAN        NAN             NAN  NAN   
14               NAN                   NAN        NAN             NAN  NAN   
15               NAN                FORGED        NAN             NAN  NAN   
16               NAN                FORGED        NAN             NAN  NAN   
17               NAN                FORGED        NAN             NAN  NAN   
18               NAN                   NAN        NAN             NAN  NAN   
19               NAN                FORGED        NAN             NAN  NAN   
20               NAN                   NAN        NAN             NAN  NAN   
21               NAN                   NAN        NAN             NAN  NAN   
22               NAN                   NAN        NAN             NAN  NAN   
23               NAN                FORGED        NAN             NAN  NAN   
24               NAN                FORGED        NAN             NAN  NAN   

       MISCELLANEOUS CONFIDENCE     id     score  
0                NAN       0.80  28509  0.718862  
1   FOR 10-INCH PIPE       0.80  43703  0.717623  
2                NAN       0.80  28504  0.717141  
3                NAN       0.80  28505  0.713771  
4                NAN       0.80  28500  0.710343  
5   FOR 14-INCH PIPE       0.80  43702  0.705553  
6                NAN       0.85  42293  0.702672  
7   FOR 10-INCH PIPE       0.80  28462  0.701315  
8                NAN       0.80  28498  0.699853  
9   FOR 10-INCH PIPE       0.85  41323  0.697868  
10               NAN       0.85  42292  0.696189  
11               NAN       0.85  42295  0.695792  
12               NAN       0.80  42297  0.694669  
13               NAN       0.80  28489  0.694134  
14               NAN       0.90  41374  0.693761  
15               NAN       0.85  42228  0.689357  
16               NAN       0.80  42209  0.689209  
17               NAN       0.80  42202  0.688926  
18               NAN       0.80  28499  0.688924  
19               NAN       0.85  42185  0.688624  
20               NAN       0.90  41498  0.688366  
21  FOR 36-INCH PIPE       0.90  28493  0.688174  
22               NAN       0.80  33859  0.687489  
23               NAN       0.80  42211  0.687244  
24  FOR 10-INCH PIPE       0.80  42180  0.686464  

[25 rows x 21 columns]",13,NOT BAD
54,"FLANGE:RF WN,8IN,150LB,STD,A105B",8 CARBON STEEL 150 STANDARD RAISED FACE WELD NECK FLANGE A105N,True,54,0,21.66259590000027,"       ID                                                      DESCRIPTION  \
0   43391   8 CARBON STEEL 150 STANDARD RAISED FACE WELD NECK FLANGE A105N   
1   43392   8 CARBON STEEL 150 STANDARD RAISED FACE WELD NECK FLANGE A105N   
2   43403   8 CARBON STEEL 150 STANDARD RAISED FACE WELD NECK FLANGE A105N   
3   12366                 8 STAINLESS STEEL 304L 150 STANDARD RF WN FLANGE   
4   11706                8 STAINLESS STEEL 304L 150 STD RF WELDNECK FLANGE   
5   43125   6 CARBON STEEL 150 STANDARD RAISED FACE WELD NECK FLANGE A105N   
6   43350   6 CARBON STEEL 150 STANDARD RAISED FACE WELD NECK FLANGE A105N   
7   43390   6 CARBON STEEL 150 STANDARD RAISED FACE WELD NECK FLANGE A105N   
8   43413   6 CARBON STEEL 150 STANDARD RAISED FACE WELD NECK FLANGE A105N   
9   42801  14 CARBON STEEL 150 STANDARD RAISED FACE WELD NECK FLANGE A105N   
10  43414              8 CARBON STEEL 150 RAISED FACE SLIP-ON FLANGE A105N   
11  11702                8 STAINLESS STEEL 316 L 150 STANDARD RF WN FLANGE   
12  43197   8 CARBON STEEL 600 STANDARD RAISED FACE WELD NECK FLANGE A105N   
13  42769  12 CARBON STEEL 150 STANDARD RAISED FACE WELD NECK FLANGE A105N   
14  12365                      8 STAINLESS STEEL 304L 150 S10 RF WN FLANGE   
15  43381  12 CARBON STEEL 150 STANDARD RAISED FACE WELD NECK FLANGE A105N   
16  12396           8 STAINLESS STEEL 304L 150 STANDARD RF WELDNECK FLANGE   
17  43059   4 CARBON STEEL 150 STANDARD RAISED FACE WELD NECK FLANGE A105N   
18  43402   4 CARBON STEEL 150 STANDARD RAISED FACE WELD NECK FLANGE A105N   
19  43685   4 CARBON STEEL 150 STANDARD RAISED FACE WELD NECK FLANGE A105N   
20  11696                       8 STAINLESS STEEL 304L 150 XH RF WN FLANGE   
21  11704               8 STAINLESS STEEL 316 L 150 STD RF WELDNECK FLANGE   
22  43654  1"" 150 SOCKETWELD FLANGE A105 CARBON STEEL STANDARD RAISED FACE   
23  12339                     8 STAINLESS STEEL 316 L 150 S10 RF WN FLANGE   
24  43348                8 CARBON STEEL 150 RAISED FACE BLIND FLANGE A105N   

   CATEGORY                          TYPE PRIMARY_SIZE REDUCING_SIZE LENGTH  \
0    FLANGE                     WELD NECK          8.0           NAN    NAN   
1    FLANGE                     WELD NECK          8.0           NAN    NAN   
2    FLANGE                     WELD NECK          8.0           NAN    NAN   
3    FLANGE                     WELD NECK            8           NAN    NAN   
4    FLANGE         RAISED FACE WELD NECK            8           NAN    NAN   
5    FLANGE                     WELD NECK          6.0           NAN    NAN   
6    FLANGE                     WELD NECK          6.0           NAN    NAN   
7    FLANGE                     WELD NECK          6.0           NAN    NAN   
8    FLANGE                     WELD NECK          6.0           NAN    NAN   
9    FLANGE                     WELD NECK         14.0           NAN    NAN   
10   FLANGE                       SLIP ON          8.0           NAN    NAN   
11   FLANGE  RAISED FACE WELD NECK FLANGE            8           NAN    NAN   
12   FLANGE                     WELD NECK          8.0           NAN    NAN   
13   FLANGE                     WELD NECK         12.0           NAN    NAN   
14   FLANGE                     WELD NECK            8           NAN    NAN   
15   FLANGE                     WELD NECK         12.0           NAN    NAN   
16   FLANGE         RAISED FACE WELD NECK            8           NAN    NAN   
17   FLANGE                     WELD NECK          4.0           NAN    NAN   
18   FLANGE                     WELD NECK          4.0           NAN    NAN   
19   FLANGE                     WELD NECK          4.0           NAN    NAN   
20   FLANGE  RAISED FACE WELD NECK FLANGE            8           NAN    NAN   
21   FLANGE  RAISED FACE WELD NECK FLANGE            8           NAN    NAN   
22   FLANGE                   SOCKET WELD          1.0           NAN    NAN   
23   FLANGE              WELD NECK FLANGE            8           NAN    NAN   
24   FLANGE                         BLIND          8.0           NAN    NAN   

      MATERIAL_NAME MATERIAL_SPECIFICATION MATERIAL_GRADE  ...  \
0      CARBON STEEL                   A105              N  ...   
1      CARBON STEEL                   A105              N  ...   
2      CARBON STEEL                   A105              N  ...   
3   STAINLESS STEEL                   304L            NAN  ...   
4   STAINLESS STEEL                   304L            NAN  ...   
5      CARBON STEEL                   A105              N  ...   
6      CARBON STEEL                   A105              N  ...   
7      CARBON STEEL                   A105              N  ...   
8      CARBON STEEL                   A105              N  ...   
9      CARBON STEEL                   A105              N  ...   
10     CARBON STEEL                   A105              N  ...   
11  STAINLESS STEEL                    NAN           316L  ...   
12     CARBON STEEL                   A105              N  ...   
13     CARBON STEEL                   A105              N  ...   
14  STAINLESS STEEL                   304L            NAN  ...   
15     CARBON STEEL                   A105              N  ...   
16  STAINLESS STEEL                   304L            NAN  ...   
17     CARBON STEEL                   A105              N  ...   
18     CARBON STEEL                   A105              N  ...   
19     CARBON STEEL                   A105              N  ...   
20  STAINLESS STEEL                   304L            NAN  ...   
21  STAINLESS STEEL                   316L            NAN  ...   
22     CARBON STEEL                   A105            NAN  ...   
23  STAINLESS STEEL                    NAN           316L  ...   
24     CARBON STEEL                   A105              N  ...   

   PRIMARY_SCHEDULE REDUCING_SCHEDULE MANUFACTURING_PROCESS   END_FINISH  \
0               NAN               NAN                   NAN  RAISED FACE   
1          STANDARD               NAN                   NAN  RAISED FACE   
2          STANDARD               NAN                   NAN  RAISED FACE   
3               STD               NAN                   NAN          NAN   
4               STD               NAN                   NAN          NAN   
5          STANDARD               NAN                   NAN  RAISED FACE   
6          STANDARD               NAN                   NAN  RAISED FACE   
7          STANDARD               NAN                   NAN  RAISED FACE   
8          STANDARD               NAN                   NAN  RAISED FACE   
9          STANDARD               NAN                   NAN  RAISED FACE   
10              NAN               NAN                   NAN  RAISED FACE   
11              STD               NAN                   NAN          NAN   
12         STANDARD               NAN                   NAN  RAISED FACE   
13         STANDARD               NAN                   NAN  RAISED FACE   
14               10               NAN                   NAN  RAISED FACE   
15         STANDARD               NAN                   NAN  RAISED FACE   
16              STD               NAN                   NAN          NAN   
17         STANDARD               NAN                   NAN  RAISED FACE   
18         STANDARD               NAN                   NAN  RAISED FACE   
19         STANDARD               NAN                   NAN  RAISED FACE   
20               XH               NAN                   NAN          NAN   
21              STD               NAN                   NAN          NAN   
22         STANDARD               NAN                   NAN  RAISED FACE   
23               10               NAN                   NAN  RAISED FACE   
24              NAN               NAN                   NAN  RAISED FACE   

   END_CONNECTIONS TRIM MISCELLANEOUS CONFIDENCE     id     score  
0              NAN  NAN      STANDARD       1.00  43391  0.776230  
1              NAN  NAN           NAN       0.90  43392  0.776143  
2              NAN  NAN           NAN       1.00  43403  0.776137  
3              NAN  NAN   RAISED FACE       0.95  12366  0.762850  
4              NAN  NAN           NAN       0.95  11706  0.756062  
5              NAN  NAN           NAN       1.00  43125  0.754015  
6              NAN  NAN           NAN       1.00  43350  0.753996  
7              NAN  NAN           NAN       1.00  43390  0.753996  
8              NAN  NAN           NAN       1.00  43413  0.753977  
9              NAN  NAN           NAN       0.90  42801  0.752927  
10             NAN  NAN           NAN       1.00  43414  0.752641  
11             NAN  NAN           NAN       0.95  11702  0.751765  
12             NAN  NAN           NAN       1.00  43197  0.751673  
13             NAN  NAN           NAN       1.00  42769  0.749047  
14             NAN  NAN           NAN       0.95  12365  0.749018  
15             NAN  NAN           NAN       1.00  43381  0.748994  
16             NAN  NAN           NAN       0.95  12396  0.747996  
17             NAN  NAN           NAN       1.00  43059  0.747013  
18             NAN  NAN           NAN       1.00  43402  0.747013  
19             NAN  NAN           NAN       1.00  43685  0.746992  
20             NAN  NAN           NAN       0.95  11696  0.745710  
21             NAN  NAN           NAN       0.95  11704  0.745240  
22     SOCKET WELD  NAN           NAN       0.90  43654  0.744621  
23             NAN  NAN           NAN       0.95  12339  0.744290  
24             NAN  NAN           NAN       0.90  43348  0.744144  

[25 rows x 21 columns]",14,NOT BAD
55,"2 90 DEGREE LONG RADIUS ELBOW , ASME B16.9 , BEVELED END , ASTM A234 GRADE WPB , TYPE S S-80",2 CARBON STEEL SCHEDULE XH WELD LONG RADIUS 90 ELBOW,True,55,32,16.649048400000083,"       ID  \
0   24776   
1   24775   
2   24758   
3   24759   
4   24987   
5   24777   
6   24937   
7   24754   
8   24709   
9   24719   
10  24720   
11  42949   
12  24800   
13  43671   
14  24756   
15  24755   
16  25023   
17  43698   
18  43311   
19  43199   
20  43175   
21  42866   
22  24753   
23  24986   
24  24765   

                                                             DESCRIPTION  \
0                   2 X 1 CARBON STEEL STANDARD WLD LONG RADIUS 90 ELBOW   
1   2 STANDARD WPB GALVANIZED CARBON STEEL BUTTWELD LONG RADIUS 90 ELBOW   
2                      2 CARBON STEEL STANDARD WELD LONG RADIUS 90 ELBOW   
3                       2 CARBON STEEL STANDARD WLD LONG RADIUS 90 ELBOW   
4                       2 CARBON STEEL STANDARD WLD LONG RADIUS 90 ELBOW   
5              2 X 1 CARBON STEEL WPL6 STANDARD WLD LONG RADIUS 90 ELBOW   
6                          8 CARBON STEEL S120 LONG RADIUS 90 WELD ELBOW   
7                  2 CARBON STEEL SCHEDULE 160 WELD LONG RADIUS 90 ELBOW   
8                   14 CARBON STEEL SCHEDULE 80 WLD LONG RADIUS 90 ELBOW   
9                   16 CARBON STEEL SCHEDULE 80 WLD LONG RADIUS 90 ELBOW   
10                  16 CARBON STEEL SCHEDULE 80 WLD LONG RADIUS 90 ELBOW   
11                    24 CARBON STEEL STANDARD WELD LONG RADIUS 90 ELBOW   
12                    24 CARBON STEEL STANDARD WELD LONG RADIUS 90 ELBOW   
13                    24 CARBON STEEL STANDARD WELD LONG RADIUS 90 ELBOW   
14                  2 CARBON STEEL SCHEDULE 160 WLD LONG RADIUS 90 ELBOW   
15                  2 CARBON STEEL SCHEDULE 160 WLD LONG RADIUS 90 ELBOW   
16                     8 CARBON STEEL STANDARD WELD LONG RADIUS 90 ELBOW   
17                     8 CARBON STEEL STANDARD WELD LONG RADIUS 90 ELBOW   
18                     8 CARBON STEEL STANDARD WELD LONG RADIUS 90 ELBOW   
19                     8 CARBON STEEL STANDARD WELD LONG RADIUS 90 ELBOW   
20                     8 CARBON STEEL STANDARD WELD LONG RADIUS 90 ELBOW   
21                2 CARBON STEEL WPL6 STANDARD WELD LONG RADIUS 90 ELBOW   
22                   2 CARBON STEEL EXTRA HEAVY WLD LONG RADIUS 90 ELBOW   
23                   2 CARBON STEEL EXTRA HEAVY WLD LONG RADIUS 90 ELBOW   
24                 2 CARBON STEEL WPL6 STANDARD WLD LONG RADIUS 90 ELBOW   

   CATEGORY                  TYPE PRIMARY_SIZE REDUCING_SIZE LENGTH  \
0   FITTING    LR 90 DEGREE ELBOW            2             1    NAN   
1   FITTING    LR 90 DEGREE ELBOW            2           NAN    NAN   
2   FITTING    LR 90 DEGREE ELBOW            2           NAN    NAN   
3   FITTING    LR 90 DEGREE ELBOW            2           NAN    NAN   
4   FITTING           LR 90 ELBOW            2           NAN    NAN   
5   FITTING    LR 90 DEGREE ELBOW            2             1    NAN   
6   FITTING    LR 90 DEGREE ELBOW            8           NAN    NAN   
7   FITTING    LR 90 DEGREE ELBOW            2           NAN    NAN   
8   FITTING    LR 90 DEGREE ELBOW           14           NAN    NAN   
9   FITTING    LR 90 DEGREE ELBOW           16           NAN    NAN   
10  FITTING    LR 90 DEGREE ELBOW           16           NAN    NAN   
11  FITTING  LONG RADIUS 90 ELBOW         24.0           NAN    NAN   
12  FITTING    LR 90 DEGREE ELBOW           24           NAN    NAN   
13  FITTING  LONG RADIUS 90 ELBOW         24.0           NAN    NAN   
14  FITTING    LR 90 DEGREE ELBOW            2           NAN    NAN   
15  FITTING    LR 90 DEGREE ELBOW            2           NAN    NAN   
16  FITTING           LR 90 ELBOW            8           NAN    NAN   
17  FITTING  LONG RADIUS 90 ELBOW          8.0           NAN    NAN   
18  FITTING  LONG RADIUS 90 ELBOW          8.0           NAN    NAN   
19  FITTING  LONG RADIUS 90 ELBOW          8.0           NAN    NAN   
20  FITTING  LONG RADIUS 90 ELBOW          8.0           NAN    NAN   
21  FITTING  LONG RADIUS 90 ELBOW          2.0           NAN    NAN   
22  FITTING    LR 90 DEGREE ELBOW            2           NAN    NAN   
23  FITTING           LR 90 ELBOW            2           NAN    NAN   
24  FITTING    LR 90 DEGREE ELBOW            2           NAN    NAN   

   MATERIAL_NAME MATERIAL_SPECIFICATION MATERIAL_GRADE  ... PRIMARY_SCHEDULE  \
0   CARBON STEEL                    NAN            NAN  ...              STD   
1   CARBON STEEL                    WPB            NAN  ...              STD   
2   CARBON STEEL                    NAN            NAN  ...              STD   
3   CARBON STEEL                    NAN            NAN  ...              STD   
4   CARBON STEEL                    NAN            NAN  ...              STD   
5   CARBON STEEL                   WPL6            NAN  ...              STD   
6   CARBON STEEL                    NAN            NAN  ...              120   
7   CARBON STEEL                    NAN            NAN  ...              160   
8   CARBON STEEL                    NAN            NAN  ...               80   
9   CARBON STEEL                    NAN            NAN  ...               80   
10  CARBON STEEL                    NAN            NAN  ...               80   
11  CARBON STEEL                    NAN            NAN  ...         STANDARD   
12  CARBON STEEL                    NAN            NAN  ...              STD   
13  CARBON STEEL                    NAN            NAN  ...         STANDARD   
14  CARBON STEEL                    NAN            NAN  ...              160   
15  CARBON STEEL                    NAN            NAN  ...              160   
16  CARBON STEEL                    NAN            NAN  ...              STD   
17  CARBON STEEL                    NAN            NAN  ...         STANDARD   
18  CARBON STEEL                    NAN            NAN  ...         STANDARD   
19  CARBON STEEL                    NAN            NAN  ...         STANDARD   
20  CARBON STEEL                    NAN            NAN  ...         STANDARD   
21  CARBON STEEL                   WPL6            NAN  ...         STANDARD   
22  CARBON STEEL                    NAN            NAN  ...               XH   
23  CARBON STEEL                    NAN            NAN  ...               XH   
24  CARBON STEEL                   WPL6            NAN  ...              STD   

   REDUCING_SCHEDULE MANUFACTURING_PROCESS  END_FINISH END_CONNECTIONS TRIM  \
0                NAN                WELDED         NAN             NAN  NAN   
1                NAN                   NAN  GALVANIZED              BW  NAN   
2                NAN                WELDED         NAN             NAN  NAN   
3                NAN                WELDED         NAN             NAN  NAN   
4                NAN                WELDED         NAN             NAN  NAN   
5                NAN                   NAN         NAN             NAN  NAN   
6                NAN                   NAN         NAN             NAN  NAN   
7                NAN                   NAN          BW             NAN  NAN   
8                NAN                   NAN          BW             NAN  NAN   
9                NAN                   NAN        WELD             NAN  NAN   
10               NAN                   NAN        WELD             NAN  NAN   
11               NAN                  WELD         NAN             NAN  NAN   
12               NAN                WELDED         NAN             NAN  NAN   
13               NAN                   NAN         NAN       BUTT WELD  NAN   
14               NAN                   NAN          BW             NAN  NAN   
15               NAN                   NAN        WELD             NAN  NAN   
16               NAN                WELDED         NAN             NAN  NAN   
17               NAN                   NAN         NAN       BUTT WELD  NAN   
18               NAN                   NAN         NAN       BUTT WELD  NAN   
19               NAN                   NAN         NAN       BUTT WELD  NAN   
20               NAN                  WELD         NAN             NAN  NAN   
21               NAN                  WELD         NAN             NAN  NAN   
22               NAN                  WELD         NAN             NAN  NAN   
23               NAN                  WELD         NAN             NAN  NAN   
24               NAN                   NAN          BW             NAN  NAN   

   MISCELLANEOUS CONFIDENCE     id     score  
0            NAN       0.80  24776  0.775622  
1            NAN       0.90  24775  0.774802  
2            NAN       0.80  24758  0.774062  
3            NAN       0.85  24759  0.772421  
4            NAN       0.85  24987  0.772397  
5            NAN       0.90  24777  0.771214  
6            NAN       0.80  24937  0.770359  
7            NAN       0.85  24754  0.765914  
8            NAN       0.85  24709  0.763893  
9            NAN       0.85  24719  0.763811  
10           NAN       0.85  24720  0.763476  
11           NAN       0.80  42949  0.763447  
12           NAN       0.80  24800  0.763447  
13           NAN       0.80  43671  0.762812  
14           NAN       0.85  24756  0.762682  
15           NAN       0.80  24755  0.762634  
16           NAN       0.80  25023  0.761639  
17           NAN       0.90  43698  0.761638  
18           NAN       0.80  43311  0.761638  
19           NAN       0.80  43199  0.761624  
20           NAN       0.80  43175  0.761612  
21           NAN       0.90  42866  0.761402  
22           NAN       0.85  24753  0.759632  
23           NAN       0.80  24986  0.759609  
24           NAN       0.90  24765  0.759297  

[25 rows x 21 columns]",12,NOT BAD
56,"24"" ELBOW 90D, LR, BW, ASME 16.9, WROUGHT STEEL, ASTM/ASME A/SA-234-WPB, SCH.STD",24 CARBON STEEL STANDARD WELD LONG RADIUS 90 ELBOW,True,56,3,13.256117699999777,"       ID                                              DESCRIPTION CATEGORY  \
0   24801        24 CARBON STEEL STANDARD WLD LONG RADIUS 90 ELBOW  FITTING   
1   24802        24 CARBON STEEL STANDARD WLD LONG RADIUS 90 ELBOW  FITTING   
2   27525                 24 CARBON STEEL STANDARD WLD SR 90 ELBOW  FITTING   
3   24800       24 CARBON STEEL STANDARD WELD LONG RADIUS 90 ELBOW  FITTING   
4   42949       24 CARBON STEEL STANDARD WELD LONG RADIUS 90 ELBOW  FITTING   
5   43671       24 CARBON STEEL STANDARD WELD LONG RADIUS 90 ELBOW  FITTING   
6   24805   24 CARBON STEEL WPL6 STANDARD WLD LONG RADIUS 90 ELBOW  FITTING   
7   27524                24 CARBON STEEL STANDARD WELD SR 90 ELBOW  FITTING   
8   42938  24 CARBON STEEL WPL6 STANDARD WELD LONG RADIUS 90 ELBOW  FITTING   
9   42939  24 CARBON STEEL WPL6 STANDARD WELD LONG RADIUS 90 ELBOW  FITTING   
10  24870                               36 CS STD WELD LR 90 ELBOW  FITTING   
11  27526            24 CARBON STEEL WPL6 STANDARD WLD SR 90 ELBOW  FITTING   
12  24733   16 X 10 CARBON STEEL STANDARD WLD LONG RADIUS 90 ELBOW  FITTING   
13  36948                  24 STAINLESS STEEL STD 304L LR 90 ELBOW  FITTING   
14  25005                               30 CS STD WELD LR 90 ELBOW  FITTING   
15  36947  24 STAINLESS STEEL SCHEDULE 80 304L LR 90 ELBOW A403WPW  FITTING   
16  22444                    24 CARBON STEEL STANDARD WLD 45 ELBOW  FITTING   
17  22445               24 CARBON STEEL WPL6 STANDARD WLD 45 ELBOW  FITTING   
18  27496                 16 CARBON STEEL STANDARD WLD SR 90 ELBOW  FITTING   
19  27497                 16 CARBON STEEL STANDARD WLD SR 90 ELBOW  FITTING   
20  24700                               12 CS STD WELD LR 90 ELBOW  FITTING   
21  24991  20 X 16 CARBON STEEL STANDARD WELD LONG RADIUS 90 ELBOW  FITTING   
22  24815        26 CARBON STEEL STANDARD WLD LONG RADIUS 90 ELBOW  FITTING   
23  24723        16 CARBON STEEL STANDARD WLD LONG RADIUS 90 ELBOW  FITTING   
24  24981        16 CARBON STEEL STANDARD WLD LONG RADIUS 90 ELBOW  FITTING   

                    TYPE PRIMARY_SIZE REDUCING_SIZE LENGTH    MATERIAL_NAME  \
0     LR 90 DEGREE ELBOW           24           NAN    NAN     CARBON STEEL   
1     LR 90 DEGREE ELBOW           24           NAN    NAN     CARBON STEEL   
2     SR 90 DEGREE ELBOW           24           NAN    NAN     CARBON STEEL   
3     LR 90 DEGREE ELBOW           24           NAN    NAN     CARBON STEEL   
4   LONG RADIUS 90 ELBOW         24.0           NAN    NAN     CARBON STEEL   
5   LONG RADIUS 90 ELBOW         24.0           NAN    NAN     CARBON STEEL   
6     LR 90 DEGREE ELBOW           24           NAN    NAN     CARBON STEEL   
7     SR 90 DEGREE ELBOW           24           NAN    NAN     CARBON STEEL   
8   LONG RADIUS 90 ELBOW         24.0           NAN    NAN     CARBON STEEL   
9   LONG RADIUS 90 ELBOW         24.0           NAN    NAN     CARBON STEEL   
10    LR 90 DEGREE ELBOW           36           NAN    NAN     CARBON STEEL   
11    SR 90 DEGREE ELBOW           24           NAN    NAN     CARBON STEEL   
12    LR 90 DEGREE ELBOW           16            10    NAN     CARBON STEEL   
13    LR 90 DEGREE ELBOW           24           NAN    NAN  STAINLESS STEEL   
14           LR 90 ELBOW           30           NAN    NAN     CARBON STEEL   
15    LR 90 DEGREE ELBOW           24           NAN    NAN  STAINLESS STEEL   
16       45 DEGREE ELBOW           24           NAN    NAN     CARBON STEEL   
17       45 DEGREE ELBOW           24           NAN    NAN     CARBON STEEL   
18    SR 90 DEGREE ELBOW           16           NAN    NAN     CARBON STEEL   
19    SR 90 DEGREE ELBOW           16           NAN    NAN     CARBON STEEL   
20    LR 90 DEGREE ELBOW           12           NAN    NAN     CARBON STEEL   
21           LR 90 ELBOW           20            16    NAN     CARBON STEEL   
22    LR 90 DEGREE ELBOW         26.0           NAN    NAN     CARBON STEEL   
23    LR 90 DEGREE ELBOW           16           NAN    NAN     CARBON STEEL   
24           LR 90 ELBOW           16           NAN    NAN     CARBON STEEL   

   MATERIAL_SPECIFICATION MATERIAL_GRADE  ... PRIMARY_SCHEDULE  \
0                     NAN            NAN  ...              STD   
1                     NAN            NAN  ...              STD   
2                     NAN            NAN  ...              STD   
3                     NAN            NAN  ...              STD   
4                     NAN            NAN  ...         STANDARD   
5                     NAN            NAN  ...         STANDARD   
6                    WPL6            NAN  ...              STD   
7                     NAN            NAN  ...              STD   
8                    WPL6            NAN  ...         STANDARD   
9                    WPL6            NAN  ...         STANDARD   
10                    NAN            NAN  ...              STD   
11                   WPL6            NAN  ...              STD   
12                    NAN            NAN  ...              STD   
13                   304L            NAN  ...              STD   
14                    NAN            NAN  ...              STD   
15                   A403            WPW  ...               80   
16                    NAN            NAN  ...              STD   
17                   WPL6            NAN  ...              STD   
18                    NAN            NAN  ...              STD   
19                    NAN            NAN  ...              STD   
20                    NAN            NAN  ...              STD   
21                    NAN            NAN  ...              STD   
22                    NAN            NAN  ...              STD   
23                    NAN            NAN  ...              STD   
24                    NAN            NAN  ...              STD   

   REDUCING_SCHEDULE MANUFACTURING_PROCESS END_FINISH END_CONNECTIONS TRIM  \
0                NAN                WELDED        NAN             NAN  NAN   
1                NAN                  WELD        NAN             NAN  NAN   
2                NAN                  WELD        NAN             NAN  NAN   
3                NAN                WELDED        NAN             NAN  NAN   
4                NAN                  WELD        NAN             NAN  NAN   
5                NAN                   NAN        NAN       BUTT WELD  NAN   
6                NAN                  WELD        NAN             NAN  NAN   
7                NAN                WELDED        NAN             NAN  NAN   
8                NAN                WELDED        NAN       BUTT WELD  NAN   
9                NAN                   NAN        NAN       BUTT WELD  NAN   
10               NAN                WELDED        NAN             NAN  NAN   
11               NAN                WELDED        NAN             NAN  NAN   
12               NAN                   NAN         BW             NAN  NAN   
13               NAN                   NAN        NAN             NAN  NAN   
14               NAN                WELDED         BW             NAN  NAN   
15               NAN                   NAN        NAN             NAN  NAN   
16               NAN                WELDED        NAN             NAN  NAN   
17               NAN                   NAN         BW             NAN  NAN   
18               NAN                WELDED        NAN             NAN  NAN   
19               NAN                WELDED        NAN             NAN  NAN   
20               NAN                   NAN         BW             NAN  NAN   
21               NAN                WELDED        NAN             NAN  NAN   
22               NAN                   NAN        NAN             NAN  NAN   
23               NAN                   NAN         BW             NAN  NAN   
24               NAN                  WELD        NAN             NAN  NAN   

   MISCELLANEOUS CONFIDENCE     id     score  
0            NAN       0.85  24801  0.778981  
1            NAN       0.80  24802  0.778981  
2            NAN       0.80  27525  0.777709  
3            NAN       0.80  24800  0.775069  
4            NAN       0.80  42949  0.775069  
5            NAN       0.80  43671  0.774373  
6            NAN       0.90  24805  0.765937  
7            NAN       0.80  27524  0.765412  
8            NAN       0.90  42938  0.765338  
9            NAN       0.90  42939  0.765289  
10           NAN       0.80  24870  0.763897  
11           NAN       0.85  27526  0.763723  
12           NAN       0.80  24733  0.762289  
13           NAN       0.85  36948  0.760804  
14           NAN       0.80  25005  0.759757  
15           NAN       0.95  36947  0.758097  
16           NAN       0.80  22444  0.757933  
17           NAN       0.80  22445  0.756850  
18           NAN       0.80  27496  0.756415  
19           NAN       0.80  27497  0.756411  
20           NAN       0.80  24700  0.755192  
21           NAN       0.85  24991  0.754073  
22           NAN       0.60  24815  0.753375  
23           NAN       0.80  24723  0.752999  
24           NAN       0.80  24981  0.752984  

[25 rows x 21 columns]",15,NOT BAD
57,"VALVE, GATE, 1"", SOCKET WELD X THREADED, 800 LB, 316 SS, NACE","1"" 800 GATE VALVE FORGED STEEL REDUCED PORT BOLTED BONNET SOCKETWELD X THREADED TRIM12",True,57,142,30.566755400000147,"       ID  \
0   20855   
1   20853   
2   20852   
3   20854   
4   21058   
5   20889   
6   20890   
7   20914   
8   20913   
9   20857   
10  20927   
11  20926   
12   4711   
13  43870   
14  20887   
15  20856   
16  20888   
17  20881   
18  20944   
19  43875   
20  19534   
21  21079   
22  20943   
23  21074   
24  20653   

                                                                                             DESCRIPTION  \
0                         1 316 SS 800 REDUCED PORT BOLTED BONNET SOCKETXTHREADED TRIM16 GATE VALVE NACE   
1                             1 316 SS 800 REDUCED PORT BOLTED BONNET SOCKET WELD TRIM16 GATE VALVE NACE   
2                             1 316 SS 800 REDUCED PORT BOLTED BONNET SOCKET WELD TRIM12 GATE VALVE NACE   
3                         1 316 SS 800 REDUCED PORT BOLTED BONNET SOCKETXTHREADED TRIM12 GATE VALVE NACE   
4                                                   1 FORGED STEEL 800 SOCKET WELD X FPT NACE GATE VALVE   
5                       0.5 316 SS 800 REDUCED PORT BOLTED BONNET SOCKETXTHREADED TRIM12 GATE VALVE NACE   
6                       0.5 316 SS 800 REDUCED PORT BOLTED BONNET SOCKETXTHREADED TRIM16 GATE VALVE NACE   
7                     1-0.5 316 SS 800 REDUCED PORT BOLTED BONNET SOCKETXTHREADED TRIM12 GATE VALVE NACE   
8                         1-0.5 316 SS 800 REDUCED PORT BOLTED BONNET SOCKET WELD TRIM16 GATE VALVE NACE   
9                                1 316 SS 800 REDUCED PORT BOLTED BONNET THREADED TRIM16 GATE VALVE NACE   
10                            2 316 SS 800 REDUCED PORT BOLTED BONNET SOCKET WELD TRIM16 GATE VALVE NACE   
11                            2 316 SS 800 REDUCED PORT BOLTED BONNET SOCKET WELD TRIM12 GATE VALVE NACE   
12                        1-0.5 316 SS 800 REDUCED PORT BOLTED BONNET SOCKET WELD TRIM12 GATE VALVE NACE   
13                                                     1"" 800 GATE VALVE STAINLESS STEEL SOCKETWELD OS&Y   
14                          0.5 316 SS 800 REDUCED PORT BOLTED BONNET SOCKET WELD TRIM12 GATE VALVE NACE   
15                               1 316 SS 800 REDUCED PORT BOLTED BONNET THREADED TRIM12 GATE VALVE NACE   
16                          0.5 316 SS 800 REDUCED PORT BOLTED BONNET SOCKET WELD TRIM16 GATE VALVE NACE   
17                                  1 STAINLESS STEEL 316 800 SOCKET WELD OUTSIDE STEM & YOKE GATE VALVE   
18                     0.75 316 SS 800 REDUCED PORT BOLTED BONNET SOCKETXTHREADED TRIM16 GATE VALVE NACE   
19  0.5"" 800 GATE VALVE 316 STAINLESS STEEL REDUCED PORT BOLTED BONNET SOCKETWELD X THREADED TRIM12 NACE   
20                                               1 STAINLESS STEEL 600 THREADED X SOCKET WELD GATE VALVE   
21                                                0.5 FORGED STEEL 800 SOCKET WELD X FPT NACE GATE VALVE   
22                     0.75 316 SS 800 REDUCED PORT BOLTED BONNET SOCKETXTHREADED TRIM12 GATE VALVE NACE   
23                                                      0.5 FORGED STEEL 800 SOCKET WELD NACE GATE VALVE   
24                                               1 FORGED STEEL 800 SOCKET WELD GATE VALVE WELDED BONNET   

   CATEGORY        TYPE PRIMARY_SIZE REDUCING_SIZE LENGTH    MATERIAL_NAME  \
0     VALVE        GATE            1           NAN    NAN  STAINLESS STEEL   
1     VALVE        GATE            1           NAN    NAN  STAINLESS STEEL   
2     VALVE        GATE            1           NAN    NAN  STAINLESS STEEL   
3     VALVE        GATE            1           NAN    NAN  STAINLESS STEEL   
4     VALVE        GATE            1           NAN    NAN            STEEL   
5     VALVE        GATE          0.5           NAN    NAN  STAINLESS STEEL   
6     VALVE        GATE          0.5           NAN    NAN  STAINLESS STEEL   
7     VALVE        GATE          1.5           NAN    NAN  STAINLESS STEEL   
8     VALVE        GATE          1.5           NAN    NAN  STAINLESS STEEL   
9     VALVE        GATE            1           NAN    NAN  STAINLESS STEEL   
10    VALVE        GATE            2           NAN    NAN  STAINLESS STEEL   
11    VALVE        GATE            2           NAN    NAN  STAINLESS STEEL   
12    VALVE        GATE          1.5           NAN    NAN  STAINLESS STEEL   
13    VALVE  GATE VALVE          1.0           NAN    NAN  STAINLESS STEEL   
14    VALVE        GATE          0.5           NAN    NAN  STAINLESS STEEL   
15    VALVE        GATE            1           NAN    NAN  STAINLESS STEEL   
16    VALVE        GATE          0.5           NAN    NAN  STAINLESS STEEL   
17    VALVE        GATE            1           NAN    NAN  STAINLESS STEEL   
18    VALVE        GATE         0.75           NAN    NAN  STAINLESS STEEL   
19    VALVE  GATE VALVE          0.5           NAN    NAN  STAINLESS STEEL   
20    VALVE        GATE            1           NAN    NAN  STAINLESS STEEL   
21    VALVE        GATE          0.5           NAN    NAN            STEEL   
22    VALVE        GATE         0.75           NAN    NAN  STAINLESS STEEL   
23    VALVE        GATE          0.5           NAN    NAN            STEEL   
24    VALVE        GATE            1           NAN    NAN     FORGED STEEL   

   MATERIAL_SPECIFICATION MATERIAL_GRADE  ... PRIMARY_SCHEDULE  \
0                     NAN            316  ...              NAN   
1                     NAN            316  ...              NAN   
2                     NAN            316  ...              NAN   
3                     316            NAN  ...              NAN   
4                     NAN            NAN  ...              NAN   
5                     NAN            316  ...              NAN   
6                     NAN            316  ...              NAN   
7                     NAN            316  ...              NAN   
8                     NAN            316  ...              NAN   
9                     NAN            316  ...              NAN   
10                    NAN            316  ...              NAN   
11                    NAN            316  ...              NAN   
12                    NAN            316  ...              NAN   
13                    NAN            NAN  ...              NAN   
14                    NAN            316  ...              NAN   
15                    NAN            316  ...              NAN   
16                    NAN            316  ...              NAN   
17                    NAN            316  ...              NAN   
18                    NAN            316  ...              NAN   
19                    NAN            316  ...              NAN   
20                    NAN            NAN  ...              NAN   
21                    NAN            NAN  ...              NAN   
22                    NAN            316  ...              NAN   
23                    NAN            NAN  ...              NAN   
24                    NAN            NAN  ...              NAN   

   REDUCING_SCHEDULE MANUFACTURING_PROCESS    END_FINISH END_CONNECTIONS  \
0                NAN                   NAN  REDUCED PORT        SW X THD   
1                NAN                   NAN  REDUCED PORT              SW   
2                NAN                   NAN  REDUCED PORT              SW   
3                NAN                   NAN  REDUCED PORT        SW X THD   
4                NAN                FORGED          NACE       SW X FNPT   
5                NAN                   NAN  REDUCED PORT        SW X THD   
6                NAN                   NAN  REDUCED PORT        SW X THD   
7                NAN                   NAN           NAN        SW X THD   
8                NAN                   NAN           NAN              SW   
9                NAN                   NAN  REDUCED PORT             THD   
10               NAN                   NAN  REDUCED PORT              SW   
11               NAN                   NAN  REDUCED PORT              SW   
12               NAN                   NAN           NAN              SW   
13               NAN                   NAN           NAN     SOCKET WELD   
14               NAN                   NAN  REDUCED PORT              SW   
15               NAN                   NAN  REDUCED PORT        THREADED   
16               NAN                   NAN  REDUCED PORT              SW   
17               NAN                   NAN           NAN              SW   
18               NAN                   NAN  REDUCED PORT        SW X THD   
19               NAN                   NAN           NAN        SW X THD   
20               NAN                   NAN           NAN        THD X SW   
21               NAN                FORGED          NACE       SW X FNPT   
22               NAN                   NAN  REDUCED PORT        SW X THD   
23               NAN                FORGED           NAN              SW   
24               NAN                FORGED           NAN              SW   

             TRIM                      MISCELLANEOUS CONFIDENCE     id  \
0              16                 BOLTED BONNET NACE       0.95  20855   
1              16                 BOLTED BONNET NACE       0.95  20853   
2              12                 BOLTED BONNET NACE       0.95  20852   
3              12                 BOLTED BONNET NACE       0.95  20854   
4             NAN                                NAN       0.90  21058   
5              12                 BOLTED BONNET NACE       0.95  20889   
6              16                 BOLTED BONNET NACE       0.95  20890   
7              12    REDUCED PORT BOLTED BONNET NACE       0.90  20914   
8              16    REDUCED PORT BOLTED BONNET NACE       0.90  20913   
9              16                 BOLTED BONNET NACE       0.95  20857   
10             16                 BOLTED BONNET NACE       0.95  20927   
11             12                 BOLTED BONNET NACE       0.95  20926   
12             12    REDUCED PORT BOLTED BONNET NACE       0.90   4711   
13           OS&Y                                NAN       0.90  43870   
14             12                 BOLTED BONNET NACE       0.90  20887   
15             12                 BOLTED BONNET NACE       0.95  20856   
16             16                 BOLTED BONNET NACE       0.95  20888   
17           OS&Y                                NAN       0.95  20881   
18             16                 BOLTED BONNET NACE       0.95  20944   
19             12  REDUCED PORT, BOLTED BONNET, NACE       0.90  43875   
20            NAN                                NAN       0.85  19534   
21            NAN                                NAN       0.85  21079   
22             12                 BOLTED BONNET NACE       0.95  20943   
23           NACE                                NAN       0.85  21074   
24  WELDED BONNET                                NAN       0.85  20653   

       score  
0   0.832597  
1   0.828846  
2   0.827916  
3   0.827779  
4   0.827009  
5   0.818271  
6   0.818224  
7   0.817616  
8   0.817011  
9   0.815906  
10  0.814957  
11  0.814903  
12  0.812391  
13  0.811999  
14  0.809154  
15  0.808968  
16  0.808572  
17  0.802908  
18  0.800527  
19  0.799272  
20  0.798712  
21  0.798419  
22  0.797557  
23  0.797530  
24  0.797370  

[25 rows x 21 columns]",14,NOT BAD
58,"20"" ELBOW 90D, LR, BW, ASME 16.9, WROUGHT STEEL, ASTM/ASME A/SA-234-WPB, SCH.STD",20 CARBON STEEL STANDARD WELD LONG RADIUS 90 ELBOW,True,58,5,25.742994299999737,"       ID                                              DESCRIPTION CATEGORY  \
0   27516                 20 CARBON STEEL STANDARD WLD SR 90 ELBOW  FITTING   
1   24782        20 CARBON STEEL STANDARD WLD LONG RADIUS 90 ELBOW  FITTING   
2   24990        20 CARBON STEEL STANDARD WLD LONG RADIUS 90 ELBOW  FITTING   
3   24991  20 X 16 CARBON STEEL STANDARD WELD LONG RADIUS 90 ELBOW  FITTING   
4   27515                20 CARBON STEEL STANDARD WELD SR 90 ELBOW  FITTING   
5   42926       20 CARBON STEEL STANDARD WELD LONG RADIUS 90 ELBOW  FITTING   
6   24780       20 CARBON STEEL STANDARD WELD LONG RADIUS 90 ELBOW  FITTING   
7   24781       20 CARBON STEEL STANDARD WELD LONG RADIUS 90 ELBOW  FITTING   
8   24779     20 CARBON STEEL SCHEDULE 80 WLD LONG RADIUS 90 ELBOW  FITTING   
9   24785   20 CARBON STEEL WPL6 STANDARD WLD LONG RADIUS 90 ELBOW  FITTING   
10  24733   16 X 10 CARBON STEEL STANDARD WLD LONG RADIUS 90 ELBOW  FITTING   
11  22430                    20 CARBON STEEL STANDARD WLD 45 ELBOW  FITTING   
12  27517            20 CARBON STEEL WPL6 STANDARD WLD SR 90 ELBOW  FITTING   
13  25005                               30 CS STD WELD LR 90 ELBOW  FITTING   
14  24870                               36 CS STD WELD LR 90 ELBOW  FITTING   
15  27496                 16 CARBON STEEL STANDARD WLD SR 90 ELBOW  FITTING   
16  27497                 16 CARBON STEEL STANDARD WLD SR 90 ELBOW  FITTING   
17  27525                 24 CARBON STEEL STANDARD WLD SR 90 ELBOW  FITTING   
18  27514              20 CARBON STEEL EXTRA HEAVY WLD SR 90 ELBOW  FITTING   
19  24700                               12 CS STD WELD LR 90 ELBOW  FITTING   
20  24801        24 CARBON STEEL STANDARD WLD LONG RADIUS 90 ELBOW  FITTING   
21  24802        24 CARBON STEEL STANDARD WLD LONG RADIUS 90 ELBOW  FITTING   
22  24981        16 CARBON STEEL STANDARD WLD LONG RADIUS 90 ELBOW  FITTING   
23  24723        16 CARBON STEEL STANDARD WLD LONG RADIUS 90 ELBOW  FITTING   
24  22432               20 CARBON STEEL WPL6 STANDARD WLD 45 ELBOW  FITTING   

                    TYPE PRIMARY_SIZE REDUCING_SIZE LENGTH MATERIAL_NAME  \
0     SR 90 DEGREE ELBOW           20           NAN    NAN  CARBON STEEL   
1     LR 90 DEGREE ELBOW           20           NAN    NAN  CARBON STEEL   
2            LR 90 ELBOW           20           NAN    NAN  CARBON STEEL   
3            LR 90 ELBOW           20            16    NAN  CARBON STEEL   
4     SR 90 DEGREE ELBOW           20           NAN    NAN  CARBON STEEL   
5   LONG RADIUS 90 ELBOW         20.0           NAN    NAN  CARBON STEEL   
6     LR 90 DEGREE ELBOW           20           NAN    NAN  CARBON STEEL   
7     LR 90 DEGREE ELBOW           20           NAN    NAN  CARBON STEEL   
8     LR 90 DEGREE ELBOW           20           NAN    NAN  CARBON STEEL   
9     LR 90 DEGREE ELBOW           20           NAN    NAN  CARBON STEEL   
10    LR 90 DEGREE ELBOW           16            10    NAN  CARBON STEEL   
11       45 DEGREE ELBOW           20           NAN    NAN  CARBON STEEL   
12    SR 90 DEGREE ELBOW           20           NAN    NAN  CARBON STEEL   
13           LR 90 ELBOW           30           NAN    NAN  CARBON STEEL   
14    LR 90 DEGREE ELBOW           36           NAN    NAN  CARBON STEEL   
15    SR 90 DEGREE ELBOW           16           NAN    NAN  CARBON STEEL   
16    SR 90 DEGREE ELBOW           16           NAN    NAN  CARBON STEEL   
17    SR 90 DEGREE ELBOW           24           NAN    NAN  CARBON STEEL   
18    SR 90 DEGREE ELBOW           20           NAN    NAN  CARBON STEEL   
19    LR 90 DEGREE ELBOW           12           NAN    NAN  CARBON STEEL   
20    LR 90 DEGREE ELBOW           24           NAN    NAN  CARBON STEEL   
21    LR 90 DEGREE ELBOW           24           NAN    NAN  CARBON STEEL   
22           LR 90 ELBOW           16           NAN    NAN  CARBON STEEL   
23    LR 90 DEGREE ELBOW           16           NAN    NAN  CARBON STEEL   
24       45 DEGREE ELBOW           20           NAN    NAN  CARBON STEEL   

   MATERIAL_SPECIFICATION MATERIAL_GRADE  ... PRIMARY_SCHEDULE  \
0                     NAN            NAN  ...              STD   
1                     NAN            NAN  ...              STD   
2                     NAN            NAN  ...              STD   
3                     NAN            NAN  ...              STD   
4                     NAN            NAN  ...              STD   
5                     NAN            NAN  ...         STANDARD   
6                     NAN            NAN  ...              STD   
7                     NAN            NAN  ...              STD   
8                     NAN            NAN  ...               80   
9                    WPL6            NAN  ...              STD   
10                    NAN            NAN  ...              STD   
11                    NAN            NAN  ...              STD   
12                   WPL6            NAN  ...              STD   
13                    NAN            NAN  ...              STD   
14                    NAN            NAN  ...              STD   
15                    NAN            NAN  ...              STD   
16                    NAN            NAN  ...              STD   
17                    NAN            NAN  ...              STD   
18                    NAN            NAN  ...               XH   
19                    NAN            NAN  ...              STD   
20                    NAN            NAN  ...              STD   
21                    NAN            NAN  ...              STD   
22                    NAN            NAN  ...              STD   
23                    NAN            NAN  ...              STD   
24                   WPL6            NAN  ...              STD   

   REDUCING_SCHEDULE MANUFACTURING_PROCESS END_FINISH END_CONNECTIONS TRIM  \
0                NAN                WELDED        NAN             NAN  NAN   
1                NAN                WELDED        NAN             NAN  NAN   
2                NAN                  WELD        NAN             NAN  NAN   
3                NAN                WELDED        NAN             NAN  NAN   
4                NAN                WELDED        NAN             NAN  NAN   
5                NAN                   NAN        NAN       BUTT WELD  NAN   
6                NAN                WELDED        NAN             NAN  NAN   
7                NAN                   NAN         BW             NAN  NAN   
8                NAN                WELDED        NAN             NAN  NAN   
9                NAN                   NAN         BW             NAN  NAN   
10               NAN                   NAN         BW             NAN  NAN   
11               NAN                WELDED        NAN             NAN  NAN   
12               NAN                WELDED        NAN             NAN  NAN   
13               NAN                WELDED         BW             NAN  NAN   
14               NAN                WELDED        NAN             NAN  NAN   
15               NAN                WELDED        NAN             NAN  NAN   
16               NAN                WELDED        NAN             NAN  NAN   
17               NAN                  WELD        NAN             NAN  NAN   
18               NAN                   NAN        NAN             NAN  NAN   
19               NAN                   NAN         BW             NAN  NAN   
20               NAN                WELDED        NAN             NAN  NAN   
21               NAN                  WELD        NAN             NAN  NAN   
22               NAN                  WELD        NAN             NAN  NAN   
23               NAN                   NAN         BW             NAN  NAN   
24               NAN                   NAN         BW             NAN  NAN   

   MISCELLANEOUS CONFIDENCE     id     score  
0            NAN       0.80  27516  0.788892  
1            NAN       0.80  24782  0.784394  
2            NAN       0.80  24990  0.784360  
3            NAN       0.85  24991  0.781716  
4            NAN       0.85  27515  0.774711  
5            NAN       0.80  42926  0.774540  
6            NAN       0.85  24780  0.774539  
7            NAN       0.80  24781  0.774494  
8            NAN       0.80  24779  0.773624  
9            NAN       0.90  24785  0.772042  
10           NAN       0.80  24733  0.770665  
11           NAN       0.80  22430  0.768675  
12           NAN       0.85  27517  0.768318  
13           NAN       0.80  25005  0.768255  
14           NAN       0.80  24870  0.768044  
15           NAN       0.80  27496  0.766720  
16           NAN       0.80  27497  0.766709  
17           NAN       0.80  27525  0.765363  
18           NAN       0.80  27514  0.764921  
19           NAN       0.80  24700  0.762374  
20           NAN       0.85  24801  0.760602  
21           NAN       0.80  24802  0.760602  
22           NAN       0.80  24981  0.760073  
23           NAN       0.80  24723  0.760069  
24           NAN       0.85  22432  0.759717  

[25 rows x 21 columns]",13,NOT BAD
59,"16"" ELBOW 90D, LR, BW, ASME 16.9, WROUGHT STEEL, ASTM/ASME A/SA-234-WPB, SCH.STD",16 CARBON STEEL STANDARD WELD LONG RADIUS 90 ELBOW,True,59,4,16.75384479999957,"       ID                                              DESCRIPTION CATEGORY  \
0   27496                 16 CARBON STEEL STANDARD WLD SR 90 ELBOW  FITTING   
1   27497                 16 CARBON STEEL STANDARD WLD SR 90 ELBOW  FITTING   
2   24723        16 CARBON STEEL STANDARD WLD LONG RADIUS 90 ELBOW  FITTING   
3   24981        16 CARBON STEEL STANDARD WLD LONG RADIUS 90 ELBOW  FITTING   
4   24721       16 CARBON STEEL STANDARD WELD LONG RADIUS 90 ELBOW  FITTING   
5   24722       16 CARBON STEEL STANDARD WELD LONG RADIUS 90 ELBOW  FITTING   
6   42831       16 CARBON STEEL STANDARD WELD LONG RADIUS 90 ELBOW  FITTING   
7   42815       16 CARBON STEEL STANDARD WELD LONG RADIUS 90 ELBOW  FITTING   
8   24733   16 X 10 CARBON STEEL STANDARD WLD LONG RADIUS 90 ELBOW  FITTING   
9   24719     16 CARBON STEEL SCHEDULE 80 WLD LONG RADIUS 90 ELBOW  FITTING   
10  24725   16 CARBON STEEL WPL6 STANDARD WLD LONG RADIUS 90 ELBOW  FITTING   
11  24720     16 CARBON STEEL SCHEDULE 80 WLD LONG RADIUS 90 ELBOW  FITTING   
12  27495                16 CARBON STEEL STANDARD WELD SR 90 ELBOW  FITTING   
13  27498            16 CARBON STEEL WPL6 STANDARD WLD SR 90 ELBOW  FITTING   
14  24991  20 X 16 CARBON STEEL STANDARD WELD LONG RADIUS 90 ELBOW  FITTING   
15  42816  16 CARBON STEEL WPL6 STANDARD WELD LONG RADIUS 90 ELBOW  FITTING   
16  24510     16 CARBON STEEL SCHEDULE 80 WLD LONG RADIUS 45 ELBOW  FITTING   
17  22399                    16 CARBON STEEL STANDARD WLD 45 ELBOW  FITTING   
18  22398                    16 CARBON STEEL STANDARD WLD 45 ELBOW  FITTING   
19  22532                 16 CARBON STEEL STANDARD 3R 90 WLD ELBOW  FITTING   
20  27494              16 CARBON STEEL EXTRA HEAVY WLD SR 90 ELBOW  FITTING   
21  22401               16 CARBON STEEL WPL6 STANDARD WLD 45 ELBOW  FITTING   
22  24718     16 CARBON STEEL EXTRA HEAVY WLD LONG RADIUS 90 ELBOW  FITTING   
23  24980     16 CARBON STEEL EXTRA HEAVY WLD LONG RADIUS 90 ELBOW  FITTING   
24  42813              16 CARBON STEEL WPL6 STANDARD WELD 45 ELBOW  FITTING   

                    TYPE PRIMARY_SIZE REDUCING_SIZE LENGTH MATERIAL_NAME  \
0     SR 90 DEGREE ELBOW           16           NAN    NAN  CARBON STEEL   
1     SR 90 DEGREE ELBOW           16           NAN    NAN  CARBON STEEL   
2     LR 90 DEGREE ELBOW           16           NAN    NAN  CARBON STEEL   
3            LR 90 ELBOW           16           NAN    NAN  CARBON STEEL   
4     LR 90 DEGREE ELBOW           16           NAN    NAN  CARBON STEEL   
5     LR 90 DEGREE ELBOW           16           NAN    NAN  CARBON STEEL   
6   LONG RADIUS 90 ELBOW         16.0           NAN    NAN  CARBON STEEL   
7   LONG RADIUS 90 ELBOW         16.0           NAN    NAN  CARBON STEEL   
8     LR 90 DEGREE ELBOW           16            10    NAN  CARBON STEEL   
9     LR 90 DEGREE ELBOW           16           NAN    NAN  CARBON STEEL   
10    LR 90 DEGREE ELBOW           16           NAN    NAN  CARBON STEEL   
11    LR 90 DEGREE ELBOW           16           NAN    NAN  CARBON STEEL   
12    SR 90 DEGREE ELBOW           16           NAN    NAN  CARBON STEEL   
13    SR 90 DEGREE ELBOW           16           NAN    NAN  CARBON STEEL   
14           LR 90 ELBOW           20            16    NAN  CARBON STEEL   
15  LONG RADIUS 90 ELBOW         16.0           NAN    NAN  CARBON STEEL   
16    LR 45 DEGREE ELBOW           16           NAN    NAN  CARBON STEEL   
17       45 DEGREE ELBOW           16           NAN    NAN  CARBON STEEL   
18       45 DEGREE ELBOW           16           NAN    NAN  CARBON STEEL   
19       90 DEGREE ELBOW           16           NAN    NAN  CARBON STEEL   
20    SR 90 DEGREE ELBOW           16           NAN    NAN  CARBON STEEL   
21       45 DEGREE ELBOW           16           NAN    NAN  CARBON STEEL   
22    LR 90 DEGREE ELBOW           16           NAN    NAN  CARBON STEEL   
23           LR 90 ELBOW           16           NAN    NAN  CARBON STEEL   
24              45 ELBOW         16.0           NAN    NAN  CARBON STEEL   

   MATERIAL_SPECIFICATION MATERIAL_GRADE  ... PRIMARY_SCHEDULE  \
0                     NAN            NAN  ...              STD   
1                     NAN            NAN  ...              STD   
2                     NAN            NAN  ...              STD   
3                     NAN            NAN  ...              STD   
4                     NAN            NAN  ...              STD   
5                     NAN            NAN  ...              STD   
6                     NAN            NAN  ...         STANDARD   
7                     NAN            NAN  ...         STANDARD   
8                     NAN            NAN  ...              STD   
9                     NAN            NAN  ...               80   
10                   WPL6            NAN  ...              STD   
11                    NAN            NAN  ...               80   
12                    NAN            NAN  ...              STD   
13                   WPL6            NAN  ...              STD   
14                    NAN            NAN  ...              STD   
15                   WPL6            NAN  ...         STANDARD   
16                    NAN            NAN  ...               80   
17                    NAN            NAN  ...              STD   
18                    NAN            NAN  ...              STD   
19                    NAN            NAN  ...              STD   
20                    NAN            NAN  ...               XH   
21                   WPL6            NAN  ...              STD   
22                    NAN            NAN  ...               XH   
23                    NAN            NAN  ...               XH   
24                    NAN           WPL6  ...         STANDARD   

   REDUCING_SCHEDULE MANUFACTURING_PROCESS END_FINISH END_CONNECTIONS TRIM  \
0                NAN                WELDED        NAN             NAN  NAN   
1                NAN                WELDED        NAN             NAN  NAN   
2                NAN                   NAN         BW             NAN  NAN   
3                NAN                  WELD        NAN             NAN  NAN   
4                NAN                   NAN         BW             NAN  NAN   
5                NAN                   NAN         BW             NAN  NAN   
6                NAN                   NAN        NAN       BUTT WELD  NAN   
7                NAN                   NAN  BUTT WELD             NAN  NAN   
8                NAN                   NAN         BW             NAN  NAN   
9                NAN                   NAN       WELD             NAN  NAN   
10               NAN                   NAN         BW             NAN  NAN   
11               NAN                   NAN       WELD             NAN  NAN   
12               NAN                WELDED        NAN             NAN  NAN   
13               NAN                WELDED        NAN             NAN  NAN   
14               NAN                WELDED        NAN             NAN  NAN   
15               NAN                  WELD        NAN             NAN  NAN   
16               NAN                   NAN       WELD             NAN  NAN   
17               NAN                   NAN       WELD             NAN  NAN   
18               NAN                WELDED        NAN             NAN  NAN   
19               NAN                   NAN         BW             NAN  NAN   
20               NAN                   NAN        NAN             NAN  NAN   
21               NAN                   NAN        NAN              BW  NAN   
22               NAN                   NAN        NAN             NAN  NAN   
23               NAN                   NAN        NAN             NAN  NAN   
24               NAN                  WELD        NAN             NAN  NAN   

   MISCELLANEOUS CONFIDENCE     id     score  
0            NAN       0.80  27496  0.791177  
1            NAN       0.80  27497  0.791163  
2            NAN       0.80  24723  0.789342  
3            NAN       0.80  24981  0.789328  
4            NAN       0.85  24721  0.782573  
5            NAN       0.85  24722  0.782573  
6            NAN       0.80  42831  0.782573  
7            NAN       0.80  42815  0.782561  
8            NAN       0.80  24733  0.778585  
9            NAN       0.85  24719  0.777843  
10           NAN       0.90  24725  0.777831  
11           NAN       0.85  24720  0.777741  
12           NAN       0.85  27495  0.775890  
13           NAN       0.90  27498  0.775751  
14           NAN       0.85  24991  0.775274  
15           NAN       0.90  42816  0.774789  
16           NAN       0.85  24510  0.774254  
17           NAN       0.80  22399  0.773747  
18           NAN       0.80  22398  0.773414  
19            3R       0.80  22532  0.772949  
20           NAN       0.80  27494  0.772885  
21           NAN       0.85  22401  0.772068  
22          WELD       0.80  24718  0.768553  
23           NAN       0.80  24980  0.768534  
24           NAN       0.80  42813  0.765678  

[25 rows x 21 columns]",21,NOT BAD
60,"1 PIPE , ASME B36.10 , PLAIN END , ASTM A335-P11 , SEAMLESS S-160","1"" PIPE CRMLY P11 SCHEDULE 160 SA335 SEAMLESS",True,60,0,24.346106800000143,"       ID                                                      DESCRIPTION  \
0   42637                    1"" PIPE CRMLY P11 SCHEDULE 160 SA335 SEAMLESS   
1   26308                    1 BLACK PLAIN END A106 S160 SEAMLESS SRL PIPE   
2   28830                  3 CHROMOLY P11 SCHEDULE 160 SA335 SEAMLESS PIPE   
3   42633                     1"" PIPE BLACK A333 GR6 SCHEDULE 160 SEAMLESS   
4   43706          1"" PIPE BLACK A106B SCHEDULE 160 SEAMLESS SRL PLAIN END   
5   26314                   1 BLACK PLAIN END A106B S160 SEAMLESS SRL PIPE   
6   26315                   1 BLACK PLAIN END A106B S160 SEAMLESS SRL PIPE   
7   26316                   1 BLACK PLAIN END A106B S160 SEAMLESS SRL PIPE   
8   28814                             1 CRMLY P11 S160 SA335 SEAMLESS PIPE   
9   26914  3 BLACK PLAIN END A106B S160 SEAMLESS DOUBLE RANDOM LENGTH PIPE   
10  26913  3 BLACK PLAIN END A106B S160 SEAMLESS DOUBLE RANDOM LENGTH PIPE   
11  26912  3 BLACK PLAIN END A106B S160 SEAMLESS DOUBLE RANDOM LENGTH PIPE   
12  26313                           1 BLACK PLAIN END A106B S160 PIPE LRES   
13  42635                      1"" PIPE BLACK A333 GR6 SCHEDULE 40 SEAMLESS   
14  42883                     2 CRMLY P11 SCHEDULE 160 SA335 SEAMLESS PIPE   
15  42636                      1"" PIPE BLACK A333 GR6 SCHEDULE 80 SEAMLESS   
16  42634                      1"" PIPE BLACK A333 GR6 SCHEDULE 80 SEAMLESS   
17  26916                   3 BLACK PLAIN END A106B S160 SEAMLESS SRL PIPE   
18  26915                   3 BLACK PLAIN END A106B S160 SEAMLESS SRL PIPE   
19  26917                   3 BLACK PLAIN END A106B S160 SEAMLESS SRL PIPE   
20  42631           1"" PIPE BLACK A106B SCHEDULE 80 SEAMLESS SRL PLAIN END   
21  43731           1"" PIPE BLACK A106B SCHEDULE 80 SEAMLESS SRL PLAIN END   
22  26437                  10 BLACK PLAIN END A106B S160 SEAMLESS SRL PIPE   
23  28815                      1 CRMLY P11 SCHEDULE 80 SA335 SEAMLESS PIPE   
24  26326            1 BLACK PLAIN END A106B SCHEDULE 80 SEAMLESS SRL PIPE   

   CATEGORY           TYPE PRIMARY_SIZE REDUCING_SIZE LENGTH  \
0      PIPE  SEAMLESS PIPE          1.0           NAN    NAN   
1      PIPE           PIPE            1           NAN    NAN   
2      PIPE           PIPE            3           NAN    NAN   
3      PIPE  SEAMLESS PIPE          1.0           NAN    NAN   
4      PIPE  PIPE SEAMLESS          1.0           NAN    NAN   
5      PIPE           PIPE            1           NAN    NAN   
6      PIPE           PIPE            1           NAN    NAN   
7      PIPE           PIPE            1           NAN    NAN   
8      PIPE           PIPE            1           NAN    NAN   
9      PIPE           PIPE            3           NAN    NAN   
10     PIPE           PIPE            3           NAN    NAN   
11     PIPE           PIPE            3           NAN    NAN   
12     PIPE           PIPE            1           NAN    NAN   
13     PIPE  SEAMLESS PIPE          1.0           NAN    NAN   
14     PIPE  SEAMLESS PIPE          2.0           NAN    NAN   
15     PIPE  SEAMLESS PIPE          1.0           NAN    NAN   
16     PIPE  SEAMLESS PIPE          1.0           NAN    NAN   
17     PIPE           PIPE            3           NAN    NAN   
18     PIPE           PIPE            3           NAN    NAN   
19     PIPE           PIPE            3           NAN    NAN   
20     PIPE  SEAMLESS PIPE          1.0           NAN    NAN   
21     PIPE  SEAMLESS PIPE          1.0           NAN    NAN   
22     PIPE           PIPE           10           NAN    NAN   
23     PIPE           PIPE            1           NAN    NAN   
24     PIPE           PIPE            1           NAN    NAN   

        MATERIAL_NAME MATERIAL_SPECIFICATION MATERIAL_GRADE  ...  \
0         CHROME MOLY                  SA335            P11  ...   
1        CARBON STEEL                   A106            NAN  ...   
2            CHROMOLY                  SA335            P11  ...   
3        CARBON STEEL                   A333            GR6  ...   
4        CARBON STEEL                   A106              B  ...   
5        CARBON STEEL                   A106              B  ...   
6        CARBON STEEL                   A106              B  ...   
7        CARBON STEEL                   A106              B  ...   
8   CHROME MOLYBDENUM                  SA335            P11  ...   
9        CARBON STEEL                   A106              B  ...   
10       CARBON STEEL                   A106              B  ...   
11       CARBON STEEL                   A106              B  ...   
12       CARBON STEEL                   A106              B  ...   
13       CARBON STEEL                   A333              6  ...   
14        CHROME MOLY                  SA335            P11  ...   
15       CARBON STEEL                   A333            GR6  ...   
16       CARBON STEEL                   A333              6  ...   
17       CARBON STEEL                   A106              B  ...   
18       CARBON STEEL                   A106              B  ...   
19       CARBON STEEL                   A106              B  ...   
20       CARBON STEEL                   A106              B  ...   
21       CARBON STEEL                   A106              B  ...   
22       CARBON STEEL                   A106              B  ...   
23  CHROME MOLYBDENUM                  SA335            P11  ...   
24       CARBON STEEL                   A106              B  ...   

   PRIMARY_SCHEDULE REDUCING_SCHEDULE MANUFACTURING_PROCESS END_FINISH  \
0               160               NAN              SEAMLESS        NAN   
1               160               NAN              SEAMLESS  PLAIN END   
2               160               NAN              SEAMLESS        NAN   
3               160               NAN              SEAMLESS      BLACK   
4               160               NAN              SEAMLESS      BLACK   
5               160               NAN              SEAMLESS  PLAIN END   
6               160               NAN              SEAMLESS  PLAIN END   
7               160               NAN              SEAMLESS  PLAIN END   
8               160               NAN              SEAMLESS        NAN   
9               160               NAN              SEAMLESS  PLAIN END   
10              160               NAN              SEAMLESS  PLAIN END   
11              160               NAN              SEAMLESS  PLAIN END   
12              160               NAN                   NAN  PLAIN END   
13               40               NAN              SEAMLESS      BLACK   
14              160               NAN              SEAMLESS        NAN   
15               80               NAN              SEAMLESS      BLACK   
16               80               NAN              SEAMLESS      BLACK   
17              160               NAN              SEAMLESS  PLAIN END   
18              160               NAN              SEAMLESS  PLAIN END   
19              160               NAN              SEAMLESS  PLAIN END   
20               80               NAN              SEAMLESS        NAN   
21               80               NAN              SEAMLESS      BLACK   
22              160               NAN              SEAMLESS  PLAIN END   
23               80               NAN              SEAMLESS        NAN   
24               80               NAN              SEAMLESS  PLAIN END   

   END_CONNECTIONS TRIM MISCELLANEOUS CONFIDENCE     id     score  
0              NAN  NAN           NAN       0.90  42637  0.816893  
1              NAN  NAN         BLACK       0.95  26308  0.759823  
2              NAN  NAN           NAN       0.90  28830  0.758855  
3              NAN  NAN           NAN       0.90  42633  0.756959  
4        PLAIN END  NAN           SRL       0.90  43706  0.756079  
5              NAN  NAN         BLACK       0.95  26314  0.755981  
6              NAN  NAN         BLACK       0.95  26315  0.755968  
7              NAN  NAN         BLACK       0.95  26316  0.755953  
8              NAN  NAN           NAN       0.95  28814  0.743527  
9              NAN  NAN           DRL       0.95  26914  0.738530  
10             NAN  NAN           DRL       0.95  26913  0.738495  
11             NAN  NAN           DRL       0.95  26912  0.738169  
12             NAN  NAN  LOW RESIDUAL       0.90  26313  0.737756  
13             NAN  NAN           NAN       0.90  42635  0.734619  
14             NAN  NAN           NAN       0.90  42883  0.734446  
15             NAN  NAN           NAN       0.90  42636  0.734290  
16             NAN  NAN           NAN       0.90  42634  0.734290  
17             NAN  NAN           SRL       0.95  26916  0.732690  
18             NAN  NAN     BLACK SRL       0.95  26915  0.732657  
19             NAN  NAN     BLACK SRL       0.95  26917  0.732543  
20       PLAIN END  NAN         BLACK       0.90  42631  0.730915  
21       PLAIN END  NAN           SRL       0.90  43731  0.730915  
22             NAN  NAN           SRL       0.95  26437  0.730716  
23             NAN  NAN           NAN       0.95  28815  0.730584  
24             NAN  NAN         BLACK       0.95  26326  0.729844  

[25 rows x 21 columns]",27,BAD
61,"10 TEE , ASME B16.9 , BEVELED END , ASTM A420 GRADE WPL6 , TYPE S S-80",10 CARBON STEEL WPL6 SCHEDULE XH WELD TEE,True,61,1,11.04028900000003,"       ID                                      DESCRIPTION CATEGORY  \
0   27777                     10 CS STD A420 WPL6 WELD TEE  FITTING   
1   42722        10 CARBON STEEL WPL6 SCHEDULE XH WELD TEE  FITTING   
2   27771            10 CARBON STEEL WPL6 STANDARD WLD TEE  FITTING   
3   28447            10 CARBON STEEL WPL6 STANDARD WLD TEE  FITTING   
4   28288                      8 CS A420 WPL6 STD WELD TEE  FITTING   
5   42748  10 X 10 X 8 CARBON STEEL WPL6 STANDARD WELD TEE  FITTING   
6   27770         10 CARBON STEEL WPL6 EXTRA HEAVY WLD TEE  FITTING   
7   42749  10 X 10 X 8 CARBON STEEL WPL6 STANDARD WELD TEE  FITTING   
8   42750  10 X 10 X 8 CARBON STEEL WPL6 STANDARD WELD TEE  FITTING   
9   28244                      6 CS STD A420 WPL6 WELD TEE  FITTING   
10  27799   10 X 10 X 8 CARBON STEEL WPL6 STANDARD WLD TEE  FITTING   
11  42739  10 X 10 X 4 CARBON STEEL WPL6 STANDARD WELD TEE  FITTING   
12  42738  10 X 10 X 4 CARBON STEEL WPL6 STANDARD WELD TEE  FITTING   
13  42740  10 X 10 X 4 CARBON STEEL WPL6 STANDARD WELD TEE  FITTING   
14  27767              10 CARBON STEEL SCHEDULE 80 WLD TEE  FITTING   
15  42744  10 X 10 X 6 CARBON STEEL WPL6 STANDARD WELD TEE  FITTING   
16  42745  10 X 10 X 6 CARBON STEEL WPL6 STANDARD WELD TEE  FITTING   
17  42743  10 X 10 X 6 CARBON STEEL WPL6 STANDARD WELD TEE  FITTING   
18  27766             10 CARBON STEEL SCHEDULE 80 WELD TEE  FITTING   
19  27784   10 X 10 X 4 CARBON STEEL WPL6 STANDARD WLD TEE  FITTING   
20  27844                     12 CARBON STEEL T80 WELD TEE  FITTING   
21  27846            12 CARBON STEEL WPL6 STANDARD WLD TEE  FITTING   
22  27847            12 CARBON STEEL WPL6 STANDARD WLD TEE  FITTING   
23  27909            16 CARBON STEEL WPL6 STANDARD WLD TEE  FITTING   
24  27908            16 CARBON STEEL WPL6 STANDARD WLD TEE  FITTING   

            TYPE PRIMARY_SIZE REDUCING_SIZE LENGTH MATERIAL_NAME  \
0            TEE           10           NAN    NAN  CARBON STEEL   
1            TEE         10.0           NAN    NAN  CARBON STEEL   
2            TEE           10           NAN    NAN  CARBON STEEL   
3       WELD TEE           10           NAN    NAN  CARBON STEEL   
4            TEE            8           NAN    NAN  CARBON STEEL   
5            TEE         10.0           8.0    NAN  CARBON STEEL   
6            TEE           10           NAN    NAN  CARBON STEEL   
7   REDUCING TEE         10.0           8.0    NAN  CARBON STEEL   
8            TEE         10.0           8.0    NAN  CARBON STEEL   
9            TEE            6           NAN    NAN  CARBON STEEL   
10           TEE           10             8    NAN  CARBON STEEL   
11           TEE         10.0           4.0    NAN  CARBON STEEL   
12           TEE         10.0           4.0    NAN  CARBON STEEL   
13  REDUCING TEE         10.0           4.0    NAN  CARBON STEEL   
14           TEE           10           NAN    NAN  CARBON STEEL   
15  REDUCING TEE         10.0           6.0    NAN  CARBON STEEL   
16           TEE         10.0           6.0    NAN  CARBON STEEL   
17           TEE         10.0           6.0    NAN  CARBON STEEL   
18           TEE           10           NAN    NAN  CARBON STEEL   
19           TEE           10             4    NAN  CARBON STEEL   
20           TEE           12           NAN    NAN  CARBON STEEL   
21           TEE           12           NAN    NAN  CARBON STEEL   
22           TEE           12           NAN    NAN  CARBON STEEL   
23           TEE           16           NAN    NAN  CARBON STEEL   
24           TEE           16           NAN    NAN  CARBON STEEL   

   MATERIAL_SPECIFICATION MATERIAL_GRADE  ... PRIMARY_SCHEDULE  \
0                    A420           WPL6  ...              STD   
1                     NAN           WPL6  ...               XH   
2                    WPL6            NAN  ...              STD   
3                    WPL6            NAN  ...              STD   
4                    A420           WPL6  ...              STD   
5                    WPL6            NAN  ...         STANDARD   
6                    WPL6            NAN  ...               XH   
7                    WPL6            NAN  ...         STANDARD   
8                    WPL6            NAN  ...         STANDARD   
9                    A420           WPL6  ...              STD   
10                   WPL6            NAN  ...              STD   
11                   WPL6            NAN  ...         STANDARD   
12                   WPL6            NAN  ...         STANDARD   
13                   WPL6            NAN  ...         STANDARD   
14                    NAN            NAN  ...               80   
15                   WPL6            NAN  ...         STANDARD   
16                   WPL6            NAN  ...         STANDARD   
17                   WPL6            NAN  ...         STANDARD   
18                    NAN            NAN  ...               80   
19                   WPL6            NAN  ...              STD   
20                    NAN            T80  ...              NAN   
21                   WPL6            NAN  ...              STD   
22                   WPL6            NAN  ...              STD   
23                   WPL6            NAN  ...              STD   
24                   WPL6            NAN  ...              STD   

   REDUCING_SCHEDULE MANUFACTURING_PROCESS END_FINISH END_CONNECTIONS TRIM  \
0                NAN                   NAN        NAN             NAN  NAN   
1                NAN                  WELD        NAN             NAN  NAN   
2                NAN                   NAN        NAN             NAN  NAN   
3                NAN                   NAN        NAN             NAN  NAN   
4                NAN                WELDED        NAN             NAN  NAN   
5                NAN                  WELD        NAN             NAN  NAN   
6                NAN                WELDED        NAN             NAN  NAN   
7                NAN                   NAN        NAN       BUTT WELD  NAN   
8                NAN                   NAN        NAN       BUTT WELD  NAN   
9                NAN                WELDED        NAN             NAN  NAN   
10               NAN                   NAN         BW             NAN  NAN   
11               NAN                WELDED        NAN             NAN  NAN   
12               NAN                  WELD        NAN             NAN  NAN   
13               NAN                   NAN        NAN       BUTT WELD  NAN   
14               NAN                   NAN       WELD             NAN  NAN   
15               NAN                   NAN        NAN             NAN  NAN   
16               NAN                  WELD        NAN             NAN  NAN   
17               NAN                WELDED        NAN             NAN  NAN   
18               NAN                WELDED        NAN             NAN  NAN   
19               NAN                WELDED        NAN             NAN  NAN   
20               NAN                  WELD        NAN             NAN  NAN   
21               NAN                   NAN         BW             NAN  NAN   
22               NAN                   NAN        NAN             NAN  NAN   
23               NAN                   NAN         BW             NAN  NAN   
24               NAN                   NAN         BW             NAN  NAN   

   MISCELLANEOUS CONFIDENCE     id     score  
0            NAN       0.85  27777  0.811643  
1            NAN       0.80  42722  0.793276  
2            NAN       0.85  27771  0.787825  
3            NAN       0.85  28447  0.787741  
4            NAN       0.85  28288  0.783536  
5            NAN       0.90  42748  0.781208  
6            NAN       0.85  27770  0.780827  
7            NAN       0.90  42749  0.780324  
8            NAN       0.90  42750  0.780324  
9            NAN       0.85  28244  0.777280  
10           NAN       0.85  27799  0.772378  
11           NAN       0.90  42739  0.770284  
12           NAN       0.80  42738  0.770142  
13           NAN       0.90  42740  0.770017  
14           NAN       0.85  27767  0.769700  
15           NAN       0.80  42744  0.768988  
16           NAN       0.80  42745  0.768988  
17           NAN       0.80  42743  0.767915  
18           NAN       0.80  27766  0.762328  
19           NAN       0.85  27784  0.761743  
20           NAN       0.70  27844  0.761668  
21           NAN       0.85  27846  0.761311  
22           NAN       0.85  27847  0.761267  
23           NAN       0.85  27909  0.758609  
24           NAN       0.85  27908  0.758609  

[25 rows x 21 columns]",64,BAD
62,"ELBOW,PIPE:2IN,90DEG,LR,SCH80,A234WPB",2 CARBON STEEL SCHEDULE XH WELD LONG RADIUS 90 ELBOW,True,62,169,12.896757200000138,"       ID  \
0   21452   
1   36914   
2   36917   
3   36915   
4   36916   
5   21451   
6   29862   
7   36918   
8   36919   
9   24772   
10  37130   
11  36903   
12  36902   
13  36901   
14  36640   
15  42621   
16  24775   
17  36905   
18  36906   
19  36904   
20  39984   
21  39983   
22  24957   
23  24870   
24  36641   

                                                             DESCRIPTION  \
0                                    2 SCHEDULE 80 2205 WELD LR 90 ELBOW   
1                 2 STAINLESS STEEL SCHEDULE 80 304L LR 90 ELBOW A403WPW   
2                    2 STAINLESS STEEL SCHEDULE 80 304L SMLS LR 90 ELBOW   
3                    2 STAINLESS STEEL SCHEDULE 80 304L SMLS LR 90 ELBOW   
4                    2 STAINLESS STEEL SCHEDULE 80 304L SMLS LR 90 ELBOW   
5                                    2 SCHEDULE 40 2205 WELD LR 90 ELBOW   
6                                2 INCY SCHEDULE 80 825 WELD LR 90 ELBOW   
7                2 STAINLESS STEEL SCHEDULE 80 316 L LR 90 ELBOW A403WPW   
8                2 STAINLESS STEEL SCHEDULE 80 316 L LR 90 ELBOW A403WPW   
9                                              2 CS STD WELD LR 90 ELBOW   
10                2 STAINLESS STEEL SCHEDULE 40 304L LR 90 ELBOW A403WPW   
11                2 STAINLESS STEEL SCHEDULE 40 304L LR 90 ELBOW A403WPW   
12                2 STAINLESS STEEL SCHEDULE 40 304L LR 90 ELBOW A403WPW   
13                2 STAINLESS STEEL SCHEDULE 40 304L LR 90 ELBOW A403WPW   
14                   2 STAINLESS STEEL SCHEDULE 80 304L SMLS LR 45 ELBOW   
15                              1"" 3000 ELBOW 90 FORGED STEEL LF2 SOCKET   
16  2 STANDARD WPB GALVANIZED CARBON STEEL BUTTWELD LONG RADIUS 90 ELBOW   
17                   2 STAINLESS STEEL SCHEDULE 40 304L SMLS LR 90 ELBOW   
18                   2 STAINLESS STEEL SCHEDULE 40 304L SMLS LR 90 ELBOW   
19                   2 STAINLESS STEEL SCHEDULE 40 304L SMLS LR 90 ELBOW   
20                2 STAINLESS STEEL SCHEDULE 40 304L SR 90 ELBOW A403WPW   
21                2 STAINLESS STEEL SCHEDULE 40 304L SR 90 ELBOW A403WPW   
22                                   8 CS STD A420 WPL6 WELD LR 90 ELBOW   
23                                            36 CS STD WELD LR 90 ELBOW   
24               2 STAINLESS STEEL SCHEDULE 80 316 L LR 45 ELBOW A403WPW   

   CATEGORY                TYPE PRIMARY_SIZE REDUCING_SIZE LENGTH  \
0   FITTING  LR 90 DEGREE ELBOW            2           NAN    NAN   
1   FITTING  LR 90 DEGREE ELBOW            2           NAN    NAN   
2   FITTING  LR 90 DEGREE ELBOW            2           NAN    NAN   
3   FITTING  LR 90 DEGREE ELBOW            2           NAN    NAN   
4   FITTING  LR 90 DEGREE ELBOW            2           NAN    NAN   
5   FITTING  LR 90 DEGREE ELBOW            2           NAN    NAN   
6   FITTING  LR 90 DEGREE ELBOW            2           NAN    NAN   
7   FITTING  LR 90 DEGREE ELBOW            2           NAN    NAN   
8   FITTING  LR 90 DEGREE ELBOW            2           NAN    NAN   
9   FITTING  LR 90 DEGREE ELBOW            2           NAN    NAN   
10  FITTING         LR 90 ELBOW            2           NAN    NAN   
11  FITTING  LR 90 DEGREE ELBOW            2           NAN    NAN   
12  FITTING  LR 90 DEGREE ELBOW            2           NAN    NAN   
13  FITTING  LR 90 DEGREE ELBOW            2           NAN    NAN   
14  FITTING  LR 45 DEGREE ELBOW            2           NAN    NAN   
15  FITTING            ELBOW 90          1.0           NAN    NAN   
16  FITTING  LR 90 DEGREE ELBOW            2           NAN    NAN   
17  FITTING  LR 90 DEGREE ELBOW            2           NAN    NAN   
18  FITTING  LR 90 DEGREE ELBOW            2           NAN    NAN   
19  FITTING  LR 90 DEGREE ELBOW            2           NAN    NAN   
20  FITTING  SR 90 DEGREE ELBOW            2           NAN    NAN   
21  FITTING  SR 90 DEGREE ELBOW            2           NAN    NAN   
22  FITTING  LR 90 DEGREE ELBOW            8           NAN    NAN   
23  FITTING  LR 90 DEGREE ELBOW           36           NAN    NAN   
24  FITTING  LR 45 DEGREE ELBOW            2           NAN    NAN   

      MATERIAL_NAME MATERIAL_SPECIFICATION MATERIAL_GRADE  ...  \
0              2205                    NAN            NAN  ...   
1   STAINLESS STEEL                   A403         WP304L  ...   
2   STAINLESS STEEL                   304L            NAN  ...   
3   STAINLESS STEEL                    NAN           304L  ...   
4   STAINLESS STEEL                   304L            NAN  ...   
5              2205                    NAN            NAN  ...   
6           INCONEL                    825            NAN  ...   
7   STAINLESS STEEL                   A403            WPW  ...   
8   STAINLESS STEEL                   A403            WPW  ...   
9      CARBON STEEL                    NAN            NAN  ...   
10  STAINLESS STEEL                   A403            WPW  ...   
11  STAINLESS STEEL                   A403            WPW  ...   
12  STAINLESS STEEL                   A403            WPW  ...   
13  STAINLESS STEEL                   A403            WPW  ...   
14  STAINLESS STEEL                    NAN           304L  ...   
15     CARBON STEEL                    NAN            LF2  ...   
16     CARBON STEEL                    WPB            NAN  ...   
17  STAINLESS STEEL                    NAN           304L  ...   
18  STAINLESS STEEL                    NAN           304L  ...   
19  STAINLESS STEEL                    NAN           304L  ...   
20  STAINLESS STEEL                   A403            WPW  ...   
21  STAINLESS STEEL                   A403            WPW  ...   
22     CARBON STEEL                   A420           WPL6  ...   
23     CARBON STEEL                    NAN            NAN  ...   
24  STAINLESS STEEL                   A403            WPW  ...   

   PRIMARY_SCHEDULE REDUCING_SCHEDULE MANUFACTURING_PROCESS  END_FINISH  \
0                80               NAN                  WELD         NAN   
1                80               NAN                   NAN         NAN   
2                80               NAN              SEAMLESS         NAN   
3                80               NAN              SEAMLESS         NAN   
4                80               NAN              SEAMLESS         NAN   
5                40               NAN                   NAN          BW   
6                80               NAN                   NAN        WELD   
7                80               NAN                   NAN         NAN   
8                80               NAN                   NAN         NAN   
9               STD               NAN                WELDED         NAN   
10               40               NAN                   NAN         NAN   
11               40               NAN                   NAN         NAN   
12               40               NAN                   NAN         NAN   
13               40               NAN                   NAN         NAN   
14               80               NAN              SEAMLESS         NAN   
15              NAN               NAN                FORGED         NAN   
16              STD               NAN                   NAN  GALVANIZED   
17               40               NAN              SEAMLESS         NAN   
18               40               NAN                  SMLS         NAN   
19               40               NAN              SEAMLESS         NAN   
20               40               NAN                   NAN         NAN   
21               40               NAN                   NAN         NAN   
22              STD               NAN                  WELD         NAN   
23              STD               NAN                WELDED         NAN   
24               80               NAN                   NAN         NAN   

   END_CONNECTIONS TRIM MISCELLANEOUS CONFIDENCE     id     score  
0              NAN  NAN           NAN       0.85  21452  0.740774  
1              NAN  NAN           NAN       0.95  36914  0.736478  
2              NAN  NAN           NAN       0.95  36917  0.731116  
3              NAN  NAN           NAN       0.90  36915  0.731105  
4              NAN  NAN           NAN       0.95  36916  0.731096  
5              NAN  NAN           NAN       0.85  21451  0.730177  
6              NAN  NAN           NAN       0.85  29862  0.728103  
7              NAN  NAN           NAN       0.95  36918  0.726525  
8              NAN  NAN           NAN       0.95  36919  0.726321  
9              NAN  NAN           NAN       0.80  24772  0.725316  
10             NAN  NAN           NAN       0.95  37130  0.724858  
11             NAN  NAN           NAN       0.95  36903  0.724838  
12             NAN  NAN           NAN       0.95  36902  0.724838  
13             NAN  NAN           NAN       0.95  36901  0.724834  
14             NAN  NAN           NAN       0.90  36640  0.724102  
15     SOCKET WELD  NAN           NAN       0.90  42621  0.723505  
16              BW  NAN           NAN       0.90  24775  0.722599  
17             NAN  NAN           NAN       0.90  36905  0.722499  
18             NAN  NAN           NAN       0.90  36906  0.722499  
19             NAN  NAN           NAN       0.90  36904  0.722453  
20             NAN  NAN           NAN       0.95  39984  0.722291  
21             NAN  NAN           NAN       0.95  39983  0.722265  
22             NAN  NAN           NAN       0.90  24957  0.722256  
23             NAN  NAN           NAN       0.80  24870  0.721289  
24             NAN  NAN           NAN       0.95  36641  0.718696  

[25 rows x 21 columns]",73,BAD
63,"6"" ELBOW 90D, SR, BW, ASME 16.28, WROUGHT STEEL, ASTM/ASME A/SA-234-WPB, SCH.STD",6 CARBON STEEL STANDARD WELD SHORT RADIUS 90 ELBOW,True,63,102,18.0356055000002,"       ID                                           DESCRIPTION CATEGORY  \
0   27557                             6 CS STD WELD SR 90 ELBOW  FITTING   
1   27554               6 CARBON STEEL STANDARD WLD SR 90 ELBOW  FITTING   
2   27553               6 CARBON STEEL STANDARD WLD SR 90 ELBOW  FITTING   
3   27561               8 CARBON STEEL STANDARD WLD SR 90 ELBOW  FITTING   
4   27562               8 CARBON STEEL STANDARD WLD SR 90 ELBOW  FITTING   
5   25028                         8 X 6 CS STD WELD LR 90 ELBOW  FITTING   
6   24928                             6 CS STD WELD LR 90 ELBOW  FITTING   
7   27552              6 CARBON STEEL STANDARD WELD SR 90 ELBOW  FITTING   
8   27496              16 CARBON STEEL STANDARD WLD SR 90 ELBOW  FITTING   
9   27497              16 CARBON STEEL STANDARD WLD SR 90 ELBOW  FITTING   
10  27560              8 CARBON STEEL STANDARD WELD SR 90 ELBOW  FITTING   
11  27501                            16 CS STD WELD SR 90 ELBOW  FITTING   
12  27565                             8 CS STD WELD SR 90 ELBOW  FITTING   
13  27495             16 CARBON STEEL STANDARD WELD SR 90 ELBOW  FITTING   
14  27492                            14 CS STD WELD SR 90 ELBOW  FITTING   
15  27563          8 CARBON STEEL WPL6 STANDARD WLD SR 90 ELBOW  FITTING   
16  27525              24 CARBON STEEL STANDARD WLD SR 90 ELBOW  FITTING   
17  27486              12 CARBON STEEL STANDARD WLD SR 90 ELBOW  FITTING   
18  27485              12 CARBON STEEL STANDARD WLD SR 90 ELBOW  FITTING   
19  24958                             8 CS STD WELD LR 90 ELBOW  FITTING   
20  27490              14 CARBON STEEL STANDARD WLD SR 90 ELBOW  FITTING   
21  24965  8 X 6 CARBON STEEL STANDARD WLD LONG RADIUS 90 ELBOW  FITTING   
22  24964  8 X 6 CARBON STEEL STANDARD WLD LONG RADIUS 90 ELBOW  FITTING   
23  25021  6 X 4 CARBON STEEL STANDARD WLD LONG RADIUS 90 ELBOW  FITTING   
24  27542               4 CARBON STEEL STANDARD WLD SR 90 ELBOW  FITTING   

                  TYPE PRIMARY_SIZE REDUCING_SIZE LENGTH MATERIAL_NAME  \
0   SR 90 DEGREE ELBOW            6           NAN    NAN  CARBON STEEL   
1   SR 90 DEGREE ELBOW            6           NAN    NAN  CARBON STEEL   
2   SR 90 DEGREE ELBOW            6           NAN    NAN  CARBON STEEL   
3   SR 90 DEGREE ELBOW            8           NAN    NAN  CARBON STEEL   
4   SR 90 DEGREE ELBOW            8           NAN    NAN  CARBON STEEL   
5          LR 90 ELBOW            8             6    NAN  CARBON STEEL   
6   LR 90 DEGREE ELBOW            6           NAN    NAN  CARBON STEEL   
7   SR 90 DEGREE ELBOW            6           NAN    NAN  CARBON STEEL   
8   SR 90 DEGREE ELBOW           16           NAN    NAN  CARBON STEEL   
9   SR 90 DEGREE ELBOW           16           NAN    NAN  CARBON STEEL   
10  SR 90 DEGREE ELBOW            8           NAN    NAN  CARBON STEEL   
11  SR 90 DEGREE ELBOW           16           NAN    NAN  CARBON STEEL   
12  SR 90 DEGREE ELBOW            8           NAN    NAN  CARBON STEEL   
13  SR 90 DEGREE ELBOW           16           NAN    NAN  CARBON STEEL   
14  SR 90 DEGREE ELBOW           14           NAN    NAN  CARBON STEEL   
15  SR 90 DEGREE ELBOW            8           NAN    NAN  CARBON STEEL   
16  SR 90 DEGREE ELBOW           24           NAN    NAN  CARBON STEEL   
17  SR 90 DEGREE ELBOW           12           NAN    NAN  CARBON STEEL   
18  SR 90 DEGREE ELBOW           12           NAN    NAN  CARBON STEEL   
19  LR 90 DEGREE ELBOW            8           NAN    NAN  CARBON STEEL   
20  SR 90 DEGREE ELBOW           14           NAN    NAN  CARBON STEEL   
21  LR 90 DEGREE ELBOW            8             6    NAN  CARBON STEEL   
22  LR 90 DEGREE ELBOW            8             6    NAN  CARBON STEEL   
23         LR 90 ELBOW            6             4    NAN  CARBON STEEL   
24  SR 90 DEGREE ELBOW            4           NAN    NAN  CARBON STEEL   

   MATERIAL_SPECIFICATION MATERIAL_GRADE  ... PRIMARY_SCHEDULE  \
0                     NAN            NAN  ...              STD   
1                     NAN            NAN  ...              STD   
2                     NAN            NAN  ...              STD   
3                     NAN            NAN  ...              STD   
4                     NAN            NAN  ...              STD   
5                     NAN            NAN  ...              STD   
6                     NAN            NAN  ...              STD   
7                     NAN            NAN  ...              STD   
8                     NAN            NAN  ...              STD   
9                     NAN            NAN  ...              STD   
10                    NAN            NAN  ...              STD   
11                    NAN            NAN  ...              STD   
12                    NAN            NAN  ...              STD   
13                    NAN            NAN  ...              STD   
14                    NAN            NAN  ...              STD   
15                   WPL6            NAN  ...              STD   
16                    NAN            NAN  ...              STD   
17                    NAN            NAN  ...              STD   
18                    NAN            NAN  ...              STD   
19                    NAN            NAN  ...              STD   
20                    NAN            NAN  ...              STD   
21                    NAN            NAN  ...              STD   
22                    NAN            NAN  ...              STD   
23                    NAN            NAN  ...              STD   
24                    NAN            NAN  ...              STD   

   REDUCING_SCHEDULE MANUFACTURING_PROCESS END_FINISH END_CONNECTIONS TRIM  \
0                NAN                   NAN        NAN             NAN  NAN   
1                NAN                   NAN        NAN             NAN  NAN   
2                NAN                WELDED        NAN             NAN  NAN   
3                NAN                   NAN        NAN             NAN  NAN   
4                NAN                WELDED        NAN             NAN  NAN   
5                NAN                  WELD        NAN             NAN  NAN   
6                NAN                WELDED        NAN             NAN  NAN   
7                NAN                WELDED        NAN             NAN  NAN   
8                NAN                WELDED        NAN             NAN  NAN   
9                NAN                WELDED        NAN             NAN  NAN   
10               NAN                   NAN        NAN             NAN  NAN   
11               NAN                WELDED        NAN             NAN  NAN   
12               NAN                   NAN        NAN             NAN  NAN   
13               NAN                WELDED        NAN             NAN  NAN   
14               NAN                   NAN        NAN             NAN  NAN   
15               NAN                   NAN         BW             NAN  NAN   
16               NAN                  WELD        NAN             NAN  NAN   
17               NAN                   NAN        NAN             NAN  NAN   
18               NAN                WELDED        NAN             NAN  NAN   
19               NAN                WELDED        NAN             NAN  NAN   
20               NAN                   NAN        NAN             NAN  NAN   
21               NAN                  WELD        NAN             NAN  NAN   
22               NAN                   NAN         BW             NAN  NAN   
23               NAN                   NAN         BW             NAN  NAN   
24               NAN                   NAN        NAN             NAN  NAN   

   MISCELLANEOUS CONFIDENCE     id     score  
0            NAN       0.80  27557  0.792043  
1            NAN       0.80  27554  0.791900  
2            NAN       0.85  27553  0.791900  
3   SHORT RADIUS       0.80  27561  0.787319  
4            NAN       0.80  27562  0.787264  
5            NAN       0.80  25028  0.786386  
6            NAN       0.80  24928  0.785542  
7            NAN       0.80  27552  0.785148  
8            NAN       0.80  27496  0.782986  
9            NAN       0.80  27497  0.782959  
10           NAN       0.80  27560  0.782920  
11           NAN       0.85  27501  0.782359  
12           NAN       0.80  27565  0.780600  
13           NAN       0.85  27495  0.777251  
14           NAN       0.80  27492  0.776389  
15           NAN       0.85  27563  0.776203  
16           NAN       0.80  27525  0.776108  
17           NAN       0.85  27486  0.775200  
18           NAN       0.80  27485  0.775147  
19           NAN       0.80  24958  0.773620  
20           NAN       0.80  27490  0.772878  
21           NAN       0.80  24965  0.772608  
22           NAN       0.80  24964  0.772183  
23           NAN       0.80  25021  0.771291  
24           NAN       0.80  27542  0.771282  

[25 rows x 21 columns]",35,BAD
64,"2 45 DEGREE LONG RADIUS ELBOW , ASME B16.9 , BEVELED END , ASTM A420 GRADE WPL6 , TYPE W S-XS",2 CARBON STEEL WPL6 SCHEDULE XH WELD 45 ELBOW,True,64,18,11.366307700000107,"       ID                                                 DESCRIPTION  \
0   24517   2 CARBON STEEL WPL6 SCHEDULE 160 LONG RADIUS 45 WLD ELBOW   
1   24516   2 CARBON STEEL WPL6 SCHEDULE 160 LONG RADIUS 45 WLD ELBOW   
2   24777   2 X 1 CARBON STEEL WPL6 STANDARD WLD LONG RADIUS 90 ELBOW   
3   24765       2 CARBON STEEL WPL6 STANDARD WLD LONG RADIUS 90 ELBOW   
4   24764       2 CARBON STEEL WPL6 STANDARD WLD LONG RADIUS 90 ELBOW   
5   42866      2 CARBON STEEL WPL6 STANDARD WELD LONG RADIUS 90 ELBOW   
6   22510                            6 CS STD A420 WPL6 WELD 45 ELBOW   
7   22420                   2 CARBON STEEL WPL6 STANDARD WLD 45 ELBOW   
8   24725      16 CARBON STEEL WPL6 STANDARD WLD LONG RADIUS 90 ELBOW   
9   24805      24 CARBON STEEL WPL6 STANDARD WLD LONG RADIUS 90 ELBOW   
10  24945       8 CARBON STEEL WPL6 STANDARD WLD LONG RADIUS 90 ELBOW   
11  24944       8 CARBON STEEL WPL6 STANDARD WLD LONG RADIUS 90 ELBOW   
12  24714      14 CARBON STEEL WPL6 STANDARD WLD LONG RADIUS 90 ELBOW   
13  42817  16 CARBON STEEL WPL6 SCHEDULE XH WELD LONG RADIUS 90 ELBOW   
14  24927                         6 CS STD A420 WPL6 WELD LR 90 ELBOW   
15  42796  14 CARBON STEEL WPL6 SCHEDULE XH WELD LONG RADIUS 90 ELBOW   
16  24763   2 CARBON STEEL WPL6 SCHEDULE 160 WLD LONG RADIUS 90 ELBOW   
17  24762   2 CARBON STEEL WPL6 SCHEDULE 160 WLD LONG RADIUS 90 ELBOW   
18  42862               2 CARBON STEEL WPL6 SCHEDULE XH WELD 45 ELBOW   
19  42860               2 CARBON STEEL WPL6 SCHEDULE XH WELD 45 ELBOW   
20  24880       4 CARBON STEEL WPL6 STANDARD WLD LONG RADIUS 90 ELBOW   
21  24879       4 CARBON STEEL WPL6 STANDARD WLD LONG RADIUS 90 ELBOW   
22  24489   1 CARBON STEEL WPL6 SCHEDULE 160 WLD LONG RADIUS 45 ELBOW   
23  24542   4 CARBON STEEL WPL6 SCHEDULE 160 WLD LONG RADIUS 45 ELBOW   
24  22519                   8 CARBON STEEL WPL6 STANDARD WLD 45 ELBOW   

   CATEGORY                  TYPE PRIMARY_SIZE REDUCING_SIZE LENGTH  \
0   FITTING    LR 45 DEGREE ELBOW            2           NAN    NAN   
1   FITTING    LR 45 DEGREE ELBOW            2           NAN    NAN   
2   FITTING    LR 90 DEGREE ELBOW            2             1    NAN   
3   FITTING    LR 90 DEGREE ELBOW            2           NAN    NAN   
4   FITTING    LR 90 DEGREE ELBOW            2           NAN    NAN   
5   FITTING  LONG RADIUS 90 ELBOW          2.0           NAN    NAN   
6   FITTING       45 DEGREE ELBOW            6           NAN    NAN   
7   FITTING       45 DEGREE ELBOW            2           NAN    NAN   
8   FITTING    LR 90 DEGREE ELBOW           16           NAN    NAN   
9   FITTING    LR 90 DEGREE ELBOW           24           NAN    NAN   
10  FITTING    LR 90 DEGREE ELBOW            8           NAN    NAN   
11  FITTING    LR 90 DEGREE ELBOW            8           NAN    NAN   
12  FITTING    LR 90 DEGREE ELBOW           14           NAN    NAN   
13  FITTING  LONG RADIUS 90 ELBOW         16.0           NAN    NAN   
14  FITTING    LR 90 DEGREE ELBOW            6           NAN    NAN   
15  FITTING  LONG RADIUS 90 ELBOW         14.0           NAN    NAN   
16  FITTING    LR 90 DEGREE ELBOW            2           NAN    NAN   
17  FITTING    LR 90 DEGREE ELBOW            2           NAN    NAN   
18  FITTING       45 DEGREE ELBOW          2.0           NAN    NAN   
19  FITTING              45 ELBOW          2.0           NAN    NAN   
20  FITTING    LR 90 DEGREE ELBOW            4           NAN    NAN   
21  FITTING    LR 90 DEGREE ELBOW            4           NAN    NAN   
22  FITTING    LR 45 DEGREE ELBOW            1           NAN    NAN   
23  FITTING    LR 45 DEGREE ELBOW            4           NAN    NAN   
24  FITTING       45 DEGREE ELBOW            8           NAN    NAN   

   MATERIAL_NAME MATERIAL_SPECIFICATION MATERIAL_GRADE  ... PRIMARY_SCHEDULE  \
0   CARBON STEEL                   WPL6            NAN  ...              160   
1   CARBON STEEL                   WPL6            NAN  ...              160   
2   CARBON STEEL                   WPL6            NAN  ...              STD   
3   CARBON STEEL                   WPL6            NAN  ...              STD   
4   CARBON STEEL                   WPL6            NAN  ...              STD   
5   CARBON STEEL                   WPL6            NAN  ...         STANDARD   
6   CARBON STEEL                   A420           WPL6  ...              STD   
7   CARBON STEEL                   WPL6            NAN  ...              STD   
8   CARBON STEEL                   WPL6            NAN  ...              STD   
9   CARBON STEEL                   WPL6            NAN  ...              STD   
10  CARBON STEEL                   WPL6            NAN  ...              STD   
11  CARBON STEEL                   WPL6            NAN  ...              STD   
12  CARBON STEEL                   WPL6            NAN  ...              STD   
13  CARBON STEEL                   WPL6            NAN  ...               XH   
14  CARBON STEEL                   A420           WPL6  ...              STD   
15  CARBON STEEL                   WPL6            NAN  ...               XH   
16  CARBON STEEL                   WPL6            NAN  ...              160   
17  CARBON STEEL                   WPL6            NAN  ...              160   
18  CARBON STEEL                   WPL6            NAN  ...               XH   
19  CARBON STEEL                   WPL6            NAN  ...               XH   
20  CARBON STEEL                   WPL6            NAN  ...              STD   
21  CARBON STEEL                   WPL6            NAN  ...              STD   
22  CARBON STEEL                   WPL6            NAN  ...              160   
23  CARBON STEEL                   WPL6            NAN  ...              160   
24  CARBON STEEL                   WPL6            NAN  ...              STD   

   REDUCING_SCHEDULE MANUFACTURING_PROCESS END_FINISH END_CONNECTIONS TRIM  \
0                NAN                   NAN        NAN             NAN  NAN   
1                NAN                   NAN        NAN             NAN  NAN   
2                NAN                   NAN        NAN             NAN  NAN   
3                NAN                   NAN         BW             NAN  NAN   
4                NAN                WELDED        NAN             NAN  NAN   
5                NAN                  WELD        NAN             NAN  NAN   
6                NAN                  WELD        NAN             NAN  NAN   
7                NAN                WELDED        NAN             NAN  NAN   
8                NAN                   NAN         BW             NAN  NAN   
9                NAN                  WELD        NAN             NAN  NAN   
10               NAN                   NAN         BW             NAN  NAN   
11               NAN                   NAN         BW             NAN  NAN   
12               NAN                   NAN        NAN             NAN  NAN   
13               NAN                  WELD        NAN             NAN  NAN   
14               NAN                WELDED        NAN             NAN  NAN   
15               NAN                  WELD        NAN             NAN  NAN   
16               NAN                   NAN       WELD             NAN  NAN   
17               NAN                   NAN       WELD             NAN  NAN   
18               NAN                  WELD        NAN             NAN  NAN   
19               NAN                  WELD        NAN             NAN  NAN   
20               NAN                   NAN         BW             NAN  NAN   
21               NAN                   NAN        NAN             NAN  NAN   
22               NAN                   NAN       WELD              BW  NAN   
23               NAN                   NAN       WELD             NAN  NAN   
24               NAN                WELDED        NAN             NAN  NAN   

   MISCELLANEOUS CONFIDENCE     id     score  
0            NAN       0.95  24517  0.782399  
1            NAN       0.90  24516  0.782308  
2            NAN       0.90  24777  0.781178  
3            NAN       0.90  24765  0.773434  
4            NAN       0.90  24764  0.773333  
5            NAN       0.90  42866  0.769673  
6            NAN       0.90  22510  0.768796  
7            NAN       0.85  22420  0.767088  
8            NAN       0.90  24725  0.767073  
9            NAN       0.90  24805  0.764453  
10   LONG RADIUS       0.90  24945  0.764341  
11           NAN       0.90  24944  0.764331  
12           NAN       0.85  24714  0.764095  
13           NAN       0.90  42817  0.764002  
14           NAN       0.85  24927  0.762895  
15           NAN       0.90  42796  0.762242  
16           NAN       0.95  24763  0.761083  
17           NAN       0.90  24762  0.761068  
18           NAN       0.90  42862  0.760300  
19           NAN       0.80  42860  0.760297  
20           NAN       0.90  24880  0.760099  
21           NAN       0.85  24879  0.760099  
22           NAN       0.95  24489  0.760092  
23           NAN       0.90  24542  0.759898  
24           NAN       0.85  22519  0.759778  

[25 rows x 21 columns]",36,BAD
65,"NIPPLE, SWAGE, SEAMLESS, 4"" X 2"", THREADED, SCH XH, ZINC COATED",4 X 2 GALVANIZED SCHEDULE XH CONCENTRIC SOCKETWELD SWAGE THREADED BOTH ENDS,True,65,6,19.295046199999888,"       ID  \
0   43640   
1   26251   
2   42078   
3   42077   
4   43643   
5   42081   
6   43614   
7   42079   
8   42080   
9   26256   
10  42082   
11  33342   
12  26243   
13  33353   
14  42076   
15  26214   
16  42084   
17  42085   
18  42083   
19  38801   
20  26227   
21  29267   
22  43630   
23  29197   
24  26249   

                                                                     DESCRIPTION  \
0                              2 X 4 GALVANIZED SCHEDULE XH SEAMLESS A106 NIPPLE   
1                              4 X 6 GALVANIZED EXTRA HEAVY SEAMLESS A106 NIPPLE   
2                                                  4 X 4 GALVANIZED STEEL NIPPLE   
3                                                  4 X 4 GALVANIZED STEEL NIPPLE   
4                              2 X 6 GALVANIZED SCHEDULE XH SEAMLESS A106 NIPPLE   
5                                                  4 X 6 GALVANIZED STEEL NIPPLE   
6    4 X 2 GALVANIZED SCHEDULE XH CONCENTRIC SOCKETWELD SWAGE THREADED BOTH ENDS   
7                                                  4 X 5 GALVANIZED STEEL NIPPLE   
8                                                  4 X 5 GALVANIZED STEEL NIPPLE   
9                                                  4 X 8 GALVANIZED STEEL NIPPLE   
10                                               4X4-0.5 GALVANIZED STEEL NIPPLE   
11       2 X 1 GALVANIZED EXTRA HEAVY CONCENTRIC SWAGE NIPPLE THREADED BOTH ENDS   
12                         4 X 6 BLACK SCHEDULE 40 STEEL NIPPLE GROOVED X THREAD   
13     2 X 0.5 GALVANIZED EXTRA HEAVY CONCENTRIC SWAGE NIPPLE THREADED BOTH ENDS   
14                                                4 X 12 GALVANIZED STEEL NIPPLE   
15                                                4 X 10 GALVANIZED STEEL NIPPLE   
16                                               4XCLOSE GALVANIZED STEEL NIPPLE   
17                                               4XCLOSE GALVANIZED STEEL NIPPLE   
18                                               4X5-0.5 GALVANIZED STEEL NIPPLE   
19                           4 X 6 STAINLESS STEEL 316 L SCHEDULE 40 SMLS NIPPLE   
20                         4 X 4 BLACK SCHEDULE 40 STEEL NIPPLE GROOVED X THREAD   
21  0.5 X 0.25 GALVANIZED EXTRA HEAVY CONCENTRIC SWAGE NIPPLE THREADED BOTH ENDS   
22                                  2 X 4 BLACK SCHEDULE XH SEAMLESS A106 NIPPLE   
23                 4 X 2 GALVANIZED STANDARD CONCENTRIC SWAGE THREADED BOTH ENDS   
24                                     4 X 6 CORVEL SCHEDULE 40 STEEL WLD NIPPLE   

   CATEGORY                TYPE PRIMARY_SIZE REDUCING_SIZE LENGTH  \
0      PIPE              NIPPLE          2.0           4.0    NAN   
1   FITTING              NIPPLE            4             6    NAN   
2   FITTING              NIPPLE            4           NAN      4   
3   FITTING              NIPPLE            4           NAN      4   
4      PIPE              NIPPLE          2.0           NAN    6.0   
5   FITTING              NIPPLE            4             6    NAN   
6   FITTING  CONCENTRIC REDUCER          4.0           2.0    NAN   
7   FITTING              NIPPLE            4           NAN      5   
8   FITTING              NIPPLE            4           NAN      5   
9   FITTING              NIPPLE            4           NAN      8   
10  FITTING              NIPPLE            4           NAN    4.5   
11  FITTING        SWAGE NIPPLE            2             1    NAN   
12  FITTING              NIPPLE            4             6    NAN   
13  FITTING        SWAGE NIPPLE            2           0.5    NAN   
14  FITTING              NIPPLE            4           NAN     12   
15  FITTING              NIPPLE            4           NAN     10   
16  FITTING              NIPPLE            4           NAN    NAN   
17  FITTING              NIPPLE            4           NAN    NAN   
18  FITTING              NIPPLE            4           5.5    NAN   
19  FITTING              NIPPLE            4             6    NAN   
20  FITTING              NIPPLE            4           NAN      4   
21  FITTING        SWAGE NIPPLE          0.5          0.25    NAN   
22     PIPE              NIPPLE          2.0           4.0    NAN   
23  FITTING    CONCENTRIC SWAGE            4             2    NAN   
24  FITTING              NIPPLE            4             6    NAN   

      MATERIAL_NAME MATERIAL_SPECIFICATION MATERIAL_GRADE  ...  \
0      CARBON STEEL                   A106            NAN  ...   
1      CARBON STEEL                   A106            NAN  ...   
2             STEEL                    NAN            NAN  ...   
3             STEEL                    NAN            NAN  ...   
4      CARBON STEEL                   A106            NAN  ...   
5             STEEL                    NAN            NAN  ...   
6               NAN                    NAN            NAN  ...   
7             STEEL                    NAN            NAN  ...   
8             STEEL                    NAN            NAN  ...   
9      CARBON STEEL                    NAN            NAN  ...   
10            STEEL                    NAN            NAN  ...   
11              NAN                    NAN            NAN  ...   
12     CARBON STEEL                    NAN            NAN  ...   
13              NAN                    NAN            NAN  ...   
14            STEEL                    NAN            NAN  ...   
15     CARBON STEEL                    NAN            NAN  ...   
16            STEEL                    NAN            NAN  ...   
17            STEEL                    NAN            NAN  ...   
18            STEEL                    NAN            NAN  ...   
19  STAINLESS STEEL                    NAN           316L  ...   
20     CARBON STEEL                    NAN            NAN  ...   
21       GALVANIZED                    NAN            NAN  ...   
22     CARBON STEEL                   A106            NAN  ...   
23       GALVANIZED                    NAN            NAN  ...   
24     CARBON STEEL                    NAN            NAN  ...   

   PRIMARY_SCHEDULE REDUCING_SCHEDULE MANUFACTURING_PROCESS  END_FINISH  \
0       EXTRA HEAVY               NAN              SEAMLESS  GALVANIZED   
1                XH               NAN              SEAMLESS         NAN   
2               NAN               NAN                   NAN  GALVANIZED   
3               NAN               NAN                   NAN  GALVANIZED   
4       EXTRA HEAVY               NAN              SEAMLESS  GALVANIZED   
5               NAN               NAN                   NAN  GALVANIZED   
6                XH               NAN                   NAN  GALVANIZED   
7               NAN               NAN                   NAN  GALVANIZED   
8               NAN               NAN                   NAN  GALVANIZED   
9               NAN               NAN                   NAN  GALVANIZED   
10              NAN               NAN                   NAN  GALVANIZED   
11               XH               NAN                   NAN         NAN   
12               40               NAN                   NAN         NAN   
13               XH               NAN                   NAN  GALVANIZED   
14              NAN               NAN                   NAN  GALVANIZED   
15              NAN               NAN                   NAN  GALVANIZED   
16              NAN               NAN                   NAN  GALVANIZED   
17              NAN               NAN                   NAN  GALVANIZED   
18              NAN               NAN                   NAN  GALVANIZED   
19               40               NAN              SEAMLESS         NAN   
20               40               NAN                   NAN       BLACK   
21               XH               NAN                   NAN    THREADED   
22      EXTRA HEAVY               NAN              SEAMLESS         NAN   
23              STD               NAN                   NAN         NAN   
24               40               NAN                   NAN          BW   

   END_CONNECTIONS TRIM     MISCELLANEOUS CONFIDENCE     id     score  
0              NAN  NAN               NAN       0.80  43640  0.798761  
1              NAN  NAN        GALVANIZED       0.90  26251  0.781359  
2              NAN  NAN               NAN       0.80  42078  0.777737  
3              NAN  NAN               NAN       0.80  42077  0.777723  
4              NAN  NAN               NAN       0.90  43643  0.776692  
5              NAN  NAN               NAN       0.70  42081  0.776418  
6              THD  NAN  SOCKETWELD SWAGE       0.80  43614  0.776191  
7              NAN  NAN               NAN       0.80  42079  0.771429  
8              NAN  NAN               NAN       0.80  42080  0.771395  
9              NAN  NAN               NAN       0.85  26256  0.767905  
10             NAN  NAN               NAN       0.80  42082  0.767002  
11       THD X THD  NAN        GALVANIZED       0.80  33342  0.765833  
12   GROOVED X THD  NAN             BLACK       0.80  26243  0.764881  
13        SW X THD  NAN               NAN       0.80  33353  0.763227  
14             NAN  NAN               NAN       0.80  42076  0.761639  
15             NAN  NAN               NAN       0.80  26214  0.761385  
16             NAN  NAN             CLOSE       0.85  42084  0.760950  
17             NAN  NAN             CLOSE       0.80  42085  0.760950  
18             NAN  NAN               NAN       0.80  42083  0.760355  
19             NAN  NAN               NAN       0.90  38801  0.756735  
20   GROOVED X THD  NAN               NAN       0.80  26227  0.755387  
21       THD X THD  NAN        SOCKETWELD       0.80  29267  0.755328  
22             NAN  NAN             BLACK       0.80  43630  0.755014  
23       THD X THD  NAN        SOCKETWELD       0.80  29197  0.753782  
24             NAN  NAN            CORVEL       0.80  26249  0.752111  

[25 rows x 21 columns]",35,BAD
66,"6"" TRIMMED ELBOW 90D, LR, BW, ASME 16.9, WROUGHT STEEL, ASTM/ASME A/SA-234-WPB, SCH.STD (60.00)",6 CARBON STEEL STANDARD WELD LONG RADIUS 90 ELBOW,True,66,27,16.92468860000008,"       ID                                              DESCRIPTION CATEGORY  \
0   25028                            8 X 6 CS STD WELD LR 90 ELBOW  FITTING   
1   24932                            6 X 3 CS STD WELD LR 90 ELBOW  FITTING   
2   25021     6 X 4 CARBON STEEL STANDARD WLD LONG RADIUS 90 ELBOW  FITTING   
3   25020     6 X 4 CARBON STEEL STANDARD WLD LONG RADIUS 90 ELBOW  FITTING   
4   24928                                6 CS STD WELD LR 90 ELBOW  FITTING   
5   24965     8 X 6 CARBON STEEL STANDARD WLD LONG RADIUS 90 ELBOW  FITTING   
6   24964     8 X 6 CARBON STEEL STANDARD WLD LONG RADIUS 90 ELBOW  FITTING   
7   24870                               36 CS STD WELD LR 90 ELBOW  FITTING   
8   24700                               12 CS STD WELD LR 90 ELBOW  FITTING   
9   25019    6 X 4 CARBON STEEL STANDARD WELD LONG RADIUS 90 ELBOW  FITTING   
10  25022     6 X 5 CARBON STEEL STANDARD WLD LONG RADIUS 90 ELBOW  FITTING   
11  25018    6 X 3 CARBON STEEL STANDARD WELD LONG RADIUS 90 ELBOW  FITTING   
12  27557                                6 CS STD WELD SR 90 ELBOW  FITTING   
13  25005                               30 CS STD WELD LR 90 ELBOW  FITTING   
14  22295                  6 CARBON STEEL STANDARD 3R 90 WLD ELBOW  FITTING   
15  24909                  6 CARBON STEEL STANDARD 3R 90 WLD ELBOW  FITTING   
16  24927                      6 CS STD A420 WPL6 WELD LR 90 ELBOW  FITTING   
17  27553                  6 CARBON STEEL STANDARD WLD SR 90 ELBOW  FITTING   
18  27554                  6 CARBON STEEL STANDARD WLD SR 90 ELBOW  FITTING   
19  43310           6X3 CARBON STEEL STD WELD LONG RADIUS 90 ELBOW  FITTING   
20  24934  6 X 4 CARBON STEEL EXTRA HEAVY WLD LONG RADIUS 90 ELBOW  FITTING   
21  24933  6 X 4 CARBON STEEL EXTRA HEAVY WLD LONG RADIUS 90 ELBOW  FITTING   
22  27552                 6 CARBON STEEL STANDARD WELD SR 90 ELBOW  FITTING   
23  24911         6 CARBON STEEL STANDARD WLD LONG RADIUS 90 ELBOW  FITTING   
24  24958                                8 CS STD WELD LR 90 ELBOW  FITTING   

                    TYPE PRIMARY_SIZE REDUCING_SIZE LENGTH MATERIAL_NAME  \
0            LR 90 ELBOW            8             6    NAN  CARBON STEEL   
1     LR 90 DEGREE ELBOW            6             3    NAN  CARBON STEEL   
2            LR 90 ELBOW            6             4    NAN  CARBON STEEL   
3            LR 90 ELBOW            6             4    NAN  CARBON STEEL   
4     LR 90 DEGREE ELBOW            6           NAN    NAN  CARBON STEEL   
5     LR 90 DEGREE ELBOW            8             6    NAN  CARBON STEEL   
6     LR 90 DEGREE ELBOW            8             6    NAN  CARBON STEEL   
7     LR 90 DEGREE ELBOW           36           NAN    NAN  CARBON STEEL   
8     LR 90 DEGREE ELBOW           12           NAN    NAN  CARBON STEEL   
9            LR 90 ELBOW            6             4    NAN  CARBON STEEL   
10           LR 90 ELBOW            6             5    NAN  CARBON STEEL   
11           LR 90 ELBOW            6             3    NAN  CARBON STEEL   
12    SR 90 DEGREE ELBOW            6           NAN    NAN  CARBON STEEL   
13           LR 90 ELBOW           30           NAN    NAN  CARBON STEEL   
14    3R 90 DEGREE ELBOW            6           NAN    NAN  CARBON STEEL   
15    LR 90 DEGREE ELBOW            6           NAN    NAN  CARBON STEEL   
16    LR 90 DEGREE ELBOW            6           NAN    NAN  CARBON STEEL   
17    SR 90 DEGREE ELBOW            6           NAN    NAN  CARBON STEEL   
18    SR 90 DEGREE ELBOW            6           NAN    NAN  CARBON STEEL   
19  LONG RADIUS 90 ELBOW          6.0           3.0    NAN  CARBON STEEL   
20    LR 90 DEGREE ELBOW            6             4    NAN  CARBON STEEL   
21    LR 90 DEGREE ELBOW            6             4    NAN  CARBON STEEL   
22    SR 90 DEGREE ELBOW            6           NAN    NAN  CARBON STEEL   
23    LR 90 DEGREE ELBOW            6           NAN    NAN  CARBON STEEL   
24    LR 90 DEGREE ELBOW            8           NAN    NAN  CARBON STEEL   

   MATERIAL_SPECIFICATION MATERIAL_GRADE  ... PRIMARY_SCHEDULE  \
0                     NAN            NAN  ...              STD   
1                     NAN            NAN  ...              STD   
2                     NAN            NAN  ...              STD   
3                     NAN            NAN  ...              STD   
4                     NAN            NAN  ...              STD   
5                     NAN            NAN  ...              STD   
6                     NAN            NAN  ...              STD   
7                     NAN            NAN  ...              STD   
8                     NAN            NAN  ...              STD   
9                     NAN            NAN  ...              STD   
10                    NAN            NAN  ...              STD   
11                    NAN            NAN  ...              STD   
12                    NAN            NAN  ...              STD   
13                    NAN            NAN  ...              STD   
14                    NAN            NAN  ...              STD   
15                    NAN            NAN  ...              STD   
16                   A420           WPL6  ...              STD   
17                    NAN            NAN  ...              STD   
18                    NAN            NAN  ...              STD   
19                    NAN            NAN  ...         STANDARD   
20                    NAN            NAN  ...               XH   
21                    NAN            NAN  ...               XH   
22                    NAN            NAN  ...              STD   
23                    NAN            NAN  ...              STD   
24                    NAN            NAN  ...              STD   

   REDUCING_SCHEDULE MANUFACTURING_PROCESS END_FINISH END_CONNECTIONS TRIM  \
0                NAN                  WELD        NAN             NAN  NAN   
1                NAN                WELDED         BW             NAN  NAN   
2                NAN                   NAN         BW             NAN  NAN   
3                NAN                  WELD        NAN             NAN  NAN   
4                NAN                WELDED        NAN             NAN  NAN   
5                NAN                  WELD        NAN             NAN  NAN   
6                NAN                   NAN         BW             NAN  NAN   
7                NAN                WELDED        NAN             NAN  NAN   
8                NAN                   NAN         BW             NAN  NAN   
9                NAN                  WELD        NAN             NAN  NAN   
10               NAN                WELDED        NAN             NAN  NAN   
11               NAN                  WELD        NAN             NAN  NAN   
12               NAN                   NAN        NAN             NAN  NAN   
13               NAN                WELDED         BW             NAN  NAN   
14               NAN                   NAN        NAN             NAN  NAN   
15               NAN                   NAN        NAN             NAN  NAN   
16               NAN                WELDED        NAN             NAN  NAN   
17               NAN                WELDED        NAN             NAN  NAN   
18               NAN                   NAN        NAN             NAN  NAN   
19               NAN                  WELD        NAN             NAN  NAN   
20               NAN                  WELD        NAN             NAN  NAN   
21               NAN                  WELD        NAN             NAN  NAN   
22               NAN                WELDED        NAN             NAN  NAN   
23               NAN                   NAN         BW             NAN  NAN   
24               NAN                WELDED        NAN             NAN  NAN   

   MISCELLANEOUS CONFIDENCE     id     score  
0            NAN       0.80  25028  0.759752  
1            NAN       0.80  24932  0.755836  
2            NAN       0.80  25021  0.754927  
3            NAN       0.80  25020  0.754834  
4            NAN       0.80  24928  0.754259  
5            NAN       0.80  24965  0.748487  
6            NAN       0.80  24964  0.748024  
7            NAN       0.80  24870  0.747834  
8            NAN       0.80  24700  0.745022  
9            NAN       0.80  25019  0.744960  
10           NAN       0.80  25022  0.743587  
11           NAN       0.80  25018  0.742626  
12           NAN       0.80  27557  0.741447  
13           NAN       0.80  25005  0.741291  
14           NAN       0.80  22295  0.741220  
15           NAN       0.80  24909  0.741220  
16           NAN       0.85  24927  0.739478  
17           NAN       0.85  27553  0.738883  
18           NAN       0.80  27554  0.738883  
19           NAN       0.80  43310  0.738744  
20           NAN       0.80  24934  0.735926  
21           NAN       0.85  24933  0.735603  
22           NAN       0.80  27552  0.734425  
23           NAN       0.80  24911  0.734253  
24           NAN       0.80  24958  0.732957  

[25 rows x 21 columns]",98,BAD
67,"FLANGE:RF SW,1IN,300LB,XH,A105B","1"" 300 SOCKETWELD FLANGE A105 CARBON STEEL SCHEDULE XH RAISED FACE",True,67,0,14.441203200000018,"       ID  \
0   43356   
1   43397   
2   43355   
3   43354   
4   42655   
5   43357   
6   43352   
7    3862   
8   42626   
9   43404   
10  43334   
11  43359   
12  43406   
13  43361   
14  15425   
15  15613   
16  15686   
17  15696   
18  43358   
19  15491   
20  15563   
21  43405   
22  15530   
23  12256   
24  15608   

                                                               DESCRIPTION  \
0       1"" 300 SOCKETWELD FLANGE A105 CARBON STEEL SCHEDULE XH RAISED FACE   
1       1"" 300 SOCKETWELD FLANGE A105 CARBON STEEL SCHEDULE XH RAISED FACE   
2       1"" 150 SOCKETWELD FLANGE A105 CARBON STEEL SCHEDULE XH RAISED FACE   
3       1"" 150 SOCKETWELD FLANGE A105 CARBON STEEL SCHEDULE XH RAISED FACE   
4            1"" 300 SOCKETWELD FLANGE CARBON STEEL SCHEDULE XH RAISED FACE   
5       1"" 600 SOCKETWELD FLANGE A105 CARBON STEEL SCHEDULE XH RAISED FACE   
6       1"" 600 SOCKETWELD FLANGE A105 CARBON STEEL SCHEDULE XH RAISED FACE   
7                              1 STAINLESS STEEL 316 L 300 XH RF WN FLANGE   
8                        1"" 300 BLIND FLANGE A105 CARBON STEEL RAISED FACE   
9                        1"" 300 BLIND FLANGE A105 CARBON STEEL RAISED FACE   
10                       1"" 300 BLIND FLANGE A105 CARBON STEEL RAISED FACE   
11  1-0.5 CARBON STEEL 300 SCHEDULE XH RAISED FACE SOCKETWELD FLANGE A105N   
12  1-0.5 CARBON STEEL 300 SCHEDULE XH RAISED FACE SOCKETWELD FLANGE A105N   
13  1-0.5 CARBON STEEL 300 SCHEDULE XH RAISED FACE SOCKETWELD FLANGE A105N   
14                          1 STAINLESS STEEL 316 L 300 XH RF SWEAT FLANGE   
15                             4 STAINLESS STEEL 316 L 300 XH RF WN FLANGE   
16                           1 STAINLESS STEEL 304L 300 XH RF SWEAT FLANGE   
17                   1 STAINLESS STEEL 316 L 300 SCHEDULE 160 RF SW FLANGE   
18    0.5 CARBON STEEL 300 SCHEDULE XH RAISED FACE SOCKETWELD FLANGE A105N   
19                              1 STAINLESS STEEL 304L 300 XH RF WN FLANGE   
20                             2 STAINLESS STEEL 316 L 300 XH RF WN FLANGE   
21    0.5 CARBON STEEL 300 SCHEDULE XH RAISED FACE SOCKETWELD FLANGE A105N   
22                             12 STAINLESS STEEL 304L 300 XH RF WN FLANGE   
23                             1 STAINLESS STEEL 316 L 150 XH RF WN FLANGE   
24                              4 STAINLESS STEEL 304L 300 XH RF WN FLANGE   

   CATEGORY                           TYPE PRIMARY_SIZE REDUCING_SIZE LENGTH  \
0    FLANGE                    SOCKET WELD          1.0           NAN    NAN   
1    FLANGE                    SOCKET WELD          1.0           NAN    NAN   
2    FLANGE                    SOCKET WELD          1.0           NAN    NAN   
3    FLANGE                    SOCKET WELD          1.0           NAN    NAN   
4    FLANGE                    SOCKET WELD          1.0           NAN    NAN   
5    FLANGE                    SOCKET WELD          1.0           NAN    NAN   
6    FLANGE                    SOCKET WELD          1.0           NAN    NAN   
7    FLANGE   RAISED FACE WELD NECK FLANGE            1           NAN    NAN   
8    FLANGE                          BLIND          1.0           NAN    NAN   
9    FLANGE                          BLIND          1.0           NAN    NAN   
10   FLANGE                          BLIND          1.0           NAN    NAN   
11   FLANGE                    SOCKET WELD          1.5           NAN    NAN   
12   FLANGE                    SOCKET WELD          1.5           NAN    NAN   
13   FLANGE                    SOCKET WELD          1.5           NAN    NAN   
14   FLANGE  RAISED FACE SOCKETWELD FLANGE            1           NAN    NAN   
15   FLANGE   RAISED FACE WELD NECK FLANGE            4           NAN    NAN   
16   FLANGE             SOCKET WELD FLANGE            1           NAN    NAN   
17   FLANGE              SOCKETWELD FLANGE            1           NAN    NAN   
18   FLANGE                    SOCKET WELD          0.5           NAN    NAN   
19   FLANGE   RAISED FACE WELD NECK FLANGE            1           NAN    NAN   
20   FLANGE   RAISED FACE WELD NECK FLANGE            2           NAN    NAN   
21   FLANGE                    SOCKET WELD          0.5           NAN    NAN   
22   FLANGE   RAISED FACE WELD NECK FLANGE           12           NAN    NAN   
23   FLANGE                      WELD NECK            1           NAN    NAN   
24   FLANGE   RAISED FACE WELD NECK FLANGE            4           NAN    NAN   

      MATERIAL_NAME MATERIAL_SPECIFICATION MATERIAL_GRADE  ...  \
0      CARBON STEEL                   A105            NAN  ...   
1      CARBON STEEL                   A105            NAN  ...   
2      CARBON STEEL                   A105            NAN  ...   
3      CARBON STEEL                   A105            NAN  ...   
4      CARBON STEEL                    NAN            NAN  ...   
5      CARBON STEEL                   A105            NAN  ...   
6      CARBON STEEL                   A105            NAN  ...   
7   STAINLESS STEEL                   316L            NAN  ...   
8      CARBON STEEL                   A105            NAN  ...   
9      CARBON STEEL                   A105            NAN  ...   
10     CARBON STEEL                   A105            NAN  ...   
11     CARBON STEEL                   A105              N  ...   
12     CARBON STEEL                   A105              N  ...   
13     CARBON STEEL                   A105              N  ...   
14  STAINLESS STEEL                    NAN           316L  ...   
15  STAINLESS STEEL                    NAN           316L  ...   
16  STAINLESS STEEL                   304L            NAN  ...   
17  STAINLESS STEEL                    NAN           316L  ...   
18     CARBON STEEL                   A105              N  ...   
19  STAINLESS STEEL                   304L            NAN  ...   
20  STAINLESS STEEL                    NAN           316L  ...   
21     CARBON STEEL                   A105              N  ...   
22  STAINLESS STEEL                   304L            NAN  ...   
23  STAINLESS STEEL                   316L            NAN  ...   
24  STAINLESS STEEL                   304L            NAN  ...   

   PRIMARY_SCHEDULE REDUCING_SCHEDULE MANUFACTURING_PROCESS   END_FINISH  \
0                XH               NAN                   NAN  RAISED FACE   
1                XH               NAN                   NAN  RAISED FACE   
2                XH               NAN                   NAN  RAISED FACE   
3       EXTRA HEAVY               NAN                   NAN  RAISED FACE   
4                XH               NAN                   NAN  RAISED FACE   
5       EXTRA HEAVY               NAN                   NAN  RAISED FACE   
6       EXTRA HEAVY               NAN                   NAN  RAISED FACE   
7                XH               NAN                   NAN  RAISED FACE   
8               NAN               NAN                   NAN  RAISED FACE   
9               NAN               NAN                   NAN  RAISED FACE   
10              NAN               NAN                   NAN  RAISED FACE   
11               XH               NAN                   NAN  RAISED FACE   
12               XH               NAN                   NAN  RAISED FACE   
13               XH               NAN                   NAN  RAISED FACE   
14               XH               NAN                   NAN  RAISED FACE   
15               XH               NAN                   NAN          NAN   
16               XH               NAN                   NAN  RAISED FACE   
17              160               NAN                   NAN  RAISED FACE   
18               XH               NAN                   NAN  RAISED FACE   
19               XH               NAN                   NAN  RAISED FACE   
20               XH               NAN                   NAN          NAN   
21               XH               NAN                   NAN  RAISED FACE   
22               XH               NAN                   NAN  RAISED FACE   
23               XH               NAN                   NAN  RAISED FACE   
24               XH               NAN                   NAN  RAISED FACE   

   END_CONNECTIONS TRIM MISCELLANEOUS CONFIDENCE     id     score  
0      SOCKET WELD  NAN           NAN       0.90  43356  0.771224  
1      SOCKET WELD  NAN           NAN       0.90  43397  0.771202  
2      SOCKET WELD  NAN           NAN       0.90  43355  0.747627  
3      SOCKET WELD  NAN           NAN       0.90  43354  0.747238  
4      SOCKET WELD  NAN           NAN       0.90  42655  0.746831  
5      SOCKET WELD  NAN           NAN       0.90  43357  0.743639  
6      SOCKET WELD  NAN           NAN       0.90  43352  0.743626  
7              NAN  NAN           NAN       0.95   3862  0.743032  
8              NAN  NAN           NAN       1.00  42626  0.741208  
9              NAN  NAN           NAN       1.00  43404  0.741087  
10             NAN  NAN           NAN       1.00  43334  0.741075  
11     SOCKET WELD  NAN           NAN       0.90  43359  0.735931  
12     SOCKET WELD  NAN           NAN       0.90  43406  0.735931  
13     SOCKET WELD  NAN           NAN       0.90  43361  0.735931  
14              SW  NAN           NAN       0.95  15425  0.731956  
15             NAN  NAN           NAN       0.95  15613  0.730021  
16              SW  NAN           NAN       0.95  15686  0.729541  
17              SW  NAN           NAN       0.95  15696  0.729250  
18     SOCKET WELD  NAN           NAN       0.90  43358  0.729193  
19             NAN  NAN           NAN       0.95  15491  0.728554  
20             NAN  NAN           NAN       0.90  15563  0.728475  
21     SOCKET WELD  NAN           NAN       0.90  43405  0.728454  
22             NAN  NAN           NAN       0.95  15530  0.727458  
23             NAN  NAN           NAN       0.95  12256  0.725652  
24             NAN  NAN           NAN       0.95  15608  0.725050  

[25 rows x 21 columns]",30,BAD
68,"2 45 DEGREE LONG RADIUS ELBOW , ASME B16.9 , BEVELED END , ASTM A420 GRADE WPL6 , TYPE S S-80",2 CARBON STEEL WPL6 SCHEDULE XH WELD 45 ELBOW,True,68,93,23.746020000000044,"       ID                                                DESCRIPTION CATEGORY  \
0   24517  2 CARBON STEEL WPL6 SCHEDULE 160 LONG RADIUS 45 WLD ELBOW  FITTING   
1   24516  2 CARBON STEEL WPL6 SCHEDULE 160 LONG RADIUS 45 WLD ELBOW  FITTING   
2   24765      2 CARBON STEEL WPL6 STANDARD WLD LONG RADIUS 90 ELBOW  FITTING   
3   24764      2 CARBON STEEL WPL6 STANDARD WLD LONG RADIUS 90 ELBOW  FITTING   
4   24777  2 X 1 CARBON STEEL WPL6 STANDARD WLD LONG RADIUS 90 ELBOW  FITTING   
5   42866     2 CARBON STEEL WPL6 STANDARD WELD LONG RADIUS 90 ELBOW  FITTING   
6   24725     16 CARBON STEEL WPL6 STANDARD WLD LONG RADIUS 90 ELBOW  FITTING   
7   24944      8 CARBON STEEL WPL6 STANDARD WLD LONG RADIUS 90 ELBOW  FITTING   
8   24945      8 CARBON STEEL WPL6 STANDARD WLD LONG RADIUS 90 ELBOW  FITTING   
9   22420                  2 CARBON STEEL WPL6 STANDARD WLD 45 ELBOW  FITTING   
10  22510                           6 CS STD A420 WPL6 WELD 45 ELBOW  FITTING   
11  24805     24 CARBON STEEL WPL6 STANDARD WLD LONG RADIUS 90 ELBOW  FITTING   
12  24763  2 CARBON STEEL WPL6 SCHEDULE 160 WLD LONG RADIUS 90 ELBOW  FITTING   
13  24762  2 CARBON STEEL WPL6 SCHEDULE 160 WLD LONG RADIUS 90 ELBOW  FITTING   
14  24542  4 CARBON STEEL WPL6 SCHEDULE 160 WLD LONG RADIUS 45 ELBOW  FITTING   
15  24489  1 CARBON STEEL WPL6 SCHEDULE 160 WLD LONG RADIUS 45 ELBOW  FITTING   
16  24879      4 CARBON STEEL WPL6 STANDARD WLD LONG RADIUS 90 ELBOW  FITTING   
17  24880      4 CARBON STEEL WPL6 STANDARD WLD LONG RADIUS 90 ELBOW  FITTING   
18  22519                  8 CARBON STEEL WPL6 STANDARD WLD 45 ELBOW  FITTING   
19  24927                        6 CS STD A420 WPL6 WELD LR 90 ELBOW  FITTING   
20  42816    16 CARBON STEEL WPL6 STANDARD WELD LONG RADIUS 90 ELBOW  FITTING   
21  24714     14 CARBON STEEL WPL6 STANDARD WLD LONG RADIUS 90 ELBOW  FITTING   
22  42938    24 CARBON STEEL WPL6 STANDARD WELD LONG RADIUS 90 ELBOW  FITTING   
23  42939    24 CARBON STEEL WPL6 STANDARD WELD LONG RADIUS 90 ELBOW  FITTING   
24  43179     8 CARBON STEEL WPL6 STANDARD WELD LONG RADIUS 90 ELBOW  FITTING   

                    TYPE PRIMARY_SIZE REDUCING_SIZE LENGTH MATERIAL_NAME  \
0     LR 45 DEGREE ELBOW            2           NAN    NAN  CARBON STEEL   
1     LR 45 DEGREE ELBOW            2           NAN    NAN  CARBON STEEL   
2     LR 90 DEGREE ELBOW            2           NAN    NAN  CARBON STEEL   
3     LR 90 DEGREE ELBOW            2           NAN    NAN  CARBON STEEL   
4     LR 90 DEGREE ELBOW            2             1    NAN  CARBON STEEL   
5   LONG RADIUS 90 ELBOW          2.0           NAN    NAN  CARBON STEEL   
6     LR 90 DEGREE ELBOW           16           NAN    NAN  CARBON STEEL   
7     LR 90 DEGREE ELBOW            8           NAN    NAN  CARBON STEEL   
8     LR 90 DEGREE ELBOW            8           NAN    NAN  CARBON STEEL   
9        45 DEGREE ELBOW            2           NAN    NAN  CARBON STEEL   
10       45 DEGREE ELBOW            6           NAN    NAN  CARBON STEEL   
11    LR 90 DEGREE ELBOW           24           NAN    NAN  CARBON STEEL   
12    LR 90 DEGREE ELBOW            2           NAN    NAN  CARBON STEEL   
13    LR 90 DEGREE ELBOW            2           NAN    NAN  CARBON STEEL   
14    LR 45 DEGREE ELBOW            4           NAN    NAN  CARBON STEEL   
15    LR 45 DEGREE ELBOW            1           NAN    NAN  CARBON STEEL   
16    LR 90 DEGREE ELBOW            4           NAN    NAN  CARBON STEEL   
17    LR 90 DEGREE ELBOW            4           NAN    NAN  CARBON STEEL   
18       45 DEGREE ELBOW            8           NAN    NAN  CARBON STEEL   
19    LR 90 DEGREE ELBOW            6           NAN    NAN  CARBON STEEL   
20  LONG RADIUS 90 ELBOW         16.0           NAN    NAN  CARBON STEEL   
21    LR 90 DEGREE ELBOW           14           NAN    NAN  CARBON STEEL   
22  LONG RADIUS 90 ELBOW         24.0           NAN    NAN  CARBON STEEL   
23  LONG RADIUS 90 ELBOW         24.0           NAN    NAN  CARBON STEEL   
24  LONG RADIUS 90 ELBOW          8.0           NAN    NAN  CARBON STEEL   

   MATERIAL_SPECIFICATION MATERIAL_GRADE  ... PRIMARY_SCHEDULE  \
0                    WPL6            NAN  ...              160   
1                    WPL6            NAN  ...              160   
2                    WPL6            NAN  ...              STD   
3                    WPL6            NAN  ...              STD   
4                    WPL6            NAN  ...              STD   
5                    WPL6            NAN  ...         STANDARD   
6                    WPL6            NAN  ...              STD   
7                    WPL6            NAN  ...              STD   
8                    WPL6            NAN  ...              STD   
9                    WPL6            NAN  ...              STD   
10                   A420           WPL6  ...              STD   
11                   WPL6            NAN  ...              STD   
12                   WPL6            NAN  ...              160   
13                   WPL6            NAN  ...              160   
14                   WPL6            NAN  ...              160   
15                   WPL6            NAN  ...              160   
16                   WPL6            NAN  ...              STD   
17                   WPL6            NAN  ...              STD   
18                   WPL6            NAN  ...              STD   
19                   A420           WPL6  ...              STD   
20                   WPL6            NAN  ...         STANDARD   
21                   WPL6            NAN  ...              STD   
22                   WPL6            NAN  ...         STANDARD   
23                   WPL6            NAN  ...         STANDARD   
24                   WPL6            NAN  ...         STANDARD   

   REDUCING_SCHEDULE MANUFACTURING_PROCESS END_FINISH END_CONNECTIONS TRIM  \
0                NAN                   NAN        NAN             NAN  NAN   
1                NAN                   NAN        NAN             NAN  NAN   
2                NAN                   NAN         BW             NAN  NAN   
3                NAN                WELDED        NAN             NAN  NAN   
4                NAN                   NAN        NAN             NAN  NAN   
5                NAN                  WELD        NAN             NAN  NAN   
6                NAN                   NAN         BW             NAN  NAN   
7                NAN                   NAN         BW             NAN  NAN   
8                NAN                   NAN         BW             NAN  NAN   
9                NAN                WELDED        NAN             NAN  NAN   
10               NAN                  WELD        NAN             NAN  NAN   
11               NAN                  WELD        NAN             NAN  NAN   
12               NAN                   NAN       WELD             NAN  NAN   
13               NAN                   NAN       WELD             NAN  NAN   
14               NAN                   NAN       WELD             NAN  NAN   
15               NAN                   NAN       WELD              BW  NAN   
16               NAN                   NAN        NAN             NAN  NAN   
17               NAN                   NAN         BW             NAN  NAN   
18               NAN                WELDED        NAN             NAN  NAN   
19               NAN                WELDED        NAN             NAN  NAN   
20               NAN                  WELD        NAN             NAN  NAN   
21               NAN                   NAN        NAN             NAN  NAN   
22               NAN                WELDED        NAN       BUTT WELD  NAN   
23               NAN                   NAN        NAN       BUTT WELD  NAN   
24               NAN                WELDED        NAN       BUTT WELD  NAN   

   MISCELLANEOUS CONFIDENCE     id     score  
0            NAN       0.95  24517  0.794612  
1            NAN       0.90  24516  0.794383  
2            NAN       0.90  24765  0.784235  
3            NAN       0.90  24764  0.784136  
4            NAN       0.90  24777  0.783146  
5            NAN       0.90  42866  0.779864  
6            NAN       0.90  24725  0.779599  
7            NAN       0.90  24944  0.778002  
8    LONG RADIUS       0.90  24945  0.777960  
9            NAN       0.85  22420  0.777210  
10           NAN       0.90  22510  0.776979  
11           NAN       0.90  24805  0.776940  
12           NAN       0.95  24763  0.775738  
13           NAN       0.90  24762  0.775719  
14           NAN       0.90  24542  0.773775  
15           NAN       0.95  24489  0.773699  
16           NAN       0.85  24879  0.773287  
17           NAN       0.90  24880  0.773287  
18           NAN       0.85  22519  0.773061  
19           NAN       0.85  24927  0.772821  
20           NAN       0.90  42816  0.772575  
21           NAN       0.85  24714  0.772094  
22           NAN       0.90  42938  0.771825  
23           NAN       0.90  42939  0.771770  
24           NAN       0.90  43179  0.771160  

[25 rows x 21 columns]",50,BAD
69,"8 PIPE , ASME B36.19 , BEVELED END , ASTM A312 GRADE TP304/TP304L , 100% RADIOGRAPHY , ELECTRIC FUSION WELDED (EJ = 1.00) S-80S",8 STAINLESS STEEL SCHEDULE 80 304L A312 SEAMLESS PIPE,True,69,45,22.42287959999976,"       ID                                        DESCRIPTION CATEGORY  \
0   38125                          1X5 S80 304L SMLS NIP TBE  FITTING   
1   38057                         1X12 S80 304L SMLS NIP TBE  FITTING   
2   39126       12 STAINLESS STEEL S80S 316 L A312 WELD PIPE     PIPE   
3   38871                       1 SS S80 304L A312 SMLS PIPE     PIPE   
4   39560  4 STAINLESS STEEL SCHEDULE 80 304L A312 WELD PIPE     PIPE   
5   39561  4 STAINLESS STEEL SCHEDULE 80 304L A312 WELD PIPE     PIPE   
6   39562  4 STAINLESS STEEL SCHEDULE 80 304L A312 WELD PIPE     PIPE   
7   38108                          1X4 S80 304L SMLS NIP PBE  FITTING   
8   38831                          1X4 S80 304L SMLS NIP PBE  FITTING   
9   38148                          1X8 S80 304L SMLS NIP TBE  FITTING   
10  38109                          1X4 S80 304L SMLS NIP TBE  FITTING   
11  38138                          1X6 S80 304L SMLS NIP TBE  FITTING   
12  38066                          1X2 S80 304L SMLS NIP TBE  FITTING   
13  41297        14 STAINLESS STEEL S80S 304L A312 WELD PIPE     PIPE   
14  39587                       6 SS S80 304L A312 SMLS PIPE     PIPE   
15  38092                          1X3 S80 304L SMLS NIP TBE  FITTING   
16  39508                       4 SS S80 304L A312 SMLS PIPE     PIPE   
17  38091                          1X3 S80 304L SMLS NIP PBE  FITTING   
18  38315                          2X5 S80 304L SMLS NIP TBE  FITTING   
19  39180        18 STAINLESS STEEL S80S 304L A312 WELD PIPE     PIPE   
20  39503        36 STAINLESS STEEL S80S 316L A312 WELD PIPE     PIPE   
21  39162        16 STAINLESS STEEL S80S 304L A312 WELD PIPE     PIPE   
22  39193                       2 SS S80 304L A312 SMLS PIPE     PIPE   
23  39682  8 STAINLESS STEEL SCHEDULE 80 304L A312 WELD PIPE     PIPE   
24  38928  1 STAINLESS STEEL SCHEDULE 80 304L A312 WELD PIPE     PIPE   

         TYPE PRIMARY_SIZE REDUCING_SIZE LENGTH    MATERIAL_NAME  \
0      NIPPLE            1           NAN      5  STAINLESS STEEL   
1      NIPPLE            1           NAN     12  STAINLESS STEEL   
2        PIPE           12           NAN    NAN  STAINLESS STEEL   
3        PIPE            1           NAN    NAN  STAINLESS STEEL   
4        PIPE            4           NAN    NAN  STAINLESS STEEL   
5        PIPE            4           NAN    NAN  STAINLESS STEEL   
6        PIPE            4           NAN    NAN  STAINLESS STEEL   
7      NIPPLE            1           NAN      4  STAINLESS STEEL   
8      NIPPLE            1           NAN      4  STAINLESS STEEL   
9      NIPPLE            1           NAN      8  STAINLESS STEEL   
10     NIPPLE            1           NAN      4  STAINLESS STEEL   
11     NIPPLE            1           NAN      6  STAINLESS STEEL   
12     NIPPLE            1             2    NAN  STAINLESS STEEL   
13  WELD PIPE           14           NAN    NAN  STAINLESS STEEL   
14       PIPE            6           NAN    NAN  STAINLESS STEEL   
15     NIPPLE            1             3    NAN  STAINLESS STEEL   
16       PIPE            4           NAN    NAN  STAINLESS STEEL   
17     NIPPLE            1           NAN      3  STAINLESS STEEL   
18     NIPPLE            2           NAN      5  STAINLESS STEEL   
19       PIPE           18           NAN    NAN  STAINLESS STEEL   
20       PIPE           36           NAN    NAN  STAINLESS STEEL   
21       PIPE           16           NAN    NAN  STAINLESS STEEL   
22       PIPE            2           NAN    NAN  STAINLESS STEEL   
23       PIPE            8           NAN    NAN  STAINLESS STEEL   
24       PIPE            1           NAN    NAN  STAINLESS STEEL   

   MATERIAL_SPECIFICATION MATERIAL_GRADE  ... PRIMARY_SCHEDULE  \
0                    304L            NAN  ...               80   
1                    304L            NAN  ...               80   
2                    A312           316L  ...              80S   
3                    A312           304L  ...               80   
4                    A312           304L  ...               80   
5                    A312           304L  ...               80   
6                    A312           304L  ...               80   
7                    304L            NAN  ...               80   
8                    304L            NAN  ...               80   
9                    304L            NAN  ...               80   
10                   304L            NAN  ...               80   
11                   304L            NAN  ...               80   
12                    NAN           304L  ...               80   
13                   A312           304L  ...              80S   
14                   A312           304L  ...               80   
15                   304L            NAN  ...               80   
16                   A312           304L  ...               80   
17                   304L            NAN  ...               80   
18                   304L            NAN  ...               80   
19                   A312           304L  ...              80S   
20                   A312           316L  ...              80S   
21                   A312           304L  ...              80S   
22                   A312           304L  ...               80   
23                   A312           304L  ...               80   
24                   A312           304L  ...               80   

   REDUCING_SCHEDULE MANUFACTURING_PROCESS END_FINISH END_CONNECTIONS TRIM  \
0                NAN              SEAMLESS        NAN        THD X BW  NAN   
1                NAN              SEAMLESS        NAN        THD X BW  NAN   
2                NAN                  WELD        NAN             NAN  NAN   
3                NAN              SEAMLESS        NAN             NAN  NAN   
4                NAN                WELDED        NAN             NAN  NAN   
5                NAN                WELDED        NAN             NAN  NAN   
6                NAN                WELDED        NAN             NAN  NAN   
7                NAN              SEAMLESS      PLAIN         PE X PE  NAN   
8                NAN              SEAMLESS        PBE             NAN  NAN   
9                NAN              SEAMLESS        NAN        THD X BW  NAN   
10               NAN              SEAMLESS        NAN        THD X BW  NAN   
11               NAN              SEAMLESS        NAN        THD X BW  NAN   
12               NAN              SEAMLESS        NAN        THD X BW  NAN   
13               NAN                WELDED        NAN             NAN  NAN   
14               NAN              SEAMLESS        NAN             NAN  NAN   
15               NAN              SEAMLESS        NAN        THD X BW  NAN   
16               NAN              SEAMLESS        NAN             NAN  NAN   
17               NAN              SEAMLESS      PLAIN         PE X PE  NAN   
18               NAN              SEAMLESS        NAN        THD X BW  NAN   
19               NAN                WELDED        NAN             NAN  NAN   
20               NAN                  WELD        NAN             NAN  NAN   
21               NAN                WELDED        NAN             NAN  NAN   
22               NAN              SEAMLESS        NAN             NAN  NAN   
23               NAN                WELDED        NAN             NAN  NAN   
24               NAN                WELDED        NAN             NAN  NAN   

   MISCELLANEOUS CONFIDENCE     id     score  
0            NAN       0.95  38125  0.736958  
1            NAN       0.95  38057  0.733987  
2            NAN       0.90  39126  0.731534  
3            NAN       0.95  38871  0.731235  
4            NAN       0.90  39560  0.730519  
5            NAN       0.90  39561  0.730517  
6            NAN       0.90  39562  0.730517  
7            NAN       0.95  38108  0.730102  
8            NAN       0.95  38831  0.730102  
9            NAN       0.95  38148  0.728482  
10           NAN       0.95  38109  0.727887  
11           NAN       0.95  38138  0.727856  
12           NAN       0.90  38066  0.727845  
13           NAN       0.90  41297  0.727768  
14           NAN       0.95  39587  0.727466  
15           NAN       0.90  38092  0.727424  
16           NAN       0.95  39508  0.726294  
17           NAN       0.95  38091  0.726028  
18           NAN       0.95  38315  0.725923  
19           NAN       0.90  39180  0.725673  
20           NAN       0.90  39503  0.725607  
21           NAN       0.90  39162  0.725217  
22           NAN       0.95  39193  0.724432  
23           NAN       0.90  39682  0.723849  
24           NAN       0.90  38928  0.723473  

[25 rows x 21 columns]",96,BAD
70,"6"" PIPE, ASTM A53, GRADE B, CS BLK, ERW, SCH.STD",6 BLACK PLAIN END A53B SCHEDULE 40 ELECTRIC RESISTANCE WELDED DRL PIPE,True,70,30,25.65968019999991,"       ID  \
0   27209   
1   27577   
2   27210   
3   27206   
4   27203   
5   27207   
6   27205   
7   27208   
8   42635   
9   42636   
10  42634   
11  42658   
12  27212   
13  27213   
14  42633   
15  27211   
16  27170   
17  42632   
18  43731   
19  42631   
20  43706   
21  26667   
22  26330   
23  26939   
24  27373   

                                                                DESCRIPTION  \
0                           6 BLACK PLAIN END A53B SCHEDULE 40 ERW SRL PIPE   
1                           6 BLACK PLAIN END A53B SCHEDULE 40 ERW SRL PIPE   
2                           6 BLACK PLAIN END A53B SCHEDULE 40 ERW SRL PIPE   
3          6 BLACK PLAIN END A53B SCHEDULE 40 ERW DOUBLE RANDOM LENGTH PIPE   
4                               6 BLACK PLAIN END A53B SCHEDULE 10 ERW PIPE   
5          6 BLACK PLAIN END A53B SCHEDULE 40 ERW DOUBLE RANDOM LENGTH PIPE   
6          6 BLACK PLAIN END A53B SCHEDULE 40 ERW DOUBLE RANDOM LENGTH PIPE   
7          6 BLACK PLAIN END A53B SCHEDULE 40 ERW DOUBLE RANDOM LENGTH PIPE   
8                               1"" PIPE BLACK A333 GR6 SCHEDULE 40 SEAMLESS   
9                               1"" PIPE BLACK A333 GR6 SCHEDULE 80 SEAMLESS   
10                              1"" PIPE BLACK A333 GR6 SCHEDULE 80 SEAMLESS   
11  1"" PIPE BLACK A53B SCHEDULE 80 ELECTRIC RESISTANCE WELDED SRL PLAIN END   
12                          6 BLACK PLAIN END A53B SCHEDULE 80 ERW SRL PIPE   
13                          6 BLACK PLAIN END A53B SCHEDULE 80 ERW SRL PIPE   
14                             1"" PIPE BLACK A333 GR6 SCHEDULE 160 SEAMLESS   
15         6 BLACK PLAIN END A53B SCHEDULE 80 ERW DOUBLE RANDOM LENGTH PIPE   
16                    6 BLACK PE A53A SCHEDULE 40 PIPE DOUBLE RANDOM LENGTH   
17                   1"" PIPE BLACK A106B SCHEDULE 40 SEAMLESS SRL PLAIN END   
18                   1"" PIPE BLACK A106B SCHEDULE 80 SEAMLESS SRL PLAIN END   
19                   1"" PIPE BLACK A106B SCHEDULE 80 SEAMLESS SRL PLAIN END   
20                  1"" PIPE BLACK A106B SCHEDULE 160 SEAMLESS SRL PLAIN END   
21                            16 BLACK PLAIN END A53B SCHEDULE 40 BARE PIPE   
22                          1 BLACK PLAIN END A53B SCHEDULE 40 ERW SRL PIPE   
23         3 BLACK PLAIN END A53B SCHEDULE 40 ERW DOUBLE RANDOM LENGTH PIPE   
24         3 BLACK PLAIN END A53B SCHEDULE 40 ERW DOUBLE RANDOM LENGTH PIPE   

   CATEGORY           TYPE PRIMARY_SIZE REDUCING_SIZE LENGTH MATERIAL_NAME  \
0      PIPE           PIPE            6           NAN    NAN  CARBON STEEL   
1      PIPE       STRAIGHT            6           NAN    NAN  CARBON STEEL   
2      PIPE           PIPE            6           NAN    NAN  CARBON STEEL   
3      PIPE           PIPE            6           NAN    NAN  CARBON STEEL   
4      PIPE           PIPE            6           NAN    NAN  CARBON STEEL   
5      PIPE           PIPE            6           NAN    NAN  CARBON STEEL   
6      PIPE           PIPE            6           NAN    NAN  CARBON STEEL   
7      PIPE           PIPE            6           NAN    NAN  CARBON STEEL   
8      PIPE  SEAMLESS PIPE          1.0           NAN    NAN  CARBON STEEL   
9      PIPE  SEAMLESS PIPE          1.0           NAN    NAN  CARBON STEEL   
10     PIPE  SEAMLESS PIPE          1.0           NAN    NAN  CARBON STEEL   
11     PIPE       ERW PIPE          1.0           NAN    NAN  CARBON STEEL   
12     PIPE           PIPE            6           NAN    NAN  CARBON STEEL   
13     PIPE           PIPE            6           NAN    NAN  CARBON STEEL   
14     PIPE  SEAMLESS PIPE          1.0           NAN    NAN  CARBON STEEL   
15     PIPE           PIPE            6           NAN    NAN  CARBON STEEL   
16     PIPE           PIPE            6           NAN    NAN  CARBON STEEL   
17     PIPE  SEAMLESS PIPE          1.0           NAN    NAN  CARBON STEEL   
18     PIPE  SEAMLESS PIPE          1.0           NAN    NAN  CARBON STEEL   
19     PIPE  SEAMLESS PIPE          1.0           NAN    NAN  CARBON STEEL   
20     PIPE  PIPE SEAMLESS          1.0           NAN    NAN  CARBON STEEL   
21     PIPE           PIPE           16           NAN    NAN  CARBON STEEL   
22     PIPE           PIPE            1           NAN    NAN  CARBON STEEL   
23     PIPE           PIPE            3           NAN    NAN  CARBON STEEL   
24     PIPE      PLAIN END            3           NAN    NAN  CARBON STEEL   

   MATERIAL_SPECIFICATION MATERIAL_GRADE  ... PRIMARY_SCHEDULE  \
0                     A53              B  ...               40   
1                     A53              B  ...               40   
2                     A53              B  ...               40   
3                     A53              B  ...               40   
4                     A53              B  ...               10   
5                     A53              B  ...               40   
6                     A53              B  ...               40   
7                     A53              B  ...               40   
8                    A333              6  ...               40   
9                    A333            GR6  ...               80   
10                   A333              6  ...               80   
11                    A53              B  ...               80   
12                    A53              B  ...               80   
13                    A53              B  ...               80   
14                   A333            GR6  ...              160   
15                    A53              B  ...               80   
16                   A53A            NAN  ...               40   
17                   A106              B  ...               40   
18                   A106              B  ...               80   
19                   A106              B  ...               80   
20                   A106              B  ...              160   
21                    A53              B  ...               40   
22                    A53              B  ...               40   
23                    A53              B  ...               40   
24                    A53              B  ...               40   

   REDUCING_SCHEDULE MANUFACTURING_PROCESS END_FINISH END_CONNECTIONS TRIM  \
0                NAN                   ERW  PLAIN END             NAN  NAN   
1                NAN                   ERW         PE              PE  NAN   
2                NAN                   ERW  PLAIN END             NAN  NAN   
3                NAN                   ERW  PLAIN END             NAN  NAN   
4                NAN                   ERW         PE         PE X PE  NAN   
5                NAN                   ERW  PLAIN END             NAN  NAN   
6                NAN                   ERW  PLAIN END             NAN  NAN   
7                NAN                   ERW         PE             NAN  NAN   
8                NAN              SEAMLESS      BLACK             NAN  NAN   
9                NAN              SEAMLESS      BLACK             NAN  NAN   
10               NAN              SEAMLESS      BLACK             NAN  NAN   
11               NAN                   ERW      BLACK              PE  NAN   
12               NAN                   ERW  PLAIN END             NAN  NAN   
13               NAN                   ERW         PE             NAN  NAN   
14               NAN              SEAMLESS      BLACK             NAN  NAN   
15               NAN                   ERW  PLAIN END             NAN  NAN   
16               NAN                   NAN  PLAIN END             NAN  NAN   
17               NAN              SEAMLESS      BLACK       PLAIN END  NAN   
18               NAN              SEAMLESS      BLACK       PLAIN END  NAN   
19               NAN              SEAMLESS        NAN       PLAIN END  NAN   
20               NAN              SEAMLESS      BLACK       PLAIN END  NAN   
21               NAN                   NAN  PLAIN END              PE  NAN   
22               NAN                   ERW  PLAIN END             NAN  NAN   
23               NAN                   ERW  PLAIN END             NAN  NAN   
24               NAN                   ERW  PLAIN END              PE  NAN   

          MISCELLANEOUS CONFIDENCE     id     score  
0             BLACK SRL       0.95  27209  0.774950  
1                 BLACK       0.95  27577  0.774906  
2             SRL BLACK       0.95  27210  0.774585  
3                 BLACK       0.95  27206  0.772993  
4                 BLACK       0.95  27203  0.772992  
5                 BLACK       0.95  27207  0.772881  
6                 BLACK       0.95  27205  0.772827  
7                 BLACK       0.95  27208  0.772827  
8                   NAN       0.90  42635  0.771847  
9                   NAN       0.90  42636  0.767225  
10                  NAN       0.90  42634  0.767225  
11                  SRL       0.90  42658  0.766950  
12            BLACK SRL       0.95  27212  0.766246  
13  BLACK PLAIN END SRL       0.95  27213  0.766154  
14                  NAN       0.90  42633  0.766058  
15                BLACK       0.95  27211  0.765537  
16                  DRL       0.85  27170  0.765069  
17                  SRL       0.90  42632  0.761991  
18                  SRL       0.90  43731  0.756709  
19                BLACK       0.90  42631  0.756709  
20                  SRL       0.90  43706  0.755905  
21           BLACK BARE       0.90  26667  0.752027  
22                BLACK       0.95  26330  0.749924  
23                BLACK       0.95  26939  0.748532  
24                BLACK       0.95  27373  0.748254  

[25 rows x 21 columns]",46,BAD
71,"UNION, PIPE, 1"", THREADED, GALVANIZED",LEAD LAW COMPLIANT 1 GALVANIZED MALLEABLE IRON 150 BRASS GROUND-JOINT UNION,True,71,53,18.43748370000003,"       ID                                                  DESCRIPTION  \
0   18124                         1 GALVANIZED 3000 THREAD STEEL UNION   
1   16142            1 GALVANIZED FORGED STEEL 3000 THREAD STEEL UNION   
2   16143            1 GALVANIZED FORGED STEEL 3000 THREAD STEEL UNION   
3   18158        1-0.5 GALVANIZED FORGED STEEL 3000 THREAD STEEL UNION   
4   18160        1-0.5 GALVANIZED FORGED STEEL 3000 THREAD STEEL UNION   
5   18159        1-0.5 GALVANIZED FORGED STEEL 3000 THREAD STEEL UNION   
6   18157        1-0.5 GALVANIZED FORGED STEEL 3000 THREAD STEEL UNION   
7   18137          0.5 GALVANIZED FORGED STEEL 3000 THREAD STEEL UNION   
8   16145          0.5 GALVANIZED FORGED STEEL 3000 THREAD STEEL UNION   
9   18138          0.5 GALVANIZED FORGED STEEL 3000 THREAD STEEL UNION   
10   6114      1 GALVANIZED FORGED STEEL 3000 THREAD BRASS STEEL UNION   
11  18174            2 GALVANIZED FORGED STEEL 3000 THREAD STEEL UNION   
12  18175            2 GALVANIZED FORGED STEEL 3000 THREAD STEEL UNION   
13   9595  LEAD LAW COMPLIANT 1 GALVANIZED MALLEABLE IRON 150 GJ UNION   
14  16158            2 GALVANIZED FORGED STEEL 3000 THREAD STEEL UNION   
15  16159            2 GALVANIZED FORGED STEEL 3000 THREAD STEEL UNION   
16   1758                              0.5 STD GALVANIZED 150 AI UNION   
17   6113      1 GALVANIZED FORGED STEEL 3000 SOCKET STEEL STEEL UNION   
18  16147         0.25 GALVANIZED FORGED STEEL 3000 THREAD STEEL UNION   
19  18166       1-0.25 GALVANIZED FORGED STEEL 3000 THREAD STEEL UNION   
20  16166         0.75 GALVANIZED FORGED STEEL 3000 THREAD STEEL UNION   
21  16167         0.75 GALVANIZED FORGED STEEL 3000 THREAD STEEL UNION   
22  18190         0.75 GALVANIZED FORGED STEEL 3000 THREAD STEEL UNION   
23  16153       1-0.25 GALVANIZED FORGED STEEL 3000 THREAD STEEL UNION   
24  18156        1-0.5 GALVANIZED FORGED STEEL 3000 THREAD BRASS UNION   

   CATEGORY                TYPE PRIMARY_SIZE REDUCING_SIZE LENGTH  \
0   FITTING               UNION            1           NAN    NAN   
1   FITTING               UNION            1           NAN    NAN   
2   FITTING               UNION            1           NAN    NAN   
3   FITTING               UNION          1.5           NAN    NAN   
4   FITTING               UNION          1.5           NAN    NAN   
5   FITTING               UNION          1.5           NAN    NAN   
6   FITTING               UNION          1.5           NAN    NAN   
7   FITTING               UNION          0.5           NAN    NAN   
8   FITTING               UNION          0.5           NAN    NAN   
9   FITTING               UNION          0.5           NAN    NAN   
10  FITTING               UNION            1           NAN    NAN   
11  FITTING               UNION            2           NAN    NAN   
12  FITTING               UNION            2           NAN    NAN   
13  FITTING  GROUND JOINT UNION            1           NAN    NAN   
14  FITTING               UNION            2           NAN    NAN   
15  FITTING               UNION            2           NAN    NAN   
16  FITTING               UNION          0.5           NAN    NAN   
17  FITTING               UNION            1           NAN    NAN   
18  FITTING               UNION         0.25           NAN    NAN   
19  FITTING               UNION         1.25           NAN    NAN   
20  FITTING               UNION         0.75           NAN    NAN   
21  FITTING               UNION         0.75           NAN    NAN   
22  FITTING               UNION         0.75           NAN    NAN   
23  FITTING               UNION         1.25           NAN    NAN   
24  FITTING               UNION          1.5           NAN    NAN   

     MATERIAL_NAME MATERIAL_SPECIFICATION MATERIAL_GRADE  ...  \
0            STEEL                    NAN            NAN  ...   
1     CARBON STEEL                    NAN            NAN  ...   
2     CARBON STEEL                    NAN            NAN  ...   
3            STEEL                    NAN            NAN  ...   
4            STEEL                    NAN            NAN  ...   
5            STEEL                    NAN            NAN  ...   
6            STEEL                    NAN            NAN  ...   
7            STEEL                    NAN            NAN  ...   
8     CARBON STEEL                    NAN            NAN  ...   
9            STEEL                    NAN            NAN  ...   
10           STEEL                    NAN            NAN  ...   
11           STEEL                    NAN            NAN  ...   
12           STEEL                    NAN            NAN  ...   
13  MALLEABLE IRON                    NAN            NAN  ...   
14    CARBON STEEL                    NAN            NAN  ...   
15    CARBON STEEL                    NAN            NAN  ...   
16             NAN                    NAN            NAN  ...   
17           STEEL                    NAN            NAN  ...   
18    CARBON STEEL                    NAN            NAN  ...   
19           STEEL                    NAN            NAN  ...   
20    CARBON STEEL                    NAN            NAN  ...   
21    CARBON STEEL                    NAN            NAN  ...   
22           STEEL                    NAN            NAN  ...   
23    CARBON STEEL                    NAN            NAN  ...   
24           STEEL                    NAN            NAN  ...   

   PRIMARY_SCHEDULE REDUCING_SCHEDULE MANUFACTURING_PROCESS  END_FINISH  \
0               NAN               NAN                   NAN  GALVANIZED   
1               NAN               NAN                FORGED  GALVANIZED   
2               NAN               NAN                FORGED  GALVANIZED   
3               NAN               NAN                FORGED  GALVANIZED   
4               NAN               NAN                FORGED  GALVANIZED   
5               NAN               NAN                FORGED  GALVANIZED   
6               NAN               NAN                FORGED  GALVANIZED   
7               NAN               NAN                FORGED  GALVANIZED   
8               NAN               NAN                FORGED  GALVANIZED   
9               NAN               NAN                FORGED  GALVANIZED   
10              NAN               NAN                FORGED  GALVANIZED   
11              NAN               NAN                FORGED  GALVANIZED   
12              NAN               NAN                FORGED  GALVANIZED   
13              NAN               NAN                   NAN  GALVANIZED   
14              NAN               NAN                FORGED  GALVANIZED   
15              NAN               NAN                FORGED  GALVANIZED   
16              STD               NAN                   NAN  GALVANIZED   
17              NAN               NAN                FORGED  GALVANIZED   
18              NAN               NAN                FORGED  GALVANIZED   
19              NAN               NAN                FORGED  GALVANIZED   
20              NAN               NAN                FORGED  GALVANIZED   
21              NAN               NAN                FORGED  GALVANIZED   
22              NAN               NAN                FORGED  GALVANIZED   
23              NAN               NAN                FORGED  GALVANIZED   
24              NAN               NAN                FORGED  GALVANIZED   

   END_CONNECTIONS   TRIM       MISCELLANEOUS CONFIDENCE     id     score  
0              THD    NAN                 NAN       0.85  18124  0.785167  
1              THD    NAN                 NAN       0.90  16142  0.765990  
2              THD    NAN                 NAN       0.90  16143  0.764046  
3              THD    NAN                 NAN       0.90  18158  0.762933  
4              THD    NAN                 NAN       0.90  18160  0.762908  
5              THD    NAN                 NAN       0.90  18159  0.762908  
6              THD    NAN                 NAN       0.90  18157  0.762908  
7              THD    NAN                 NAN       0.90  18137  0.757597  
8              THD    NAN                 NAN       0.90  16145  0.757597  
9              THD    NAN                 NAN       0.90  18138  0.757578  
10             THD  BRASS                 NAN       0.85   6114  0.755643  
11             THD    NAN                 NAN       0.90  18174  0.754604  
12             THD    NAN                 NAN       0.90  18175  0.754562  
13             NAN    NAN  LEAD LAW COMPLIANT       0.85   9595  0.754315  
14             THD    NAN                 NAN       0.90  16158  0.754191  
15             THD    NAN                 NAN       0.90  16159  0.754191  
16             NAN    NAN        AIR INJECTOR       0.85   1758  0.751556  
17              SW    NAN                 NAN       0.85   6113  0.750890  
18             THD    NAN                 NAN       0.85  16147  0.750873  
19             THD    NAN                 NAN       0.90  18166  0.750673  
20             THD    NAN                 NAN       0.85  16166  0.750662  
21             THD    NAN                 NAN       0.90  16167  0.750662  
22             THD    NAN                 NAN       0.90  18190  0.750662  
23             THD    NAN                 NAN       0.90  16153  0.750641  
24             THD  BRASS                 NAN       0.90  18156  0.750640  

[25 rows x 21 columns]",28,BAD
72,"3"" ELBOW 90D, LR, BW, ASME 16.9, WROUGHT STEEL, ASTM/ASME A/SA-234-WPB, SCH.STD",3 CARBON STEEL STANDARD WELD LONG RADIUS 90 ELBOW,True,72,22,11.064130400000067,"       ID                                           DESCRIPTION CATEGORY  \
0   24999                             3 CS STD WELD LR 90 ELBOW  FITTING   
1   22293               3 CARBON STEEL STANDARD 3R 90 WLD ELBOW  FITTING   
2   22292               3 CARBON STEEL STANDARD 3R 90 WLD ELBOW  FITTING   
3   24939               8 CARBON STEEL STANDARD 3R 90 WLD ELBOW  FITTING   
4   24940               8 CARBON STEEL STANDARD 3R 90 WLD ELBOW  FITTING   
5   27531               3 CARBON STEEL STANDARD WLD SR 90 ELBOW  FITTING   
6   27532               3 CARBON STEEL STANDARD WLD SR 90 ELBOW  FITTING   
7   22541               4 CARBON STEEL STANDARD 3R 90 WLD ELBOW  FITTING   
8   22540               4 CARBON STEEL STANDARD 3R 90 WLD ELBOW  FITTING   
9   22532              16 CARBON STEEL STANDARD 3R 90 WLD ELBOW  FITTING   
10  24841                         3 X 2 CS STD WELD LR 90 ELBOW  FITTING   
11  22295               6 CARBON STEEL STANDARD 3R 90 WLD ELBOW  FITTING   
12  24909               6 CARBON STEEL STANDARD 3R 90 WLD ELBOW  FITTING   
13  24757               2 CARBON STEEL STANDARD 3R 90 WLD ELBOW  FITTING   
14  24832                        3 CS STD A420 WELD LR 90 ELBOW  FITTING   
15  24997      3 CARBON STEEL STANDARD WLD LONG RADIUS 90 ELBOW  FITTING   
16  24839  3 X 2 CARBON STEEL STANDARD WLD LONG RADIUS 90 ELBOW  FITTING   
17  24840  3 X 2 CARBON STEEL STANDARD WLD LONG RADIUS 90 ELBOW  FITTING   
18  24870                            36 CS STD WELD LR 90 ELBOW  FITTING   
19  27568           3-0.5 CARBON STEEL STANDARD WLD SR 90 ELBOW  FITTING   
20  24685              12 CARBON STEEL STANDARD 3R 90 WLD ELBOW  FITTING   
21  22530              12 CARBON STEEL STANDARD 3R 90 WLD ELBOW  FITTING   
22  24823     3 CARBON STEEL STANDARD WELD LONG RADIUS 90 ELBOW  FITTING   
23  43674     3 CARBON STEEL STANDARD WELD LONG RADIUS 90 ELBOW  FITTING   
24  42996     3 CARBON STEEL STANDARD WELD LONG RADIUS 90 ELBOW  FITTING   

                    TYPE PRIMARY_SIZE REDUCING_SIZE LENGTH MATERIAL_NAME  \
0            LR 90 ELBOW            3           NAN    NAN  CARBON STEEL   
1     3R 90 DEGREE ELBOW            3           NAN    NAN  CARBON STEEL   
2     3R 90 DEGREE ELBOW            3           NAN    NAN  CARBON STEEL   
3     LR 90 DEGREE ELBOW            8           NAN    NAN  CARBON STEEL   
4     LR 90 DEGREE ELBOW            8           NAN    NAN  CARBON STEEL   
5     SR 90 DEGREE ELBOW            3           NAN    NAN  CARBON STEEL   
6     SR 90 DEGREE ELBOW            3           NAN    NAN  CARBON STEEL   
7        90 DEGREE ELBOW            4           NAN    NAN  CARBON STEEL   
8        90 DEGREE ELBOW            4           NAN    NAN  CARBON STEEL   
9        90 DEGREE ELBOW           16           NAN    NAN  CARBON STEEL   
10    LR 90 DEGREE ELBOW            3             2    NAN  CARBON STEEL   
11    3R 90 DEGREE ELBOW            6           NAN    NAN  CARBON STEEL   
12    LR 90 DEGREE ELBOW            6           NAN    NAN  CARBON STEEL   
13    LR 90 DEGREE ELBOW            2           NAN    NAN  CARBON STEEL   
14    LR 90 DEGREE ELBOW            3           NAN    NAN  CARBON STEEL   
15           LR 90 ELBOW            3           NAN    NAN  CARBON STEEL   
16    LR 90 DEGREE ELBOW            3             2    NAN  CARBON STEEL   
17    LR 90 DEGREE ELBOW            3             2    NAN  CARBON STEEL   
18    LR 90 DEGREE ELBOW           36           NAN    NAN  CARBON STEEL   
19           SR 90 ELBOW          3.5           NAN    NAN  CARBON STEEL   
20    LR 90 DEGREE ELBOW           12           NAN    NAN  CARBON STEEL   
21       90 DEGREE ELBOW           12           NAN    NAN  CARBON STEEL   
22    LR 90 DEGREE ELBOW            3           NAN    NAN  CARBON STEEL   
23  LONG RADIUS 90 ELBOW          3.0           NAN    NAN  CARBON STEEL   
24  LONG RADIUS 90 ELBOW          3.0           NAN    NAN  CARBON STEEL   

   MATERIAL_SPECIFICATION MATERIAL_GRADE  ... PRIMARY_SCHEDULE  \
0                     NAN            NAN  ...              STD   
1                     NAN            NAN  ...              STD   
2                     NAN            NAN  ...              STD   
3                     NAN            NAN  ...              STD   
4                     NAN            NAN  ...              STD   
5                     NAN            NAN  ...              STD   
6                     NAN            NAN  ...              STD   
7                     NAN            NAN  ...              STD   
8                     NAN            NAN  ...              STD   
9                     NAN            NAN  ...              STD   
10                    NAN            NAN  ...              STD   
11                    NAN            NAN  ...              STD   
12                    NAN            NAN  ...              STD   
13                    NAN            NAN  ...              STD   
14                   A420            NAN  ...              STD   
15                    NAN            NAN  ...              STD   
16                    NAN            NAN  ...              STD   
17                    NAN            NAN  ...              STD   
18                    NAN            NAN  ...              STD   
19                    NAN            NAN  ...              STD   
20                    NAN            NAN  ...              STD   
21                    NAN            NAN  ...              STD   
22                    NAN            NAN  ...              STD   
23                    NAN            NAN  ...         STANDARD   
24                    NAN            NAN  ...         STANDARD   

   REDUCING_SCHEDULE MANUFACTURING_PROCESS END_FINISH END_CONNECTIONS TRIM  \
0                NAN                WELDED        NAN             NAN  NAN   
1                NAN                   NAN         BW             NAN  NAN   
2                NAN                   NAN        NAN             NAN  NAN   
3                NAN                   NAN        NAN             NAN  NAN   
4                NAN                   NAN        NAN             NAN  NAN   
5                NAN                WELDED        NAN             NAN  NAN   
6                NAN                   NAN        NAN             NAN  NAN   
7                NAN                   NAN        NAN             NAN  NAN   
8                NAN                   NAN        NAN             NAN  NAN   
9                NAN                   NAN         BW             NAN  NAN   
10               NAN                   NAN         BW             NAN  NAN   
11               NAN                   NAN        NAN             NAN  NAN   
12               NAN                   NAN        NAN             NAN  NAN   
13               NAN                   NAN        NAN             NAN  NAN   
14               NAN                  WELD        NAN             NAN  NAN   
15               NAN                   NAN         BW             NAN  NAN   
16               STD                WELDED        NAN             NAN  NAN   
17               NAN                   NAN         BW             NAN  NAN   
18               NAN                WELDED        NAN             NAN  NAN   
19               NAN                   NAN         BW             NAN  NAN   
20               NAN                   NAN         BW             NAN  NAN   
21               NAN                   NAN        NAN             NAN  NAN   
22               NAN                WELDED        NAN             NAN  NAN   
23               NAN                  WELD        NAN             NAN  NAN   
24               NAN                WELDED        NAN       BUTT WELD  NAN   

   MISCELLANEOUS CONFIDENCE     id     score  
0            NAN       0.80  24999  0.792912  
1            NAN       0.85  22293  0.790655  
2            NAN       0.80  22292  0.790632  
3            NAN       0.80  24939  0.787794  
4            NAN       0.80  24940  0.787677  
5            NAN       0.80  27531  0.786220  
6            NAN       0.85  27532  0.786207  
7             3R       0.80  22541  0.783626  
8             3R       0.80  22540  0.783626  
9             3R       0.80  22532  0.783569  
10           NAN       0.80  24841  0.780831  
11           NAN       0.80  22295  0.780694  
12           NAN       0.80  24909  0.780694  
13           NAN       0.80  24757  0.780331  
14           NAN       0.85  24832  0.779987  
15           NAN       0.80  24997  0.779692  
16           NAN       0.80  24839  0.778569  
17           NAN       0.80  24840  0.778567  
18           NAN       0.80  24870  0.778447  
19           NAN       0.80  27568  0.777015  
20           NAN       0.85  24685  0.775358  
21            3R       0.80  22530  0.775358  
22           NAN       0.85  24823  0.773944  
23           NAN       0.80  43674  0.773944  
24           NAN       0.80  42996  0.773932  

[25 rows x 21 columns]",41,BAD
73,"10 PIPE , ASME B36.10 , BEVELED END , ASTM A106-B , SMLS, 100% UT FOR PIPE S-STD",10 BLACK PLAIN END A106B SCHEDULE 40 SEAMLESS SRL PIPE,True,73,14,23.569653600000038,"       ID                                                       DESCRIPTION  \
0   26430  10 BLACK PLAIN END A106B S100 SEAMLESS DOUBLE RANDOM LENGTH PIPE   
1   26436                   10 BLACK PLAIN END A106B S160 SEAMLESS PIPE SRL   
2   26437                   10 BLACK PLAIN END A106B S160 SEAMLESS SRL PIPE   
3   26432                   10 BLACK PLAIN END A106B S120 SEAMLESS PIPE SRL   
4   26438                    10 BLACK PLAIN END A106B S60 SEAMLESS SRL PIPE   
5   26425                    10 BLACK PLAIN END A106B 594 SEAMLESS SRL PIPE   
6   26433  10 BLACK PLAIN END A106B S140 SEAMLESS DOUBLE RANDOM LENGTH PIPE   
7   26431  10 BLACK PLAIN END A106B S120 SEAMLESS DOUBLE RANDOM LENGTH PIPE   
8   26435  10 BLACK PLAIN END A106B S160 SEAMLESS DOUBLE RANDOM LENGTH PIPE   
9   26434  10 BLACK PLAIN END A106B S160 SEAMLESS DOUBLE RANDOM LENGTH PIPE   
10  26421                              10 BLACK PE A106B S120 SMLS SRL PIPE   
11  26422                              10 BLACK PE A106B S140 SMLS SRL PIPE   
12  26452                    10 BLACK PLAIN END A106B T80 SEAMLESS SRL PIPE   
13  26451                    10 BLACK PLAIN END A106B T80 SEAMLESS SRL PIPE   
14  28540            10 BLACK PLAIN END A106B SCHEDULE 40 SEAMLESS SRL PIPE   
15  26446            10 BLACK PLAIN END A106B SCHEDULE 40 SEAMLESS SRL PIPE   
16  26439                            10 BLACK PLAIN END A106B S80 PIPE LRES   
17  43711            10 BLACK PLAIN END A106B SCHEDULE 40 SEAMLESS SRL PIPE   
18  27345            10 BLACK PLAIN END A106B SCHEDULE 40 SEAMLESS SRL PIPE   
19  27344            10 BLACK PLAIN END A106B SCHEDULE 40 SEAMLESS SRL PIPE   
20  42714            10 BLACK PLAIN END A106B SCHEDULE 40 SEAMLESS SRL PIPE   
21  27343                   10 BLACK PLAIN END A106B .594 SEAMLESS SRL PIPE   
22  27141                    5 BLACK PLAIN END A106B S160 SEAMLESS PIPE SRL   
23  26429            10 BLACK PLAIN END A106B EXTRA HEAVY SEAMLESS SRL PIPE   
24  26427            10 BLACK PLAIN END A106B EXTRA HEAVY SEAMLESS SRL PIPE   

   CATEGORY            TYPE PRIMARY_SIZE REDUCING_SIZE LENGTH MATERIAL_NAME  \
0      PIPE            PIPE           10           NAN    NAN  CARBON STEEL   
1      PIPE            PIPE           10           NAN    NAN  CARBON STEEL   
2      PIPE            PIPE           10           NAN    NAN  CARBON STEEL   
3      PIPE            PIPE           10           NAN    NAN  CARBON STEEL   
4      PIPE            PIPE           10           NAN    NAN  CARBON STEEL   
5      PIPE            PIPE           10           NAN    NAN  CARBON STEEL   
6      PIPE            PIPE           10           NAN    NAN  CARBON STEEL   
7      PIPE            PIPE           10           NAN    NAN  CARBON STEEL   
8      PIPE            PIPE           10           NAN    NAN  CARBON STEEL   
9      PIPE            PIPE           10           NAN    NAN  CARBON STEEL   
10     PIPE            PIPE           10           NAN    NAN  CARBON STEEL   
11     PIPE            PIPE           10           NAN    NAN  CARBON STEEL   
12     PIPE            PIPE           10           NAN    NAN  CARBON STEEL   
13     PIPE            PIPE           10           NAN    NAN  CARBON STEEL   
14     PIPE       PLAIN END           10           NAN    NAN  CARBON STEEL   
15     PIPE            PIPE           10           NAN    NAN  CARBON STEEL   
16     PIPE            PIPE           10           NAN    NAN  CARBON STEEL   
17     PIPE   SEAMLESS PIPE         10.0           NAN    NAN  CARBON STEEL   
18     PIPE  PLAIN END PIPE           10           NAN    NAN  CARBON STEEL   
19     PIPE  PLAIN END PIPE           10           NAN    NAN  CARBON STEEL   
20     PIPE   SEAMLESS PIPE         10.0           NAN    NAN  CARBON STEEL   
21     PIPE  PLAIN END PIPE           10           NAN    NAN  CARBON STEEL   
22     PIPE            PIPE            5           NAN    NAN  CARBON STEEL   
23     PIPE            PIPE           10           NAN    NAN  CARBON STEEL   
24     PIPE            PIPE           10           NAN    NAN  CARBON STEEL   

   MATERIAL_SPECIFICATION MATERIAL_GRADE  ... PRIMARY_SCHEDULE  \
0                    A106              B  ...              100   
1                    A106              B  ...              160   
2                    A106              B  ...              160   
3                    A106              B  ...              120   
4                    A106              B  ...               60   
5                    A106              B  ...              NAN   
6                    A106              B  ...              140   
7                    A106              B  ...              120   
8                    A106              B  ...              160   
9                    A106              B  ...              160   
10                   A106              B  ...              120   
11                   A106              B  ...              140   
12                   A106              B  ...               80   
13                   A106              B  ...              T80   
14                   A106              B  ...               40   
15                   A106              B  ...               40   
16                   A106              B  ...               80   
17                   A106              B  ...               40   
18                   A106              B  ...               40   
19                   A106              B  ...               40   
20                   A106              B  ...               40   
21                   A106              B  ...            .594W   
22                   A106              B  ...              160   
23                   A106              B  ...               XH   
24                   A106              B  ...               XH   

   REDUCING_SCHEDULE MANUFACTURING_PROCESS  END_FINISH END_CONNECTIONS TRIM  \
0                NAN              SEAMLESS   PLAIN END             NAN  NAN   
1                NAN              SEAMLESS   PLAIN END             NAN  NAN   
2                NAN              SEAMLESS   PLAIN END             NAN  NAN   
3                NAN              SEAMLESS   PLAIN END             NAN  NAN   
4                NAN              SEAMLESS   PLAIN END             NAN  NAN   
5                NAN              SEAMLESS   PLAIN END             NAN  NAN   
6                NAN              SEAMLESS   PLAIN END             NAN  NAN   
7                NAN              SEAMLESS   PLAIN END             NAN  NAN   
8                NAN              SEAMLESS   PLAIN END             NAN  NAN   
9                NAN              SEAMLESS   PLAIN END             NAN  NAN   
10               NAN              SEAMLESS  PLAIN ENDS             NAN  NAN   
11               NAN              SEAMLESS  PLAIN ENDS             NAN  NAN   
12               NAN              SEAMLESS   PLAIN END             NAN  NAN   
13               NAN              SEAMLESS   PLAIN END             NAN  NAN   
14               NAN              SEAMLESS   PLAIN END             NAN  NAN   
15               NAN              SEAMLESS   PLAIN END             NAN  NAN   
16               NAN                   NAN   PLAIN END             NAN  NAN   
17               NAN              SEAMLESS   PLAIN END              PE  NAN   
18               NAN              SEAMLESS   PLAIN END             NAN  NAN   
19               NAN              SEAMLESS   PLAIN END             NAN  NAN   
20               NAN              SEAMLESS   PLAIN END              PE  NAN   
21               NAN              SEAMLESS   PLAIN END             NAN  NAN   
22               NAN              SEAMLESS   PLAIN END             NAN  NAN   
23               NAN              SEAMLESS   PLAIN END             NAN  NAN   
24               NAN              SEAMLESS   PLAIN END             NAN  NAN   

   MISCELLANEOUS CONFIDENCE     id     score  
0          BLACK       0.90  26430  0.750701  
1          BLACK       0.95  26436  0.746099  
2            SRL       0.95  26437  0.744369  
3      BLACK SRL       0.95  26432  0.742343  
4      BLACK SRL       0.95  26438  0.742102  
5      BLACK SRL       0.85  26425  0.740100  
6            DRL       0.95  26433  0.739545  
7            DRL       0.95  26431  0.739518  
8            DRL       0.95  26435  0.739090  
9          BLACK       0.95  26434  0.739071  
10     BLACK SRL       0.95  26421  0.738225  
11           SRL       0.95  26422  0.735220  
12         BLACK       0.90  26452  0.730362  
13         BLACK       0.95  26451  0.730362  
14         BLACK       0.95  28540  0.729882  
15         BLACK       0.95  26446  0.729868  
16  LOW RESIDUAL       0.90  26439  0.729807  
17           SRL       0.90  43711  0.729759  
18     BLACK SRL       0.95  27345  0.729759  
19     BLACK SRL       0.95  27344  0.729759  
20           SRL       0.90  42714  0.729740  
21      BLACKSRL       0.95  27343  0.728862  
22           SRL       0.95  27141  0.727478  
23           SRL       0.95  26429  0.726926  
24     BLACK SRL       0.95  26427  0.726926  

[25 rows x 21 columns]",39,BAD
74,"FLG,BLIND,4,300,A105",4 CARBON STEEL 300 RAISED FACE BLIND FLANGE A105N,True,74,178,27.115909399999964,"       ID                            DESCRIPTION CATEGORY  \
0    3980          4 300 FLG LRES GLB WCB/MO 624    VALVE   
1   14571     4 300 FLG CS/MO SPV TFE CL2 A2B GO    VALVE   
2    1743       4 150 FLG SPV HC/A20 BDFT TS LGO    VALVE   
3    3247          4 300 FLG LRES SWG CHK WCB/MO    VALVE   
4   14013                   4 CS 300 RF BLND FLG   FLANGE   
5   14147          3 300 FLG LRES GLB WCB/MO 624    VALVE   
6   15147  4 300 304 SS B16.48 PDL BLIND YEL HDL   FLANGE   
7   15033             4 300 HFN RF BLND LRES FLG   FLANGE   
8    2917         2 CS SS 300 FLG BV TOP GRND *X    VALVE   
9   15877      4 300 FLG LOW RES GATE WCB/MO 624    VALVE   
10  13916               4 CS 300 FLG BV W/LL HDL    VALVE   
11  14033                   8 CS 300 RF BLND FLG   FLANGE   
12  15879         4 300 FLG LRES GATE WCB/MO 624    VALVE   
13  15878         4 300 FLG LRES GATE WCB/MO 624    VALVE   
14  13955                  14 CS 300 RF BLND FLG   FLANGE   
15  14172                4 CS 300 RF HH BLND FLG   FLANGE   
16   9808             4 150 HFN RF BLND LRES FLG   FLANGE   
17   9235        4 150 FLG DI PFA LINED FP BV GO    VALVE   
18  15027            10 300 HFN RF BLND LRES FLG   FLANGE   
19   8033      0.5 150 FLG SPV CS/A20 A20 BLT LL    VALVE   
20   8057        4 150 FLG CS/SS SPV P16 EXT HDL    VALVE   
21   8058             4 150 FLG CS/SS SPV P16 GO    VALVE   
22   3072        1 300 FLG CS/MO TFE CL2 A20B LL    VALVE   
23   7346              4 CS 150 RF BLND FLG LRES   FLANGE   
24    808          1 150 FLG FTCS SS 475 SPV ELW    VALVE   

                     TYPE PRIMARY_SIZE REDUCING_SIZE LENGTH    MATERIAL_NAME  \
0                   GLOBE            4           NAN    NAN              WCB   
1            SLEEVED PLUG            4           NAN    NAN     CARBON STEEL   
2            SLEEVED PLUG            4           NAN    NAN              NAN   
3             SWING CHECK            4           NAN    NAN     CARBON STEEL   
4            BLIND FLANGE            4           NAN    NAN     CARBON STEEL   
5                   GLOBE            3           NAN    NAN     CARBON STEEL   
6                   BLIND            4           NAN    NAN  STAINLESS STEEL   
7            BLIND FLANGE            4           NAN    NAN              NAN   
8              BALL VALVE            2           NAN    NAN     CARBON STEEL   
9                    GATE            4           NAN    NAN        WCB/MONEL   
10                   BALL            4           NAN    NAN     CARBON STEEL   
11           BLIND FLANGE            8           NAN    NAN     CARBON STEEL   
12                   GATE            4           NAN    NAN        WCB/MONEL   
13                   GATE            4           NAN    NAN        WCB/MONEL   
14           BLIND FLANGE           14           NAN    NAN     CARBON STEEL   
15  HEX HEAD BLIND FLANGE            4           NAN    NAN     CARBON STEEL   
16                  BLIND            4           NAN    NAN              NAN   
17                   BALL            4           NAN    NAN     DUCTILE IRON   
18           BLIND FLANGE           10           NAN    NAN              NAN   
19                   PLUG          0.5           NAN    NAN     CARBON STEEL   
20                   PLUG            4           NAN    NAN     CARBON STEEL   
21                   PLUG            4           NAN    NAN     CARBON STEEL   
22                   PLUG            1           NAN    NAN     CARBON STEEL   
23           BLIND FLANGE            4           NAN    NAN     CARBON STEEL   
24                   PLUG            1           NAN    NAN     CARBON STEEL   

   MATERIAL_SPECIFICATION MATERIAL_GRADE  ... PRIMARY_SCHEDULE  \
0                     NAN            NAN  ...              NAN   
1                     NAN            NAN  ...              NAN   
2                     A20            NAN  ...              NAN   
3                     WCB            NAN  ...              NAN   
4                   A105N            NAN  ...              NAN   
5                     WCB            NAN  ...              NAN   
6                  B16.48            304  ...              NAN   
7                     NAN            HFN  ...              NAN   
8                     NAN            NAN  ...              NAN   
9                 API 624            NAN  ...              NAN   
10                    NAN             B7  ...              NAN   
11                  A105N            NAN  ...              NAN   
12                API 624            NAN  ...              NAN   
13                API 624            NAN  ...              NAN   
14                  A105N            NAN  ...              NAN   
15                  A105N            NAN  ...              NAN   
16                    HFN            NAN  ...              NAN   
17                    NAN            NAN  ...              NAN   
18                    NAN            HFN  ...              NAN   
19                    A20            NAN  ...              NAN   
20                    NAN            NAN  ...              NAN   
21                    NAN            NAN  ...              NAN   
22                    NAN            NAN  ...              NAN   
23                    NAN            NAN  ...              NAN   
24                    NAN            NAN  ...              NAN   

   REDUCING_SCHEDULE MANUFACTURING_PROCESS    END_FINISH END_CONNECTIONS  \
0                NAN                   NAN           NAN         FLANGED   
1                NAN                   NAN           NAN         FLANGED   
2                NAN                   NAN           NAN         FLANGED   
3                NAN                   NAN           NAN         FLANGED   
4                NAN                   NAN   RAISED FACE             NAN   
5                NAN                   NAN           NAN         FLANGED   
6                NAN                   NAN           NAN             NAN   
7                NAN                   NAN   RAISED FACE             NAN   
8                NAN                   NAN           NAN         FLANGED   
9                NAN                   NAN           NAN         FLANGED   
10               NAN                   NAN  REDUCED PORT         FLANGED   
11               NAN                   NAN           NAN             NAN   
12               NAN                   NAN           NAN         FLANGED   
13               NAN                   NAN           NAN         FLANGED   
14               NAN                   NAN   RAISED FACE             NAN   
15               NAN                   NAN   RAISED FACE             NAN   
16               NAN                   NAN   RAISED FACE             NAN   
17               NAN                   NAN     PFA LINED         FLANGED   
18               NAN                   NAN   RAISED FACE             NAN   
19               NAN                   NAN           NAN         FLANGED   
20               NAN                   NAN           NAN         FLANGED   
21               NAN                   NAN           NAN         FLANGED   
22               NAN                   NAN           NAN         FLANGED   
23               NAN                   NAN           NAN             NAN   
24               NAN                   NAN           NAN         FLANGED   

               TRIM                MISCELLANEOUS CONFIDENCE     id     score  
0             MONEL         LOW RESIDUAL API 624       0.85   3980  0.627934  
1         MONEL/TFE        CL2 A2B GEAR OPERATOR       0.85  14571  0.627131  
2                HC                  BDFT TS LGO       0.85   1743  0.625361  
3             MONEL                 LOW RESIDUAL       0.90   3247  0.625272  
4               NAN                          NAN       1.00  14013  0.618817  
5             MONEL         LOW RESIDUAL API 624       0.90  14147  0.605849  
6     YELLOW HANDLE                       PADDLE       0.90  15147  0.605516  
7               NAN                 LOW RESIDUAL       0.90  15033  0.604719  
8   STAINLESS STEEL                   TOP GROUND       0.80   2917  0.603392  
9      LOW RESIDUAL                          NAN       0.90  15877  0.603100  
10     XTREME SEATS                      SS TRIM       0.85  13916  0.601689  
11              NAN                  RAISED FACE       0.95  14033  0.601478  
12     LOW RESIDUAL                          NAN       0.90  15879  0.600710  
13     LOW RESIDUAL                          NAN       0.90  15878  0.600710  
14              NAN                          NAN       1.00  13955  0.598909  
15              NAN                          NAN       0.95  14172  0.598100  
16              NAN                 LOW RESIDUAL       0.90   9808  0.597645  
17        FULL PORT                GEAR OPERATOR       0.95   9235  0.597177  
18              NAN                 LOW RESIDUAL       0.85  15027  0.596422  
19          SLEEVED                LOCKING LEVER       0.90   8033  0.596269  
20  STAINLESS STEEL  SLEEVED P16 EXTENDED HANDLE       0.90   8057  0.595733  
21  STAINLESS STEEL    SLEEVED P16 GEAR OPERATOR       0.90   8058  0.595547  
22            MONEL   TFE CL2 A20B LOCKING LEVER       0.90   3072  0.592309  
23              NAN                 LOW RESIDUAL       0.90   7346  0.589420  
24  STAINLESS STEEL                  SLEEVED ELW       0.85    808  0.589035  

[25 rows x 21 columns]",42,BAD
75,"3"" ELBOW 90D, SR, BW, ASME 16.28, WROUGHT STEEL, ASTM/ASME A/SA-234-WPB, SCH.STD",3 CARBON STEEL STANDARD WELD SHORT RADIUS 90 ELBOW,True,75,74,15.972166300000026,"       ID                                   DESCRIPTION CATEGORY  \
0   27531       3 CARBON STEEL STANDARD WLD SR 90 ELBOW  FITTING   
1   27532       3 CARBON STEEL STANDARD WLD SR 90 ELBOW  FITTING   
2   22293       3 CARBON STEEL STANDARD 3R 90 WLD ELBOW  FITTING   
3   22292       3 CARBON STEEL STANDARD 3R 90 WLD ELBOW  FITTING   
4   24939       8 CARBON STEEL STANDARD 3R 90 WLD ELBOW  FITTING   
5   24940       8 CARBON STEEL STANDARD 3R 90 WLD ELBOW  FITTING   
6   27536                     3 CS STD WELD SR 90 ELBOW  FITTING   
7   27568   3-0.5 CARBON STEEL STANDARD WLD SR 90 ELBOW  FITTING   
8   22540       4 CARBON STEEL STANDARD 3R 90 WLD ELBOW  FITTING   
9   22541       4 CARBON STEEL STANDARD 3R 90 WLD ELBOW  FITTING   
10  22532      16 CARBON STEEL STANDARD 3R 90 WLD ELBOW  FITTING   
11  24999                     3 CS STD WELD LR 90 ELBOW  FITTING   
12  24909       6 CARBON STEEL STANDARD 3R 90 WLD ELBOW  FITTING   
13  22295       6 CARBON STEEL STANDARD 3R 90 WLD ELBOW  FITTING   
14  24757       2 CARBON STEEL STANDARD 3R 90 WLD ELBOW  FITTING   
15  27530   3 CARBON STEEL SCHEDULE 160 WLD SR 90 ELBOW  FITTING   
16  27529   3 CARBON STEEL SCHEDULE 160 WLD SR 90 ELBOW  FITTING   
17  27542       4 CARBON STEEL STANDARD WLD SR 90 ELBOW  FITTING   
18  27543       4 CARBON STEEL STANDARD WLD SR 90 ELBOW  FITTING   
19  27561       8 CARBON STEEL STANDARD WLD SR 90 ELBOW  FITTING   
20  27562       8 CARBON STEEL STANDARD WLD SR 90 ELBOW  FITTING   
21  27463       1 CARBON STEEL STANDARD WLD SR 90 ELBOW  FITTING   
22  27464       1 CARBON STEEL STANDARD WLD SR 90 ELBOW  FITTING   
23  27534  3 CARBON STEEL WPL6 STANDARD WLD SR 90 ELBOW  FITTING   
24  24685      12 CARBON STEEL STANDARD 3R 90 WLD ELBOW  FITTING   

                  TYPE PRIMARY_SIZE REDUCING_SIZE LENGTH MATERIAL_NAME  \
0   SR 90 DEGREE ELBOW            3           NAN    NAN  CARBON STEEL   
1   SR 90 DEGREE ELBOW            3           NAN    NAN  CARBON STEEL   
2   3R 90 DEGREE ELBOW            3           NAN    NAN  CARBON STEEL   
3   3R 90 DEGREE ELBOW            3           NAN    NAN  CARBON STEEL   
4   LR 90 DEGREE ELBOW            8           NAN    NAN  CARBON STEEL   
5   LR 90 DEGREE ELBOW            8           NAN    NAN  CARBON STEEL   
6   SR 90 DEGREE ELBOW            3           NAN    NAN  CARBON STEEL   
7          SR 90 ELBOW          3.5           NAN    NAN  CARBON STEEL   
8      90 DEGREE ELBOW            4           NAN    NAN  CARBON STEEL   
9      90 DEGREE ELBOW            4           NAN    NAN  CARBON STEEL   
10     90 DEGREE ELBOW           16           NAN    NAN  CARBON STEEL   
11         LR 90 ELBOW            3           NAN    NAN  CARBON STEEL   
12  LR 90 DEGREE ELBOW            6           NAN    NAN  CARBON STEEL   
13  3R 90 DEGREE ELBOW            6           NAN    NAN  CARBON STEEL   
14  LR 90 DEGREE ELBOW            2           NAN    NAN  CARBON STEEL   
15  SR 90 DEGREE ELBOW            3           NAN    NAN  CARBON STEEL   
16  SR 90 DEGREE ELBOW            3           NAN    NAN  CARBON STEEL   
17  SR 90 DEGREE ELBOW            4           NAN    NAN  CARBON STEEL   
18  SR 90 DEGREE ELBOW            4           NAN    NAN  CARBON STEEL   
19  SR 90 DEGREE ELBOW            8           NAN    NAN  CARBON STEEL   
20  SR 90 DEGREE ELBOW            8           NAN    NAN  CARBON STEEL   
21  SR 90 DEGREE ELBOW            1           NAN    NAN  CARBON STEEL   
22  SR 90 DEGREE ELBOW            1           NAN    NAN  CARBON STEEL   
23  SR 90 DEGREE ELBOW            3           NAN    NAN  CARBON STEEL   
24  LR 90 DEGREE ELBOW           12           NAN    NAN  CARBON STEEL   

   MATERIAL_SPECIFICATION MATERIAL_GRADE  ... PRIMARY_SCHEDULE  \
0                     NAN            NAN  ...              STD   
1                     NAN            NAN  ...              STD   
2                     NAN            NAN  ...              STD   
3                     NAN            NAN  ...              STD   
4                     NAN            NAN  ...              STD   
5                     NAN            NAN  ...              STD   
6                     NAN            NAN  ...              STD   
7                     NAN            NAN  ...              STD   
8                     NAN            NAN  ...              STD   
9                     NAN            NAN  ...              STD   
10                    NAN            NAN  ...              STD   
11                    NAN            NAN  ...              STD   
12                    NAN            NAN  ...              STD   
13                    NAN            NAN  ...              STD   
14                    NAN            NAN  ...              STD   
15                    NAN            NAN  ...              160   
16                    NAN            NAN  ...              160   
17                    NAN            NAN  ...              STD   
18                    NAN            NAN  ...              STD   
19                    NAN            NAN  ...              STD   
20                    NAN            NAN  ...              STD   
21                    NAN            NAN  ...              STD   
22                    NAN            NAN  ...              STD   
23                   WPL6            NAN  ...              STD   
24                    NAN            NAN  ...              STD   

   REDUCING_SCHEDULE MANUFACTURING_PROCESS END_FINISH END_CONNECTIONS TRIM  \
0                NAN                WELDED        NAN             NAN  NAN   
1                NAN                   NAN        NAN             NAN  NAN   
2                NAN                   NAN         BW             NAN  NAN   
3                NAN                   NAN        NAN             NAN  NAN   
4                NAN                   NAN        NAN             NAN  NAN   
5                NAN                   NAN        NAN             NAN  NAN   
6                NAN                WELDED        NAN             NAN  NAN   
7                NAN                   NAN         BW             NAN  NAN   
8                NAN                   NAN        NAN             NAN  NAN   
9                NAN                   NAN        NAN             NAN  NAN   
10               NAN                   NAN         BW             NAN  NAN   
11               NAN                WELDED        NAN             NAN  NAN   
12               NAN                   NAN        NAN             NAN  NAN   
13               NAN                   NAN        NAN             NAN  NAN   
14               NAN                   NAN        NAN             NAN  NAN   
15               NAN                   NAN         BW             NAN  NAN   
16               NAN                   NAN       WELD             NAN  NAN   
17               NAN                   NAN        NAN             NAN  NAN   
18               NAN                   NAN        NAN             NAN  NAN   
19               NAN                   NAN        NAN             NAN  NAN   
20               NAN                WELDED        NAN             NAN  NAN   
21               NAN                   NAN        NAN              BW  NAN   
22               NAN                   NAN         BW             NAN  NAN   
23               NAN                   NAN        NAN             NAN  NAN   
24               NAN                   NAN         BW             NAN  NAN   

   MISCELLANEOUS CONFIDENCE     id     score  
0            NAN       0.80  27531  0.797482  
1            NAN       0.85  27532  0.797452  
2            NAN       0.85  22293  0.785611  
3            NAN       0.80  22292  0.785580  
4            NAN       0.80  24939  0.784296  
5            NAN       0.80  24940  0.784261  
6            NAN       0.80  27536  0.782823  
7            NAN       0.80  27568  0.782740  
8             3R       0.80  22540  0.779756  
9             3R       0.80  22541  0.779756  
10            3R       0.80  22532  0.779515  
11           NAN       0.80  24999  0.778926  
12           NAN       0.80  24909  0.777311  
13           NAN       0.80  22295  0.777311  
14           NAN       0.80  24757  0.776476  
15           NAN       0.80  27530  0.774957  
16           NAN       0.85  27529  0.774937  
17           NAN       0.80  27542  0.772780  
18           NAN       0.80  27543  0.772754  
19  SHORT RADIUS       0.80  27561  0.771626  
20           NAN       0.80  27562  0.771567  
21           NAN       0.80  27463  0.770102  
22           NAN       0.85  27464  0.770058  
23           NAN       0.90  27534  0.769924  
24           NAN       0.85  24685  0.769348  

[25 rows x 21 columns]",29,BAD
76,"12"" ELBOW 90D, LR, BW, ASME 16.9, WROUGHT STEEL, ASTM/ASME A/SA-234-WPB, SCH.STD",12 CARBON STEEL STANDARD WELD LONG RADIUS 90 ELBOW,True,76,5,25.627294699999766,"       ID                                             DESCRIPTION CATEGORY  \
0   24700                              12 CS STD WELD LR 90 ELBOW  FITTING   
1   24733  16 X 10 CARBON STEEL STANDARD WLD LONG RADIUS 90 ELBOW  FITTING   
2   27486                12 CARBON STEEL STANDARD WLD SR 90 ELBOW  FITTING   
3   27485                12 CARBON STEEL STANDARD WLD SR 90 ELBOW  FITTING   
4   24976       12 CARBON STEEL STANDARD WLD LONG RADIUS 90 ELBOW  FITTING   
5   24686      12 CARBON STEEL STANDARD WELD LONG RADIUS 90 ELBOW  FITTING   
6   42775      12 CARBON STEEL STANDARD WELD LONG RADIUS 90 ELBOW  FITTING   
7   24870                              36 CS STD WELD LR 90 ELBOW  FITTING   
8   27496                16 CARBON STEEL STANDARD WLD SR 90 ELBOW  FITTING   
9   27497                16 CARBON STEEL STANDARD WLD SR 90 ELBOW  FITTING   
10  27484               12 CARBON STEEL STANDARD WELD SR 90 ELBOW  FITTING   
11  24685                12 CARBON STEEL STANDARD 3R 90 WLD ELBOW  FITTING   
12  22530                12 CARBON STEEL STANDARD 3R 90 WLD ELBOW  FITTING   
13  24965    8 X 6 CARBON STEEL STANDARD WLD LONG RADIUS 90 ELBOW  FITTING   
14  24657                              10 CS STD WELD LR 90 ELBOW  FITTING   
15  25005                              30 CS STD WELD LR 90 ELBOW  FITTING   
16  24964    8 X 6 CARBON STEEL STANDARD WLD LONG RADIUS 90 ELBOW  FITTING   
17  24684    12 CARBON STEEL SCHEDULE 80 WLD LONG RADIUS 90 ELBOW  FITTING   
18  24690  12 CARBON STEEL WPL6 STANDARD WLD LONG RADIUS 90 ELBOW  FITTING   
19  24689  12 CARBON STEEL WPL6 STANDARD WLD LONG RADIUS 90 ELBOW  FITTING   
20  24723       16 CARBON STEEL STANDARD WLD LONG RADIUS 90 ELBOW  FITTING   
21  24981       16 CARBON STEEL STANDARD WLD LONG RADIUS 90 ELBOW  FITTING   
22  24958                               8 CS STD WELD LR 90 ELBOW  FITTING   
23  24661   10 X 8 CARBON STEEL STANDARD WLD LONG RADIUS 90 ELBOW  FITTING   
24  24928                               6 CS STD WELD LR 90 ELBOW  FITTING   

                    TYPE PRIMARY_SIZE REDUCING_SIZE LENGTH MATERIAL_NAME  \
0     LR 90 DEGREE ELBOW           12           NAN    NAN  CARBON STEEL   
1     LR 90 DEGREE ELBOW           16            10    NAN  CARBON STEEL   
2     SR 90 DEGREE ELBOW           12           NAN    NAN  CARBON STEEL   
3     SR 90 DEGREE ELBOW           12           NAN    NAN  CARBON STEEL   
4            LR 90 ELBOW           12           NAN    NAN  CARBON STEEL   
5     LR 90 DEGREE ELBOW           12           NAN    NAN  CARBON STEEL   
6   LONG RADIUS 90 ELBOW         12.0           NAN    NAN  CARBON STEEL   
7     LR 90 DEGREE ELBOW           36           NAN    NAN  CARBON STEEL   
8     SR 90 DEGREE ELBOW           16           NAN    NAN  CARBON STEEL   
9     SR 90 DEGREE ELBOW           16           NAN    NAN  CARBON STEEL   
10    SR 90 DEGREE ELBOW           12           NAN    NAN  CARBON STEEL   
11    LR 90 DEGREE ELBOW           12           NAN    NAN  CARBON STEEL   
12       90 DEGREE ELBOW           12           NAN    NAN  CARBON STEEL   
13    LR 90 DEGREE ELBOW            8             6    NAN  CARBON STEEL   
14    LR 90 DEGREE ELBOW           10           NAN    NAN  CARBON STEEL   
15           LR 90 ELBOW           30           NAN    NAN  CARBON STEEL   
16    LR 90 DEGREE ELBOW            8             6    NAN  CARBON STEEL   
17    LR 90 DEGREE ELBOW           12           NAN    NAN  CARBON STEEL   
18    LR 90 DEGREE ELBOW           12           NAN    NAN  CARBON STEEL   
19    LR 90 DEGREE ELBOW           12           NAN    NAN  CARBON STEEL   
20    LR 90 DEGREE ELBOW           16           NAN    NAN  CARBON STEEL   
21           LR 90 ELBOW           16           NAN    NAN  CARBON STEEL   
22    LR 90 DEGREE ELBOW            8           NAN    NAN  CARBON STEEL   
23    LR 90 DEGREE ELBOW           10             8    NAN  CARBON STEEL   
24    LR 90 DEGREE ELBOW            6           NAN    NAN  CARBON STEEL   

   MATERIAL_SPECIFICATION MATERIAL_GRADE  ... PRIMARY_SCHEDULE  \
0                     NAN            NAN  ...              STD   
1                     NAN            NAN  ...              STD   
2                     NAN            NAN  ...              STD   
3                     NAN            NAN  ...              STD   
4                     NAN            NAN  ...              STD   
5                     NAN            NAN  ...              STD   
6                     NAN            NAN  ...         STANDARD   
7                     NAN            NAN  ...              STD   
8                     NAN            NAN  ...              STD   
9                     NAN            NAN  ...              STD   
10                    NAN            NAN  ...              STD   
11                    NAN            NAN  ...              STD   
12                    NAN            NAN  ...              STD   
13                    NAN            NAN  ...              STD   
14                    NAN            NAN  ...              STD   
15                    NAN            NAN  ...              STD   
16                    NAN            NAN  ...              STD   
17                    NAN            NAN  ...               80   
18                   WPL6            NAN  ...              STD   
19                   WPL6            NAN  ...              STD   
20                    NAN            NAN  ...              STD   
21                    NAN            NAN  ...              STD   
22                    NAN            NAN  ...              STD   
23                    NAN            NAN  ...              STD   
24                    NAN            NAN  ...              STD   

   REDUCING_SCHEDULE MANUFACTURING_PROCESS END_FINISH END_CONNECTIONS TRIM  \
0                NAN                   NAN         BW             NAN  NAN   
1                NAN                   NAN         BW             NAN  NAN   
2                NAN                   NAN        NAN             NAN  NAN   
3                NAN                WELDED        NAN             NAN  NAN   
4                NAN                WELDED        NAN             NAN  NAN   
5                NAN                WELDED        NAN             NAN  NAN   
6                NAN                   NAN        NAN              BW  NAN   
7                NAN                WELDED        NAN             NAN  NAN   
8                NAN                WELDED        NAN             NAN  NAN   
9                NAN                WELDED        NAN             NAN  NAN   
10               NAN                  WELD        NAN             NAN  NAN   
11               NAN                   NAN         BW             NAN  NAN   
12               NAN                   NAN        NAN             NAN  NAN   
13               NAN                  WELD        NAN             NAN  NAN   
14               NAN                   NAN        NAN             NAN  NAN   
15               NAN                WELDED         BW             NAN  NAN   
16               NAN                   NAN         BW             NAN  NAN   
17               NAN                   NAN       WELD             NAN  NAN   
18               NAN                   NAN         BW             NAN  NAN   
19               NAN                   NAN         BW             NAN  NAN   
20               NAN                   NAN         BW             NAN  NAN   
21               NAN                  WELD        NAN             NAN  NAN   
22               NAN                WELDED        NAN             NAN  NAN   
23               STD                WELDED        NAN             NAN  NAN   
24               NAN                WELDED        NAN             NAN  NAN   

   MISCELLANEOUS CONFIDENCE     id     score  
0            NAN       0.80  24700  0.781494  
1            NAN       0.80  24733  0.780654  
2            NAN       0.85  27486  0.780249  
3            NAN       0.80  27485  0.780210  
4            NAN       0.80  24976  0.778384  
5            NAN       0.85  24686  0.770738  
6            NAN       0.80  42775  0.770666  
7            NAN       0.80  24870  0.768661  
8            NAN       0.80  27496  0.767870  
9            NAN       0.80  27497  0.767838  
10           NAN       0.85  27484  0.765591  
11           NAN       0.85  24685  0.764777  
12            3R       0.80  22530  0.764777  
13           NAN       0.80  24965  0.764464  
14           NAN       0.80  24657  0.764270  
15           NAN       0.80  25005  0.764124  
16           NAN       0.80  24964  0.763929  
17           NAN       0.85  24684  0.763861  
18           NAN       0.90  24690  0.763465  
19           NAN       0.90  24689  0.763462  
20           NAN       0.80  24723  0.763274  
21           NAN       0.80  24981  0.763256  
22           NAN       0.80  24958  0.762520  
23           NAN       0.80  24661  0.760849  
24           NAN       0.80  24928  0.760605  

[25 rows x 21 columns]",40,BAD
77,"10"" TEE, BW, ASME 16.9, WROUGHT STEEL, ASTM/ASME A/SA-234-WPB, SCH.STD",10 CARBON STEEL STANDARD WELD TEE,True,77,8,23.550612,"       ID                                      DESCRIPTION CATEGORY  \
0   42748  10 X 10 X 8 CARBON STEEL WPL6 STANDARD WELD TEE  FITTING   
1   42749  10 X 10 X 8 CARBON STEEL WPL6 STANDARD WELD TEE  FITTING   
2   42750  10 X 10 X 8 CARBON STEEL WPL6 STANDARD WELD TEE  FITTING   
3   27766             10 CARBON STEEL SCHEDULE 80 WELD TEE  FITTING   
4   27767              10 CARBON STEEL SCHEDULE 80 WLD TEE  FITTING   
5   27768                 10 CARBON STEEL STANDARD WLD TEE  FITTING   
6   27769                 10 CARBON STEEL STANDARD WLD TEE  FITTING   
7   27798        10 X 10 X 8 CARBON STEEL STANDARD WLD TEE  FITTING   
8   43660                10 CARBON STEEL STANDARD WELD TEE  FITTING   
9   43791                10 CARBON STEEL STANDARD WELD TEE  FITTING   
10  42736                10 CARBON STEEL STANDARD WELD TEE  FITTING   
11  27797        10 X 10 X 8 CARBON STEEL STANDARD WLD TEE  FITTING   
12  42745  10 X 10 X 6 CARBON STEEL WPL6 STANDARD WELD TEE  FITTING   
13  42744  10 X 10 X 6 CARBON STEEL WPL6 STANDARD WELD TEE  FITTING   
14  42738  10 X 10 X 4 CARBON STEEL WPL6 STANDARD WELD TEE  FITTING   
15  42739  10 X 10 X 4 CARBON STEEL WPL6 STANDARD WELD TEE  FITTING   
16  42740  10 X 10 X 4 CARBON STEEL WPL6 STANDARD WELD TEE  FITTING   
17  42743  10 X 10 X 6 CARBON STEEL WPL6 STANDARD WELD TEE  FITTING   
18  27917       16 X 16 X 10 CARBON STEEL STANDARD WLD TEE  FITTING   
19  27778                               10 CS STD WELD TEE  FITTING   
20  27383        10 X 10 X 6 CARBON STEEL STANDARD WLD TEE  FITTING   
21  27799   10 X 10 X 8 CARBON STEEL WPL6 STANDARD WLD TEE  FITTING   
22  27782        10 X 10 X 4 CARBON STEEL STANDARD WLD TEE  FITTING   
23  27783        10 X 10 X 4 CARBON STEEL STANDARD WLD TEE  FITTING   
24  27916      16 X 16 X 10 CARBON STEEL STANDARD WELD TEE  FITTING   

            TYPE PRIMARY_SIZE REDUCING_SIZE LENGTH MATERIAL_NAME  \
0            TEE         10.0           8.0    NAN  CARBON STEEL   
1   REDUCING TEE         10.0           8.0    NAN  CARBON STEEL   
2            TEE         10.0           8.0    NAN  CARBON STEEL   
3            TEE           10           NAN    NAN  CARBON STEEL   
4            TEE           10           NAN    NAN  CARBON STEEL   
5            TEE           10           NAN    NAN  CARBON STEEL   
6            TEE           10           NAN    NAN  CARBON STEEL   
7            TEE           10             8    NAN  CARBON STEEL   
8   STRAIGHT TEE         10.0           NAN    NAN  CARBON STEEL   
9            TEE         10.0           NAN    NAN  CARBON STEEL   
10  STRAIGHT TEE         10.0           NAN    NAN  CARBON STEEL   
11           TEE           10             8    NAN  CARBON STEEL   
12           TEE         10.0           6.0    NAN  CARBON STEEL   
13  REDUCING TEE         10.0           6.0    NAN  CARBON STEEL   
14           TEE         10.0           4.0    NAN  CARBON STEEL   
15           TEE         10.0           4.0    NAN  CARBON STEEL   
16  REDUCING TEE         10.0           4.0    NAN  CARBON STEEL   
17           TEE         10.0           6.0    NAN  CARBON STEEL   
18           TEE           16            10    NAN  CARBON STEEL   
19           TEE           10           NAN    NAN  CARBON STEEL   
20  REDUCING TEE           10             6    NAN  CARBON STEEL   
21           TEE           10             8    NAN  CARBON STEEL   
22           TEE           10             4    NAN  CARBON STEEL   
23           TEE           10             4    NAN  CARBON STEEL   
24           TEE           16            10    NAN  CARBON STEEL   

   MATERIAL_SPECIFICATION MATERIAL_GRADE  ... PRIMARY_SCHEDULE  \
0                    WPL6            NAN  ...         STANDARD   
1                    WPL6            NAN  ...         STANDARD   
2                    WPL6            NAN  ...         STANDARD   
3                     NAN            NAN  ...               80   
4                     NAN            NAN  ...               80   
5                     NAN            NAN  ...              STD   
6                     NAN            NAN  ...              STD   
7                     NAN            NAN  ...              STD   
8                     NAN            NAN  ...         STANDARD   
9                     NAN            NAN  ...         STANDARD   
10                    NAN            NAN  ...         STANDARD   
11                    NAN            NAN  ...              STD   
12                   WPL6            NAN  ...         STANDARD   
13                   WPL6            NAN  ...         STANDARD   
14                   WPL6            NAN  ...         STANDARD   
15                   WPL6            NAN  ...         STANDARD   
16                   WPL6            NAN  ...         STANDARD   
17                   WPL6            NAN  ...         STANDARD   
18                    NAN            NAN  ...              STD   
19                    NAN            NAN  ...              STD   
20                    NAN            NAN  ...              STD   
21                   WPL6            NAN  ...              STD   
22                    NAN            NAN  ...              STD   
23                    NAN            NAN  ...              STD   
24                    NAN            NAN  ...              STD   

   REDUCING_SCHEDULE MANUFACTURING_PROCESS END_FINISH END_CONNECTIONS TRIM  \
0                NAN                  WELD        NAN             NAN  NAN   
1                NAN                   NAN        NAN       BUTT WELD  NAN   
2                NAN                   NAN        NAN       BUTT WELD  NAN   
3                NAN                WELDED        NAN             NAN  NAN   
4                NAN                   NAN       WELD             NAN  NAN   
5                NAN                WELDED        NAN             NAN  NAN   
6                NAN                WELDED        NAN             NAN  NAN   
7                NAN                WELDED        NAN             NAN  NAN   
8                NAN                   NAN        NAN       BUTT WELD  NAN   
9                NAN                  WELD        NAN             NAN  NAN   
10               NAN                   NAN        NAN       BUTT WELD  NAN   
11               NAN                WELDED        NAN             NAN  NAN   
12               NAN                  WELD        NAN             NAN  NAN   
13               NAN                   NAN        NAN             NAN  NAN   
14               NAN                  WELD        NAN             NAN  NAN   
15               NAN                WELDED        NAN             NAN  NAN   
16               NAN                   NAN        NAN       BUTT WELD  NAN   
17               NAN                WELDED        NAN             NAN  NAN   
18               NAN                WELDED        NAN             NAN  NAN   
19               NAN                WELDED        NAN             NAN  NAN   
20               NAN                WELDED        NAN             NAN  NAN   
21               NAN                   NAN         BW             NAN  NAN   
22               NAN                WELDED        NAN             NAN  NAN   
23               NAN                WELDED        NAN             NAN  NAN   
24               NAN                WELDED        NAN             NAN  NAN   

   MISCELLANEOUS CONFIDENCE     id     score  
0            NAN       0.90  42748  0.788852  
1            NAN       0.90  42749  0.787800  
2            NAN       0.90  42750  0.787800  
3            NAN       0.80  27766  0.786346  
4            NAN       0.85  27767  0.784352  
5            NAN       0.80  27768  0.782997  
6            NAN       0.80  27769  0.782989  
7            NAN       0.80  27798  0.782175  
8            NAN       0.80  43660  0.781742  
9            NAN       0.80  43791  0.781704  
10           NAN       0.80  42736  0.781704  
11           NAN       0.80  27797  0.781554  
12           NAN       0.80  42745  0.780635  
13           NAN       0.80  42744  0.780635  
14           NAN       0.80  42738  0.779914  
15           NAN       0.90  42739  0.779879  
16           NAN       0.90  42740  0.779837  
17           NAN       0.80  42743  0.778886  
18           NAN       0.80  27917  0.778533  
19           NAN       0.80  27778  0.777735  
20           NAN       0.80  27383  0.776929  
21           NAN       0.85  27799  0.775812  
22           NAN       0.80  27782  0.773689  
23           NAN       0.80  27783  0.773689  
24           NAN       0.80  27916  0.773669  

[25 rows x 21 columns]",40,BAD
78,"8"" ELBOW 90D, LR, BW, ASME 16.9, WROUGHT STEEL, ASTM/ASME A/SA-234-WPB, SCH.STD",8 CARBON STEEL STANDARD WELD LONG RADIUS 90 ELBOW,True,78,20,19.774071600000298,"       ID                                              DESCRIPTION CATEGORY  \
0   24958                                8 CS STD WELD LR 90 ELBOW  FITTING   
1   25028                            8 X 6 CS STD WELD LR 90 ELBOW  FITTING   
2   24965     8 X 6 CARBON STEEL STANDARD WLD LONG RADIUS 90 ELBOW  FITTING   
3   24964     8 X 6 CARBON STEEL STANDARD WLD LONG RADIUS 90 ELBOW  FITTING   
4   25027     8 X 4 CARBON STEEL STANDARD WLD LONG RADIUS 90 ELBOW  FITTING   
5   24928                                6 CS STD WELD LR 90 ELBOW  FITTING   
6   27561                  8 CARBON STEEL STANDARD WLD SR 90 ELBOW  FITTING   
7   27562                  8 CARBON STEEL STANDARD WLD SR 90 ELBOW  FITTING   
8   24661    10 X 8 CARBON STEEL STANDARD WLD LONG RADIUS 90 ELBOW  FITTING   
9   27565                                8 CS STD WELD SR 90 ELBOW  FITTING   
10  24700                               12 CS STD WELD LR 90 ELBOW  FITTING   
11  24957                      8 CS STD A420 WPL6 WELD LR 90 ELBOW  FITTING   
12  24941         8 CARBON STEEL STANDARD WLD LONG RADIUS 90 ELBOW  FITTING   
13  24657                               10 CS STD WELD LR 90 ELBOW  FITTING   
14  24962  8 X 6 CARBON STEEL EXTRA HEAVY WLD LONG RADIUS 90 ELBOW  FITTING   
15  24963  8 X 6 CARBON STEEL EXTRA HEAVY WLD LONG RADIUS 90 ELBOW  FITTING   
16  24733   16 X 10 CARBON STEEL STANDARD WLD LONG RADIUS 90 ELBOW  FITTING   
17  24870                               36 CS STD WELD LR 90 ELBOW  FITTING   
18  25021     6 X 4 CARBON STEEL STANDARD WLD LONG RADIUS 90 ELBOW  FITTING   
19  25020     6 X 4 CARBON STEEL STANDARD WLD LONG RADIUS 90 ELBOW  FITTING   
20  25023        8 CARBON STEEL STANDARD WELD LONG RADIUS 90 ELBOW  FITTING   
21  43175        8 CARBON STEEL STANDARD WELD LONG RADIUS 90 ELBOW  FITTING   
22  43199        8 CARBON STEEL STANDARD WELD LONG RADIUS 90 ELBOW  FITTING   
23  43311        8 CARBON STEEL STANDARD WELD LONG RADIUS 90 ELBOW  FITTING   
24  43698        8 CARBON STEEL STANDARD WELD LONG RADIUS 90 ELBOW  FITTING   

                    TYPE PRIMARY_SIZE REDUCING_SIZE LENGTH MATERIAL_NAME  \
0     LR 90 DEGREE ELBOW            8           NAN    NAN  CARBON STEEL   
1            LR 90 ELBOW            8             6    NAN  CARBON STEEL   
2     LR 90 DEGREE ELBOW            8             6    NAN  CARBON STEEL   
3     LR 90 DEGREE ELBOW            8             6    NAN  CARBON STEEL   
4            LR 90 ELBOW            8             4    NAN  CARBON STEEL   
5     LR 90 DEGREE ELBOW            6           NAN    NAN  CARBON STEEL   
6     SR 90 DEGREE ELBOW            8           NAN    NAN  CARBON STEEL   
7     SR 90 DEGREE ELBOW            8           NAN    NAN  CARBON STEEL   
8     LR 90 DEGREE ELBOW           10             8    NAN  CARBON STEEL   
9     SR 90 DEGREE ELBOW            8           NAN    NAN  CARBON STEEL   
10    LR 90 DEGREE ELBOW           12           NAN    NAN  CARBON STEEL   
11    LR 90 DEGREE ELBOW            8           NAN    NAN  CARBON STEEL   
12    LR 90 DEGREE ELBOW            8           NAN    NAN  CARBON STEEL   
13    LR 90 DEGREE ELBOW           10           NAN    NAN  CARBON STEEL   
14    LR 90 DEGREE ELBOW            8             6    NAN  CARBON STEEL   
15    LR 90 DEGREE ELBOW            8             6    NAN  CARBON STEEL   
16    LR 90 DEGREE ELBOW           16            10    NAN  CARBON STEEL   
17    LR 90 DEGREE ELBOW           36           NAN    NAN  CARBON STEEL   
18           LR 90 ELBOW            6             4    NAN  CARBON STEEL   
19           LR 90 ELBOW            6             4    NAN  CARBON STEEL   
20           LR 90 ELBOW            8           NAN    NAN  CARBON STEEL   
21  LONG RADIUS 90 ELBOW          8.0           NAN    NAN  CARBON STEEL   
22  LONG RADIUS 90 ELBOW          8.0           NAN    NAN  CARBON STEEL   
23  LONG RADIUS 90 ELBOW          8.0           NAN    NAN  CARBON STEEL   
24  LONG RADIUS 90 ELBOW          8.0           NAN    NAN  CARBON STEEL   

   MATERIAL_SPECIFICATION MATERIAL_GRADE  ... PRIMARY_SCHEDULE  \
0                     NAN            NAN  ...              STD   
1                     NAN            NAN  ...              STD   
2                     NAN            NAN  ...              STD   
3                     NAN            NAN  ...              STD   
4                     NAN            NAN  ...              STD   
5                     NAN            NAN  ...              STD   
6                     NAN            NAN  ...              STD   
7                     NAN            NAN  ...              STD   
8                     NAN            NAN  ...              STD   
9                     NAN            NAN  ...              STD   
10                    NAN            NAN  ...              STD   
11                   A420           WPL6  ...              STD   
12                    NAN            NAN  ...              STD   
13                    NAN            NAN  ...              STD   
14                    NAN            NAN  ...               XH   
15                    NAN            NAN  ...               XH   
16                    NAN            NAN  ...              STD   
17                    NAN            NAN  ...              STD   
18                    NAN            NAN  ...              STD   
19                    NAN            NAN  ...              STD   
20                    NAN            NAN  ...              STD   
21                    NAN            NAN  ...         STANDARD   
22                    NAN            NAN  ...         STANDARD   
23                    NAN            NAN  ...         STANDARD   
24                    NAN            NAN  ...         STANDARD   

   REDUCING_SCHEDULE MANUFACTURING_PROCESS END_FINISH END_CONNECTIONS TRIM  \
0                NAN                WELDED        NAN             NAN  NAN   
1                NAN                  WELD        NAN             NAN  NAN   
2                NAN                  WELD        NAN             NAN  NAN   
3                NAN                   NAN         BW             NAN  NAN   
4                NAN                WELDED        NAN             NAN  NAN   
5                NAN                WELDED        NAN             NAN  NAN   
6                NAN                   NAN        NAN             NAN  NAN   
7                NAN                WELDED        NAN             NAN  NAN   
8                STD                WELDED        NAN             NAN  NAN   
9                NAN                   NAN        NAN             NAN  NAN   
10               NAN                   NAN         BW             NAN  NAN   
11               NAN                  WELD        NAN             NAN  NAN   
12               NAN                WELDED        NAN             NAN  NAN   
13               NAN                   NAN        NAN             NAN  NAN   
14               NAN                  WELD        NAN             NAN  NAN   
15               NAN                  WELD        NAN             NAN  NAN   
16               NAN                   NAN         BW             NAN  NAN   
17               NAN                WELDED        NAN             NAN  NAN   
18               NAN                   NAN         BW             NAN  NAN   
19               NAN                  WELD        NAN             NAN  NAN   
20               NAN                WELDED        NAN             NAN  NAN   
21               NAN                  WELD        NAN             NAN  NAN   
22               NAN                   NAN        NAN       BUTT WELD  NAN   
23               NAN                   NAN        NAN       BUTT WELD  NAN   
24               NAN                   NAN        NAN       BUTT WELD  NAN   

   MISCELLANEOUS CONFIDENCE     id     score  
0            NAN       0.80  24958  0.797879  
1            NAN       0.80  25028  0.796787  
2            NAN       0.80  24965  0.792686  
3            NAN       0.80  24964  0.792084  
4            NAN       0.85  25027  0.789736  
5            NAN       0.80  24928  0.781376  
6   SHORT RADIUS       0.80  27561  0.778908  
7            NAN       0.80  27562  0.778865  
8            NAN       0.80  24661  0.778260  
9            NAN       0.80  27565  0.777434  
10           NAN       0.80  24700  0.776699  
11           NAN       0.90  24957  0.775823  
12           NAN       0.80  24941  0.775492  
13           NAN       0.80  24657  0.774141  
14           NAN       0.85  24962  0.772470  
15           NAN       0.85  24963  0.772470  
16           NAN       0.80  24733  0.772398  
17           NAN       0.80  24870  0.770960  
18           NAN       0.80  25021  0.770844  
19           NAN       0.80  25020  0.770739  
20           NAN       0.80  25023  0.769820  
21           NAN       0.80  43175  0.769784  
22           NAN       0.80  43199  0.769776  
23           NAN       0.80  43311  0.769762  
24           NAN       0.90  43698  0.769762  

[25 rows x 21 columns]",37,BAD
79,"10 PIPE , ASME B36.10 , BEVELED END , ASTM A333-6 , ELECTRIC RESISTANCE WELDED (EJ = 0.85) S-STD",10 BLACK A333 GR6 SCHEDULE 40 SEAMLESS DRL PIPE,True,79,32,26.340362099999766,"       ID                                                       DESCRIPTION  \
0   42635                       1"" PIPE BLACK A333 GR6 SCHEDULE 40 SEAMLESS   
1   42634                       1"" PIPE BLACK A333 GR6 SCHEDULE 80 SEAMLESS   
2   42636                       1"" PIPE BLACK A333 GR6 SCHEDULE 80 SEAMLESS   
3   27589                         10 CARBON STEEL STANDARD WLD ASA STUB END   
4   42633                      1"" PIPE BLACK A333 GR6 SCHEDULE 160 SEAMLESS   
5   32454  10 BLACK A333 GR6 SCHEDULE 40 SEAMLESS DOUBLE RANDOM LENGTH PIPE   
6   27203                       6 BLACK PLAIN END A53B SCHEDULE 10 ERW PIPE   
7   26415                   10 BLACK A333 GR6 SCHEDULE 40 SEAMLESS SRL PIPE   
8   26439                            10 BLACK PLAIN END A106B S80 PIPE LRES   
9   27164   6 BLACK A333 GR6 SCHEDULE 80 SEAMLESS DOUBLE RANDOM LENGTH PIPE   
10  27161   6 BLACK A333 GR6 SCHEDULE 40 SEAMLESS DOUBLE RANDOM LENGTH PIPE   
11  27771                             10 CARBON STEEL WPL6 STANDARD WLD TEE   
12  26376                           0.5 BLACK PLAIN END A106B S80 PIPE LRES   
13  26438                    10 BLACK PLAIN END A106B S60 SEAMLESS SRL PIPE   
14  28447                             10 CARBON STEEL WPL6 STANDARD WLD TEE   
15  26456         10 BLACK PLAIN END A53B S20 ERW DOUBLE RANDOM LENGTH PIPE   
16  26436                   10 BLACK PLAIN END A106B S160 SEAMLESS PIPE SRL   
17  26437                   10 BLACK PLAIN END A106B S160 SEAMLESS SRL PIPE   
18  26414                       10 BLACK A333 GR6 SCHEDULE 40 SEAMLESS PIPE   
19  27231                    8 BLACK A333 GR6 SCHEDULE 40 SEAMLESS SRL PIPE   
20  26425                    10 BLACK PLAIN END A106B 594 SEAMLESS SRL PIPE   
21  22662                             10 CARBON STEEL WPL6 STANDARD WLD CAP   
22  26372                          0.5 BLACK PLAIN END A106B S160 PIPE LRES   
23    912                         12 CARBON STEEL STANDARD WLD ASA STUB END   
24  27163                    6 BLACK A333 GR6 SCHEDULE 40 SEAMLESS SRL PIPE   

   CATEGORY           TYPE PRIMARY_SIZE REDUCING_SIZE LENGTH MATERIAL_NAME  \
0      PIPE  SEAMLESS PIPE          1.0           NAN    NAN  CARBON STEEL   
1      PIPE  SEAMLESS PIPE          1.0           NAN    NAN  CARBON STEEL   
2      PIPE  SEAMLESS PIPE          1.0           NAN    NAN  CARBON STEEL   
3   FITTING       STUB END           10           NAN    NAN  CARBON STEEL   
4      PIPE  SEAMLESS PIPE          1.0           NAN    NAN  CARBON STEEL   
5      PIPE           PIPE           10           NAN    NAN           NAN   
6      PIPE           PIPE            6           NAN    NAN  CARBON STEEL   
7      PIPE           PIPE           10           NAN    NAN  CARBON STEEL   
8      PIPE           PIPE           10           NAN    NAN  CARBON STEEL   
9      PIPE           PIPE            6           NAN    NAN  CARBON STEEL   
10     PIPE           PIPE            6           NAN    NAN  CARBON STEEL   
11  FITTING            TEE           10           NAN    NAN  CARBON STEEL   
12     PIPE           PIPE          0.5           NAN    NAN  CARBON STEEL   
13     PIPE           PIPE           10           NAN    NAN  CARBON STEEL   
14  FITTING       WELD TEE           10           NAN    NAN  CARBON STEEL   
15     PIPE           PIPE           10           NAN    NAN  CARBON STEEL   
16     PIPE           PIPE           10           NAN    NAN  CARBON STEEL   
17     PIPE           PIPE           10           NAN    NAN  CARBON STEEL   
18     PIPE           PIPE           10           NAN    NAN  CARBON STEEL   
19     PIPE           PIPE            8           NAN    NAN  CARBON STEEL   
20     PIPE           PIPE           10           NAN    NAN  CARBON STEEL   
21  FITTING            CAP           10           NAN    NAN  CARBON STEEL   
22     PIPE           PIPE          0.5           NAN    NAN  CARBON STEEL   
23  FITTING       STUB END           12           NAN    NAN  CARBON STEEL   
24     PIPE           PIPE            6           NAN    NAN  CARBON STEEL   

   MATERIAL_SPECIFICATION MATERIAL_GRADE  ... PRIMARY_SCHEDULE  \
0                    A333              6  ...               40   
1                    A333              6  ...               80   
2                    A333            GR6  ...               80   
3                     NAN            NAN  ...              STD   
4                    A333            GR6  ...              160   
5                    A333              6  ...               40   
6                     A53              B  ...               10   
7                    A333              6  ...               40   
8                    A106              B  ...               80   
9                    A333              6  ...               80   
10                   A333              6  ...               40   
11                   WPL6            NAN  ...              STD   
12                   A106              B  ...               80   
13                   A106              B  ...               60   
14                   WPL6            NAN  ...              STD   
15                    A53              B  ...               20   
16                   A106              B  ...              160   
17                   A106              B  ...              160   
18                   A333              6  ...               40   
19                   A333              6  ...               40   
20                   A106              B  ...              NAN   
21                   WPL6            NAN  ...              STD   
22                   A106              B  ...              160   
23                    NAN            NAN  ...              STD   
24                   A333              6  ...               40   

   REDUCING_SCHEDULE MANUFACTURING_PROCESS END_FINISH END_CONNECTIONS TRIM  \
0                NAN              SEAMLESS      BLACK             NAN  NAN   
1                NAN              SEAMLESS      BLACK             NAN  NAN   
2                NAN              SEAMLESS      BLACK             NAN  NAN   
3                NAN                WELDED        NAN             NAN  NAN   
4                NAN              SEAMLESS      BLACK             NAN  NAN   
5                NAN              SEAMLESS        DRL             NAN  NAN   
6                NAN                   ERW         PE         PE X PE  NAN   
7                NAN              SEAMLESS        NAN             NAN  NAN   
8                NAN                   NAN  PLAIN END             NAN  NAN   
9                NAN              SEAMLESS        DRL             NAN  NAN   
10               NAN              SEAMLESS        DRL             NAN  NAN   
11               NAN                   NAN        NAN             NAN  NAN   
12               NAN                   NAN  PLAIN END             NAN  NAN   
13               NAN              SEAMLESS  PLAIN END             NAN  NAN   
14               NAN                   NAN        NAN             NAN  NAN   
15               NAN                   ERW  PLAIN END             NAN  NAN   
16               NAN              SEAMLESS  PLAIN END             NAN  NAN   
17               NAN              SEAMLESS  PLAIN END             NAN  NAN   
18               NAN              SEAMLESS        NAN             NAN  NAN   
19               NAN              SEAMLESS        NAN             NAN  NAN   
20               NAN              SEAMLESS  PLAIN END             NAN  NAN   
21               NAN                   NAN         BW             NAN  NAN   
22               NAN                   NAN  PLAIN END             NAN  NAN   
23               NAN                WELDED        NAN             NAN  NAN   
24               NAN              SEAMLESS        NAN             NAN  NAN   

   MISCELLANEOUS CONFIDENCE     id     score  
0            NAN       0.90  42635  0.719731  
1            NAN       0.90  42634  0.718500  
2            NAN       0.90  42636  0.718500  
3            ASA       0.80  27589  0.716889  
4            NAN       0.90  42633  0.712382  
5          BLACK       0.90  32454  0.712370  
6          BLACK       0.95  27203  0.711801  
7            SRL       0.95  26415  0.709101  
8   LOW RESIDUAL       0.90  26439  0.709031  
9          BLACK       0.95  27164  0.706609  
10         BLACK       0.90  27161  0.706269  
11           NAN       0.85  27771  0.703447  
12  LOW RESIDUAL       0.90  26376  0.703422  
13     BLACK SRL       0.95  26438  0.703291  
14           NAN       0.85  28447  0.703290  
15         BLACK       0.95  26456  0.702959  
16         BLACK       0.95  26436  0.702125  
17           SRL       0.95  26437  0.701233  
18         BLACK       0.95  26414  0.700935  
19     BLACK SRL       0.90  27231  0.700127  
20     BLACK SRL       0.85  26425  0.699845  
21           NAN       0.85  22662  0.699431  
22  LOW RESIDUAL       0.85  26372  0.699388  
23           ASA       0.80    912  0.699374  
24     BLACK SRL       0.95  27163  0.698407  

[25 rows x 21 columns]",69,BAD
80,"NIPPLE, SWAGE, CONCENTRIC, 3"" X 2"", BLE X TSE, SCH XH, CARBON STEEL, ASTM A234",3 X 2 BLACK SCHEDULE XH CONCENTRIC SOCKETWELD SWAGE BEVELED X THREADED,True,80,49,19.33462920000011,"       ID  \
0   27645   
1    7621   
2   27649   
3   27646   
4   25746   
5   25739   
6   26205   
7    7794   
8   25737   
9   26211   
10  27652   
11  25106   
12  25080   
13  43629   
14  28531   
15  25079   
16  25735   
17  43571   
18  27653   
19  23696   
20  26204   
21  25048   
22  30901   
23  25074   
24  25821   

                                                                  DESCRIPTION  \
0            1 X 0.5 CARBON STEEL EXTRA HEAVY THREADED BOTH ENDS SWAGE NIPPLE   
1           1 X 0.75 CARBON STEEL EXTRA HEAVY THREADED BOTH ENDS SWAGE NIPPLE   
2          1-0.5 X 1 CARBON STEEL EXTRA HEAVY THREADED BOTH ENDS SWAGE NIPPLE   
3                1 X 0.75 SCHEDULE 80 WPB BLACK CARBON STEEL SWAGE NIPPLE PBE   
4                                    2 X 3 BLACK SMLS SCHEDULE 160 NIPPLE PBE   
5                                     2 X 3 BLACK EXTRA HEAVY SMLS NIPPLE PBE   
6                                  3XCLOSE BLACK EXTRA HEAVY SMLS A106 NIPPLE   
7      1-0.25 X 0.75 CARBON STEEL EXTRA HEAVY THREADED BOTH ENDS SWAGE NIPPLE   
8                                2 X 3 BLACK EXTRA HEAVY SMLS A106 NIPPLE PBE   
9                         3XCLOSE GALVANIZED SCHEDULE 40 SEAMLESS A106 NIPPLE   
10      1-0.25 X 0.5 CARBON STEEL EXTRA HEAVY THREADED BOTH ENDS SWAGE NIPPLE   
11                                                  1 X 4 BLK XXH SMLS NIPPLE   
12                                    1 X 3 EXTRA HEAVY BLACK SMLS NIPPLE PBE   
13                               2 X 3 BLACK SCHEDULE XH SEAMLESS A106 NIPPLE   
14  1 X 0.5 GALVANIZED EXTRA HEAVY CONCENTRIC SWAGE NIPPLE THREADED BOTH ENDS   
15                                              1 X 3 BLK STD SMLS NIPPLE PBE   
16                             2 X 3 BLACK EXTRA EXTRA HEAVY SMLS A106 NIPPLE   
17                               2 X 3 BLACK SCHEDULE XH SEAMLESS A106 NIPPLE   
18                     2 X 1 BLACK EXTRA HEAVY SWAGE NIPPLE BEVELED BOTH ENDS   
19        2 X 1 CARBON STEEL SCHEDULE 160 CONCENTRIC SWAGE THREADED BOTH ENDS   
20                                   3XCL BLACK SCHEDULE 160 SMLS A106 NIPPLE   
21                             1 X 2 BLACK EXTRA EXTRA HEAVY SMLS A106 NIPPLE   
22               3 X 2 BLACK SCHEDULE 160 CONCENTRIC SWAGE THREADED BOTH ENDS   
23                                   1 X 3 BLACK SMLS SCHEDULE 160 NIPPLE PBE   
24                               2 X CLOSE BLACK EXTRA HEAVY SMLS A106 NIPPLE   

   CATEGORY                     TYPE PRIMARY_SIZE REDUCING_SIZE LENGTH  \
0   FITTING             SWAGE NIPPLE            1           0.5    NAN   
1     VALVE                     GATE            4           NAN    NAN   
2   FITTING             SWAGE NIPPLE          1.5             1    NAN   
3   FITTING             SWAGE NIPPLE            1          0.75    NAN   
4   FITTING                   NIPPLE            2             3    NAN   
5   FITTING                   NIPPLE            2             3    NAN   
6   FITTING                   NIPPLE            3           NAN    NAN   
7     VALVE                    GLOBE            4           NAN    NAN   
8   FITTING                   NIPPLE            2             3    NAN   
9   FITTING                   NIPPLE            3           NAN    NAN   
10  FITTING             SWAGE NIPPLE         1.25           0.5    NAN   
11  FITTING                   NIPPLE            1           NAN      4   
12  FITTING                   NIPPLE            1           NAN      3   
13     PIPE                   NIPPLE          2.0           3.0    NAN   
14  FITTING  CONCENTRIC SWAGE NIPPLE            1           0.5    NAN   
15  FITTING                   NIPPLE            1           NAN      3   
16  FITTING                   NIPPLE            2             3    NAN   
17     PIPE                   NIPPLE          2.0           3.0    NAN   
18  FITTING             SWAGE NIPPLE            2             1    NAN   
19  FITTING         CONCENTRIC SWAGE            2             1    NAN   
20  FITTING                   NIPPLE            3           NAN    NAN   
21  FITTING                   NIPPLE            1             2    NAN   
22  FITTING         CONCENTRIC SWAGE            3             2    NAN   
23  FITTING                   NIPPLE            1           NAN      3   
24  FITTING                   NIPPLE            2           NAN    NAN   

   MATERIAL_NAME MATERIAL_SPECIFICATION MATERIAL_GRADE  ... PRIMARY_SCHEDULE  \
0   CARBON STEEL                    NAN            NAN  ...               XH   
1   CARBON STEEL                    NAN            NAN  ...              NAN   
2   CARBON STEEL                    NAN            NAN  ...               XH   
3   CARBON STEEL                    WPB            NAN  ...               80   
4   CARBON STEEL                    NAN            NAN  ...              160   
5   CARBON STEEL                    NAN            NAN  ...               XH   
6   CARBON STEEL                   A106            NAN  ...               XH   
7   CARBON STEEL                    NAN            NAN  ...              NAN   
8   CARBON STEEL                   A106            NAN  ...               XH   
9   CARBON STEEL                   A106            NAN  ...               40   
10  CARBON STEEL                    NAN            NAN  ...               XH   
11  CARBON STEEL                    NAN            NAN  ...              XXH   
12  CARBON STEEL                    NAN            NAN  ...               XH   
13  CARBON STEEL                   A106            NAN  ...      EXTRA HEAVY   
14  CARBON STEEL                    NAN            NAN  ...               XH   
15  CARBON STEEL                    NAN            NAN  ...              STD   
16  CARBON STEEL                   A106            NAN  ...              XXH   
17  CARBON STEEL                   A106            NAN  ...      EXTRA HEAVY   
18  CARBON STEEL                    NAN            NAN  ...               XH   
19  CARBON STEEL                    NAN            NAN  ...              160   
20  CARBON STEEL                   A106            NAN  ...              160   
21  CARBON STEEL                   A106            NAN  ...              XXH   
22           NAN                    NAN            NAN  ...              160   
23  CARBON STEEL                    NAN            NAN  ...              160   
24  CARBON STEEL                   A106            NAN  ...               XH   

   REDUCING_SCHEDULE MANUFACTURING_PROCESS         END_FINISH END_CONNECTIONS  \
0                NAN                   NAN                NAN        THD X SW   
1                NAN                   NAN                 RF         FLANGED   
2                NAN                   NAN                NAN        THD X SW   
3                NAN                   NAN              PLAIN         PE X PE   
4                NAN              SEAMLESS        BEVELED END             NAN   
5                NAN              SEAMLESS              PLAIN         PE X PE   
6                NAN              SEAMLESS                NAN             THD   
7                NAN                   NAN        RAISED FACE          FLANGE   
8                NAN              SEAMLESS              PLAIN         PE X PE   
9                NAN              SEAMLESS         GALVANIZED             NAN   
10               NAN                   NAN                NAN        THD X SW   
11               NAN              SEAMLESS                NAN             NAN   
12               NAN              SEAMLESS              PLAIN         PE X PE   
13               NAN              SEAMLESS                NAN             NAN   
14               NAN                   NAN         GALVANIZED        SW X THD   
15               NAN              SEAMLESS              PLAIN         PE X PE   
16               NAN              SEAMLESS                NAN             NAN   
17               NAN              SEAMLESS                NAN             NAN   
18               NAN                   NAN  BEVELED BOTH ENDS              SW   
19               NAN                   NAN                NAN       THD X THD   
20               NAN              SEAMLESS                NAN             NAN   
21               NAN              SEAMLESS                NAN             NAN   
22               NAN                   NAN                NAN       THD X THD   
23               NAN              SEAMLESS            BEVELED              PE   
24               NAN              SEAMLESS                NAN             NAN   

    TRIM MISCELLANEOUS CONFIDENCE     id     score  
0    NAN           NAN       0.80  27645  0.746941  
1   OS&Y           NAN       0.90   7621  0.745227  
2    NAN           NAN       0.80  27649  0.735644  
3    NAN         BLACK       0.95  27646  0.734261  
4    NAN         BLACK       0.85  25746  0.731843  
5    NAN         BLACK       0.80  25739  0.730881  
6    NAN         BLACK       0.85  26205  0.728006  
7   OS&Y           NAN       0.85   7794  0.726003  
8    NAN         BLACK       0.90  25737  0.725461  
9    NAN         CLOSE       0.90  26211  0.724686  
10   NAN           NAN       0.85  27652  0.724233  
11   NAN         BLACK       0.80  25106  0.724165  
12   NAN         BLACK       0.90  25080  0.723157  
13   NAN         BLACK       0.80  43629  0.722800  
14   NAN           NAN       0.85  28531  0.722101  
15   NAN         BLACK       0.90  25079  0.722007  
16   NAN         BLACK       0.90  25735  0.721288  
17   NAN         BLACK       0.80  43571  0.720701  
18   NAN         BLACK       0.85  27653  0.720437  
19   NAN    SOCKETWELD       0.80  23696  0.720318  
20   NAN         BLACK       0.90  26204  0.720150  
21   NAN         BLACK       0.90  25048  0.719820  
22   NAN         BLACK       0.90  30901  0.719416  
23   NAN         BLACK       0.90  25074  0.719028  
24   NAN         BLACK       0.90  25821  0.718856  

[25 rows x 21 columns]",152,TERRIBLE
81,"NIPPLE, SWAGE, CONCENTRIC, 3"" X 2"", THRD X BW, SCH XS, CARBON STEEL, A234",3 X 2 BLACK SCHEDULE XH CONCENTRIC SOCKETWELD SWAGE BEVELED X THREADED,True,81,35,14.731620399999883,"       ID  \
0   27645   
1    7621   
2   27646   
3   27649   
4    7794   
5   27652   
6   25746   
7   23696   
8   25739   
9   27650   
10  30901   
11  25745   
12  25737   
13  25074   
14  23701   
15  28531   
16  25079   
17  25075   
18  26205   
19  25080   
20  25738   
21  25735   
22  23599   
23  27648   
24  29186   

                                                                  DESCRIPTION  \
0            1 X 0.5 CARBON STEEL EXTRA HEAVY THREADED BOTH ENDS SWAGE NIPPLE   
1           1 X 0.75 CARBON STEEL EXTRA HEAVY THREADED BOTH ENDS SWAGE NIPPLE   
2                1 X 0.75 SCHEDULE 80 WPB BLACK CARBON STEEL SWAGE NIPPLE PBE   
3          1-0.5 X 1 CARBON STEEL EXTRA HEAVY THREADED BOTH ENDS SWAGE NIPPLE   
4      1-0.25 X 0.75 CARBON STEEL EXTRA HEAVY THREADED BOTH ENDS SWAGE NIPPLE   
5       1-0.25 X 0.5 CARBON STEEL EXTRA HEAVY THREADED BOTH ENDS SWAGE NIPPLE   
6                                    2 X 3 BLACK SMLS SCHEDULE 160 NIPPLE PBE   
7         2 X 1 CARBON STEEL SCHEDULE 160 CONCENTRIC SWAGE THREADED BOTH ENDS   
8                                     2 X 3 BLACK EXTRA HEAVY SMLS NIPPLE PBE   
9                   1-0.5 X 1 SCHEDULE 80 BLACK CARBON STEEL SWAGE NIPPLE PBE   
10               3 X 2 BLACK SCHEDULE 160 CONCENTRIC SWAGE THREADED BOTH ENDS   
11                    2 X 3 BLACK SCHEDULE 40 SMLS A106 NIPPLE PLAIN X THREAD   
12                               2 X 3 BLACK EXTRA HEAVY SMLS A106 NIPPLE PBE   
13                                   1 X 3 BLACK SMLS SCHEDULE 160 NIPPLE PBE   
14      2 X 0.5 CARBON STEEL SCHEDULE 160 CONCENTRIC SWAGE THREADED BOTH ENDS   
15  1 X 0.5 GALVANIZED EXTRA HEAVY CONCENTRIC SWAGE NIPPLE THREADED BOTH ENDS   
16                                              1 X 3 BLK STD SMLS NIPPLE PBE   
17                        1 X 3 BLACK SMLS SCHEDULE 160 NIPPLE PLAIN X THREAD   
18                                 3XCLOSE BLACK EXTRA HEAVY SMLS A106 NIPPLE   
19                                    1 X 3 EXTRA HEAVY BLACK SMLS NIPPLE PBE   
20                    2 X 3 BLACK EXTRA HEAVY SMLS A106 NIPPLE PLAIN X THREAD   
21                             2 X 3 BLACK EXTRA EXTRA HEAVY SMLS A106 NIPPLE   
22      1 X 0.5 CARBON STEEL SCHEDULE 160 CONCENTRIC SWAGE THREADED BOTH ENDS   
23     1-0.5 X 1 BLACK EXTRA HEAVY CONCENTRIC SWAGE NIPPLE THREADED BOTH ENDS   
24           3 X 2 GALVANIZED SCHEDULE 40 CONCENTRIC SWAGE THREADED BOTH ENDS   

   CATEGORY                     TYPE PRIMARY_SIZE REDUCING_SIZE LENGTH  \
0   FITTING             SWAGE NIPPLE            1           0.5    NAN   
1     VALVE                     GATE            4           NAN    NAN   
2   FITTING             SWAGE NIPPLE            1          0.75    NAN   
3   FITTING             SWAGE NIPPLE          1.5             1    NAN   
4     VALVE                    GLOBE            4           NAN    NAN   
5   FITTING             SWAGE NIPPLE         1.25           0.5    NAN   
6   FITTING                   NIPPLE            2             3    NAN   
7   FITTING         CONCENTRIC SWAGE            2             1    NAN   
8   FITTING                   NIPPLE            2             3    NAN   
9   FITTING             SWAGE NIPPLE          1.5             1    NAN   
10  FITTING         CONCENTRIC SWAGE            3             2    NAN   
11  FITTING                   NIPPLE            2             3    NAN   
12  FITTING                   NIPPLE            2             3    NAN   
13  FITTING                   NIPPLE            1           NAN      3   
14  FITTING         CONCENTRIC SWAGE            2           0.5    NAN   
15  FITTING  CONCENTRIC SWAGE NIPPLE            1           0.5    NAN   
16  FITTING                   NIPPLE            1           NAN      3   
17  FITTING                   NIPPLE            1           NAN      3   
18  FITTING                   NIPPLE            3           NAN    NAN   
19  FITTING                   NIPPLE            1           NAN      3   
20  FITTING                   NIPPLE            2             3    NAN   
21  FITTING                   NIPPLE            2             3    NAN   
22  FITTING         CONCENTRIC SWAGE            1           0.5    NAN   
23  FITTING             SWAGE NIPPLE          1.5             1    NAN   
24  FITTING         CONCENTRIC SWAGE            3             2    NAN   

   MATERIAL_NAME MATERIAL_SPECIFICATION MATERIAL_GRADE  ... PRIMARY_SCHEDULE  \
0   CARBON STEEL                    NAN            NAN  ...               XH   
1   CARBON STEEL                    NAN            NAN  ...              NAN   
2   CARBON STEEL                    WPB            NAN  ...               80   
3   CARBON STEEL                    NAN            NAN  ...               XH   
4   CARBON STEEL                    NAN            NAN  ...              NAN   
5   CARBON STEEL                    NAN            NAN  ...               XH   
6   CARBON STEEL                    NAN            NAN  ...              160   
7   CARBON STEEL                    NAN            NAN  ...              160   
8   CARBON STEEL                    NAN            NAN  ...               XH   
9   CARBON STEEL                    NAN            NAN  ...               80   
10           NAN                    NAN            NAN  ...              160   
11  CARBON STEEL                   A106            NAN  ...               40   
12  CARBON STEEL                   A106            NAN  ...               XH   
13  CARBON STEEL                    NAN            NAN  ...              160   
14  CARBON STEEL                    NAN            NAN  ...              160   
15  CARBON STEEL                    NAN            NAN  ...               XH   
16  CARBON STEEL                    NAN            NAN  ...              STD   
17  CARBON STEEL                    NAN            NAN  ...              160   
18  CARBON STEEL                   A106            NAN  ...               XH   
19  CARBON STEEL                    NAN            NAN  ...               XH   
20  CARBON STEEL                   A106            NAN  ...               XH   
21  CARBON STEEL                   A106            NAN  ...              XXH   
22  CARBON STEEL                    NAN            NAN  ...              160   
23  CARBON STEEL                    NAN            NAN  ...               XH   
24    GALVANIZED                    NAN            NAN  ...               40   

   REDUCING_SCHEDULE MANUFACTURING_PROCESS   END_FINISH END_CONNECTIONS  TRIM  \
0                NAN                   NAN          NAN        THD X SW   NAN   
1                NAN                   NAN           RF         FLANGED  OS&Y   
2                NAN                   NAN        PLAIN         PE X PE   NAN   
3                NAN                   NAN          NAN        THD X SW   NAN   
4                NAN                   NAN  RAISED FACE          FLANGE  OS&Y   
5                NAN                   NAN          NAN        THD X SW   NAN   
6                NAN              SEAMLESS  BEVELED END             NAN   NAN   
7                NAN                   NAN          NAN       THD X THD   NAN   
8                NAN              SEAMLESS        PLAIN         PE X PE   NAN   
9                NAN                   NAN        PLAIN         PE X PE   NAN   
10               NAN                   NAN          NAN       THD X THD   NAN   
11               NAN              SEAMLESS          NAN     PLAIN X THD   NAN   
12               NAN              SEAMLESS        PLAIN         PE X PE   NAN   
13               NAN              SEAMLESS      BEVELED              PE   NAN   
14               NAN                   NAN          NAN        SW X THD   NAN   
15               NAN                   NAN   GALVANIZED        SW X THD   NAN   
16               NAN              SEAMLESS        PLAIN         PE X PE   NAN   
17               NAN              SEAMLESS          NAN     PLAIN X THD   NAN   
18               NAN              SEAMLESS          NAN             THD   NAN   
19               NAN              SEAMLESS        PLAIN         PE X PE   NAN   
20               NAN              SEAMLESS        BLACK     PLAIN X THD   NAN   
21               NAN              SEAMLESS          NAN             NAN   NAN   
22               NAN                   NAN          NAN        SW X THD   NAN   
23               NAN                   NAN          NAN       THD X THD   NAN   
24               NAN                   NAN          NAN        SW X THD   NAN   

   MISCELLANEOUS CONFIDENCE     id     score  
0            NAN       0.80  27645  0.760119  
1            NAN       0.90   7621  0.756138  
2          BLACK       0.95  27646  0.752971  
3            NAN       0.80  27649  0.746209  
4            NAN       0.85   7794  0.734686  
5            NAN       0.85  27652  0.734403  
6          BLACK       0.85  25746  0.731950  
7     SOCKETWELD       0.80  23696  0.729960  
8          BLACK       0.80  25739  0.729105  
9          BLACK       0.85  27650  0.728475  
10         BLACK       0.90  30901  0.726207  
11         BLACK       0.90  25745  0.725482  
12         BLACK       0.90  25737  0.724737  
13         BLACK       0.90  25074  0.724072  
14           NAN       0.85  23701  0.723655  
15           NAN       0.85  28531  0.722723  
16         BLACK       0.90  25079  0.722480  
17         BLACK       0.90  25075  0.721610  
18         BLACK       0.85  26205  0.721326  
19         BLACK       0.90  25080  0.721248  
20           NAN       0.90  25738  0.720829  
21         BLACK       0.90  25735  0.719700  
22           NAN       0.80  23599  0.719013  
23         BLACK       0.85  27648  0.718866  
24           NAN       0.85  29186  0.718668  

[25 rows x 21 columns]",143,TERRIBLE
82,"24"" ELBOW 45D, LR, BW, ANSI B16.9, 304SS, SCH 10S",24 STAINLESS STEEL SCHEDULE 10 304L LONG RADIUS 45 A403CR,True,82,123,28.11245770000005,"       ID                                                         DESCRIPTION  \
0   36948                             24 STAINLESS STEEL STD 304L LR 90 ELBOW   
1   36651             24 STAINLESS STEEL SCHEDULE 10 304L LR 45 ELBOW A403WPW   
2   36944             24 STAINLESS STEEL SCHEDULE 10 304L LR 90 ELBOW A403WPW   
3   36654             24 STAINLESS STEEL SCHEDULE 40 304L LR 45 ELBOW A403WPW   
4   36653           24 STAINLESS STEEL SCHEDULE 10S 316 L LR 45 ELBOW A403WPW   
5   36652           24 STAINLESS STEEL SCHEDULE 10S .250 304L LR 45 ELBOW WPW   
6   36846                12 STAINLESS STEEL SCHEDULE 10 304L SMLS LR 90 ELBOW   
7   36845                12 STAINLESS STEEL SCHEDULE 10 304L SMLS LR 90 ELBOW   
8   36947             24 STAINLESS STEEL SCHEDULE 80 304L LR 90 ELBOW A403WPW   
9   36852                12 STAINLESS STEEL SCHEDULE 40 304L SMLS LR 90 ELBOW   
10  39992             24 STAINLESS STEEL SCHEDULE 10 304L SR 90 ELBOW A403WPW   
11  36946           24 STAINLESS STEEL SCHEDULE 10S .250 304L LR 90 ELBOW WPW   
12  42936  24 STAINLESS STEEL SCHEDULE 10S .250 304L LONG RADIUS 45 ELBOW WPW   
13  36945            24 STAINLESS STEEL SCHEDULE 10 316 L LR 90 ELBOW A403WPW   
14  34139                   12 STAINLESS STEEL SCHEDULE 10 304L SMLS 45 ELBOW   
15  36789                10 STAINLESS STEEL SCHEDULE 40 304L SMLS LR 90 ELBOW   
16  36791                10 STAINLESS STEEL SCHEDULE 40 304L SMLS LR 90 ELBOW   
17  36790                10 STAINLESS STEEL SCHEDULE 40 304L SMLS LR 90 ELBOW   
18  37096                 8 STAINLESS STEEL SCHEDULE 10 304L SMLS LR 90 ELBOW   
19  37097                 8 STAINLESS STEEL SCHEDULE 10 304L SMLS LR 90 ELBOW   
20  37095                 8 STAINLESS STEEL SCHEDULE 10 304L SMLS LR 90 ELBOW   
21  36735                 1 STAINLESS STEEL SCHEDULE 40 304L SMLS LR 90 ELBOW   
22  36734                 1 STAINLESS STEEL SCHEDULE 40 304L SMLS LR 90 ELBOW   
23  36736                 1 STAINLESS STEEL SCHEDULE 40 304L SMLS LR 90 ELBOW   
24  39993           24 STAINLESS STEEL SCHEDULE 10S .250 304L SR 90 ELBOW WPW   

   CATEGORY                  TYPE PRIMARY_SIZE REDUCING_SIZE LENGTH  \
0   FITTING    LR 90 DEGREE ELBOW           24           NAN    NAN   
1   FITTING    LR 45 DEGREE ELBOW           24           NAN    NAN   
2   FITTING    LR 90 DEGREE ELBOW           24           NAN    NAN   
3   FITTING    LR 45 DEGREE ELBOW           24           NAN    NAN   
4   FITTING    LR 45 DEGREE ELBOW           24           NAN    NAN   
5   FITTING    LR 45 DEGREE ELBOW           24           NAN    NAN   
6   FITTING    LR 90 DEGREE ELBOW           12           NAN    NAN   
7   FITTING    LR 90 DEGREE ELBOW           12           NAN    NAN   
8   FITTING    LR 90 DEGREE ELBOW           24           NAN    NAN   
9   FITTING    LR 90 DEGREE ELBOW           12           NAN    NAN   
10  FITTING    SR 90 DEGREE ELBOW           24           NAN    NAN   
11  FITTING    LR 90 DEGREE ELBOW           24           NAN    NAN   
12  FITTING  LONG RADIUS 45 ELBOW         24.0           NAN    NAN   
13  FITTING    LR 90 DEGREE ELBOW           24           NAN    NAN   
14  FITTING       45 DEGREE ELBOW           12           NAN    NAN   
15  FITTING    LR 90 DEGREE ELBOW           10           NAN    NAN   
16  FITTING    LR 90 DEGREE ELBOW           10           NAN    NAN   
17  FITTING    LR 90 DEGREE ELBOW           10           NAN    NAN   
18  FITTING    LR 90 DEGREE ELBOW            8           NAN    NAN   
19  FITTING    LR 90 DEGREE ELBOW            8           NAN    NAN   
20  FITTING    LR 90 DEGREE ELBOW            8           NAN    NAN   
21  FITTING    LR 90 DEGREE ELBOW            1           NAN    NAN   
22  FITTING    LR 90 DEGREE ELBOW            1           NAN    NAN   
23  FITTING    LR 90 DEGREE ELBOW            1           NAN    NAN   
24  FITTING    SR 90 DEGREE ELBOW           24           NAN    NAN   

      MATERIAL_NAME MATERIAL_SPECIFICATION MATERIAL_GRADE  ...  \
0   STAINLESS STEEL                   304L            NAN  ...   
1   STAINLESS STEEL                   A403            WPW  ...   
2   STAINLESS STEEL                   A403            WPW  ...   
3   STAINLESS STEEL                   A403            WPW  ...   
4   STAINLESS STEEL                   A403            WPW  ...   
5   STAINLESS STEEL                   304L            WPW  ...   
6   STAINLESS STEEL                    NAN           304L  ...   
7   STAINLESS STEEL                    NAN           304L  ...   
8   STAINLESS STEEL                   A403            WPW  ...   
9   STAINLESS STEEL                    NAN           304L  ...   
10  STAINLESS STEEL                   A403            WPW  ...   
11  STAINLESS STEEL                   304L            WPW  ...   
12  STAINLESS STEEL                    NAN           304L  ...   
13  STAINLESS STEEL                   A403            WPW  ...   
14  STAINLESS STEEL                    NAN           304L  ...   
15  STAINLESS STEEL                    NAN           304L  ...   
16  STAINLESS STEEL                    NAN           304L  ...   
17  STAINLESS STEEL                    NAN           304L  ...   
18  STAINLESS STEEL                    NAN           304L  ...   
19  STAINLESS STEEL                   304L            NAN  ...   
20  STAINLESS STEEL                   304L            NAN  ...   
21  STAINLESS STEEL                    NAN           304L  ...   
22  STAINLESS STEEL                   304L            NAN  ...   
23  STAINLESS STEEL                    NAN           304L  ...   
24  STAINLESS STEEL                   304L            WPW  ...   

   PRIMARY_SCHEDULE REDUCING_SCHEDULE MANUFACTURING_PROCESS END_FINISH  \
0               STD               NAN                   NAN        NAN   
1                10               NAN                   NAN        NAN   
2                10               NAN                   NAN        NAN   
3                40               NAN                   NAN        NAN   
4               10S               NAN                   NAN        NAN   
5               10S               NAN                   NAN        NAN   
6                10               NAN              SEAMLESS        NAN   
7                10               NAN              SEAMLESS        NAN   
8                80               NAN                   NAN        NAN   
9                40               NAN              SEAMLESS        NAN   
10               10               NAN                   NAN        NAN   
11              10S               NAN                   NAN        NAN   
12              10S               NAN                   NAN        WPW   
13               10               NAN                   NAN        NAN   
14               10               NAN              SEAMLESS        NAN   
15               40               NAN              SEAMLESS        NAN   
16               40               NAN              SEAMLESS        NAN   
17               40               NAN              SEAMLESS        NAN   
18               10               NAN              SEAMLESS        NAN   
19               10               NAN              SEAMLESS        NAN   
20               10               NAN              SEAMLESS        NAN   
21               40               NAN              SEAMLESS        NAN   
22               40               NAN              SEAMLESS        NAN   
23               40               NAN              SEAMLESS        NAN   
24              10S               NAN                   NAN        NAN   

   END_CONNECTIONS TRIM MISCELLANEOUS CONFIDENCE     id     score  
0              NAN  NAN           NAN       0.85  36948  0.812757  
1              NAN  NAN           NAN       0.95  36651  0.810255  
2              NAN  NAN           NAN       0.95  36944  0.805297  
3              NAN  NAN           NAN       0.90  36654  0.803054  
4              NAN  NAN           NAN       0.95  36653  0.801523  
5              NAN  NAN          0.25       0.90  36652  0.793562  
6              NAN  NAN           NAN       0.95  36846  0.791494  
7              NAN  NAN           NAN       0.90  36845  0.791468  
8              NAN  NAN           NAN       0.95  36947  0.790871  
9              NAN  NAN           NAN       0.90  36852  0.790348  
10             NAN  NAN           NAN       0.95  39992  0.789207  
11             NAN  NAN           NAN       0.90  36946  0.788796  
12             NAN  NAN           NAN       0.90  42936  0.786788  
13             NAN  NAN           NAN       0.95  36945  0.785118  
14             NAN  NAN           NAN       0.85  34139  0.784561  
15             NAN  NAN           NAN       0.90  36789  0.783859  
16             NAN  NAN           NAN       0.90  36791  0.783841  
17             NAN  NAN           NAN       0.95  36790  0.783816  
18             NAN  NAN           NAN       0.90  37096  0.783428  
19             NAN  NAN           NAN       0.95  37097  0.783397  
20             NAN  NAN           NAN       0.95  37095  0.782965  
21             NAN  NAN           NAN       0.90  36735  0.782888  
22             NAN  NAN           NAN       0.95  36734  0.782854  
23             NAN  NAN           NAN       0.90  36736  0.782817  
24             NAN  NAN           NAN       0.90  39993  0.781981  

[25 rows x 21 columns]",169,TERRIBLE
83,"NIPPLE, SWAGE, SEAMLESS, 2"" X 1"", THREADED, SCH XH, ZINC COATED",2 X 1 GALVANIZED SCHEDULE XH CONCENTRIC SOCKETWELD SWAGE THREADED BOTH ENDS,True,83,14,22.200960199999827,"       ID  \
0   43640   
1   33342   
2   43643   
3   29269   
4   33353   
5   30944   
6   26292   
7   29267   
8   29200   
9   25881   
10  43639   
11  25878   
12  25752   
13  25772   
14  43609   
15  25751   
16  33298   
17  41990   
18  41989   
19  33340   
20  33309   
21  25734   
22  29268   
23  25807   
24  25808   

                                                                      DESCRIPTION  \
0                               2 X 4 GALVANIZED SCHEDULE XH SEAMLESS A106 NIPPLE   
1         2 X 1 GALVANIZED EXTRA HEAVY CONCENTRIC SWAGE NIPPLE THREADED BOTH ENDS   
2                               2 X 6 GALVANIZED SCHEDULE XH SEAMLESS A106 NIPPLE   
3     2 X 1-0.5 GALVANIZED EXTRA HEAVY CONCENTRIC SWAGE NIPPLE THREADED BOTH ENDS   
4       2 X 0.5 GALVANIZED EXTRA HEAVY CONCENTRIC SWAGE NIPPLE THREADED BOTH ENDS   
5    2 X 1-0.25 GALVANIZED EXTRA HEAVY CONCENTRIC SWAGE NIPPLE THREADED BOTH ENDS   
6                        2 X 3 BLACK SCHEDULE XH SEAMLESS NIPPLE THREADED ONE END   
7    0.5 X 0.25 GALVANIZED EXTRA HEAVY CONCENTRIC SWAGE NIPPLE THREADED BOTH ENDS   
8      2 X 0.75 GALVANIZED EXTRA HEAVY CONCENTRIC SWAGE NIPPLE THREADED BOTH ENDS   
9                             2XCLOSE GALVANIZED SCHEDULE 40 SEAMLESS A106 NIPPLE   
10                            0.5 X 2 GALVANIZED SCHEDULE XH SEAMLESS A106 NIPPLE   
11                                   2XCL GALVANIZED EXTRA HEAVY SMLS A106 NIPPLE   
12                                    2 X 3 HD GALVANIZED EXTRA HEAVY SMLS NIPPLE   
13                              2 X 4 GALVANIZED EXTRA HEAVY SEAMLESS A106 NIPPLE   
14    2 X 1 GALVANIZED SCHEDULE XH CONCENTRIC SOCKETWELD SWAGE THREADED BOTH ENDS   
15                              2 X 3 GALVANIZED SCHEDULE 40 SEAMLESS A106 NIPPLE   
16     1 X 0.75 GALVANIZED EXTRA HEAVY CONCENTRIC SWAGE NIPPLE THREADED BOTH ENDS   
17                                                  2 X 3 GALVANIZED STEEL NIPPLE   
18                                                  2 X 3 GALVANIZED STEEL NIPPLE   
19   1-0.25 X 1 GALVANIZED EXTRA HEAVY CONCENTRIC SWAGE NIPPLE THREADED BOTH ENDS   
20  0.5 X 0.125 GALVANIZED EXTRA HEAVY CONCENTRIC SWAGE NIPPLE THREADED BOTH ENDS   
21                          2 X 2-0.5 GALVANIZED EXTRA HEAVY SEAMLESS A106 NIPPLE   
22  0.5 X 0.375 GALVANIZED EXTRA HEAVY CONCENTRIC SWAGE NIPPLE THREADED BOTH ENDS   
23                              2 X 6 GALVANIZED EXTRA HEAVY SEAMLESS A106 NIPPLE   
24                              2 X 6 GALVANIZED EXTRA HEAVY SEAMLESS A106 NIPPLE   

   CATEGORY                     TYPE PRIMARY_SIZE REDUCING_SIZE LENGTH  \
0      PIPE                   NIPPLE          2.0           4.0    NAN   
1   FITTING             SWAGE NIPPLE            2             1    NAN   
2      PIPE                   NIPPLE          2.0           NAN    6.0   
3   FITTING             SWAGE NIPPLE            2           1.5    NAN   
4   FITTING             SWAGE NIPPLE            2           0.5    NAN   
5   FITTING  CONCENTRIC SWAGE NIPPLE            2          1.25    NAN   
6   FITTING                   NIPPLE            2             3    NAN   
7   FITTING             SWAGE NIPPLE          0.5          0.25    NAN   
8   FITTING  CONCENTRIC SWAGE NIPPLE            2          0.75    NAN   
9   FITTING                   NIPPLE            2           NAN    NAN   
10     PIPE                   NIPPLE          0.5           2.0    NAN   
11  FITTING                   NIPPLE            2           NAN    NAN   
12  FITTING                   NIPPLE            2             3    NAN   
13  FITTING                   NIPPLE            2             4    NAN   
14  FITTING       CONCENTRIC REDUCER          2.0           1.0    NAN   
15  FITTING                   NIPPLE            2             3    NAN   
16  FITTING             SWAGE NIPPLE            1          0.75    NAN   
17  FITTING                   NIPPLE            2             3    NAN   
18  FITTING                   NIPPLE            2             3    NAN   
19  FITTING             SWAGE NIPPLE         1.25             1    NAN   
20  FITTING             SWAGE NIPPLE          0.5         0.125    NAN   
21  FITTING                   NIPPLE            2           2.5    NAN   
22  FITTING             SWAGE NIPPLE          0.5         0.375    NAN   
23  FITTING                   NIPPLE            2           NAN      6   
24  FITTING                   NIPPLE            2           NAN      6   

   MATERIAL_NAME MATERIAL_SPECIFICATION MATERIAL_GRADE  ... PRIMARY_SCHEDULE  \
0   CARBON STEEL                   A106            NAN  ...      EXTRA HEAVY   
1            NAN                    NAN            NAN  ...               XH   
2   CARBON STEEL                   A106            NAN  ...      EXTRA HEAVY   
3     GALVANIZED                    NAN            NAN  ...               XH   
4            NAN                    NAN            NAN  ...               XH   
5            NAN                    NAN            NAN  ...               XH   
6   CARBON STEEL                    NAN            NAN  ...               XH   
7     GALVANIZED                    NAN            NAN  ...               XH   
8     GALVANIZED                    NAN            NAN  ...               XH   
9   CARBON STEEL                   A106            NAN  ...               40   
10  CARBON STEEL                   A106            NAN  ...      EXTRA HEAVY   
11  CARBON STEEL                   A106            NAN  ...               XH   
12  CARBON STEEL                    NAN            NAN  ...              XXS   
13  CARBON STEEL                   A106            NAN  ...               XH   
14           NAN                    NAN            NAN  ...               XH   
15  CARBON STEEL                   A106            NAN  ...               40   
16           NAN                    NAN            NAN  ...               XH   
17         STEEL                    NAN            NAN  ...              NAN   
18         STEEL                    NAN            NAN  ...              NAN   
19           NAN                    NAN            NAN  ...               XH   
20           NAN                    NAN            NAN  ...               XH   
21  CARBON STEEL                   A106            NAN  ...               XH   
22    GALVANIZED                    NAN            NAN  ...               XH   
23  CARBON STEEL                   A106            NAN  ...               XH   
24  CARBON STEEL                   A106            NAN  ...               XH   

   REDUCING_SCHEDULE MANUFACTURING_PROCESS  END_FINISH END_CONNECTIONS TRIM  \
0                NAN              SEAMLESS  GALVANIZED             NAN  NAN   
1                NAN                   NAN         NAN       THD X THD  NAN   
2                NAN              SEAMLESS  GALVANIZED             NAN  NAN   
3                NAN                   NAN         NAN       THD X THD  NAN   
4                NAN                   NAN  GALVANIZED        SW X THD  NAN   
5                NAN                   NAN  GALVANIZED        SW X THD  NAN   
6                NAN              SEAMLESS         NAN       THD X PLN  NAN   
7                NAN                   NAN    THREADED       THD X THD  NAN   
8                NAN                   NAN         THD       THD X THD  NAN   
9                NAN              SEAMLESS  GALVANIZED             NAN  NAN   
10               NAN              SEAMLESS  GALVANIZED             NAN  NAN   
11               NAN              SEAMLESS  GALVANIZED             NAN  NAN   
12               NAN                  SMLS  GALVANIZED             NAN  NAN   
13               NAN              SEAMLESS         NAN             NAN  NAN   
14               NAN                   NAN  GALVANIZED       THD X THD  NAN   
15               NAN              SEAMLESS  GALVANIZED             NAN  NAN   
16               NAN                   NAN  GALVANIZED        SW X THD  NAN   
17               NAN                   NAN  GALVANIZED             NAN  NAN   
18               NAN                   NAN  GALVANIZED             NAN  NAN   
19               NAN                   NAN  GALVANIZED       THD X THD  NAN   
20               NAN                   NAN  GALVANIZED        SW X THD  NAN   
21               NAN              SEAMLESS  GALVANIZED             NAN  NAN   
22               NAN                   NAN    THREADED       THD X THD  NAN   
23               NAN              SEAMLESS  GALVANIZED             NAN  NAN   
24               NAN              SEAMLESS         NAN             NAN  NAN   

            MISCELLANEOUS CONFIDENCE     id     score  
0                     NAN       0.80  43640  0.789849  
1              GALVANIZED       0.80  33342  0.784502  
2                     NAN       0.90  43643  0.783264  
3   CONCENTRIC SOCKETWELD       0.80  29269  0.778797  
4                     NAN       0.80  33353  0.778695  
5                     NAN       0.85  30944  0.773735  
6                   BLACK       0.85  26292  0.773252  
7              SOCKETWELD       0.80  29267  0.771362  
8                     NAN       0.85  29200  0.769568  
9                   CLOSE       0.85  25881  0.769440  
10                    NAN       0.90  43639  0.765935  
11                    XCL       0.80  25878  0.765735  
12                     HD       0.85  25752  0.765355  
13             GALVANIZED       0.90  25772  0.765266  
14       SOCKETWELD SWAGE       0.80  43609  0.764364  
15                    NAN       0.90  25751  0.764193  
16                    NAN       0.80  33298  0.764034  
17                    NAN       0.80  41990  0.763796  
18                    NAN       0.80  41989  0.763796  
19  CONCENTRIC SOCKETWELD       0.80  33340  0.763784  
20                    NAN       0.80  33309  0.763679  
21                    NAN       0.90  25734  0.763241  
22  SOCKETWELD CONCENTRIC       0.85  29268  0.762200  
23                    NAN       0.95  25807  0.762083  
24             GALVANIZED       0.90  25808  0.762066  

[25 rows x 21 columns]",161,TERRIBLE
84,"6X3 CONCENTRIC REDUCER , ASME B16.9 , BEVELED END , ASTM A403 GRADE WP316/WP316L , TYPE S S-10S",6 X 3 STAINLESS STEEL SCHEDULE 10 316L SEAMLESS CONCENTRIC,True,84,293,12.530201399999896,"       ID                                                    DESCRIPTION  \
0   36127    6 X 3 STAINLESS STEEL SCHEDULE 10 316 L ECC REDUCER A403WPW   
1   36061    3 X 2 STAINLESS STEEL SCHEDULE 10 316 L ECC REDUCER A403WPW   
2   35939                    10 X 6 SCHEDULE 10S ECC REDUCER 316 A403 WP   
3   36128       6 X 3 STAINLESS STEEL SCHEDULE 10 316 L SMLS ECC REDUCER   
4   35382           6 X 3 STAINLESS STEEL SCHEDULE 10 316 L CONC REDUCER   
5   36110    4 X 3 STAINLESS STEEL SCHEDULE 10 316 L ECC REDUCER A403WPW   
6   36111    4 X 3 STAINLESS STEEL SCHEDULE 10 316 L ECC REDUCER A403WPW   
7   35384           6 X 3 STAINLESS STEEL SCHEDULE 10 316 L CONC REDUCER   
8   35383           6 X 3 STAINLESS STEEL SCHEDULE 10 316 L CONC REDUCER   
9   36044    3 X 1 STAINLESS STEEL SCHEDULE 10 316 L ECC REDUCER A403WPW   
10  36126            6 X 3 STAINLESS STEEL SCHEDULE 10 316 L ECC REDUCER   
11  36134       6 X 3 STAINLESS STEEL SCHEDULE 40 316 L SMLS ECC REDUCER   
12  35940                     10 X 6 SCHEDULE 40 ECC REDUCER 316 A403 WP   
13  35394           6 X 3 STAINLESS STEEL SCHEDULE 40 316 L CONC REDUCER   
14  35395           6 X 3 STAINLESS STEEL SCHEDULE 40 316 L CONC REDUCER   
15  35393           6 X 3 STAINLESS STEEL SCHEDULE 40 316 L CONC REDUCER   
16  35034  12 X 6 STAINLESS STEEL SCHEDULE 40 316 L CONC REDUCER A403WPW   
17  35063                   16 X 10 SCHEDULE 40 CONC REDUCER 316 A403 WP   
18  36144    6 X 4 STAINLESS STEEL SCHEDULE 40 316 L ECC REDUCER A403WPW   
19  36068    3 X 2 STAINLESS STEEL SCHEDULE 40 316 L ECC REDUCER A403WPW   
20  35433           8 X 3 STAINLESS STEEL SCHEDULE 10 316 L CONC REDUCER   
21  35950   10 X 8 STAINLESS STEEL SCHEDULE 10 316 L ECC REDUCER A403WPW   
22  35341      4 X 3 STAINLESS STEEL SCHEDULE 10 316 L SMLS CONC REDUCER   
23  35360           5 X 3 STAINLESS STEEL SCHEDULE 10 316 L CONC REDUCER   
24  35985  12 X 10 STAINLESS STEEL SCHEDULE 10 316 L ECC REDUCER A403WPW   

   CATEGORY                TYPE PRIMARY_SIZE REDUCING_SIZE LENGTH  \
0   FITTING   ECCENTRIC REDUCER            6             3    NAN   
1   FITTING   ECCENTRIC REDUCER            3             2    NAN   
2   FITTING   ECCENTRIC REDUCER           10             6    NAN   
3   FITTING   ECCENTRIC REDUCER            6             3    NAN   
4   FITTING  CONCENTRIC REDUCER            6             3    NAN   
5   FITTING   ECCENTRIC REDUCER            4             3    NAN   
6   FITTING   ECCENTRIC REDUCER            4             3    NAN   
7   FITTING  CONCENTRIC REDUCER            6             3    NAN   
8   FITTING  CONCENTRIC REDUCER            6             3    NAN   
9   FITTING   ECCENTRIC REDUCER            3             1    NAN   
10  FITTING   ECCENTRIC REDUCER            6             3    NAN   
11  FITTING   ECCENTRIC REDUCER            6             3    NAN   
12  FITTING   ECCENTRIC REDUCER           10             6    NAN   
13  FITTING  CONCENTRIC REDUCER            6             3    NAN   
14  FITTING  CONCENTRIC REDUCER            6             3    NAN   
15  FITTING  CONCENTRIC REDUCER            6             3    NAN   
16  FITTING  CONCENTRIC REDUCER           12             6    NAN   
17  FITTING  CONCENTRIC REDUCER           16            10    NAN   
18  FITTING   ECCENTRIC REDUCER            6             4    NAN   
19  FITTING   ECCENTRIC REDUCER            3             2    NAN   
20  FITTING  CONCENTRIC REDUCER            8             3    NAN   
21  FITTING   ECCENTRIC REDUCER           10             8    NAN   
22  FITTING  CONCENTRIC REDUCER            4             3    NAN   
23  FITTING  CONCENTRIC REDUCER            5             3    NAN   
24  FITTING   ECCENTRIC REDUCER           12            10    NAN   

      MATERIAL_NAME MATERIAL_SPECIFICATION MATERIAL_GRADE  ...  \
0   STAINLESS STEEL                   A403            WPW  ...   
1   STAINLESS STEEL                   A403            WPW  ...   
2   STAINLESS STEEL                   A403             WP  ...   
3   STAINLESS STEEL                    NAN           316L  ...   
4   STAINLESS STEEL                    NAN           316L  ...   
5   STAINLESS STEEL                   A403            WPW  ...   
6   STAINLESS STEEL                   A403            WPW  ...   
7   STAINLESS STEEL                    NAN           316L  ...   
8   STAINLESS STEEL                    NAN           316L  ...   
9   STAINLESS STEEL                   A403            WPW  ...   
10  STAINLESS STEEL                    NAN           316L  ...   
11  STAINLESS STEEL                    NAN           316L  ...   
12  STAINLESS STEEL                   A403             WP  ...   
13  STAINLESS STEEL                    NAN           316L  ...   
14  STAINLESS STEEL                    NAN           316L  ...   
15  STAINLESS STEEL                    NAN           316L  ...   
16  STAINLESS STEEL                   A403            WPW  ...   
17  STAINLESS STEEL                   A403             WP  ...   
18  STAINLESS STEEL                   A403            WPW  ...   
19  STAINLESS STEEL                   A403            WPW  ...   
20  STAINLESS STEEL                    NAN           316L  ...   
21  STAINLESS STEEL                   A403            WPW  ...   
22  STAINLESS STEEL                    NAN           316L  ...   
23  STAINLESS STEEL                    NAN           316L  ...   
24  STAINLESS STEEL                   A403            WPW  ...   

   PRIMARY_SCHEDULE REDUCING_SCHEDULE MANUFACTURING_PROCESS END_FINISH  \
0                10               NAN                   NAN        NAN   
1                10               NAN                   NAN        NAN   
2               10S               NAN                   NAN        NAN   
3                10               NAN              SEAMLESS        NAN   
4                10               NAN                   NAN        NAN   
5                10               NAN                   NAN        NAN   
6                10               NAN                   NAN        NAN   
7                10               NAN                   NAN        NAN   
8                10               NAN                   NAN        NAN   
9                10               NAN                   NAN        NAN   
10               10               NAN                   NAN        NAN   
11               40               NAN              SEAMLESS        NAN   
12               40               NAN                   NAN        NAN   
13               40               NAN                   NAN        NAN   
14               40               NAN                   NAN        NAN   
15               40               NAN                   NAN        NAN   
16               40               NAN                   NAN        NAN   
17               40               NAN                   NAN        NAN   
18               40               NAN                   NAN        NAN   
19               40               NAN                   NAN        NAN   
20               10               NAN                   NAN        NAN   
21               10               NAN                   NAN        NAN   
22               10               NAN              SEAMLESS        NAN   
23               10               NAN                   NAN        NAN   
24               10               NAN                   NAN        NAN   

   END_CONNECTIONS TRIM MISCELLANEOUS CONFIDENCE     id     score  
0              NAN  NAN           NAN       0.95  36127  0.851583  
1              NAN  NAN           NAN       0.95  36061  0.834699  
2              NAN  NAN           NAN       0.90  35939  0.833651  
3              NAN  NAN           NAN       0.90  36128  0.833141  
4              NAN  NAN           NAN       0.90  35382  0.832321  
5              NAN  NAN           NAN       0.95  36110  0.832034  
6              NAN  NAN           NAN       0.95  36111  0.832026  
7              NAN  NAN           NAN       0.85  35384  0.831144  
8              NAN  NAN           NAN       0.90  35383  0.831138  
9              NAN  NAN           NAN       0.95  36044  0.827604  
10             NAN  NAN           NAN       0.90  36126  0.826113  
11             NAN  NAN           NAN       0.90  36134  0.825185  
12             NAN  NAN           NAN       0.95  35940  0.823993  
13             NAN  NAN           NAN       0.85  35394  0.823468  
14             NAN  NAN           NAN       0.85  35395  0.823460  
15             NAN  NAN           NAN       0.85  35393  0.823460  
16             NAN  NAN           NAN       0.95  35034  0.820779  
17             NAN  NAN           NAN       0.90  35063  0.820687  
18             NAN  NAN           NAN       0.95  36144  0.819872  
19             NAN  NAN           NAN       0.95  36068  0.819702  
20             NAN  NAN           NAN       0.90  35433  0.819161  
21             NAN  NAN           NAN       0.95  35950  0.818466  
22             NAN  NAN           NAN       0.90  35341  0.818219  
23             NAN  NAN           NAN       0.85  35360  0.817818  
24             NAN  NAN           NAN       0.95  35985  0.817311  

[25 rows x 21 columns]",137,TERRIBLE
85,"FLG,4,300,XH,RFWN,A105B",4 CARBON STEEL 300 SCHEDULE XH RAISED FACE WELD NECK A105N,True,85,693,18.36498980000033,"       ID                         DESCRIPTION CATEGORY  \
0   14571  4 300 FLG CS/MO SPV TFE CL2 A2B GO    VALVE   
1   15101        4 300 HFN STD RF WN LRES FLG   FLANGE   
2    3780        4 300 HFN XXH RF WN LRES FLG   FLANGE   
3   15103         4 300 HFN XH RF WN LRES FLG   FLANGE   
4    3247       4 300 FLG LRES SWG CHK WCB/MO    VALVE   
5    3072     1 300 FLG CS/MO TFE CL2 A20B LL    VALVE   
6   14741              14 CS 300 XH RF WN FLG   FLANGE   
7    1743    4 150 FLG SPV HC/A20 BDFT TS LGO    VALVE   
8   14542               4 CS 300 XH RF WN FLG   FLANGE   
9    3980       4 300 FLG LRES GLB WCB/MO 624    VALVE   
10  14541               4 CS 300 XH RF WN FLG   FLANGE   
11   9885         4 150 HFN XH RF WN LRES FLG   FLANGE   
12  19432        4 600 HFN STD RF WN LRES FLG   FLANGE   
13  15088         1 300 HFN XH RF WN LRES FLG   FLANGE   
14   9088               4 CS 150 XH RF WN FLG   FLANGE   
15   4477         4 600 HFN XH RF WN LRES FLG   FLANGE   
16  13916            4 CS 300 FLG BV W/LL HDL    VALVE   
17    808       1 150 FLG FTCS SS 475 SPV ELW    VALVE   
18  15100         3 300 HFN XH RF WN LRES FLG   FLANGE   
19  15914           1 FS 3000 SW 45 ELL A105N  FITTING   
20   3388              1 CS 300 XXH RF WN FLG   FLANGE   
21  14390        10 300 HFN XH RF WN LRES FLG   FLANGE   
22   3083     2 300 FLG CS/MO TFE CL2 A20B LL    VALVE   
23   3268              18 CS 300 XH RF WN FLG   FLANGE   
24  14744              16 CS 300 XH RF WN FLG   FLANGE   

                            TYPE PRIMARY_SIZE REDUCING_SIZE LENGTH  \
0                   SLEEVED PLUG            4           NAN    NAN   
1                      WELD NECK            4           NAN    NAN   
2                      WELD NECK            4           NAN    NAN   
3               WELD NECK FLANGE            4           NAN    NAN   
4                    SWING CHECK            4           NAN    NAN   
5                           PLUG            1           NAN    NAN   
6                      WELD NECK           14           NAN    NAN   
7                   SLEEVED PLUG            4           NAN    NAN   
8   RAISED FACE WELD NECK FLANGE            4           NAN    NAN   
9                          GLOBE            4           NAN    NAN   
10  RAISED FACE WELD NECK FLANGE            4           NAN    NAN   
11  RAISED FACE WELD NECK FLANGE            4           NAN    NAN   
12         RAISED FACE WELD NECK            4           NAN    NAN   
13              WELD NECK FLANGE            1           NAN    NAN   
14              WELD NECK FLANGE            4           NAN    NAN   
15                     WELD NECK            4           NAN    NAN   
16                          BALL            4           NAN    NAN   
17                          PLUG            1           NAN    NAN   
18                     WELD NECK            3           NAN    NAN   
19               45 DEGREE ELBOW            1           NAN    NAN   
20              WELD NECK FLANGE            1           NAN    NAN   
21         RAISED FACE WELD NECK           10           NAN    NAN   
22                          PLUG            2           NAN    NAN   
23                     WELD NECK           18           NAN    NAN   
24                     WELD NECK           16           NAN    NAN   

   MATERIAL_NAME MATERIAL_SPECIFICATION MATERIAL_GRADE  ... PRIMARY_SCHEDULE  \
0   CARBON STEEL                    NAN            NAN  ...              NAN   
1            NAN                    HFN            NAN  ...              STD   
2            NAN                    HFN            NAN  ...              XXH   
3            NAN                    HFN            NAN  ...               XH   
4   CARBON STEEL                    WCB            NAN  ...              NAN   
5   CARBON STEEL                    NAN            NAN  ...              NAN   
6   CARBON STEEL                  A105N            NAN  ...               XH   
7            NAN                    A20            NAN  ...              NAN   
8   CARBON STEEL                  A105N            NAN  ...               XH   
9            WCB                    NAN            NAN  ...              NAN   
10  CARBON STEEL                  A105N            NAN  ...               XH   
11           NAN                    NAN   LOW RESIDUAL  ...               XH   
12           NAN                    NAN            NAN  ...              NAN   
13           NAN                    NAN   LOW RESIDUAL  ...               XH   
14  CARBON STEEL                  A105N            NAN  ...               XH   
15           NAN                    HFN            NAN  ...               XH   
16  CARBON STEEL                    NAN             B7  ...              NAN   
17  CARBON STEEL                    NAN            NAN  ...              NAN   
18           NAN                    HFN            NAN  ...               XH   
19  CARBON STEEL                  A105N            NAN  ...              NAN   
20  CARBON STEEL                   A105            NAN  ...              XXH   
21  CARBON STEEL                    NAN   LOW RESIDUAL  ...               XH   
22  CARBON STEEL                    NAN            NAN  ...              NAN   
23  CARBON STEEL                  A105N            NAN  ...               XH   
24  CARBON STEEL                  A105N            NAN  ...               XH   

   REDUCING_SCHEDULE MANUFACTURING_PROCESS    END_FINISH END_CONNECTIONS  \
0                NAN                   NAN           NAN         FLANGED   
1                NAN                   NAN           NAN             NAN   
2                NAN                   NAN   RAISED FACE             NAN   
3                NAN                   NAN   RAISED FACE             NAN   
4                NAN                   NAN           NAN         FLANGED   
5                NAN                   NAN           NAN         FLANGED   
6                NAN                   NAN           NAN             NAN   
7                NAN                   NAN           NAN         FLANGED   
8                NAN                   NAN           NAN             NAN   
9                NAN                   NAN           NAN         FLANGED   
10               NAN                   NAN           NAN             NAN   
11               NAN                   NAN           NAN             NAN   
12               NAN                   HFN      STANDARD             NAN   
13               NAN                   NAN           NAN             NAN   
14               NAN                   NAN   RAISED FACE             NAN   
15               NAN                   NAN   RAISED FACE             NAN   
16               NAN                   NAN  REDUCED PORT         FLANGED   
17               NAN                   NAN           NAN         FLANGED   
18               NAN                   NAN   RAISED FACE             NAN   
19               NAN                FORGED           NAN              SW   
20               NAN                   NAN           NAN             NAN   
21               NAN                   NAN           NAN             NAN   
22               NAN                   NAN           NAN         FLANGED   
23               NAN                   NAN           NAN             NAN   
24               NAN                   NAN   RAISED FACE             NAN   

               TRIM               MISCELLANEOUS CONFIDENCE     id     score  
0         MONEL/TFE       CL2 A2B GEAR OPERATOR       0.85  14571  0.672827  
1               NAN                LOW RESIDUAL       0.85  15101  0.671894  
2               NAN                LOW RESIDUAL       0.90   3780  0.665458  
3               NAN                LOW RESIDUAL       0.85  15103  0.665318  
4             MONEL                LOW RESIDUAL       0.90   3247  0.657371  
5             MONEL  TFE CL2 A20B LOCKING LEVER       0.90   3072  0.657236  
6               NAN                 RAISED FACE       0.90  14741  0.656889  
7                HC                 BDFT TS LGO       0.85   1743  0.656411  
8               NAN                         NAN       0.95  14542  0.656319  
9             MONEL        LOW RESIDUAL API 624       0.85   3980  0.654885  
10              NAN                         NAN       0.95  14541  0.654352  
11              NAN                         HFN       0.85   9885  0.651641  
12              NAN                LOW RESIDUAL       0.85  19432  0.649598  
13              NAN                         HFN       0.85  15088  0.648377  
14              NAN                         NAN       0.95   9088  0.647894  
15              NAN                LOW RESIDUAL       0.90   4477  0.644837  
16     XTREME SEATS                     SS TRIM       0.85  13916  0.644479  
17  STAINLESS STEEL                 SLEEVED ELW       0.85    808  0.643571  
18              NAN                LOW RESIDUAL       0.90  15100  0.643259  
19              NAN                         NAN       0.95  15914  0.642430  
20              NAN                 RAISED FACE       0.95   3388  0.640814  
21              NAN                         HFN       0.85  14390  0.638971  
22            MONEL  TFE CL2 A20B LOCKING LEVER       0.85   3083  0.638196  
23              NAN                 RAISED FACE       0.95   3268  0.637220  
24              NAN                         NAN       0.95  14744  0.636953  

[25 rows x 21 columns]",195,TERRIBLE
86,"4X3 CONCENTRIC REDUCER , ASME B16.9 , BEVELED END , ASTM A403 GRADE WP316/WP316L , TYPE S S-10S",4 X 3 STAINLESS STEEL SCHEDULE 10 316L SEAMLESS CONCENTRIC,True,86,235,15.421940799999902,"       ID                                                        DESCRIPTION  \
0   36110        4 X 3 STAINLESS STEEL SCHEDULE 10 316 L ECC REDUCER A403WPW   
1   36111        4 X 3 STAINLESS STEEL SCHEDULE 10 316 L ECC REDUCER A403WPW   
2   36093        4 X 2 STAINLESS STEEL SCHEDULE 10 316 L ECC REDUCER A403WPW   
3   36092        4 X 2 STAINLESS STEEL SCHEDULE 10 316 L ECC REDUCER A403WPW   
4   35356       4 X 3 STAINLESS STEEL SCHEDULE 80 316 L CONC REDUCER A403WPW   
5   36112           4 X 3 STAINLESS STEEL SCHEDULE 10 316 L SMLS ECC REDUCER   
6   35341          4 X 3 STAINLESS STEEL SCHEDULE 10 316 L SMLS CONC REDUCER   
7   36119           4 X 3 STAINLESS STEEL SCHEDULE 40 316 L SMLS ECC REDUCER   
8   36157        8 X 4 STAINLESS STEEL SCHEDULE 10 316 L ECC REDUCER A403WPW   
9   36109                4 X 3 STAINLESS STEEL SCHEDULE 10 316 L ECC REDUCER   
10  36100        4 X 2 STAINLESS STEEL SCHEDULE 40 316 L ECC REDUCER A403WPW   
11  35337               4 X 3 STAINLESS STEEL SCHEDULE 10 316 L CONC REDUCER   
12  35338               4 X 3 STAINLESS STEEL SCHEDULE 10 316 L CONC REDUCER   
13  35336               4 X 3 STAINLESS STEEL SCHEDULE 10 316 L CONC REDUCER   
14  36061        3 X 2 STAINLESS STEEL SCHEDULE 10 316 L ECC REDUCER A403WPW   
15  43084  4 X 3 STAINLESS STEEL SCHEDULE 10 316L SEAMLESS ECCENTRIC REDUCER   
16  35348               4 X 3 STAINLESS STEEL SCHEDULE 40 316 L CONC REDUCER   
17  35350               4 X 3 STAINLESS STEEL SCHEDULE 40 316 L CONC REDUCER   
18  35349               4 X 3 STAINLESS STEEL SCHEDULE 40 316 L CONC REDUCER   
19  36127        6 X 3 STAINLESS STEEL SCHEDULE 10 316 L ECC REDUCER A403WPW   
20  34917                        10 X 4 SCHEDULE 40 CONC REDUCER 316 A403 WP   
21  36117                4 X 3 STAINLESS STEEL SCHEDULE 40 316 L ECC REDUCER   
22  36118                4 X 3 STAINLESS STEEL SCHEDULE 40 316 L ECC REDUCER   
23  36044        3 X 1 STAINLESS STEEL SCHEDULE 10 316 L ECC REDUCER A403WPW   
24  36086    4 X 1-0.5 STAINLESS STEEL SCHEDULE 10 316 L ECC REDUCER A403WPW   

   CATEGORY                TYPE PRIMARY_SIZE REDUCING_SIZE LENGTH  \
0   FITTING   ECCENTRIC REDUCER            4             3    NAN   
1   FITTING   ECCENTRIC REDUCER            4             3    NAN   
2   FITTING   ECCENTRIC REDUCER            4             2    NAN   
3   FITTING   ECCENTRIC REDUCER            4             2    NAN   
4   FITTING  CONCENTRIC REDUCER            4             3    NAN   
5   FITTING   ECCENTRIC REDUCER            4             3    NAN   
6   FITTING  CONCENTRIC REDUCER            4             3    NAN   
7   FITTING   ECCENTRIC REDUCER            4             3    NAN   
8   FITTING   ECCENTRIC REDUCER            8             4    NAN   
9   FITTING   ECCENTRIC REDUCER            4             3    NAN   
10  FITTING   ECCENTRIC REDUCER            4             2    NAN   
11  FITTING  CONCENTRIC REDUCER            4             3    NAN   
12  FITTING  CONCENTRIC REDUCER            4             3    NAN   
13  FITTING  CONCENTRIC REDUCER            4             3    NAN   
14  FITTING   ECCENTRIC REDUCER            3             2    NAN   
15  FITTING   ECCENTRIC REDUCER          4.0           3.0    NAN   
16  FITTING  CONCENTRIC REDUCER            4             3    NAN   
17  FITTING  CONCENTRIC REDUCER            4             3    NAN   
18  FITTING  CONCENTRIC REDUCER            4             3    NAN   
19  FITTING   ECCENTRIC REDUCER            6             3    NAN   
20  FITTING  CONCENTRIC REDUCER           10             4    NAN   
21  FITTING   ECCENTRIC REDUCER            4             3    NAN   
22  FITTING   ECCENTRIC REDUCER            4             3    NAN   
23  FITTING   ECCENTRIC REDUCER            3             1    NAN   
24  FITTING   ECCENTRIC REDUCER            4           1.5    NAN   

      MATERIAL_NAME MATERIAL_SPECIFICATION MATERIAL_GRADE  ...  \
0   STAINLESS STEEL                   A403            WPW  ...   
1   STAINLESS STEEL                   A403            WPW  ...   
2   STAINLESS STEEL                   A403            WPW  ...   
3   STAINLESS STEEL                   A403            WPW  ...   
4   STAINLESS STEEL                   A403            WPW  ...   
5   STAINLESS STEEL                    NAN           316L  ...   
6   STAINLESS STEEL                    NAN           316L  ...   
7   STAINLESS STEEL                    NAN           316L  ...   
8   STAINLESS STEEL                   A403            WPW  ...   
9   STAINLESS STEEL                    NAN           316L  ...   
10  STAINLESS STEEL                   A403            WPW  ...   
11  STAINLESS STEEL                    NAN           316L  ...   
12  STAINLESS STEEL                    NAN           316L  ...   
13  STAINLESS STEEL                    NAN           316L  ...   
14  STAINLESS STEEL                   A403            WPW  ...   
15  STAINLESS STEEL                    NAN           316L  ...   
16  STAINLESS STEEL                    NAN           316L  ...   
17  STAINLESS STEEL                    NAN           316L  ...   
18  STAINLESS STEEL                    NAN           316L  ...   
19  STAINLESS STEEL                   A403            WPW  ...   
20  STAINLESS STEEL                   A403             WP  ...   
21  STAINLESS STEEL                    NAN           316L  ...   
22  STAINLESS STEEL                    NAN           316L  ...   
23  STAINLESS STEEL                   A403            WPW  ...   
24  STAINLESS STEEL                   A403            WPW  ...   

   PRIMARY_SCHEDULE REDUCING_SCHEDULE MANUFACTURING_PROCESS END_FINISH  \
0                10               NAN                   NAN        NAN   
1                10               NAN                   NAN        NAN   
2                10               NAN                   NAN        NAN   
3                10               NAN                   NAN        NAN   
4                80               NAN                   NAN        NAN   
5                10               NAN              SEAMLESS        NAN   
6                10               NAN              SEAMLESS        NAN   
7                40               NAN              SEAMLESS        NAN   
8                10               NAN                   NAN        NAN   
9                10               NAN                   NAN        NAN   
10               40               NAN                   NAN        NAN   
11               10               NAN                   NAN        NAN   
12               10               NAN                   NAN        NAN   
13               10               NAN                   NAN        NAN   
14               10               NAN                   NAN        NAN   
15               10                10              SEAMLESS        NAN   
16               40               NAN                   NAN        NAN   
17               40               NAN                   NAN        NAN   
18               40               NAN                   NAN        NAN   
19               10               NAN                   NAN        NAN   
20               40               NAN                   NAN        NAN   
21               40               NAN                   NAN        NAN   
22               40               NAN                   NAN        NAN   
23               10               NAN                   NAN        NAN   
24               10               NAN                   NAN        NAN   

   END_CONNECTIONS TRIM MISCELLANEOUS CONFIDENCE     id     score  
0              NAN  NAN           NAN       0.95  36110  0.856313  
1              NAN  NAN           NAN       0.95  36111  0.856306  
2              NAN  NAN           NAN       0.95  36093  0.842344  
3              NAN  NAN           NAN       0.95  36092  0.842314  
4              NAN  NAN           NAN       0.95  35356  0.837402  
5              NAN  NAN           NAN       0.85  36112  0.836629  
6              NAN  NAN           NAN       0.90  35341  0.835636  
7              NAN  NAN           NAN       0.90  36119  0.831638  
8              NAN  NAN           NAN       0.95  36157  0.831077  
9              NAN  NAN           NAN       0.85  36109  0.830067  
10             NAN  NAN           NAN       0.95  36100  0.829988  
11             NAN  NAN           NAN       0.90  35337  0.829191  
12             NAN  NAN           NAN       0.85  35338  0.829134  
13             NAN  NAN           NAN       0.85  35336  0.829124  
14             NAN  NAN           NAN       0.95  36061  0.827901  
15             NAN  NAN           NAN       0.90  43084  0.827033  
16             NAN  NAN           NAN       0.90  35348  0.826670  
17             NAN  NAN           NAN       0.85  35350  0.826615  
18             NAN  NAN           NAN       0.85  35349  0.826598  
19             NAN  NAN           NAN       0.95  36127  0.826105  
20             NAN  NAN           NAN       0.95  34917  0.825921  
21             NAN  NAN           NAN       0.85  36117  0.825887  
22             NAN  NAN           NAN       0.90  36118  0.825791  
23             NAN  NAN           NAN       0.95  36044  0.824905  
24             NAN  NAN           NAN       0.95  36086  0.822578  

[25 rows x 21 columns]",178,TERRIBLE
87,3 BLK CS RSR CLMP,3 BLACK CARBON STEEL RISER CLAMP,True,87,199,22.111740199999986,"       ID                      DESCRIPTION  CATEGORY  \
0   13996             3 CS 300 RF BLND FLG    FLANGE   
1   21232             3 CS 900 RF BLND FLG    FLANGE   
2   14171          3 CS 300 RF HH BLND FLG    FLANGE   
3    7195          3 CS 150 RF HH BLND FLG    FLANGE   
4    7315             3 CS 150 RF BLND FLG    FLANGE   
5   14013             4 CS 300 RF BLND FLG    FLANGE   
6   27314      18 BLK CS DBL BLT PIPE CLMP  FASTENER   
7   18775             3 CS 600 RF BLND FLG    FLANGE   
8   27308  1-0.25 BLK CS DBL BLT PIPE CLMP  FASTENER   
9   14172          4 CS 300 RF HH BLND FLG    FLANGE   
10  18860          3 CS 600 RF HH BLND FLG    FLANGE   
11  21233            3 CS 900 RTJ BLND FLG    FLANGE   
12  13932             1 CS 300 RF BLND FLG    FLANGE   
13  14024             6 CS 300 RF BLND FLG    FLANGE   
14  21241             4 CS 900 RF BLND FLG    FLANGE   
15  13975             2 CS 300 RF BLND FLG    FLANGE   
16  12515            3 CS 1500 RF BLND FLG    FLANGE   
17  18774     3 CS 600 RF BLND FLANGE LRES    FLANGE   
18   7210        1 CS 150 RF BLND FLG LRES    FLANGE   
19   7346        4 CS 150 RF BLND FLG LRES    FLANGE   
20  13960       16 CS 300 RF BLND FLG LRES    FLANGE   
21   7347          4 CS 150 RF HH BLND FLG    FLANGE   
22  14033             8 CS 300 RF BLND FLG    FLANGE   
23   7992           3 CS 150 STD LJ SW FLG    FLANGE   
24   7314     3 CS 150 RF BLND FLANGE LRES    FLANGE   

                           TYPE PRIMARY_SIZE REDUCING_SIZE LENGTH  \
0                  BLIND FLANGE            3           NAN    NAN   
1                  BLIND FLANGE            3           NAN    NAN   
2         HEX HEAD BLIND FLANGE            3           NAN    NAN   
3                         BLIND            3           NAN    NAN   
4                  BLIND FLANGE            3           NAN    NAN   
5                  BLIND FLANGE            4           NAN    NAN   
6                    PIPE CLAMP           18           NAN    NAN   
7                  BLIND FLANGE            3           NAN    NAN   
8                    PIPE CLAMP         1.25           NAN    NAN   
9         HEX HEAD BLIND FLANGE            4           NAN    NAN   
10        HEX HEAD BLIND FLANGE            3           NAN    NAN   
11                 BLIND FLANGE            3           NAN    NAN   
12                 BLIND FLANGE            1           NAN    NAN   
13                 BLIND FLANGE            6           NAN    NAN   
14                 BLIND FLANGE            4           NAN    NAN   
15                 BLIND FLANGE            2           NAN    NAN   
16                 BLIND FLANGE            3           NAN    NAN   
17                 BLIND FLANGE            3           NAN    NAN   
18                 BLIND FLANGE            1           NAN    NAN   
19                 BLIND FLANGE            4           NAN    NAN   
20                 BLIND FLANGE           16           NAN    NAN   
21                 BLIND FLANGE            4           NAN    NAN   
22                 BLIND FLANGE            8           NAN    NAN   
23  LAP JOINT SOCKETWELD FLANGE            3           NAN    NAN   
24                 BLIND FLANGE            3           NAN    NAN   

   MATERIAL_NAME MATERIAL_SPECIFICATION MATERIAL_GRADE  ... PRIMARY_SCHEDULE  \
0   CARBON STEEL                  A105N            NAN  ...              NAN   
1   CARBON STEEL                  A105N            NAN  ...              NAN   
2   CARBON STEEL                  A105N            NAN  ...              NAN   
3   CARBON STEEL                  A105N            NAN  ...              NAN   
4   CARBON STEEL                  A105N            NAN  ...              NAN   
5   CARBON STEEL                  A105N            NAN  ...              NAN   
6   CARBON STEEL                    NAN            NAN  ...              NAN   
7   CARBON STEEL                  A105N            NAN  ...              NAN   
8   CARBON STEEL                    NAN            NAN  ...              NAN   
9   CARBON STEEL                  A105N            NAN  ...              NAN   
10  CARBON STEEL                  A105N            NAN  ...              NAN   
11  CARBON STEEL                  A105N            NAN  ...              NAN   
12  CARBON STEEL                   A105            NAN  ...              NAN   
13  CARBON STEEL                  A105N            NAN  ...              NAN   
14  CARBON STEEL                  A105N            NAN  ...              NAN   
15  CARBON STEEL                  A105N            NAN  ...              NAN   
16  CARBON STEEL                  A105N            NAN  ...              NAN   
17  CARBON STEEL                    NAN            NAN  ...              NAN   
18  CARBON STEEL                    NAN            NAN  ...              NAN   
19  CARBON STEEL                    NAN            NAN  ...              NAN   
20  CARBON STEEL                    NAN            NAN  ...              NAN   
21  CARBON STEEL                  A105N            NAN  ...              NAN   
22  CARBON STEEL                  A105N            NAN  ...              NAN   
23  CARBON STEEL                    NAN            NAN  ...              STD   
24  CARBON STEEL                    NAN            NAN  ...              NAN   

   REDUCING_SCHEDULE MANUFACTURING_PROCESS   END_FINISH END_CONNECTIONS TRIM  \
0                NAN                   NAN  RAISED FACE             NAN  NAN   
1                NAN                   NAN  RAISED FACE             NAN  NAN   
2                NAN                   NAN  RAISED FACE             NAN  NAN   
3                NAN                   NAN          NAN             NAN  NAN   
4                NAN                   NAN  RAISED FACE             NAN  NAN   
5                NAN                   NAN  RAISED FACE             NAN  NAN   
6                NAN                   NAN        BLACK             NAN  NAN   
7                NAN                   NAN  RAISED FACE             NAN  NAN   
8                NAN                   NAN        BLACK             NAN  NAN   
9                NAN                   NAN  RAISED FACE             NAN  NAN   
10               NAN                   NAN  RAISED FACE             NAN  NAN   
11               NAN                   NAN          RTJ             NAN  NAN   
12               NAN                   NAN  RAISED FACE             NAN  NAN   
13               NAN                   NAN  RAISED FACE             NAN  NAN   
14               NAN                   NAN          NAN             NAN  NAN   
15               NAN                   NAN  RAISED FACE             NAN  NAN   
16               NAN                   NAN  RAISED FACE             NAN  NAN   
17               NAN                   NAN  RAISED FACE             NAN  NAN   
18               NAN                   NAN          NAN              RF  NAN   
19               NAN                   NAN          NAN             NAN  NAN   
20               NAN                   NAN          NAN             NAN  NAN   
21               NAN                   NAN  RAISED FACE             NAN  NAN   
22               NAN                   NAN          NAN             NAN  NAN   
23               NAN                   NAN          NAN              SW  NAN   
24               NAN                   NAN  RAISED FACE             NAN  NAN   

   MISCELLANEOUS CONFIDENCE     id     score  
0            NAN       0.95  13996  0.670218  
1            NAN       0.95  21232  0.662627  
2       HEX HEAD       0.95  14171  0.656823  
3       HEX HEAD       0.95   7195  0.650838  
4            NAN       0.95   7315  0.650310  
5            NAN       1.00  14013  0.647616  
6    DOUBLE BOLT       0.85  27314  0.646980  
7            NAN       0.95  18775  0.646808  
8    DOUBLE BOLT       0.85  27308  0.644913  
9            NAN       0.95  14172  0.639675  
10           NAN       0.95  18860  0.637793  
11           NAN       0.95  21233  0.637450  
12           NAN       1.00  13932  0.631662  
13           NAN       0.95  14024  0.631077  
14           NAN       0.95  21241  0.631018  
15           NAN       1.00  13975  0.629415  
16           NAN       1.00  12515  0.625640  
17  LOW RESIDUAL       0.90  18774  0.622902  
18  LOW RESIDUAL       0.90   7210  0.622188  
19  LOW RESIDUAL       0.90   7346  0.622162  
20  LOW RESIDUAL       0.90  13960  0.620054  
21      HEX HEAD       0.95   7347  0.619946  
22   RAISED FACE       0.95  14033  0.619761  
23           NAN       0.90   7992  0.618991  
24  LOW RESIDUAL       0.80   7314  0.616804  

[25 rows x 21 columns]",154,TERRIBLE
88,"REDUCER,CONC,6 X 3,S40,A234WPB",6X3 CARBON STEEL STANDARD WELD CONCENTRIC REDUCER,True,88,103,20.660835099999986,"       ID                                           DESCRIPTION CATEGORY  \
0   35481           REDUCER 10 X 6 SCHEDULE 41.0L CONC WLD SA40  FITTING   
1   35388   6 X 3 STAINLESS STEEL SCHEDULE 40 304L CONC REDUCER  FITTING   
2   35387   6 X 3 STAINLESS STEEL SCHEDULE 40 304L CONC REDUCER  FITTING   
3   35389   6 X 3 STAINLESS STEEL SCHEDULE 40 304L CONC REDUCER  FITTING   
4   35393  6 X 3 STAINLESS STEEL SCHEDULE 40 316 L CONC REDUCER  FITTING   
5   35395  6 X 3 STAINLESS STEEL SCHEDULE 40 316 L CONC REDUCER  FITTING   
6   35394  6 X 3 STAINLESS STEEL SCHEDULE 40 316 L CONC REDUCER  FITTING   
7   23526              6 X 4 CS STD A420 WPL6 WELD CONC REDUCER  FITTING   
8   35414   6 X 4 STAINLESS STEEL SCHEDULE 40 304L CONC REDUCER  FITTING   
9   35415   6 X 4 STAINLESS STEEL SCHEDULE 40 304L CONC REDUCER  FITTING   
10  35370   6 X 2 STAINLESS STEEL SCHEDULE 40 304L CONC REDUCER  FITTING   
11  35371   6 X 2 STAINLESS STEEL SCHEDULE 40 304L CONC REDUCER  FITTING   
12  34931  10 X 6 STAINLESS STEEL SCHEDULE 40 304L CONC REDUCER  FITTING   
13  35430   6 X 5 STAINLESS STEEL SCHEDULE 40 304L CONC REDUCER  FITTING   
14  35461   8 X 6 STAINLESS STEEL SCHEDULE 40 304L CONC REDUCER  FITTING   
15  35460   8 X 6 STAINLESS STEEL SCHEDULE 40 304L CONC REDUCER  FITTING   
16  34930  10 X 6 STAINLESS STEEL SCHEDULE 40 304L CONC REDUCER  FITTING   
17  34932  10 X 6 STAINLESS STEEL SCHEDULE 40 304L CONC REDUCER  FITTING   
18  35420  6 X 4 STAINLESS STEEL SCHEDULE 40 316 L CONC REDUCER  FITTING   
19  35421  6 X 4 STAINLESS STEEL SCHEDULE 40 316 L CONC REDUCER  FITTING   
20  35419  6 X 4 STAINLESS STEEL SCHEDULE 40 316 L CONC REDUCER  FITTING   
21  35032  12 X 6 STAINLESS STEEL SCHEDULE 40 304L CONC REDUCER  FITTING   
22  35016        12 X 10 STAINLESS STEEL S40S 304L CONC REDUCER  FITTING   
23  35378   6 X 3 STAINLESS STEEL SCHEDULE 10 304L CONC REDUCER  FITTING   
24  35380   6 X 3 STAINLESS STEEL SCHEDULE 10 304L CONC REDUCER  FITTING   

                  TYPE PRIMARY_SIZE REDUCING_SIZE LENGTH    MATERIAL_NAME  \
0   CONCENTRIC REDUCER           10             6    NAN  STAINLESS STEEL   
1   CONCENTRIC REDUCER            6             3    NAN  STAINLESS STEEL   
2   CONCENTRIC REDUCER            6             3    NAN  STAINLESS STEEL   
3   CONCENTRIC REDUCER            6             3    NAN  STAINLESS STEEL   
4   CONCENTRIC REDUCER            6             3    NAN  STAINLESS STEEL   
5   CONCENTRIC REDUCER            6             3    NAN  STAINLESS STEEL   
6   CONCENTRIC REDUCER            6             3    NAN  STAINLESS STEEL   
7   CONCENTRIC REDUCER            6             4    NAN     CARBON STEEL   
8   CONCENTRIC REDUCER            6             4    NAN  STAINLESS STEEL   
9   CONCENTRIC REDUCER            6             4    NAN  STAINLESS STEEL   
10  CONCENTRIC REDUCER            6             2    NAN  STAINLESS STEEL   
11  CONCENTRIC REDUCER            6             2    NAN  STAINLESS STEEL   
12  CONCENTRIC REDUCER           10             6    NAN  STAINLESS STEEL   
13  CONCENTRIC REDUCER            6             5    NAN  STAINLESS STEEL   
14  CONCENTRIC REDUCER            8             6    NAN  STAINLESS STEEL   
15  CONCENTRIC REDUCER            8             6    NAN  STAINLESS STEEL   
16  CONCENTRIC REDUCER           10             6    NAN  STAINLESS STEEL   
17  CONCENTRIC REDUCER           10             6    NAN  STAINLESS STEEL   
18  CONCENTRIC REDUCER            6             4    NAN  STAINLESS STEEL   
19  CONCENTRIC REDUCER            6             4    NAN  STAINLESS STEEL   
20  CONCENTRIC REDUCER            6             4    NAN  STAINLESS STEEL   
21  CONCENTRIC REDUCER           12             6    NAN  STAINLESS STEEL   
22  CONCENTRIC REDUCER           12            10    NAN  STAINLESS STEEL   
23  CONCENTRIC REDUCER            6             3    NAN  STAINLESS STEEL   
24  CONCENTRIC REDUCER            6             3    NAN  STAINLESS STEEL   

   MATERIAL_SPECIFICATION MATERIAL_GRADE  ... PRIMARY_SCHEDULE  \
0                    SA40           1.0L  ...               40   
1                     NAN           304L  ...               40   
2                     NAN           304L  ...               40   
3                     NAN           304L  ...               40   
4                     NAN           316L  ...               40   
5                     NAN           316L  ...               40   
6                     NAN           316L  ...               40   
7                    A420           WPL6  ...              STD   
8                     NAN           304L  ...               40   
9                     NAN           304L  ...               40   
10                    NAN           304L  ...               40   
11                    NAN           304L  ...               40   
12                    NAN           304L  ...               40   
13                    NAN           304L  ...               40   
14                    NAN           304L  ...               40   
15                    NAN           304L  ...               40   
16                    NAN           304L  ...               40   
17                    NAN           304L  ...               40   
18                    NAN           316L  ...               40   
19                    NAN           316L  ...               40   
20                    NAN           316L  ...               40   
21                    NAN           304L  ...               40   
22                    NAN           304L  ...              40S   
23                    NAN           304L  ...               10   
24                    NAN           304L  ...               10   

   REDUCING_SCHEDULE MANUFACTURING_PROCESS END_FINISH END_CONNECTIONS TRIM  \
0                NAN                   NAN       WELD             NAN  NAN   
1                NAN                   NAN        NAN             NAN  NAN   
2                NAN                   NAN        NAN             NAN  NAN   
3                NAN                   NAN        NAN             NAN  NAN   
4                NAN                   NAN        NAN             NAN  NAN   
5                NAN                   NAN        NAN             NAN  NAN   
6                NAN                   NAN        NAN             NAN  NAN   
7                NAN                  WELD        NAN             NAN  NAN   
8                NAN                   NAN        NAN             NAN  NAN   
9                NAN                   NAN        NAN             NAN  NAN   
10               NAN                   NAN        NAN             NAN  NAN   
11               NAN                   NAN        NAN             NAN  NAN   
12               NAN                   NAN        NAN             NAN  NAN   
13               NAN                   NAN        NAN             NAN  NAN   
14               NAN                   NAN        NAN             NAN  NAN   
15               NAN                   NAN        NAN             NAN  NAN   
16               NAN                   NAN        NAN             NAN  NAN   
17               NAN                   NAN        NAN             NAN  NAN   
18               NAN                   NAN        NAN             NAN  NAN   
19               NAN                   NAN        NAN             NAN  NAN   
20               NAN                   NAN        NAN             NAN  NAN   
21               NAN                   NAN        NAN             NAN  NAN   
22               NAN                   NAN        NAN             NAN  NAN   
23               NAN                   NAN        NAN             NAN  NAN   
24               NAN                   NAN        NAN             NAN  NAN   

   MISCELLANEOUS CONFIDENCE     id     score  
0            NAN       0.90  35481  0.783863  
1            NAN       0.90  35388  0.781484  
2            NAN       0.90  35387  0.781417  
3            NAN       0.90  35389  0.781417  
4            NAN       0.85  35393  0.771481  
5            NAN       0.85  35395  0.771481  
6            NAN       0.85  35394  0.771455  
7            NAN       0.90  23526  0.770940  
8            NAN       0.90  35414  0.768849  
9            NAN       0.90  35415  0.768834  
10           NAN       0.85  35370  0.764852  
11           NAN       0.90  35371  0.764836  
12           NAN       0.90  34931  0.764219  
13           NAN       0.85  35430  0.763729  
14           NAN       0.90  35461  0.763690  
15           NAN       0.90  35460  0.763666  
16           NAN       0.85  34930  0.763613  
17           NAN       0.90  34932  0.763613  
18           NAN       0.90  35420  0.763182  
19           NAN       0.90  35421  0.763182  
20           NAN       0.90  35419  0.763178  
21           NAN       0.90  35032  0.762589  
22           NAN       0.90  35016  0.761477  
23           NAN       0.85  35378  0.760559  
24           NAN       0.90  35380  0.760549  

[25 rows x 21 columns]",112,TERRIBLE
89,"6X3 CONCENTRIC REDUCER , ASME B16.9 , BEVELED END , ASTM A403 GRADE WP304/WP304L , TYPE S S-10S",6 X 3 STAINLESS STEEL SCHEDULE 10 304L SEAMLESS CONCENTRIC,True,89,471,23.064687699999922,"       ID                                                        DESCRIPTION  \
0   43214  8 X 6 STAINLESS STEEL SCHEDULE 10 304L CONCENTRIC REDUCER A403WPW   
1   35359        5 X 3 STAINLESS STEEL SCHEDULE 10 304L CONC REDUCER A403WPW   
2   35454        8 X 6 STAINLESS STEEL SCHEDULE 10 304L CONC REDUCER A403WPW   
3   35226                        3 X 2 A403 S10S 304L CONCENTRIC REDUCER 050   
4   35029       12 X 6 STAINLESS STEEL SCHEDULE 10 304L CONC REDUCER A403WPW   
5   43148    6X3 STAINLESS STEEL SCHEDULE 10 304L SEAMLESS ECCENTRIC REDUCER   
6   35378                6 X 3 STAINLESS STEEL SCHEDULE 10 304L CONC REDUCER   
7   35379                6 X 3 STAINLESS STEEL SCHEDULE 10 304L CONC REDUCER   
8   35380                6 X 3 STAINLESS STEEL SCHEDULE 10 304L CONC REDUCER   
9   36127        6 X 3 STAINLESS STEEL SCHEDULE 10 316 L ECC REDUCER A403WPW   
10  36125            6 X 3 STAINLESS STEEL SCHEDULE 10 304L SMLS ECC REDUCER   
11  35941        10 X 6 STAINLESS STEEL SCHEDULE 10 304L ECC REDUCER A403WPW   
12  35987        12 X 6 STAINLESS STEEL SCHEDULE 10 304L ECC REDUCER A403WPW   
13  36124                 6 X 3 STAINLESS STEEL SCHEDULE 10 304L ECC REDUCER   
14  34943       10 X 8 STAINLESS STEEL SCHEDULE 10 304L CONC REDUCER A403WPW   
15  36123                 6 X 3 STAINLESS STEEL SCHEDULE 10 304L ECC REDUCER   
16  35437        8 X 4 STAINLESS STEEL SCHEDULE 10 304L CONC REDUCER A403WPW   
17  36065         3 X 2 STAINLESS STEEL SCHEDULE 40 304L ECC REDUCER A403WPW   
18  35020      12 X 10 STAINLESS STEEL SCHEDULE 10 304L CONC REDUCER A403WPW   
19  35038       12 X 8 STAINLESS STEEL SCHEDULE 10 304L CONC REDUCER A403WPW   
20  35387                6 X 3 STAINLESS STEEL SCHEDULE 40 304L CONC REDUCER   
21  35389                6 X 3 STAINLESS STEEL SCHEDULE 40 304L CONC REDUCER   
22  35388                6 X 3 STAINLESS STEEL SCHEDULE 40 304L CONC REDUCER   
23  36131            6 X 3 STAINLESS STEEL SCHEDULE 40 304L SMLS ECC REDUCER   
24  35451           8 X 6 STAINLESS STEEL SCHEDULE 10 304L A774 CONC REDUCER   

   CATEGORY                TYPE PRIMARY_SIZE REDUCING_SIZE LENGTH  \
0   FITTING  CONCENTRIC REDUCER          8.0           6.0    NAN   
1   FITTING  CONCENTRIC REDUCER            5             3    NAN   
2   FITTING  CONCENTRIC REDUCER            8             6    NAN   
3   FITTING  CONCENTRIC REDUCER            3             2    NAN   
4   FITTING  CONCENTRIC REDUCER           12             6    NAN   
5   FITTING   ECCENTRIC REDUCER          6.0           3.0    NAN   
6   FITTING  CONCENTRIC REDUCER            6             3    NAN   
7   FITTING  CONCENTRIC REDUCER            6             3    NAN   
8   FITTING  CONCENTRIC REDUCER            6             3    NAN   
9   FITTING   ECCENTRIC REDUCER            6             3    NAN   
10  FITTING   ECCENTRIC REDUCER            6             3    NAN   
11  FITTING   ECCENTRIC REDUCER           10             6    NAN   
12  FITTING   ECCENTRIC REDUCER           12             6    NAN   
13  FITTING   ECCENTRIC REDUCER            6             3    NAN   
14  FITTING  CONCENTRIC REDUCER           10             8    NAN   
15  FITTING   ECCENTRIC REDUCER            6             3    NAN   
16  FITTING  CONCENTRIC REDUCER            8             4    NAN   
17  FITTING   ECCENTRIC REDUCER            3             2    NAN   
18  FITTING  CONCENTRIC REDUCER           12            10    NAN   
19  FITTING  CONCENTRIC REDUCER           12             8    NAN   
20  FITTING  CONCENTRIC REDUCER            6             3    NAN   
21  FITTING  CONCENTRIC REDUCER            6             3    NAN   
22  FITTING  CONCENTRIC REDUCER            6             3    NAN   
23  FITTING   ECCENTRIC REDUCER            6             3    NAN   
24  FITTING  CONCENTRIC REDUCER            8             6    NAN   

      MATERIAL_NAME MATERIAL_SPECIFICATION MATERIAL_GRADE  ...  \
0   STAINLESS STEEL                   A403            WPW  ...   
1   STAINLESS STEEL                   A403            WPW  ...   
2   STAINLESS STEEL                   A403            WPW  ...   
3   STAINLESS STEEL                   A403           304L  ...   
4   STAINLESS STEEL                   A403            WPW  ...   
5   STAINLESS STEEL                    NAN           304L  ...   
6   STAINLESS STEEL                    NAN           304L  ...   
7   STAINLESS STEEL                    NAN           304L  ...   
8   STAINLESS STEEL                    NAN           304L  ...   
9   STAINLESS STEEL                   A403            WPW  ...   
10  STAINLESS STEEL                    NAN           304L  ...   
11  STAINLESS STEEL                   A403            WPW  ...   
12  STAINLESS STEEL                   A403            WPW  ...   
13  STAINLESS STEEL                    NAN           304L  ...   
14  STAINLESS STEEL                   A403            WPW  ...   
15  STAINLESS STEEL                    NAN           304L  ...   
16  STAINLESS STEEL                   A403            WPW  ...   
17  STAINLESS STEEL                   A403            WPW  ...   
18  STAINLESS STEEL                   A403            WPW  ...   
19  STAINLESS STEEL                   A403            WPW  ...   
20  STAINLESS STEEL                    NAN           304L  ...   
21  STAINLESS STEEL                    NAN           304L  ...   
22  STAINLESS STEEL                    NAN           304L  ...   
23  STAINLESS STEEL                    NAN           304L  ...   
24  STAINLESS STEEL                   A774           304L  ...   

   PRIMARY_SCHEDULE REDUCING_SCHEDULE MANUFACTURING_PROCESS END_FINISH  \
0                10                10                   NAN        NAN   
1                10               NAN                   NAN        NAN   
2                10               NAN                   NAN        NAN   
3              S10S               NAN                   NAN        NAN   
4                10               NAN                   NAN        NAN   
5                10               NAN              SEAMLESS        NAN   
6                10               NAN                   NAN        NAN   
7                10               NAN                   NAN        NAN   
8                10               NAN                   NAN        NAN   
9                10               NAN                   NAN        NAN   
10               10               NAN              SEAMLESS        NAN   
11               10               NAN                   NAN        NAN   
12               10               NAN                   NAN        NAN   
13               10               NAN                   NAN        NAN   
14               10               NAN                   NAN        NAN   
15               10               NAN                   NAN        NAN   
16               10               NAN                   NAN        NAN   
17               40               NAN                   NAN        NAN   
18               10               NAN                   NAN        NAN   
19               10               NAN                   NAN        NAN   
20               40               NAN                   NAN        NAN   
21               40               NAN                   NAN        NAN   
22               40               NAN                   NAN        NAN   
23               40               NAN              SEAMLESS        NAN   
24               10               NAN                   NAN        NAN   

   END_CONNECTIONS TRIM MISCELLANEOUS CONFIDENCE     id     score  
0              NAN  NAN           NAN       0.90  43214  0.837113  
1              NAN  NAN           NAN       0.95  35359  0.835037  
2              NAN  NAN           NAN       0.95  35454  0.830539  
3              NAN  NAN            50       0.90  35226  0.830355  
4              NAN  NAN           NAN       0.95  35029  0.825556  
5              NAN  NAN           NAN       0.90  43148  0.823505  
6              NAN  NAN           NAN       0.85  35378  0.820138  
7              NAN  NAN           NAN       0.90  35379  0.820121  
8              NAN  NAN           NAN       0.90  35380  0.820102  
9              NAN  NAN           NAN       0.95  36127  0.820019  
10             NAN  NAN           NAN       0.90  36125  0.818932  
11             NAN  NAN           NAN       0.95  35941  0.818868  
12             NAN  NAN           NAN       0.95  35987  0.816571  
13             NAN  NAN           NAN       0.90  36124  0.815145  
14             NAN  NAN           NAN       0.95  34943  0.814782  
15             NAN  NAN           NAN       0.90  36123  0.814759  
16             NAN  NAN           NAN       0.95  35437  0.814480  
17             NAN  NAN           NAN       0.95  36065  0.814322  
18             NAN  NAN           NAN       0.95  35020  0.813914  
19             NAN  NAN           NAN       0.95  35038  0.811790  
20             NAN  NAN           NAN       0.90  35387  0.811342  
21             NAN  NAN           NAN       0.90  35389  0.811342  
22             NAN  NAN           NAN       0.90  35388  0.811144  
23             NAN  NAN           NAN       0.90  36131  0.808643  
24             NAN  NAN           NAN       0.95  35451  0.807875  

[25 rows x 21 columns]",115,TERRIBLE
90,"FLG,4,150,XH,RFWN,A105B",4 CARBON STEEL 150 SCHEDULE XH RAISED FACE WELD NECK A105N,True,90,664,23.156463599999825,"       ID                         DESCRIPTION CATEGORY  \
0    9088               4 CS 150 XH RF WN FLG   FLANGE   
1    9885         4 150 HFN XH RF WN LRES FLG   FLANGE   
2    1743    4 150 FLG SPV HC/A20 BDFT TS LGO    VALVE   
3    8524               3 CS 150 XH RF WN FLG   FLANGE   
4   14571  4 300 FLG CS/MO SPV TFE CL2 A2B GO    VALVE   
5     808       1 150 FLG FTCS SS 475 SPV ELW    VALVE   
6    9939        4 150 HFN STD RF WN LRES FLG   FLANGE   
7    8941              14 CS 150 XH RF WN FLG   FLANGE   
8    7623      0.5 150 FLG RF BB GATE LF2/T12    VALVE   
9    8594               8 CS 150 XH RF WN FLG   FLANGE   
10   9078              36 CS 150 XH RF WN FLG   FLANGE   
11   3072     1 300 FLG CS/MO TFE CL2 A20B LL    VALVE   
12   8586               6 CS 150 XH RF WN FLG   FLANGE   
13   8974               6 CS 150 XH RF WN FLG   FLANGE   
14   8943              16 CS 150 XH RF WN FLG   FLANGE   
15   9235     4 150 FLG DI PFA LINED FP BV GO    VALVE   
16   9105               8 CS 150 XH RF WN FLG   FLANGE   
17   9887         8 150 HFN XH RF WN LRES FLG   FLANGE   
18   1713         2 150 HFN XH RF WN LRES FLG   FLANGE   
19   8947              18 CS 150 XH RF WN FLG   FLANGE   
20   3780        4 300 HFN XXH RF WN LRES FLG   FLANGE   
21   8381         3 150 HFN XH RF WN LRES FLG   FLANGE   
22   8033   0.5 150 FLG SPV CS/A20 A20 BLT LL    VALVE   
23   1708   4 150 FLG MNL PTFE SPV A20 GO CL2    VALVE   
24   8994               1 CS 150 XH RF WN FLG   FLANGE   

                            TYPE PRIMARY_SIZE REDUCING_SIZE LENGTH  \
0               WELD NECK FLANGE            4           NAN    NAN   
1   RAISED FACE WELD NECK FLANGE            4           NAN    NAN   
2                   SLEEVED PLUG            4           NAN    NAN   
3   RAISED FACE WELD NECK FLANGE            3           NAN    NAN   
4                   SLEEVED PLUG            4           NAN    NAN   
5                           PLUG            1           NAN    NAN   
6                      WELD NECK            4           NAN    NAN   
7                      WELD NECK           14           NAN    NAN   
8                           GATE          0.5           NAN    NAN   
9   RAISED FACE WELD NECK FLANGE            8           NAN    NAN   
10              WELD NECK FLANGE           36           NAN    NAN   
11                          PLUG            1           NAN    NAN   
12  RAISED FACE WELD NECK FLANGE            6           NAN    NAN   
13                     WELD NECK            6           NAN    NAN   
14                     WELD NECK           16           NAN    NAN   
15                          BALL            4           NAN    NAN   
16              WELD NECK FLANGE            8           NAN    NAN   
17  RAISED FACE WELD NECK FLANGE            8           NAN    NAN   
18         RAISED FACE WELD NECK            2           NAN    NAN   
19                     WELD NECK           18           NAN    NAN   
20                     WELD NECK            4           NAN    NAN   
21         RAISED FACE WELD NECK            3           NAN    NAN   
22                          PLUG          0.5           NAN    NAN   
23                          PLUG            4           NAN    NAN   
24              WELD NECK FLANGE            1           NAN    NAN   

   MATERIAL_NAME MATERIAL_SPECIFICATION MATERIAL_GRADE  ... PRIMARY_SCHEDULE  \
0   CARBON STEEL                  A105N            NAN  ...               XH   
1            NAN                    NAN   LOW RESIDUAL  ...               XH   
2            NAN                    A20            NAN  ...              NAN   
3   CARBON STEEL                  A105N            NAN  ...               XH   
4   CARBON STEEL                    NAN            NAN  ...              NAN   
5   CARBON STEEL                    NAN            NAN  ...              NAN   
6            NAN                    NAN            HFN  ...              STD   
7   CARBON STEEL                  A105N            NAN  ...               XH   
8   CARBON STEEL                    LF2            NAN  ...              NAN   
9   CARBON STEEL                  A105N            NAN  ...               XH   
10  CARBON STEEL                  A105N            NAN  ...               XH   
11  CARBON STEEL                    NAN            NAN  ...              NAN   
12  CARBON STEEL                  A105N            NAN  ...               XH   
13  CARBON STEEL                  A105N            NAN  ...               XH   
14  CARBON STEEL                  A105N            NAN  ...               XH   
15  DUCTILE IRON                    NAN            NAN  ...              NAN   
16  CARBON STEEL                  A105N            NAN  ...               XH   
17           NAN                    HFN   LOW RESIDUAL  ...               XH   
18           NAN                    NAN            NAN  ...               XH   
19  CARBON STEEL                  A105N            NAN  ...               XH   
20           NAN                    HFN            NAN  ...              XXH   
21  CARBON STEEL                    NAN   LOW RESIDUAL  ...               XH   
22  CARBON STEEL                    A20            NAN  ...              NAN   
23           NAN                    A20            NAN  ...              NAN   
24  CARBON STEEL                   A105            NAN  ...               XH   

   REDUCING_SCHEDULE MANUFACTURING_PROCESS   END_FINISH END_CONNECTIONS  \
0                NAN                   NAN  RAISED FACE             NAN   
1                NAN                   NAN          NAN             NAN   
2                NAN                   NAN          NAN         FLANGED   
3                NAN                   NAN          NAN             NAN   
4                NAN                   NAN          NAN         FLANGED   
5                NAN                   NAN          NAN         FLANGED   
6                NAN                   NAN          NAN             NAN   
7                NAN                   NAN  RAISED FACE             NAN   
8                NAN                   NAN           RF         FLANGED   
9                NAN                   NAN          NAN             NAN   
10               NAN                   NAN  RAISED FACE             NAN   
11               NAN                   NAN          NAN         FLANGED   
12               NAN                   NAN           RF             NAN   
13               NAN                   NAN          NAN             NAN   
14               NAN                   NAN          NAN             NAN   
15               NAN                   NAN    PFA LINED         FLANGED   
16               NAN                   NAN          NAN             NAN   
17               NAN                   NAN  RAISED FACE             NAN   
18               NAN                FORGED          NAN             NAN   
19               NAN                   NAN  RAISED FACE             NAN   
20               NAN                   NAN  RAISED FACE             NAN   
21               NAN                FORGED          NAN             NAN   
22               NAN                   NAN          NAN         FLANGED   
23               NAN                   NAN          NAN         FLANGED   
24               NAN                   NAN  RAISED FACE             NAN   

               TRIM                     MISCELLANEOUS CONFIDENCE     id  \
0               NAN                               NAN       0.95   9088   
1               NAN                               HFN       0.85   9885   
2                HC                       BDFT TS LGO       0.85   1743   
3               NAN                               NAN       0.95   8524   
4         MONEL/TFE             CL2 A2B GEAR OPERATOR       0.85  14571   
5   STAINLESS STEEL                       SLEEVED ELW       0.85    808   
6               NAN                      LOW RESIDUAL       0.85   9939   
7               NAN                               NAN       0.95   8941   
8                12                     BOLTED BONNET       0.95   7623   
9               NAN                               NAN       0.95   8594   
10              NAN                               NAN       0.95   9078   
11            MONEL        TFE CL2 A20B LOCKING LEVER       0.90   3072   
12              NAN                               NAN       0.95   8586   
13              NAN                       RAISED FACE       0.95   8974   
14              NAN                       RAISED FACE       0.95   8943   
15        FULL PORT                     GEAR OPERATOR       0.95   9235   
16              NAN                       RAISED FACE       0.95   9105   
17              NAN                               NAN       0.95   9887   
18              NAN                      LOW RESIDUAL       0.85   1713   
19              NAN                               NAN       0.95   8947   
20              NAN                      LOW RESIDUAL       0.90   3780   
21              NAN                               HFN       0.85   8381   
22          SLEEVED                     LOCKING LEVER       0.90   8033   
23             PTFE  SLEEVED MANUAL GEAR OPERATOR CL2       0.90   1708   
24              NAN                               NAN       0.90   8994   

       score  
0   0.685467  
1   0.684562  
2   0.673371  
3   0.664346  
4   0.662870  
5   0.662621  
6   0.662153  
7   0.661982  
8   0.660980  
9   0.659905  
10  0.659848  
11  0.659822  
12  0.659458  
13  0.659303  
14  0.658823  
15  0.658809  
16  0.658284  
17  0.657955  
18  0.657818  
19  0.656483  
20  0.655956  
21  0.655289  
22  0.654496  
23  0.654024  
24  0.652176  

[25 rows x 21 columns]",198,TERRIBLE
91,"NIPPLE, SWAGE, CONCENTRIC, 3"" X 2"", TBE, SCH 80/XH, CARBON STEEL, A234",3 X 2 BLACK SCHEDULE XH CONCENTRIC SOCKETWELD SWAGE THREADED BOTH ENDS,True,91,116,18.88457219999964,"       ID                                                         DESCRIPTION  \
0   27646        1 X 0.75 SCHEDULE 80 WPB BLACK CARBON STEEL SWAGE NIPPLE PBE   
1   38184              2 X 3 STAINLESS STEEL SCHEDULE 80 304L SMLS NIPPLE PBE   
2   25739                             2 X 3 BLACK EXTRA HEAVY SMLS NIPPLE PBE   
3   25746                            2 X 3 BLACK SMLS SCHEDULE 160 NIPPLE PBE   
4   25737                        2 X 3 BLACK EXTRA HEAVY SMLS A106 NIPPLE PBE   
5   27645    1 X 0.5 CARBON STEEL EXTRA HEAVY THREADED BOTH ENDS SWAGE NIPPLE   
6   38188             2 X 3 STAINLESS STEEL SCHEDULE 80 316 L SMLS NIPPLE PBE   
7   38187             2 X 3 STAINLESS STEEL SCHEDULE 80 316 L SMLS NIPPLE PBE   
8   27650           1-0.5 X 1 SCHEDULE 80 BLACK CARBON STEEL SWAGE NIPPLE PBE   
9   25080                             1 X 3 EXTRA HEAVY BLACK SMLS NIPPLE PBE   
10   7621   1 X 0.75 CARBON STEEL EXTRA HEAVY THREADED BOTH ENDS SWAGE NIPPLE   
11  25074                            1 X 3 BLACK SMLS SCHEDULE 160 NIPPLE PBE   
12  37242              1 X 3 STAINLESS STEEL SCHEDULE 80 304L SMLS NIPPLE PBE   
13  37243              1 X 3 STAINLESS STEEL SCHEDULE 80 304L SMLS NIPPLE PBE   
14  25068                             1 X 3 BLACK EXTRA HEAVY SMLS NIPPLE PBE   
15  25735                      2 X 3 BLACK EXTRA EXTRA HEAVY SMLS A106 NIPPLE   
16  27649  1-0.5 X 1 CARBON STEEL EXTRA HEAVY THREADED BOTH ENDS SWAGE NIPPLE   
17  37249             1 X 3 STAINLESS STEEL SCHEDULE 80 316 L SMLS NIPPLE PBE   
18  37250             1 X 3 STAINLESS STEEL SCHEDULE 80 316 L SMLS NIPPLE PBE   
19  25079                                       1 X 3 BLK STD SMLS NIPPLE PBE   
20  33382               3 X 2 SCHEDULE 80 SWAGE NIPPLE BEVELED BOTH ENDS LRES   
21  26211                 3XCLOSE GALVANIZED SCHEDULE 40 SEAMLESS A106 NIPPLE   
22  26205                          3XCLOSE BLACK EXTRA HEAVY SMLS A106 NIPPLE   
23  43629                        2 X 3 BLACK SCHEDULE XH SEAMLESS A106 NIPPLE   
24  26207                          3XCLOSE BLACK SCHEDULE 40 SMLS A106 NIPPLE   

   CATEGORY          TYPE PRIMARY_SIZE REDUCING_SIZE LENGTH    MATERIAL_NAME  \
0   FITTING  SWAGE NIPPLE            1          0.75    NAN     CARBON STEEL   
1   FITTING        NIPPLE            2             3    NAN  STAINLESS STEEL   
2   FITTING        NIPPLE            2             3    NAN     CARBON STEEL   
3   FITTING        NIPPLE            2             3    NAN     CARBON STEEL   
4   FITTING        NIPPLE            2             3    NAN     CARBON STEEL   
5   FITTING  SWAGE NIPPLE            1           0.5    NAN     CARBON STEEL   
6   FITTING        NIPPLE            2             3    NAN  STAINLESS STEEL   
7   FITTING        NIPPLE            2             3    NAN  STAINLESS STEEL   
8   FITTING  SWAGE NIPPLE          1.5             1    NAN     CARBON STEEL   
9   FITTING        NIPPLE            1           NAN      3     CARBON STEEL   
10    VALVE          GATE            4           NAN    NAN     CARBON STEEL   
11  FITTING        NIPPLE            1           NAN      3     CARBON STEEL   
12  FITTING        NIPPLE            1           NAN      3  STAINLESS STEEL   
13  FITTING        NIPPLE            1           NAN      3  STAINLESS STEEL   
14  FITTING        NIPPLE            1           NAN      3     CARBON STEEL   
15  FITTING        NIPPLE            2             3    NAN     CARBON STEEL   
16  FITTING  SWAGE NIPPLE          1.5             1    NAN     CARBON STEEL   
17  FITTING        NIPPLE            1           NAN      3  STAINLESS STEEL   
18  FITTING        NIPPLE            1           NAN      3  STAINLESS STEEL   
19  FITTING        NIPPLE            1           NAN      3     CARBON STEEL   
20  FITTING  SWAGE NIPPLE            3             2    NAN              NAN   
21  FITTING        NIPPLE            3           NAN    NAN     CARBON STEEL   
22  FITTING        NIPPLE            3           NAN    NAN     CARBON STEEL   
23     PIPE        NIPPLE          2.0           3.0    NAN     CARBON STEEL   
24  FITTING        NIPPLE            3           NAN    NAN     CARBON STEEL   

   MATERIAL_SPECIFICATION MATERIAL_GRADE  ... PRIMARY_SCHEDULE  \
0                     WPB            NAN  ...               80   
1                     NAN           304L  ...               80   
2                     NAN            NAN  ...               XH   
3                     NAN            NAN  ...              160   
4                    A106            NAN  ...               XH   
5                     NAN            NAN  ...               XH   
6                     NAN           316L  ...               80   
7                     NAN           316L  ...               80   
8                     NAN            NAN  ...               80   
9                     NAN            NAN  ...               XH   
10                    NAN            NAN  ...              NAN   
11                    NAN            NAN  ...              160   
12                    NAN           304L  ...               80   
13                    NAN           304L  ...               80   
14                    NAN            NAN  ...               XH   
15                   A106            NAN  ...              XXH   
16                    NAN            NAN  ...               XH   
17                    NAN           316L  ...               80   
18                    NAN           316L  ...               80   
19                    NAN            NAN  ...              STD   
20                    NAN            NAN  ...               80   
21                   A106            NAN  ...               40   
22                   A106            NAN  ...               XH   
23                   A106            NAN  ...      EXTRA HEAVY   
24                   A106            NAN  ...               40   

   REDUCING_SCHEDULE MANUFACTURING_PROCESS         END_FINISH END_CONNECTIONS  \
0                NAN                   NAN              PLAIN         PE X PE   
1                NAN              SEAMLESS    PLAIN BOTH ENDS             NAN   
2                NAN              SEAMLESS              PLAIN         PE X PE   
3                NAN              SEAMLESS        BEVELED END             NAN   
4                NAN              SEAMLESS              PLAIN         PE X PE   
5                NAN                   NAN                NAN        THD X SW   
6                NAN              SEAMLESS    PLAIN BOTH ENDS             NAN   
7                NAN              SEAMLESS              PLAIN         PE X PE   
8                NAN                   NAN              PLAIN         PE X PE   
9                NAN              SEAMLESS              PLAIN         PE X PE   
10               NAN                   NAN                 RF         FLANGED   
11               NAN              SEAMLESS            BEVELED              PE   
12               NAN              SEAMLESS              PLAIN             NAN   
13               NAN              SEAMLESS    PLAIN BOTH ENDS             NAN   
14               NAN              SEAMLESS              PLAIN         PE X PE   
15               NAN              SEAMLESS                NAN             NAN   
16               NAN                   NAN                NAN        THD X SW   
17               NAN              SEAMLESS              PLAIN   PLAIN X PLAIN   
18               NAN              SEAMLESS    PLAIN BOTH ENDS             NAN   
19               NAN              SEAMLESS              PLAIN         PE X PE   
20               NAN                   NAN  BEVELED BOTH ENDS              SW   
21               NAN              SEAMLESS         GALVANIZED             NAN   
22               NAN              SEAMLESS                NAN             THD   
23               NAN              SEAMLESS                NAN             NAN   
24               NAN              SEAMLESS                NAN           CLOSE   

    TRIM MISCELLANEOUS CONFIDENCE     id     score  
0    NAN         BLACK       0.95  27646  0.772326  
1    NAN           NAN       0.95  38184  0.760957  
2    NAN         BLACK       0.80  25739  0.758219  
3    NAN         BLACK       0.85  25746  0.757840  
4    NAN         BLACK       0.90  25737  0.756212  
5    NAN           NAN       0.80  27645  0.755672  
6    NAN           NAN       0.90  38188  0.754428  
7    NAN           NAN       0.95  38187  0.754425  
8    NAN         BLACK       0.85  27650  0.753480  
9    NAN         BLACK       0.90  25080  0.751830  
10  OS&Y           NAN       0.90   7621  0.750526  
11   NAN         BLACK       0.90  25074  0.749671  
12   NAN     BOTH ENDS       0.95  37242  0.749320  
13   NAN           NAN       0.95  37243  0.748516  
14   NAN         BLACK       0.90  25068  0.745637  
15   NAN         BLACK       0.90  25735  0.744520  
16   NAN           NAN       0.80  27649  0.744115  
17   NAN           NAN       0.95  37249  0.744036  
18   NAN           NAN       0.95  37250  0.744036  
19   NAN         BLACK       0.90  25079  0.743946  
20   NAN  LOW RESIDUAL       0.85  33382  0.743539  
21   NAN         CLOSE       0.90  26211  0.743066  
22   NAN         BLACK       0.85  26205  0.741725  
23   NAN         BLACK       0.80  43629  0.741273  
24   NAN         BLACK       0.90  26207  0.741112  

[25 rows x 21 columns]",191,TERRIBLE
92,"6 45 DEGREE LONG RADIUS ELBOW , ASME B16.9 , BEVELED END , ASTM A234 GRADE WPB , TYPE S S-80",6 CARBON STEEL SCHEDULE XH WELD 45 ELBOW,True,92,275,26.059869499999877,"       ID                                                 DESCRIPTION  \
0   24510        16 CARBON STEEL SCHEDULE 80 WLD LONG RADIUS 45 ELBOW   
1   24725      16 CARBON STEEL WPL6 STANDARD WLD LONG RADIUS 90 ELBOW   
2   42816     16 CARBON STEEL WPL6 STANDARD WELD LONG RADIUS 90 ELBOW   
3   24944       8 CARBON STEEL WPL6 STANDARD WLD LONG RADIUS 90 ELBOW   
4   24945       8 CARBON STEEL WPL6 STANDARD WLD LONG RADIUS 90 ELBOW   
5   43179      8 CARBON STEEL WPL6 STANDARD WELD LONG RADIUS 90 ELBOW   
6   43178      8 CARBON STEEL WPL6 STANDARD WELD LONG RADIUS 90 ELBOW   
7   25021        6 X 4 CARBON STEEL STANDARD WLD LONG RADIUS 90 ELBOW   
8   25020        6 X 4 CARBON STEEL STANDARD WLD LONG RADIUS 90 ELBOW   
9   24805      24 CARBON STEEL WPL6 STANDARD WLD LONG RADIUS 90 ELBOW   
10  42938     24 CARBON STEEL WPL6 STANDARD WELD LONG RADIUS 90 ELBOW   
11  42939     24 CARBON STEEL WPL6 STANDARD WELD LONG RADIUS 90 ELBOW   
12  24719        16 CARBON STEEL SCHEDULE 80 WLD LONG RADIUS 90 ELBOW   
13  24720        16 CARBON STEEL SCHEDULE 80 WLD LONG RADIUS 90 ELBOW   
14  24509        14 CARBON STEEL SCHEDULE 80 WLD LONG RADIUS 45 ELBOW   
15  43105  6 CARBON STEEL WPL6 SCHEDULE 160 WELD LONG RADIUS 90 ELBOW   
16  25022        6 X 5 CARBON STEEL STANDARD WLD LONG RADIUS 90 ELBOW   
17  24548        6 CARBON STEEL SCHEDULE 160 WLD LONG RADIUS 45 ELBOW   
18  24546          42 CARBON STEEL STANDARD WELD LONG RADIUS 45 ELBOW   
19  24916       6 CARBON STEEL WPL6 STANDARD WLD LONG RADIUS 90 ELBOW   
20  24915       6 CARBON STEEL WPL6 STANDARD WLD LONG RADIUS 90 ELBOW   
21  24934     6 X 4 CARBON STEEL EXTRA HEAVY WLD LONG RADIUS 90 ELBOW   
22  24933     6 X 4 CARBON STEEL EXTRA HEAVY WLD LONG RADIUS 90 ELBOW   
23  42817  16 CARBON STEEL WPL6 SCHEDULE XH WELD LONG RADIUS 90 ELBOW   
24  43107      6 CARBON STEEL WPL6 STANDARD WELD LONG RADIUS 90 ELBOW   

   CATEGORY                  TYPE PRIMARY_SIZE REDUCING_SIZE LENGTH  \
0   FITTING    LR 45 DEGREE ELBOW           16           NAN    NAN   
1   FITTING    LR 90 DEGREE ELBOW           16           NAN    NAN   
2   FITTING  LONG RADIUS 90 ELBOW         16.0           NAN    NAN   
3   FITTING    LR 90 DEGREE ELBOW            8           NAN    NAN   
4   FITTING    LR 90 DEGREE ELBOW            8           NAN    NAN   
5   FITTING  LONG RADIUS 90 ELBOW          8.0           NAN    NAN   
6   FITTING  LONG RADIUS 90 ELBOW          8.0           NAN    NAN   
7   FITTING           LR 90 ELBOW            6             4    NAN   
8   FITTING           LR 90 ELBOW            6             4    NAN   
9   FITTING    LR 90 DEGREE ELBOW           24           NAN    NAN   
10  FITTING  LONG RADIUS 90 ELBOW         24.0           NAN    NAN   
11  FITTING  LONG RADIUS 90 ELBOW         24.0           NAN    NAN   
12  FITTING    LR 90 DEGREE ELBOW           16           NAN    NAN   
13  FITTING    LR 90 DEGREE ELBOW           16           NAN    NAN   
14  FITTING    LR 45 DEGREE ELBOW           14           NAN    NAN   
15  FITTING  LONG RADIUS 90 ELBOW          6.0           NAN    NAN   
16  FITTING           LR 90 ELBOW            6             5    NAN   
17  FITTING    LR 45 DEGREE ELBOW            6           NAN    NAN   
18  FITTING    LR 45 DEGREE ELBOW           42           NAN    NAN   
19  FITTING    LR 90 DEGREE ELBOW            6           NAN    NAN   
20  FITTING    LR 90 DEGREE ELBOW            6           NAN    NAN   
21  FITTING    LR 90 DEGREE ELBOW            6             4    NAN   
22  FITTING    LR 90 DEGREE ELBOW            6             4    NAN   
23  FITTING  LONG RADIUS 90 ELBOW         16.0           NAN    NAN   
24  FITTING  LONG RADIUS 90 ELBOW          6.0           NAN    NAN   

   MATERIAL_NAME MATERIAL_SPECIFICATION MATERIAL_GRADE  ... PRIMARY_SCHEDULE  \
0   CARBON STEEL                    NAN            NAN  ...               80   
1   CARBON STEEL                   WPL6            NAN  ...              STD   
2   CARBON STEEL                   WPL6            NAN  ...         STANDARD   
3   CARBON STEEL                   WPL6            NAN  ...              STD   
4   CARBON STEEL                   WPL6            NAN  ...              STD   
5   CARBON STEEL                   WPL6            NAN  ...         STANDARD   
6   CARBON STEEL                    NAN           WPL6  ...         STANDARD   
7   CARBON STEEL                    NAN            NAN  ...              STD   
8   CARBON STEEL                    NAN            NAN  ...              STD   
9   CARBON STEEL                   WPL6            NAN  ...              STD   
10  CARBON STEEL                   WPL6            NAN  ...         STANDARD   
11  CARBON STEEL                   WPL6            NAN  ...         STANDARD   
12  CARBON STEEL                    NAN            NAN  ...               80   
13  CARBON STEEL                    NAN            NAN  ...               80   
14  CARBON STEEL                    NAN            NAN  ...               80   
15  CARBON STEEL                   WPL6            NAN  ...              160   
16  CARBON STEEL                    NAN            NAN  ...              STD   
17  CARBON STEEL                    NAN            NAN  ...              160   
18  CARBON STEEL                    NAN            NAN  ...              STD   
19  CARBON STEEL                   WPL6            NAN  ...              STD   
20  CARBON STEEL                   WPL6            NAN  ...              STD   
21  CARBON STEEL                    NAN            NAN  ...               XH   
22  CARBON STEEL                    NAN            NAN  ...               XH   
23  CARBON STEEL                   WPL6            NAN  ...               XH   
24  CARBON STEEL                   WPL6            NAN  ...         STANDARD   

   REDUCING_SCHEDULE MANUFACTURING_PROCESS END_FINISH END_CONNECTIONS TRIM  \
0                NAN                   NAN       WELD             NAN  NAN   
1                NAN                   NAN         BW             NAN  NAN   
2                NAN                  WELD        NAN             NAN  NAN   
3                NAN                   NAN         BW             NAN  NAN   
4                NAN                   NAN         BW             NAN  NAN   
5                NAN                WELDED        NAN       BUTT WELD  NAN   
6                NAN                  WELD        NAN             NAN  NAN   
7                NAN                   NAN         BW             NAN  NAN   
8                NAN                  WELD        NAN             NAN  NAN   
9                NAN                  WELD        NAN             NAN  NAN   
10               NAN                WELDED        NAN       BUTT WELD  NAN   
11               NAN                   NAN        NAN       BUTT WELD  NAN   
12               NAN                   NAN       WELD             NAN  NAN   
13               NAN                   NAN       WELD             NAN  NAN   
14               NAN                   NAN       WELD             NAN  NAN   
15               NAN                  WELD        NAN       BUTT WELD  NAN   
16               NAN                WELDED        NAN             NAN  NAN   
17               NAN                  WELD        NAN             NAN  NAN   
18               NAN                WELDED        NAN             NAN  NAN   
19               NAN                   NAN         BW             NAN  NAN   
20               NAN                WELDED        NAN             NAN  NAN   
21               NAN                  WELD        NAN             NAN  NAN   
22               NAN                  WELD        NAN             NAN  NAN   
23               NAN                  WELD        NAN             NAN  NAN   
24               NAN                WELDED        NAN             NAN  NAN   

   MISCELLANEOUS CONFIDENCE     id     score  
0            NAN       0.85  24510  0.760170  
1            NAN       0.90  24725  0.751502  
2            NAN       0.90  42816  0.749858  
3            NAN       0.90  24944  0.749543  
4    LONG RADIUS       0.90  24945  0.749398  
5            NAN       0.90  43179  0.748273  
6            NAN       0.80  43178  0.748273  
7            NAN       0.80  25021  0.748085  
8            NAN       0.80  25020  0.747946  
9            NAN       0.90  24805  0.747834  
10           NAN       0.90  42938  0.747340  
11           NAN       0.90  42939  0.747247  
12           NAN       0.85  24719  0.746259  
13           NAN       0.85  24720  0.746032  
14           NAN       0.85  24509  0.745906  
15           NAN       0.90  43105  0.745208  
16           NAN       0.80  25022  0.745123  
17           NAN       0.85  24548  0.743771  
18           NAN       0.80  24546  0.743313  
19           NAN       0.90  24916  0.743208  
20           NAN       0.90  24915  0.743143  
21           NAN       0.80  24934  0.742610  
22           NAN       0.85  24933  0.742444  
23           NAN       0.90  42817  0.742341  
24   LONG RADIUS       0.90  43107  0.741704  

[25 rows x 21 columns]",138,TERRIBLE
93,"8 45 DEGREE LONG RADIUS ELBOW , ASME B16.9 , BEVELED END , ASTM A234 GRADE WPB , TYPE S S-80",8 CARBON STEEL SCHEDULE XH WELD 45 ELBOW,True,93,330,18.418338199999653,"       ID                                              DESCRIPTION CATEGORY  \
0   24510     16 CARBON STEEL SCHEDULE 80 WLD LONG RADIUS 45 ELBOW  FITTING   
1   24509     14 CARBON STEEL SCHEDULE 80 WLD LONG RADIUS 45 ELBOW  FITTING   
2   24719     16 CARBON STEEL SCHEDULE 80 WLD LONG RADIUS 90 ELBOW  FITTING   
3   24720     16 CARBON STEEL SCHEDULE 80 WLD LONG RADIUS 90 ELBOW  FITTING   
4   25027     8 X 4 CARBON STEEL STANDARD WLD LONG RADIUS 90 ELBOW  FITTING   
5   24709     14 CARBON STEEL SCHEDULE 80 WLD LONG RADIUS 90 ELBOW  FITTING   
6   25023        8 CARBON STEEL STANDARD WELD LONG RADIUS 90 ELBOW  FITTING   
7   43199        8 CARBON STEEL STANDARD WELD LONG RADIUS 90 ELBOW  FITTING   
8   43698        8 CARBON STEEL STANDARD WELD LONG RADIUS 90 ELBOW  FITTING   
9   43311        8 CARBON STEEL STANDARD WELD LONG RADIUS 90 ELBOW  FITTING   
10  43175        8 CARBON STEEL STANDARD WELD LONG RADIUS 90 ELBOW  FITTING   
11  24493     10 CARBON STEEL SCHEDULE 80 WLD LONG RADIUS 45 ELBOW  FITTING   
12  24941         8 CARBON STEEL STANDARD WLD LONG RADIUS 90 ELBOW  FITTING   
13  24965     8 X 6 CARBON STEEL STANDARD WLD LONG RADIUS 90 ELBOW  FITTING   
14  24964     8 X 6 CARBON STEEL STANDARD WLD LONG RADIUS 90 ELBOW  FITTING   
15  24937            8 CARBON STEEL S120 LONG RADIUS 90 WELD ELBOW  FITTING   
16  24559    8 CARBON STEEL SCHEDULE 160 WELD LONG RADIUS 45 ELBOW  FITTING   
17  24962  8 X 6 CARBON STEEL EXTRA HEAVY WLD LONG RADIUS 90 ELBOW  FITTING   
18  24963  8 X 6 CARBON STEEL EXTRA HEAVY WLD LONG RADIUS 90 ELBOW  FITTING   
19  24898        48 CARBON STEEL STANDARD WLD LONG RADIUS 90 ELBOW  FITTING   
20  24899        48 CARBON STEEL STANDARD WLD LONG RADIUS 90 ELBOW  FITTING   
21  24546       42 CARBON STEEL STANDARD WELD LONG RADIUS 45 ELBOW  FITTING   
22  24684     12 CARBON STEEL SCHEDULE 80 WLD LONG RADIUS 90 ELBOW  FITTING   
23  24722       16 CARBON STEEL STANDARD WELD LONG RADIUS 90 ELBOW  FITTING   
24  24721       16 CARBON STEEL STANDARD WELD LONG RADIUS 90 ELBOW  FITTING   

                    TYPE PRIMARY_SIZE REDUCING_SIZE LENGTH MATERIAL_NAME  \
0     LR 45 DEGREE ELBOW           16           NAN    NAN  CARBON STEEL   
1     LR 45 DEGREE ELBOW           14           NAN    NAN  CARBON STEEL   
2     LR 90 DEGREE ELBOW           16           NAN    NAN  CARBON STEEL   
3     LR 90 DEGREE ELBOW           16           NAN    NAN  CARBON STEEL   
4            LR 90 ELBOW            8             4    NAN  CARBON STEEL   
5     LR 90 DEGREE ELBOW           14           NAN    NAN  CARBON STEEL   
6            LR 90 ELBOW            8           NAN    NAN  CARBON STEEL   
7   LONG RADIUS 90 ELBOW          8.0           NAN    NAN  CARBON STEEL   
8   LONG RADIUS 90 ELBOW          8.0           NAN    NAN  CARBON STEEL   
9   LONG RADIUS 90 ELBOW          8.0           NAN    NAN  CARBON STEEL   
10  LONG RADIUS 90 ELBOW          8.0           NAN    NAN  CARBON STEEL   
11    LR 45 DEGREE ELBOW           10           NAN    NAN  CARBON STEEL   
12    LR 90 DEGREE ELBOW            8           NAN    NAN  CARBON STEEL   
13    LR 90 DEGREE ELBOW            8             6    NAN  CARBON STEEL   
14    LR 90 DEGREE ELBOW            8             6    NAN  CARBON STEEL   
15    LR 90 DEGREE ELBOW            8           NAN    NAN  CARBON STEEL   
16    LR 45 DEGREE ELBOW            8           NAN    NAN  CARBON STEEL   
17    LR 90 DEGREE ELBOW            8             6    NAN  CARBON STEEL   
18    LR 90 DEGREE ELBOW            8             6    NAN  CARBON STEEL   
19    LR 90 DEGREE ELBOW           48           NAN    NAN  CARBON STEEL   
20    LR 90 DEGREE ELBOW           48           NAN    NAN  CARBON STEEL   
21    LR 45 DEGREE ELBOW           42           NAN    NAN  CARBON STEEL   
22    LR 90 DEGREE ELBOW           12           NAN    NAN  CARBON STEEL   
23    LR 90 DEGREE ELBOW           16           NAN    NAN  CARBON STEEL   
24    LR 90 DEGREE ELBOW           16           NAN    NAN  CARBON STEEL   

   MATERIAL_SPECIFICATION MATERIAL_GRADE  ... PRIMARY_SCHEDULE  \
0                     NAN            NAN  ...               80   
1                     NAN            NAN  ...               80   
2                     NAN            NAN  ...               80   
3                     NAN            NAN  ...               80   
4                     NAN            NAN  ...              STD   
5                     NAN            NAN  ...               80   
6                     NAN            NAN  ...              STD   
7                     NAN            NAN  ...         STANDARD   
8                     NAN            NAN  ...         STANDARD   
9                     NAN            NAN  ...         STANDARD   
10                    NAN            NAN  ...         STANDARD   
11                    NAN            NAN  ...               80   
12                    NAN            NAN  ...              STD   
13                    NAN            NAN  ...              STD   
14                    NAN            NAN  ...              STD   
15                    NAN            NAN  ...              120   
16                    NAN            NAN  ...              160   
17                    NAN            NAN  ...               XH   
18                    NAN            NAN  ...               XH   
19                    NAN            NAN  ...              STD   
20                    NAN            NAN  ...              STD   
21                    NAN            NAN  ...              STD   
22                    NAN            NAN  ...               80   
23                    NAN            NAN  ...              STD   
24                    NAN            NAN  ...              STD   

   REDUCING_SCHEDULE MANUFACTURING_PROCESS END_FINISH END_CONNECTIONS TRIM  \
0                NAN                   NAN       WELD             NAN  NAN   
1                NAN                   NAN       WELD             NAN  NAN   
2                NAN                   NAN       WELD             NAN  NAN   
3                NAN                   NAN       WELD             NAN  NAN   
4                NAN                WELDED        NAN             NAN  NAN   
5                NAN                   NAN         BW             NAN  NAN   
6                NAN                WELDED        NAN             NAN  NAN   
7                NAN                   NAN        NAN       BUTT WELD  NAN   
8                NAN                   NAN        NAN       BUTT WELD  NAN   
9                NAN                   NAN        NAN       BUTT WELD  NAN   
10               NAN                  WELD        NAN             NAN  NAN   
11               NAN                  WELD        NAN             NAN  NAN   
12               NAN                WELDED        NAN             NAN  NAN   
13               NAN                  WELD        NAN             NAN  NAN   
14               NAN                   NAN         BW             NAN  NAN   
15               NAN                   NAN        NAN             NAN  NAN   
16               NAN                  WELD         BW             NAN  NAN   
17               NAN                  WELD        NAN             NAN  NAN   
18               NAN                  WELD        NAN             NAN  NAN   
19               NAN                   NAN         BW             NAN  NAN   
20               NAN                   NAN        NAN             NAN  NAN   
21               NAN                WELDED        NAN             NAN  NAN   
22               NAN                   NAN       WELD             NAN  NAN   
23               NAN                   NAN         BW             NAN  NAN   
24               NAN                   NAN         BW             NAN  NAN   

   MISCELLANEOUS CONFIDENCE     id     score  
0            NAN       0.85  24510  0.766883  
1            NAN       0.85  24509  0.758203  
2            NAN       0.85  24719  0.757459  
3            NAN       0.85  24720  0.757274  
4            NAN       0.85  25027  0.752697  
5            NAN       0.85  24709  0.748753  
6            NAN       0.80  25023  0.748587  
7            NAN       0.80  43199  0.748582  
8            NAN       0.90  43698  0.748581  
9            NAN       0.80  43311  0.748581  
10           NAN       0.80  43175  0.748576  
11           NAN       0.80  24493  0.746507  
12           NAN       0.80  24941  0.746426  
13           NAN       0.80  24965  0.745754  
14           NAN       0.80  24964  0.745210  
15           NAN       0.80  24937  0.744921  
16           NAN       0.85  24559  0.743811  
17           NAN       0.85  24962  0.743515  
18           NAN       0.85  24963  0.743515  
19           NAN       0.80  24898  0.743423  
20           NAN       0.80  24899  0.742907  
21           NAN       0.80  24546  0.741576  
22           NAN       0.85  24684  0.740924  
23           NAN       0.85  24722  0.739876  
24           NAN       0.85  24721  0.739876  

[25 rows x 21 columns]",109,TERRIBLE
94,"FLANGE:RF WN,2IN,150LB,XH,A-105B",2 CARBON STEEL 150 SCHEDULE XH RAISED FACE WELD NECK A105N,True,94,13,16.385549000000083,"       ID                                                         DESCRIPTION  \
0   43364  2 CARBON STEEL 150 SCHEDULE XH RAISED FACE SOCKETWELD FLANGE A105N   
1   11608                         2 STAINLESS STEEL 316 L 150 XH RF WN FLANGE   
2   43355  1"" 150 SOCKETWELD FLANGE A105 CARBON STEEL SCHEDULE XH RAISED FACE   
3   43354  1"" 150 SOCKETWELD FLANGE A105 CARBON STEEL SCHEDULE XH RAISED FACE   
4   12927                         2 STAINLESS STEEL 304L 1500 XH RF WN FLANGE   
5   12926                         2 STAINLESS STEEL 304L 1500 XH RF WN FLANGE   
6   11596                          2 STAINLESS STEEL 304L 150 XH RF WN FLANGE   
7   13029                        2 STAINLESS STEEL 316 L 1500 XH RF WN FLANGE   
8   12934                        2 STAINLESS STEEL 316 L 1500 XH RF WN FLANGE   
9   11677                         4 STAINLESS STEEL 316 L 150 XH RF WN FLANGE   
10  12256                         1 STAINLESS STEEL 316 L 150 XH RF WN FLANGE   
11  43397  1"" 300 SOCKETWELD FLANGE A105 CARBON STEEL SCHEDULE XH RAISED FACE   
12  43356  1"" 300 SOCKETWELD FLANGE A105 CARBON STEEL SCHEDULE XH RAISED FACE   
13  43382          2 CARBON STEEL 150 SCHEDULE XH RAISED FACE WELD NECK A105N   
14  43398          2 CARBON STEEL 150 SCHEDULE XH RAISED FACE WELD NECK A105N   
15  42894      2 CARBON STEEL 150 STANDARD RAISED FACE WELD NECK FLANGE A105N   
16  11705                         8 STAINLESS STEEL 316 L 150 XH RF WN FLANGE   
17  12960                        4 STAINLESS STEEL 316 L 1500 XH RF WN FLANGE   
18  12912                        1 STAINLESS STEEL 316 L 1500 XH RF WN FLANGE   
19  11669                          4 STAINLESS STEEL 304L 150 XH RF WN FLANGE   
20  43357  1"" 600 SOCKETWELD FLANGE A105 CARBON STEEL SCHEDULE XH RAISED FACE   
21  43352  1"" 600 SOCKETWELD FLANGE A105 CARBON STEEL SCHEDULE XH RAISED FACE   
22  11696                          8 STAINLESS STEEL 304L 150 XH RF WN FLANGE   
23  12430                         6 STAINLESS STEEL 316 L 150 XH RF WN FLANGE   
24  42625                  1"" 150 BLIND FLANGE CARBON STEEL RAISED FACE A105N   

   CATEGORY                          TYPE PRIMARY_SIZE REDUCING_SIZE LENGTH  \
0    FLANGE                   SOCKET WELD          2.0           NAN    NAN   
1    FLANGE  RAISED FACE WELD NECK FLANGE            2           NAN    NAN   
2    FLANGE                   SOCKET WELD          1.0           NAN    NAN   
3    FLANGE                   SOCKET WELD          1.0           NAN    NAN   
4    FLANGE  RAISED FACE WELD NECK FLANGE            2           NAN    NAN   
5    FLANGE  RAISED FACE WELD NECK FLANGE            2           NAN    NAN   
6    FLANGE  RAISED FACE WELD NECK FLANGE            2           NAN    NAN   
7    FLANGE              WELD NECK FLANGE            2           NAN    NAN   
8    FLANGE  RAISED FACE WELD NECK FLANGE            2           NAN    NAN   
9    FLANGE  RAISED FACE WELD NECK FLANGE            4           NAN    NAN   
10   FLANGE                     WELD NECK            1           NAN    NAN   
11   FLANGE                   SOCKET WELD          1.0           NAN    NAN   
12   FLANGE                   SOCKET WELD          1.0           NAN    NAN   
13   FLANGE                     WELD NECK          2.0           NAN    NAN   
14   FLANGE                     WELD NECK          2.0           NAN    NAN   
15   FLANGE                     WELD NECK          2.0           NAN    NAN   
16   FLANGE  RAISED FACE WELD NECK FLANGE            8           NAN    NAN   
17   FLANGE  RAISED FACE WELD NECK FLANGE            4           NAN    NAN   
18   FLANGE  RAISED FACE WELD NECK FLANGE            1           NAN    NAN   
19   FLANGE  RAISED FACE WELD NECK FLANGE            4           NAN    NAN   
20   FLANGE                   SOCKET WELD          1.0           NAN    NAN   
21   FLANGE                   SOCKET WELD          1.0           NAN    NAN   
22   FLANGE  RAISED FACE WELD NECK FLANGE            8           NAN    NAN   
23   FLANGE              WELD NECK FLANGE            6           NAN    NAN   
24   FLANGE                         BLIND          1.0           NAN    NAN   

      MATERIAL_NAME MATERIAL_SPECIFICATION MATERIAL_GRADE  ...  \
0      CARBON STEEL                   A105              N  ...   
1   STAINLESS STEEL                   316L            NAN  ...   
2      CARBON STEEL                   A105            NAN  ...   
3      CARBON STEEL                   A105            NAN  ...   
4   STAINLESS STEEL                   304L            NAN  ...   
5   STAINLESS STEEL                   304L            NAN  ...   
6   STAINLESS STEEL                   304L            NAN  ...   
7   STAINLESS STEEL                   316L            NAN  ...   
8   STAINLESS STEEL                   316L            NAN  ...   
9   STAINLESS STEEL                   316L            NAN  ...   
10  STAINLESS STEEL                   316L            NAN  ...   
11     CARBON STEEL                   A105            NAN  ...   
12     CARBON STEEL                   A105            NAN  ...   
13     CARBON STEEL                   A105              N  ...   
14     CARBON STEEL                   A105              N  ...   
15     CARBON STEEL                   A105              N  ...   
16  STAINLESS STEEL                   316L            NAN  ...   
17  STAINLESS STEEL                    NAN           316L  ...   
18  STAINLESS STEEL                    NAN           316L  ...   
19  STAINLESS STEEL                   304L            NAN  ...   
20     CARBON STEEL                   A105            NAN  ...   
21     CARBON STEEL                   A105            NAN  ...   
22  STAINLESS STEEL                   304L            NAN  ...   
23  STAINLESS STEEL                    NAN           316L  ...   
24     CARBON STEEL                   A105              N  ...   

   PRIMARY_SCHEDULE REDUCING_SCHEDULE MANUFACTURING_PROCESS   END_FINISH  \
0                XH               NAN                   NAN  RAISED FACE   
1                XH               NAN                   NAN  RAISED FACE   
2                XH               NAN                   NAN  RAISED FACE   
3       EXTRA HEAVY               NAN                   NAN  RAISED FACE   
4                XH               NAN                   NAN          NAN   
5                XH               NAN                   NAN          NAN   
6                XH               NAN                   NAN          NAN   
7                XH               NAN                   NAN  RAISED FACE   
8                XH               NAN                   NAN           RF   
9                XH               NAN                   NAN          NAN   
10               XH               NAN                   NAN  RAISED FACE   
11               XH               NAN                   NAN  RAISED FACE   
12               XH               NAN                   NAN  RAISED FACE   
13               XH               NAN                   NAN  RAISED FACE   
14               XH               NAN                   NAN  RAISED FACE   
15         STANDARD               NAN                   NAN  RAISED FACE   
16               XH               NAN                   NAN          NAN   
17               XH               NAN                   NAN          NAN   
18               XH               NAN                   NAN          NAN   
19               XH               NAN                   NAN  RAISED FACE   
20      EXTRA HEAVY               NAN                   NAN  RAISED FACE   
21      EXTRA HEAVY               NAN                   NAN  RAISED FACE   
22               XH               NAN                   NAN          NAN   
23               XH               NAN                   NAN  RAISED FACE   
24              NAN               NAN                   NAN  RAISED FACE   

   END_CONNECTIONS TRIM MISCELLANEOUS CONFIDENCE     id     score  
0      SOCKET WELD  NAN           NAN       0.90  43364  0.762631  
1              NAN  NAN           NAN       0.95  11608  0.757261  
2      SOCKET WELD  NAN           NAN       0.90  43355  0.754286  
3      SOCKET WELD  NAN           NAN       0.90  43354  0.753999  
4              NAN  NAN           NAN       0.95  12927  0.751725  
5              NAN  NAN           NAN       0.95  12926  0.751725  
6              NAN  NAN           NAN       0.95  11596  0.750865  
7              NAN  NAN           NAN       0.95  13029  0.750863  
8              NAN  NAN           NAN       0.95  12934  0.750863  
9              NAN  NAN           NAN       0.95  11677  0.744373  
10             NAN  NAN           NAN       0.95  12256  0.742378  
11     SOCKET WELD  NAN           NAN       0.90  43397  0.742149  
12     SOCKET WELD  NAN           NAN       0.90  43356  0.742023  
13             NAN  NAN           NAN       0.90  43382  0.740390  
14             NAN  NAN           NAN       0.90  43398  0.740314  
15             NAN  NAN           NAN       1.00  42894  0.737754  
16             NAN  NAN           NAN       0.95  11705  0.737462  
17             NAN  NAN           NAN       0.90  12960  0.737397  
18             NAN  NAN           NAN       0.90  12912  0.736984  
19             NAN  NAN           NAN       0.95  11669  0.736101  
20     SOCKET WELD  NAN           NAN       0.90  43357  0.735774  
21     SOCKET WELD  NAN           NAN       0.90  43352  0.735757  
22             NAN  NAN           NAN       0.95  11696  0.735397  
23             NAN  NAN           NAN       0.90  12430  0.734892  
24             NAN  NAN           NAN       1.00  42625  0.734486  

[25 rows x 21 columns]",562,THE WORST
95,"FLANGE:RF WN,2IN,300LB,XH,A105B",2 CARBON STEEL 300 SCHEDULE XH RAISED FACE WELD NECK A105N,True,95,4,20.360746099999687,"       ID  \
0   43397   
1   43356   
2   15563   
3   15800   
4   43383   
5   43399   
6   15064   
7   43364   
8    3862   
9   12927   
10  12926   
11  15613   
12  14749   
13  19681   
14  19682   
15  11596   
16  11608   
17  14231   
18  43358   
19  15530   
20  43355   
21  15608   
22  43354   
23  43405   
24  13029   

                                                             DESCRIPTION  \
0     1"" 300 SOCKETWELD FLANGE A105 CARBON STEEL SCHEDULE XH RAISED FACE   
1     1"" 300 SOCKETWELD FLANGE A105 CARBON STEEL SCHEDULE XH RAISED FACE   
2                            2 STAINLESS STEEL 316 L 300 XH RF WN FLANGE   
3                             2 STAINLESS STEEL 304L 300 XH RF WN FLANGE   
4             2 CARBON STEEL 300 SCHEDULE XH RAISED FACE WELD NECK A105N   
5             2 CARBON STEEL 300 SCHEDULE XH RAISED FACE WELD NECK A105N   
6                                        2 SA105N/LF2 300 XH RF WNF LRES   
7     2 CARBON STEEL 150 SCHEDULE XH RAISED FACE SOCKETWELD FLANGE A105N   
8                            1 STAINLESS STEEL 316 L 300 XH RF WN FLANGE   
9                            2 STAINLESS STEEL 304L 1500 XH RF WN FLANGE   
10                           2 STAINLESS STEEL 304L 1500 XH RF WN FLANGE   
11                           4 STAINLESS STEEL 316 L 300 XH RF WN FLANGE   
12                                      2 SA105N/LF2 300 XH RF WNOF LRES   
13                            2 STAINLESS STEEL 304L 600 XH RF WN FLANGE   
14                            2 STAINLESS STEEL 304L 600 XH RF WN FLANGE   
15                            2 STAINLESS STEEL 304L 150 XH RF WN FLANGE   
16                           2 STAINLESS STEEL 316 L 150 XH RF WN FLANGE   
17                                     2 SA105N/LF2 300 RF BLND FLG LRES   
18  0.5 CARBON STEEL 300 SCHEDULE XH RAISED FACE SOCKETWELD FLANGE A105N   
19                           12 STAINLESS STEEL 304L 300 XH RF WN FLANGE   
20    1"" 150 SOCKETWELD FLANGE A105 CARBON STEEL SCHEDULE XH RAISED FACE   
21                            4 STAINLESS STEEL 304L 300 XH RF WN FLANGE   
22    1"" 150 SOCKETWELD FLANGE A105 CARBON STEEL SCHEDULE XH RAISED FACE   
23  0.5 CARBON STEEL 300 SCHEDULE XH RAISED FACE SOCKETWELD FLANGE A105N   
24                          2 STAINLESS STEEL 316 L 1500 XH RF WN FLANGE   

   CATEGORY                          TYPE PRIMARY_SIZE REDUCING_SIZE LENGTH  \
0    FLANGE                   SOCKET WELD          1.0           NAN    NAN   
1    FLANGE                   SOCKET WELD          1.0           NAN    NAN   
2    FLANGE  RAISED FACE WELD NECK FLANGE            2           NAN    NAN   
3    FLANGE              WELD NECK FLANGE            2           NAN    NAN   
4    FLANGE                     WELD NECK          2.0           NAN    NAN   
5    FLANGE                     WELD NECK          2.0           NAN    NAN   
6    FLANGE  RAISED FACE WELD NECK FLANGE            2           NAN    NAN   
7    FLANGE                   SOCKET WELD          2.0           NAN    NAN   
8    FLANGE  RAISED FACE WELD NECK FLANGE            1           NAN    NAN   
9    FLANGE  RAISED FACE WELD NECK FLANGE            2           NAN    NAN   
10   FLANGE  RAISED FACE WELD NECK FLANGE            2           NAN    NAN   
11   FLANGE  RAISED FACE WELD NECK FLANGE            4           NAN    NAN   
12   FLANGE                     WELD NECK            2           NAN    NAN   
13   FLANGE  RAISED FACE WELD NECK FLANGE            2           NAN    NAN   
14   FLANGE  RAISED FACE WELD NECK FLANGE            2           NAN    NAN   
15   FLANGE  RAISED FACE WELD NECK FLANGE            2           NAN    NAN   
16   FLANGE  RAISED FACE WELD NECK FLANGE            2           NAN    NAN   
17   FLANGE      RAISED FACE BLIND FLANGE            2           NAN    NAN   
18   FLANGE                   SOCKET WELD          0.5           NAN    NAN   
19   FLANGE  RAISED FACE WELD NECK FLANGE           12           NAN    NAN   
20   FLANGE                   SOCKET WELD          1.0           NAN    NAN   
21   FLANGE  RAISED FACE WELD NECK FLANGE            4           NAN    NAN   
22   FLANGE                   SOCKET WELD          1.0           NAN    NAN   
23   FLANGE                   SOCKET WELD          0.5           NAN    NAN   
24   FLANGE              WELD NECK FLANGE            2           NAN    NAN   

      MATERIAL_NAME MATERIAL_SPECIFICATION MATERIAL_GRADE  ...  \
0      CARBON STEEL                   A105            NAN  ...   
1      CARBON STEEL                   A105            NAN  ...   
2   STAINLESS STEEL                    NAN           316L  ...   
3   STAINLESS STEEL                   304L            NAN  ...   
4      CARBON STEEL                   A105              N  ...   
5      CARBON STEEL                   A105              N  ...   
6               NAN                 SA105N            LF2  ...   
7      CARBON STEEL                   A105              N  ...   
8   STAINLESS STEEL                   316L            NAN  ...   
9   STAINLESS STEEL                   304L            NAN  ...   
10  STAINLESS STEEL                   304L            NAN  ...   
11  STAINLESS STEEL                    NAN           316L  ...   
12     CARBON STEEL                  A105N            LF2  ...   
13  STAINLESS STEEL                   304L            NAN  ...   
14  STAINLESS STEEL                   304L            NAN  ...   
15  STAINLESS STEEL                   304L            NAN  ...   
16  STAINLESS STEEL                   316L            NAN  ...   
17     CARBON STEEL                  A105N            LF2  ...   
18     CARBON STEEL                   A105              N  ...   
19  STAINLESS STEEL                   304L            NAN  ...   
20     CARBON STEEL                   A105            NAN  ...   
21  STAINLESS STEEL                   304L            NAN  ...   
22     CARBON STEEL                   A105            NAN  ...   
23     CARBON STEEL                   A105              N  ...   
24  STAINLESS STEEL                   316L            NAN  ...   

   PRIMARY_SCHEDULE REDUCING_SCHEDULE MANUFACTURING_PROCESS    END_FINISH  \
0                XH               NAN                   NAN   RAISED FACE   
1                XH               NAN                   NAN   RAISED FACE   
2                XH               NAN                   NAN           NAN   
3                XH               NAN                   NAN   RAISED FACE   
4                XH               NAN                   NAN   RAISED FACE   
5                XH               NAN                   NAN   RAISED FACE   
6                XH               NAN                   NAN  LOW RESIDUAL   
7                XH               NAN                   NAN   RAISED FACE   
8                XH               NAN                   NAN   RAISED FACE   
9                XH               NAN                   NAN           NAN   
10               XH               NAN                   NAN           NAN   
11               XH               NAN                   NAN           NAN   
12               XH               NAN                FORGED   RAISED FACE   
13               XH               NAN                   NAN           NAN   
14               XH               NAN                   NAN            RF   
15               XH               NAN                   NAN           NAN   
16               XH               NAN                   NAN   RAISED FACE   
17              NAN               NAN                   NAN           NAN   
18               XH               NAN                   NAN   RAISED FACE   
19               XH               NAN                   NAN   RAISED FACE   
20               XH               NAN                   NAN   RAISED FACE   
21               XH               NAN                   NAN   RAISED FACE   
22      EXTRA HEAVY               NAN                   NAN   RAISED FACE   
23               XH               NAN                   NAN   RAISED FACE   
24               XH               NAN                   NAN   RAISED FACE   

   END_CONNECTIONS TRIM MISCELLANEOUS CONFIDENCE     id     score  
0      SOCKET WELD  NAN           NAN       0.90  43397  0.756995  
1      SOCKET WELD  NAN           NAN       0.90  43356  0.756925  
2              NAN  NAN           NAN       0.90  15563  0.754820  
3              NAN  NAN           NAN       0.95  15800  0.750423  
4              NAN  NAN           NAN       0.90  43383  0.744642  
5              NAN  NAN           NAN       0.90  43399  0.744567  
6              NAN  NAN           NAN       0.90  15064  0.744420  
7      SOCKET WELD  NAN           NAN       0.90  43364  0.739702  
8              NAN  NAN           NAN       0.95   3862  0.739446  
9              NAN  NAN           NAN       0.95  12927  0.739005  
10             NAN  NAN           NAN       0.95  12926  0.739005  
11             NAN  NAN           NAN       0.95  15613  0.738634  
12       WELD NECK  NAN  LOW RESIDUAL       0.95  14749  0.737717  
13             NAN  NAN           NAN       0.95  19681  0.737245  
14             NAN  NAN           NAN       0.95  19682  0.737241  
15             NAN  NAN           NAN       0.95  11596  0.737207  
16             NAN  NAN           NAN       0.95  11608  0.736787  
17             NAN  NAN  LOW RESIDUAL       0.95  14231  0.736647  
18     SOCKET WELD  NAN           NAN       0.90  43358  0.735230  
19             NAN  NAN           NAN       0.95  15530  0.735008  
20     SOCKET WELD  NAN           NAN       0.90  43355  0.734834  
21             NAN  NAN           NAN       0.95  15608  0.734573  
22     SOCKET WELD  NAN           NAN       0.90  43354  0.734571  
23     SOCKET WELD  NAN           NAN       0.90  43405  0.734043  
24             NAN  NAN           NAN       0.95  13029  0.732301  

[25 rows x 21 columns]",355,THE WORST
96,"FLG,6,150,STD,RFWN,A105B",6 CARBON STEEL 150 STANDARD RAISED FACE WELD NECK FLANGE A105N,True,96,41,25.377006000000165,"       ID                         DESCRIPTION CATEGORY  \
0    8196        3 CS 150 STD RF SW FLG A105N   FLANGE   
1    9240           6 150 FLG DI RP PFA LB LL    VALVE   
2    1714        6 150 HFN STD RF WN LRES FLG   FLANGE   
3    9122             18 CS 150 STD FF WN FLG   FLANGE   
4    9077       36 CS 150 STD RF WN FLG SER A   FLANGE   
5    9138       30 CS 150 STD RF WN FLG SER A   FLANGE   
6    9184             16 CS 150 STD FF WN FLG   FLANGE   
7    8946             18 CS 150 STD RF WN FLG   FLANGE   
8    3748        6 300 HFN STD RF WN LRES FLG   FLANGE   
9    9091              5 CS 150 STD RF WN FLG   FLANGE   
10   9098              6 CS 150 STD FF WN FLG   FLANGE   
11   9939        4 150 HFN STD RF WN LRES FLG   FLANGE   
12  18814   1 600 A105 BB RB RTJ FLG CHK BALL    VALVE   
13   9940        8 150 HFN STD RF WN LRES FLG   FLANGE   
14   9127             20 CS 150 STD RF WN FLG   FLANGE   
15    970              1 CS 150 STD RF WN FLG   FLANGE   
16   9739  6 150 FLG NI/NI SPV PTFE MO BLT GO    VALVE   
17  12448      6 150 FLG LRES GATE WCB/MO 624    VALVE   
18   8033   0.5 150 FLG SPV CS/A20 A20 BLT LL    VALVE   
19    928    6 CS 150 RF FLG NACE SWG CHK VLV    VALVE   
20   8034     0.5 150 FLG SPV CS/SS FS P16 LL    VALVE   
21   9937        3 150 HFN STD RF WN LRES FLG   FLANGE   
22   7623      0.5 150 FLG RF BB GATE LF2/T12    VALVE   
23   9059             24 CS 150 STD RF WN FLG   FLANGE   
24  14237   1 SA105N/LF2 300 RF THRD FLG LRES   FLANGE   

                              TYPE PRIMARY_SIZE REDUCING_SIZE LENGTH  \
0   RAISED FACE SOCKET WELD FLANGE            3           NAN    NAN   
1                             BALL            6           NAN    NAN   
2            RAISED FACE WELD NECK            6           NAN    NAN   
3                        WELD NECK           18           NAN    NAN   
4                 WELD NECK FLANGE           36           NAN    NAN   
5                        WELD NECK           30           NAN    NAN   
6                 WELD NECK FLANGE           16           NAN    NAN   
7                        WELD NECK           18           NAN    NAN   
8     RAISED FACE WELD NECK FLANGE            6           NAN    NAN   
9                 WELD NECK FLANGE            5           NAN    NAN   
10                WELD NECK FLANGE            6           NAN    NAN   
11                       WELD NECK            4           NAN    NAN   
12                           CHECK            1           NAN    NAN   
13                       WELD NECK            8           NAN    NAN   
14                       WELD NECK           20           NAN    NAN   
15                WELD NECK FLANGE            1           NAN    NAN   
16                      PLUG VALVE            6           NAN    NAN   
17                            GATE            6           NAN    NAN   
18                            PLUG          0.5           NAN    NAN   
19                     SWING CHECK            6           NAN    NAN   
20                            PLUG          0.5           NAN    NAN   
21                       WELD NECK            3           NAN    NAN   
22                            GATE          0.5           NAN    NAN   
23                WELD NECK FLANGE           24           NAN    NAN   
24              RAISED FACE FLANGE            1           NAN    NAN   

   MATERIAL_NAME MATERIAL_SPECIFICATION MATERIAL_GRADE  ... PRIMARY_SCHEDULE  \
0   CARBON STEEL                  A105N            NAN  ...              STD   
1   DUCTILE IRON                    NAN            NAN  ...              NAN   
2            NAN                    NAN            NAN  ...              NAN   
3   CARBON STEEL                  A105N            NAN  ...              STD   
4   CARBON STEEL                  A105N            NAN  ...              STD   
5   CARBON STEEL                  A105N            NAN  ...              STD   
6   CARBON STEEL                  A105N            NAN  ...              STD   
7   CARBON STEEL                  A105N            NAN  ...              STD   
8            NAN                    NAN            NAN  ...              NAN   
9   CARBON STEEL                  A105N            NAN  ...              STD   
10  CARBON STEEL                  A105N            NAN  ...              STD   
11           NAN                    NAN            HFN  ...              STD   
12  CARBON STEEL                   A105            NAN  ...              NAN   
13           NAN                    HFN            NAN  ...              STD   
14  CARBON STEEL                  A105N            NAN  ...              STD   
15  CARBON STEEL                   A105            NAN  ...              NAN   
16        NICKEL                    NAN            NAN  ...              NAN   
17     WCB/MONEL                    NAN            NAN  ...              NAN   
18  CARBON STEEL                    A20            NAN  ...              NAN   
19  CARBON STEEL                    NAN            NAN  ...              NAN   
20  CARBON STEEL                    NAN            NAN  ...              NAN   
21           NAN                    NAN             LR  ...              STD   
22  CARBON STEEL                    LF2            NAN  ...              NAN   
23  CARBON STEEL                  A105N            NAN  ...              STD   
24  CARBON STEEL                 SA105N            LF2  ...              NAN   

   REDUCING_SCHEDULE MANUFACTURING_PROCESS    END_FINISH END_CONNECTIONS  \
0                NAN                   NAN           NAN              SW   
1                NAN                   NAN  REDUCED PORT         FLANGED   
2                NAN                   NAN   RAISED FACE             NAN   
3                NAN                   NAN           NAN             NAN   
4                NAN                   NAN           NAN             NAN   
5                NAN                   NAN           NAN             NAN   
6                NAN                   NAN           NAN             NAN   
7                NAN                   NAN           NAN             NAN   
8                NAN                   NAN           NAN             NAN   
9                NAN                   NAN           NAN             NAN   
10               NAN                   NAN           NAN             NAN   
11               NAN                   NAN           NAN             NAN   
12               NAN                   NAN           RTJ             FLG   
13               NAN                   NAN           NAN             NAN   
14               NAN                   NAN   RAISED FACE             NAN   
15               NAN                   NAN           NAN             NAN   
16               NAN                   NAN           NAN         FLANGED   
17               NAN                   NAN           NAN         FLANGED   
18               NAN                   NAN           NAN         FLANGED   
19               NAN                   NAN            RF         FLANGED   
20               NAN                   NAN           NAN         FLANGED   
21               NAN                   NAN           NAN             NAN   
22               NAN                   NAN            RF         FLANGED   
23               NAN                   NAN           NAN             NAN   
24               NAN                   NAN           NAN             THD   

               TRIM                 MISCELLANEOUS CONFIDENCE     id     score  
0               NAN                           NAN       0.95   8196  0.738929  
1               PFA                           NAN       0.80   9240  0.729425  
2               NAN                  LOW RESIDUAL       0.90   1714  0.723299  
3               NAN                     FLAT FACE       0.95   9122  0.706952  
4               NAN                   RAISED FACE       0.95   9077  0.703348  
5               NAN                   RAISED FACE       0.95   9138  0.699055  
6               NAN                     FLAT FACE       0.95   9184  0.697460  
7               NAN                   RAISED FACE       0.95   8946  0.695394  
8               NAN     HFN STANDARD LOW RESIDUAL       0.85   3748  0.695199  
9               NAN                   RAISED FACE       0.95   9091  0.694003  
10              NAN                     FLAT FACE       0.95   9098  0.691620  
11              NAN                  LOW RESIDUAL       0.85   9939  0.688556  
12             BALL    BOLTED BONNET REDUCED PORT       0.90  18814  0.688413  
13              NAN                  LOW RESIDUAL       0.90   9940  0.685794  
14              NAN                           NAN       0.95   9127  0.683136  
15              NAN                   RAISED FACE       0.95    970  0.682740  
16      NICKEL/PTFE  SLEEVED MO BLT GEAR OPERATOR       0.85   9739  0.682471  
17     LOW RESIDUAL                       API 624       0.85  12448  0.680683  
18          SLEEVED                 LOCKING LEVER       0.90   8033  0.680089  
19             NACE                           NAN       0.90    928  0.677792  
20  STAINLESS STEEL         SLEEVED LOCKING LEVER       0.85   8034  0.677009  
21              NAN                           HFN       0.85   9937  0.676801  
22               12                 BOLTED BONNET       0.95   7623  0.676550  
23              NAN                   RAISED FACE       0.95   9059  0.674754  
24              NAN                  LOW RESIDUAL       0.95  14237  0.673947  

[25 rows x 21 columns]",327,THE WORST
97,"FLANGE:RF WN,3IN,300LB,XH,A105B",3 CARBON STEEL 300 SCHEDULE XH RAISED FACE WELD NECK A105N,True,97,3,19.051228099999662,"       ID  \
0   43356   
1   43397   
2   15844   
3   43401   
4   14520   
5   12941   
6   11645   
7   11638   
8   19708   
9   43365   
10  12948   
11  43355   
12  43354   
13  43358   
14  43405   
15  19716   
16  21352   
17  21353   
18  43387   
19  42979   
20  43341   
21  21356   
22  43411   
23  43357   
24  43352   

                                                              DESCRIPTION  \
0      1"" 300 SOCKETWELD FLANGE A105 CARBON STEEL SCHEDULE XH RAISED FACE   
1      1"" 300 SOCKETWELD FLANGE A105 CARBON STEEL SCHEDULE XH RAISED FACE   
2                             3 STAINLESS STEEL 316 L 300 XH RF WN FLANGE   
3              3 CARBON STEEL 300 SCHEDULE XH RAISED FACE WELD NECK A105N   
4                                      3 SA105N/LF2 300 XH RF WN FLG LRES   
5                             3 STAINLESS STEEL 304L 1500 XH RF WN FLANGE   
6                             3 STAINLESS STEEL 316 L 150 XH RF WN FLANGE   
7                              3 STAINLESS STEEL 304L 150 XH RF WN FLANGE   
8                              3 STAINLESS STEEL 304L 600 XH RF WN FLANGE   
9   0.75 CARBON STEEL 300 SCHEDULE XH RAISED FACE SOCKETWELD FLANGE A105N   
10                           3 STAINLESS STEEL 316 L 1500 XH RF WN FLANGE   
11     1"" 150 SOCKETWELD FLANGE A105 CARBON STEEL SCHEDULE XH RAISED FACE   
12     1"" 150 SOCKETWELD FLANGE A105 CARBON STEEL SCHEDULE XH RAISED FACE   
13   0.5 CARBON STEEL 300 SCHEDULE XH RAISED FACE SOCKETWELD FLANGE A105N   
14   0.5 CARBON STEEL 300 SCHEDULE XH RAISED FACE SOCKETWELD FLANGE A105N   
15                            3 STAINLESS STEEL 316 L 600 XH RF WN FLANGE   
16                             3 STAINLESS STEEL 304L 900 XH RF WN FLANGE   
17                             3 STAINLESS STEEL 304L 900 XH RF WN FLANGE   
18                3 CARBON STEEL 300 STANDARD RAISED FACE WELD NECK A105N   
19                      3 CARBON STEEL 300 RAISED FACE BLIND FLANGE A105N   
20                      3 CARBON STEEL 300 RAISED FACE BLIND FLANGE A105N   
21                            3 STAINLESS STEEL 316 L 900 XH RF WN FLANGE   
22             4 CARBON STEEL 300 SCHEDULE XH RAISED FACE WELD NECK A105N   
23     1"" 600 SOCKETWELD FLANGE A105 CARBON STEEL SCHEDULE XH RAISED FACE   
24     1"" 600 SOCKETWELD FLANGE A105 CARBON STEEL SCHEDULE XH RAISED FACE   

   CATEGORY                          TYPE PRIMARY_SIZE REDUCING_SIZE LENGTH  \
0    FLANGE                   SOCKET WELD          1.0           NAN    NAN   
1    FLANGE                   SOCKET WELD          1.0           NAN    NAN   
2    FLANGE                     WELD NECK            3           NAN    NAN   
3    FLANGE                     WELD NECK          3.0           NAN    NAN   
4    FLANGE  RAISED FACE WELD NECK FLANGE            3           NAN    NAN   
5    FLANGE  RAISED FACE WELD NECK FLANGE            3           NAN    NAN   
6    FLANGE  RAISED FACE WELD NECK FLANGE            3           NAN    NAN   
7    FLANGE  RAISED FACE WELD NECK FLANGE            3           NAN    NAN   
8    FLANGE  RAISED FACE WELD NECK FLANGE            3           NAN    NAN   
9    FLANGE                   SOCKET WELD         0.75           NAN    NAN   
10   FLANGE  RAISED FACE WELD NECK FLANGE            3           NAN    NAN   
11   FLANGE                   SOCKET WELD          1.0           NAN    NAN   
12   FLANGE                   SOCKET WELD          1.0           NAN    NAN   
13   FLANGE                   SOCKET WELD          0.5           NAN    NAN   
14   FLANGE                   SOCKET WELD          0.5           NAN    NAN   
15   FLANGE  RAISED FACE WELD NECK FLANGE            3           NAN    NAN   
16   FLANGE  RAISED FACE WELD NECK FLANGE            3           NAN    NAN   
17   FLANGE  RAISED FACE WELD NECK FLANGE            3           NAN    NAN   
18   FLANGE                     WELD NECK          3.0           NAN    NAN   
19   FLANGE                         BLIND          3.0           NAN    NAN   
20   FLANGE                  BLIND FLANGE          3.0           NAN    NAN   
21   FLANGE  RAISED FACE WELD NECK FLANGE            3           NAN    NAN   
22   FLANGE                     WELD NECK          4.0           NAN    NAN   
23   FLANGE                   SOCKET WELD          1.0           NAN    NAN   
24   FLANGE                   SOCKET WELD          1.0           NAN    NAN   

      MATERIAL_NAME MATERIAL_SPECIFICATION MATERIAL_GRADE  ...  \
0      CARBON STEEL                   A105            NAN  ...   
1      CARBON STEEL                   A105            NAN  ...   
2   STAINLESS STEEL                   316L            NAN  ...   
3      CARBON STEEL                   A105              N  ...   
4      CARBON STEEL                  A105N            LF2  ...   
5   STAINLESS STEEL                   304L            NAN  ...   
6   STAINLESS STEEL                   316L            NAN  ...   
7   STAINLESS STEEL                   304L            NAN  ...   
8   STAINLESS STEEL                   304L            NAN  ...   
9      CARBON STEEL                   A105              N  ...   
10  STAINLESS STEEL                   316L            NAN  ...   
11     CARBON STEEL                   A105            NAN  ...   
12     CARBON STEEL                   A105            NAN  ...   
13     CARBON STEEL                   A105              N  ...   
14     CARBON STEEL                   A105              N  ...   
15  STAINLESS STEEL                   316L            NAN  ...   
16  STAINLESS STEEL                   304L            NAN  ...   
17  STAINLESS STEEL                   304L            NAN  ...   
18     CARBON STEEL                   A105              N  ...   
19     CARBON STEEL                   A105              N  ...   
20     CARBON STEEL                   A105              N  ...   
21  STAINLESS STEEL                   316L            NAN  ...   
22     CARBON STEEL                   A105              N  ...   
23     CARBON STEEL                   A105            NAN  ...   
24     CARBON STEEL                   A105            NAN  ...   

   PRIMARY_SCHEDULE REDUCING_SCHEDULE MANUFACTURING_PROCESS   END_FINISH  \
0                XH               NAN                   NAN  RAISED FACE   
1                XH               NAN                   NAN  RAISED FACE   
2                XH               NAN                   NAN  RAISED FACE   
3                XH               NAN                   NAN  RAISED FACE   
4                XH               NAN                   NAN          NAN   
5                XH               NAN                   NAN          NAN   
6                XH               NAN                   NAN          NAN   
7                XH               NAN                   NAN  RAISED FACE   
8                XH               NAN                   NAN  RAISED FACE   
9                XH               NAN                   NAN  RAISED FACE   
10               XH               NAN                   NAN  RAISED FACE   
11               XH               NAN                   NAN  RAISED FACE   
12      EXTRA HEAVY               NAN                   NAN  RAISED FACE   
13               XH               NAN                   NAN  RAISED FACE   
14               XH               NAN                   NAN  RAISED FACE   
15               XH               NAN                   NAN  RAISED FACE   
16               XH               NAN                   NAN  RAISED FACE   
17               XH               NAN                   NAN           RF   
18              STD               NAN                   NAN  RAISED FACE   
19              NAN               NAN                   NAN  RAISED FACE   
20              NAN               NAN                   NAN  RAISED FACE   
21               XH               NAN                   NAN  RAISED FACE   
22               XH               NAN                   NAN  RAISED FACE   
23      EXTRA HEAVY               NAN                   NAN  RAISED FACE   
24      EXTRA HEAVY               NAN                   NAN  RAISED FACE   

   END_CONNECTIONS TRIM MISCELLANEOUS CONFIDENCE     id     score  
0      SOCKET WELD  NAN           NAN       0.90  43356  0.756809  
1      SOCKET WELD  NAN           NAN       0.90  43397  0.756801  
2              NAN  NAN           NAN       0.95  15844  0.755715  
3              NAN  NAN           NAN       0.90  43401  0.750739  
4              NAN  NAN  LOW RESIDUAL       0.95  14520  0.748272  
5              NAN  NAN           NAN       0.95  12941  0.739364  
6              NAN  NAN           NAN       0.95  11645  0.739351  
7              NAN  NAN           NAN       0.95  11638  0.738468  
8              NAN  NAN           NAN       0.95  19708  0.738209  
9      SOCKET WELD  NAN           NAN       0.90  43365  0.735120  
10             NAN  NAN           NAN       1.00  12948  0.734420  
11     SOCKET WELD  NAN           NAN       0.90  43355  0.734262  
12     SOCKET WELD  NAN           NAN       0.90  43354  0.734004  
13     SOCKET WELD  NAN           NAN       0.90  43358  0.733889  
14     SOCKET WELD  NAN           NAN       0.90  43405  0.732582  
15             NAN  NAN           NAN       0.95  19716  0.732024  
16             NAN  NAN           NAN       0.95  21352  0.731791  
17             NAN  NAN           NAN       0.95  21353  0.731763  
18             NAN  NAN           NAN       0.90  43387  0.730728  
19             NAN  NAN           NAN       1.00  42979  0.730592  
20             NAN  NAN           NAN       1.00  43341  0.730554  
21             NAN  NAN           NAN       0.95  21356  0.730121  
22             NAN  NAN           NAN       0.90  43411  0.729689  
23     SOCKET WELD  NAN           NAN       0.90  43357  0.729388  
24     SOCKET WELD  NAN           NAN       0.90  43352  0.729374  

[25 rows x 21 columns]",246,THE WORST
98,"FLG,4,300,STD,RFWN,A105B",4 CARBON STEEL 300 STANDARD RAISED FACE WELD NECK A105N,True,98,195,21.128485800000362,"       ID                         DESCRIPTION CATEGORY  \
0   15101        4 300 HFN STD RF WN LRES FLG   FLANGE   
1    3780        4 300 HFN XXH RF WN LRES FLG   FLANGE   
2   19432        4 600 HFN STD RF WN LRES FLG   FLANGE   
3    9939        4 150 HFN STD RF WN LRES FLG   FLANGE   
4   14389       10 300 HFN STD RF WN LRES FLG   FLANGE   
5   14571  4 300 FLG CS/MO SPV TFE CL2 A2B GO    VALVE   
6    3284         4 CS 300 STD RF WN ORFC FLG   FLANGE   
7    9235     4 150 FLG DI PFA LINED FP BV GO    VALVE   
8   15087        1 300 HFN STD RF WN LRES FLG   FLANGE   
9    8196        3 CS 150 STD RF SW FLG A105N   FLANGE   
10   3247       4 300 FLG LRES SWG CHK WCB/MO    VALVE   
11   3980       4 300 FLG LRES GLB WCB/MO 624    VALVE   
12  14540              4 CS 300 STD RF WN FLG   FLANGE   
13   3782       12 300 HFN STD RF WN LRES FLG   FLANGE   
14   9937        3 150 HFN STD RF WN LRES FLG   FLANGE   
15   3785        8 300 HFN STD RF WN LRES FLG   FLANGE   
16   3072     1 300 FLG CS/MO TFE CL2 A20B LL    VALVE   
17   4476        8 600 HFN STD RF WN LRES FLG   FLANGE   
18  14751             20 CS 300 STD RF WN FLG   FLANGE   
19  15094        2 300 HFN STD RF WN LRES FLG   FLANGE   
20  14771              8 CS 300 STD RF WN FLG   FLANGE   
21  15878      4 300 FLG LRES GATE WCB/MO 624    VALVE   
22  15879      4 300 FLG LRES GATE WCB/MO 624    VALVE   
23  14884              6 CS 300 STD RF WN FLG   FLANGE   
24  14677  3 300 RF FLG LRES WCB/MO SWING CHK    VALVE   

                              TYPE PRIMARY_SIZE REDUCING_SIZE LENGTH  \
0                        WELD NECK            4           NAN    NAN   
1                        WELD NECK            4           NAN    NAN   
2            RAISED FACE WELD NECK            4           NAN    NAN   
3                        WELD NECK            4           NAN    NAN   
4            RAISED FACE WELD NECK           10           NAN    NAN   
5                     SLEEVED PLUG            4           NAN    NAN   
6                        WELD NECK            4           NAN    NAN   
7                             BALL            4           NAN    NAN   
8                 WELD NECK FLANGE            1           NAN    NAN   
9   RAISED FACE SOCKET WELD FLANGE            3           NAN    NAN   
10                     SWING CHECK            4           NAN    NAN   
11                           GLOBE            4           NAN    NAN   
12    RAISED FACE WELD NECK FLANGE            4           NAN    NAN   
13                       WELD NECK           12           NAN    NAN   
14                       WELD NECK            3           NAN    NAN   
15                       WELD NECK            8           NAN    NAN   
16                            PLUG            1           NAN    NAN   
17                       WELD NECK            8           NAN    NAN   
18                       WELD NECK           20           NAN    NAN   
19                WELD NECK FLANGE            2           NAN    NAN   
20                       WELD NECK            8           NAN    NAN   
21                            GATE            4           NAN    NAN   
22                            GATE            4           NAN    NAN   
23                WELD NECK FLANGE            6           NAN    NAN   
24                     SWING CHECK            3           NAN    NAN   

   MATERIAL_NAME MATERIAL_SPECIFICATION MATERIAL_GRADE  ... PRIMARY_SCHEDULE  \
0            NAN                    HFN            NAN  ...              STD   
1            NAN                    HFN            NAN  ...              XXH   
2            NAN                    NAN            NAN  ...              NAN   
3            NAN                    NAN            HFN  ...              STD   
4   CARBON STEEL                    NAN   LOW RESIDUAL  ...              NAN   
5   CARBON STEEL                    NAN            NAN  ...              NAN   
6   CARBON STEEL                  A105N            NAN  ...              NAN   
7   DUCTILE IRON                    NAN            NAN  ...              NAN   
8            NAN                    NAN   LOW RESIDUAL  ...              NAN   
9   CARBON STEEL                  A105N            NAN  ...              STD   
10  CARBON STEEL                    WCB            NAN  ...              NAN   
11           WCB                    NAN            NAN  ...              NAN   
12  CARBON STEEL                  A105N            NAN  ...              STD   
13           NAN                    NAN   LOW RESIDUAL  ...              STD   
14           NAN                    NAN             LR  ...              STD   
15           NAN                    HFN            NAN  ...              NAN   
16  CARBON STEEL                    NAN            NAN  ...              NAN   
17           NAN                    HFN            NAN  ...              STD   
18  CARBON STEEL                  A105N            NAN  ...              STD   
19           NAN                    HFN            NAN  ...              NAN   
20  CARBON STEEL                  A105N            NAN  ...              STD   
21     WCB/MONEL                API 624            NAN  ...              NAN   
22     WCB/MONEL                API 624            NAN  ...              NAN   
23  CARBON STEEL                  A105N            NAN  ...              STD   
24  CARBON STEEL                    WCB            NAN  ...              NAN   

   REDUCING_SCHEDULE MANUFACTURING_PROCESS   END_FINISH END_CONNECTIONS  \
0                NAN                   NAN          NAN             NAN   
1                NAN                   NAN  RAISED FACE             NAN   
2                NAN                   HFN     STANDARD             NAN   
3                NAN                   NAN          NAN             NAN   
4                NAN                   NAN          NAN             NAN   
5                NAN                   NAN          NAN         FLANGED   
6                NAN                   NAN          NAN             NAN   
7                NAN                   NAN    PFA LINED         FLANGED   
8                NAN                   NAN          NAN             NAN   
9                NAN                   NAN          NAN              SW   
10               NAN                   NAN          NAN         FLANGED   
11               NAN                   NAN          NAN         FLANGED   
12               NAN                   NAN          NAN             NAN   
13               NAN                FORGED          NAN             NAN   
14               NAN                   NAN          NAN             NAN   
15               NAN                   NAN          NAN             NAN   
16               NAN                   NAN          NAN         FLANGED   
17               NAN                   NAN          NAN             NAN   
18               NAN                   NAN  RAISED FACE             NAN   
19               NAN                   NAN          NAN             NAN   
20               NAN                   NAN          NAN             NAN   
21               NAN                   NAN          NAN         FLANGED   
22               NAN                   NAN          NAN         FLANGED   
23               NAN                   NAN          NAN             NAN   
24               NAN                   NAN  RAISED FACE         FLANGED   

            TRIM               MISCELLANEOUS CONFIDENCE     id     score  
0            NAN                LOW RESIDUAL       0.85  15101  0.720450  
1            NAN                LOW RESIDUAL       0.90   3780  0.703736  
2            NAN                LOW RESIDUAL       0.85  19432  0.697299  
3            NAN                LOW RESIDUAL       0.85   9939  0.697126  
4            NAN                HFN STANDARD       0.85  14389  0.695166  
5      MONEL/TFE       CL2 A2B GEAR OPERATOR       0.85  14571  0.685268  
6            NAN                        ORFC       0.95   3284  0.681991  
7      FULL PORT               GEAR OPERATOR       0.95   9235  0.681983  
8            NAN                HFN STANDARD       0.85  15087  0.680400  
9            NAN                         NAN       0.95   8196  0.680284  
10         MONEL                LOW RESIDUAL       0.90   3247  0.680165  
11         MONEL        LOW RESIDUAL API 624       0.85   3980  0.679564  
12           NAN                         NAN       0.95  14540  0.675955  
13           NAN                          RF       0.85   3782  0.673972  
14           NAN                         HFN       0.85   9937  0.668689  
15           NAN                LOW RESIDUAL       0.85   3785  0.665863  
16         MONEL  TFE CL2 A20B LOCKING LEVER       0.90   3072  0.664738  
17           NAN                LOW RESIDUAL       0.90   4476  0.661592  
18           NAN                         NAN       0.95  14751  0.661491  
19           NAN                LOW RESIDUAL       0.90  15094  0.661216  
20           NAN                 RAISED FACE       0.95  14771  0.660655  
21  LOW RESIDUAL                         NAN       0.90  15878  0.660573  
22  LOW RESIDUAL                         NAN       0.90  15879  0.660573  
23           NAN                 RAISED FACE       0.95  14884  0.660211  
24         MONEL                LOW RESIDUAL       0.95  14677  0.660028  

[25 rows x 21 columns]",266,THE WORST
99,"FLG,3,150,XH,RFWN,A105B",3 CARBON STEEL 150 SCHEDULE XH RAISED FACE WELD NECK A105N,True,99,786,17.355186499999945,"       ID                        DESCRIPTION CATEGORY  \
0    8524              3 CS 150 XH RF WN FLG   FLANGE   
1    8381        3 150 HFN XH RF WN LRES FLG   FLANGE   
2    9310    3 150 FLG SPV DI/A20 A20 BLT LL    VALVE   
3    9088              4 CS 150 XH RF WN FLG   FLANGE   
4    3737    3 300 FLG LPV HC/PFA A20/PFA LL    VALVE   
5    3072    1 300 FLG CS/MO TFE CL2 A20B LL    VALVE   
6    9872  3 150 FLG MNL PTFE SPV A20 EW CL2    VALVE   
7    9078             36 CS 150 XH RF WN FLG   FLANGE   
8    9937       3 150 HFN STD RF WN LRES FLG   FLANGE   
9     808      1 150 FLG FTCS SS 475 SPV ELW    VALVE   
10   7623     0.5 150 FLG RF BB GATE LF2/T12    VALVE   
11  12613             3 CS 1500 XH RF WN FLG   FLANGE   
12   1156       3 150 FLG DI/PFA L/P EXT HDL    VALVE   
13   8943             16 CS 150 XH RF WN FLG   FLANGE   
14   8941             14 CS 150 XH RF WN FLG   FLANGE   
15   8947             18 CS 150 XH RF WN FLG   FLANGE   
16   8952              2 CS 150 XH RF WN FLG   FLANGE   
17   9046              2 CS 150 XH RF WN FLG   FLANGE   
18  15066       3 300 HFN XXH RF WN LRES FLG   FLANGE   
19   8994              1 CS 150 XH RF WN FLG   FLANGE   
20   8586              6 CS 150 XH RF WN FLG   FLANGE   
21   8974              6 CS 150 XH RF WN FLG   FLANGE   
22   8594              8 CS 150 XH RF WN FLG   FLANGE   
23   9942      3 150 HFN S160 RF WN LRES FLG   FLANGE   
24  15088        1 300 HFN XH RF WN LRES FLG   FLANGE   

                            TYPE PRIMARY_SIZE REDUCING_SIZE LENGTH  \
0   RAISED FACE WELD NECK FLANGE            3           NAN    NAN   
1          RAISED FACE WELD NECK            3           NAN    NAN   
2                           PLUG            3           NAN    NAN   
3               WELD NECK FLANGE            4           NAN    NAN   
4                           PLUG            3           NAN    NAN   
5                           PLUG            1           NAN    NAN   
6                           PLUG            3           NAN    NAN   
7               WELD NECK FLANGE           36           NAN    NAN   
8                      WELD NECK            3           NAN    NAN   
9                           PLUG            1           NAN    NAN   
10                          GATE          0.5           NAN    NAN   
11  RAISED FACE WELD NECK FLANGE            3           NAN    NAN   
12                          PLUG            3           NAN    NAN   
13                     WELD NECK           16           NAN    NAN   
14                     WELD NECK           14           NAN    NAN   
15                     WELD NECK           18           NAN    NAN   
16                     WELD NECK            2           NAN    NAN   
17              WELD NECK FLANGE            2           NAN    NAN   
18  RAISED FACE WELD NECK FLANGE            3           NAN    NAN   
19              WELD NECK FLANGE            1           NAN    NAN   
20  RAISED FACE WELD NECK FLANGE            6           NAN    NAN   
21                     WELD NECK            6           NAN    NAN   
22  RAISED FACE WELD NECK FLANGE            8           NAN    NAN   
23              WELD NECK FLANGE            3           NAN    NAN   
24              WELD NECK FLANGE            1           NAN    NAN   

   MATERIAL_NAME MATERIAL_SPECIFICATION MATERIAL_GRADE  ... PRIMARY_SCHEDULE  \
0   CARBON STEEL                  A105N            NAN  ...               XH   
1   CARBON STEEL                    NAN   LOW RESIDUAL  ...               XH   
2   DUCTILE IRON                    A20            A20  ...              NAN   
3   CARBON STEEL                  A105N            NAN  ...               XH   
4            NAN                    A20            NAN  ...              NAN   
5   CARBON STEEL                    NAN            NAN  ...              NAN   
6            NAN                    A20            NAN  ...              NAN   
7   CARBON STEEL                  A105N            NAN  ...               XH   
8            NAN                    NAN             LR  ...              STD   
9   CARBON STEEL                    NAN            NAN  ...              NAN   
10  CARBON STEEL                    LF2            NAN  ...              NAN   
11  CARBON STEEL                  A105N            NAN  ...               XH   
12  DUCTILE IRON                    NAN            NAN  ...              NAN   
13  CARBON STEEL                  A105N            NAN  ...               XH   
14  CARBON STEEL                  A105N            NAN  ...               XH   
15  CARBON STEEL                  A105N            NAN  ...               XH   
16  CARBON STEEL                  A105N            NAN  ...               XH   
17  CARBON STEEL                  A105N            NAN  ...               XH   
18           NAN                    NAN   LOW RESIDUAL  ...              XXH   
19  CARBON STEEL                   A105            NAN  ...               XH   
20  CARBON STEEL                  A105N            NAN  ...               XH   
21  CARBON STEEL                  A105N            NAN  ...               XH   
22  CARBON STEEL                  A105N            NAN  ...               XH   
23           NAN                    HFN            NAN  ...              160   
24           NAN                    NAN   LOW RESIDUAL  ...               XH   

   REDUCING_SCHEDULE MANUFACTURING_PROCESS   END_FINISH END_CONNECTIONS  \
0                NAN                   NAN          NAN             NAN   
1                NAN                FORGED          NAN             NAN   
2                NAN                   NAN          NAN         FLANGED   
3                NAN                   NAN  RAISED FACE             NAN   
4                NAN                   NAN    PFA LINED         FLANGED   
5                NAN                   NAN          NAN         FLANGED   
6                NAN                   NAN          NAN         FLANGED   
7                NAN                   NAN  RAISED FACE             NAN   
8                NAN                   NAN          NAN             NAN   
9                NAN                   NAN          NAN         FLANGED   
10               NAN                   NAN           RF         FLANGED   
11               NAN                   NAN          NAN             NAN   
12               NAN                   NAN    PFA LINED         FLANGED   
13               NAN                   NAN          NAN             NAN   
14               NAN                   NAN  RAISED FACE             NAN   
15               NAN                   NAN  RAISED FACE             NAN   
16               NAN                   NAN          NAN             NAN   
17               NAN                   NAN          NAN             NAN   
18               NAN                   NAN  RAISED FACE             NAN   
19               NAN                   NAN  RAISED FACE             NAN   
20               NAN                   NAN           RF             NAN   
21               NAN                   NAN          NAN             NAN   
22               NAN                   NAN          NAN             NAN   
23               NAN                   NAN  RAISED FACE             NAN   
24               NAN                   NAN          NAN             NAN   

               TRIM               MISCELLANEOUS CONFIDENCE     id     score  
0               NAN                         NAN       0.95   8524  0.681305  
1               NAN                         HFN       0.85   8381  0.674090  
2           SLEEVED               LOCKING LEVER       0.90   9310  0.667560  
3               NAN                         NAN       0.95   9088  0.663762  
4            HC/PFA               LOCKING LEVER       0.90   3737  0.660934  
5             MONEL  TFE CL2 A20B LOCKING LEVER       0.90   3072  0.658964  
6              PTFE       SLEEVED MANUAL EW CL2       0.90   9872  0.658678  
7               NAN                         NAN       0.95   9078  0.658572  
8               NAN                         HFN       0.85   9937  0.656337  
9   STAINLESS STEEL                 SLEEVED ELW       0.85    808  0.655966  
10               12               BOLTED BONNET       0.95   7623  0.655054  
11              NAN                         NAN       0.95  12613  0.654612  
12              NAN             EXTENDED HANDLE       0.90   1156  0.653980  
13              NAN                 RAISED FACE       0.95   8943  0.653817  
14              NAN                         NAN       0.95   8941  0.652677  
15              NAN                         NAN       0.95   8947  0.651979  
16              NAN                 RAISED FACE       0.95   8952  0.651808  
17              NAN                 RAISED FACE       0.95   9046  0.651808  
18              NAN                         HFN       0.85  15066  0.651169  
19              NAN                         NAN       0.90   8994  0.649655  
20              NAN                         NAN       0.95   8586  0.646544  
21              NAN                 RAISED FACE       0.95   8974  0.646374  
22              NAN                         NAN       0.95   8594  0.645690  
23              NAN                LOW RESIDUAL       0.90   9942  0.645386  
24              NAN                         HFN       0.85  15088  0.645084  

[25 rows x 21 columns]",209,THE WORST
100,"NIPPLE, SWAGE, CONCENTRIC, 2"" X 1"", TBE, SCH 160, CARBON STEEL, A106",2 X 1 BLACK SCHEDULE 160 CONCENTRIC SOCKETWELD SWAGE THREADED BOTH ENDS,True,100,282,14.13070020000032,"       ID                                                    DESCRIPTION  \
0   25052                      1 X 2 BLACK SCHEDULE 160 SMLS A106 NIPPLE   
1   32080                      1 X 3 BLACK SCHEDULE 160 SMLS A106 NIPPLE   
2   25058             1 X 2 GALVANIZED SCHEDULE 160 SEAMLESS A106 NIPPLE   
3   25823                  2 X CLOSE BLACK SCHEDULE 160 SMLS A106 NIPPLE   
4   43546                  1 X 9 BLACK SCHEDULE 160 SEAMLESS A106 NIPPLE   
5   25742                      2 X 3 BLACK SCHEDULE 160 SMLS A106 NIPPLE   
6   32132                      1 X 9 BLACK SCHEDULE 160 SMLS A106 NIPPLE   
7   25053                       1 X 2 BLACK SCHEDULE 40 SMLS A106 NIPPLE   
8   25169                  1 X CLOSE BLACK SCHEDULE 160 SMLS A106 NIPPLE   
9   25040                     1 X 10 BLACK SCHEDULE 160 SMLS A106 NIPPLE   
10  43507                  1 X 5 BLACK SCHEDULE 160 SEAMLESS A106 NIPPLE   
11  32113                      1 X 5 BLACK SCHEDULE 160 SMLS A106 NIPPLE   
12  32066                     1 X 11 BLACK SCHEDULE 160 SMLS A106 NIPPLE   
13  32267                      2 X 5 BLACK SCHEDULE 160 SMLS A106 NIPPLE   
14  25071       1 X 3 BLACK SCHEDULE 160 SMLS A106 NIPPLE PLAIN X THREAD   
15  32069                     1 X 18 BLACK SCHEDULE 160 SMLS A106 NIPPLE   
16  33405  4 X 3 SCHEDULE 160 CONCENTRIC SWAGE NIPPLE THREADED BOTH ENDS   
17  32100                      1 X 4 BLACK SCHEDULE 160 SMLS A106 NIPPLE   
18  43540                  1 X 4 BLACK SCHEDULE 160 SEAMLESS A106 NIPPLE   
19  25141                      1 X 6 BLACK SCHEDULE 160 SMLS A106 NIPPLE   
20  25765                      2 X 4 BLACK SCHEDULE 160 SMLS A106 NIPPLE   
21  25059              1 X 2 GALVANIZED SCHEDULE 40 SEAMLESS A106 NIPPLE   
22  43517                  2 X 4 BLACK SCHEDULE 160 SEAMLESS A106 NIPPLE   
23  32068                     1 X 12 BLACK SCHEDULE 160 SMLS A106 NIPPLE   
24  25743       2 X 3 BLACK SCHEDULE 160 SMLS A106 NIPPLE PLAIN X THREAD   

   CATEGORY          TYPE PRIMARY_SIZE REDUCING_SIZE LENGTH MATERIAL_NAME  \
0   FITTING        NIPPLE            1             2    NAN  CARBON STEEL   
1   FITTING        NIPPLE            1           NAN      3           NAN   
2   FITTING        NIPPLE            1             2    NAN  CARBON STEEL   
3   FITTING        NIPPLE            2           NAN    NAN  CARBON STEEL   
4      PIPE        NIPPLE          1.0           NAN    9.0  CARBON STEEL   
5   FITTING        NIPPLE            2             3    NAN  CARBON STEEL   
6   FITTING        NIPPLE            1           NAN      9           NAN   
7   FITTING        NIPPLE            1             2    NAN  CARBON STEEL   
8   FITTING        NIPPLE            1           NAN    NAN  CARBON STEEL   
9   FITTING        NIPPLE            1           NAN     10  CARBON STEEL   
10     PIPE        NIPPLE          1.0           NAN    5.0  CARBON STEEL   
11  FITTING        NIPPLE            1           NAN      5           NAN   
12  FITTING        NIPPLE            1           NAN     11           NAN   
13  FITTING        NIPPLE            2           NAN      5           NAN   
14  FITTING        NIPPLE            1           NAN      3  CARBON STEEL   
15  FITTING        NIPPLE            1           NAN     18           NAN   
16  FITTING  SWAGE NIPPLE            4             3    NAN           NAN   
17  FITTING        NIPPLE            1           NAN      4           NAN   
18     PIPE        NIPPLE          1.0           NAN    4.0  CARBON STEEL   
19  FITTING        NIPPLE            1           NAN      6  CARBON STEEL   
20  FITTING        NIPPLE            2             4    NAN  CARBON STEEL   
21  FITTING        NIPPLE            1             2    NAN  CARBON STEEL   
22     PIPE        NIPPLE          2.0           4.0    NAN  CARBON STEEL   
23  FITTING        NIPPLE            1           NAN     12           NAN   
24  FITTING        NIPPLE            2             3    NAN  CARBON STEEL   

   MATERIAL_SPECIFICATION MATERIAL_GRADE  ... PRIMARY_SCHEDULE  \
0                    A106            NAN  ...              160   
1                    A106            NAN  ...              160   
2                    A106            NAN  ...              160   
3                    A106            NAN  ...              160   
4                    A106            NAN  ...              160   
5                    A106            NAN  ...              160   
6                    A106            NAN  ...              160   
7                    A106            NAN  ...               40   
8                    A106            NAN  ...              160   
9                    A106            NAN  ...              160   
10                   A106            NAN  ...              160   
11                   A106            NAN  ...              160   
12                   A106            NAN  ...              160   
13                   A106            NAN  ...              160   
14                   A106            NAN  ...              160   
15                   A106            NAN  ...              160   
16                    NAN            NAN  ...              160   
17                   A106            NAN  ...              160   
18                   A106            NAN  ...              160   
19                   A106            NAN  ...              160   
20                   A106            NAN  ...              160   
21                   A106            NAN  ...               40   
22                   A106            NAN  ...              160   
23                   A106            NAN  ...              160   
24                   A106            NAN  ...              160   

   REDUCING_SCHEDULE MANUFACTURING_PROCESS  END_FINISH END_CONNECTIONS TRIM  \
0                NAN              SEAMLESS       BLACK             NAN  NAN   
1                NAN              SEAMLESS         NAN             NAN  NAN   
2                NAN              SEAMLESS  GALVANIZED             NAN  NAN   
3                NAN              SEAMLESS       BLACK             NAN  NAN   
4                NAN              SEAMLESS         NAN             NAN  NAN   
5                NAN              SEAMLESS         NAN             NAN  NAN   
6                NAN              SEAMLESS         NAN             NAN  NAN   
7                NAN              SEAMLESS       BLACK             NAN  NAN   
8                NAN              SEAMLESS         NAN             NAN  NAN   
9                NAN                  SMLS         NAN             NAN  NAN   
10               NAN              SEAMLESS         NAN             NAN  NAN   
11               NAN              SEAMLESS         NAN             NAN  NAN   
12               NAN                  SMLS         NAN             NAN  NAN   
13               NAN              SEAMLESS         NAN             NAN  NAN   
14               NAN              SEAMLESS       BLACK     PLAIN X THD  NAN   
15               NAN              SEAMLESS         NAN             NAN  NAN   
16               NAN                   NAN         NAN       THD X THD  NAN   
17               NAN              SEAMLESS         NAN             NAN  NAN   
18               NAN              SEAMLESS         NAN             NAN  NAN   
19               NAN              SEAMLESS         NAN             NAN  NAN   
20               NAN              SEAMLESS         NAN             NAN  NAN   
21               NAN              SEAMLESS  GALVANIZED             NAN  NAN   
22               NAN              SEAMLESS         NAN             NAN  NAN   
23               NAN              SEAMLESS         NAN             NAN  NAN   
24               NAN              SEAMLESS         NAN     PLAIN X THD  NAN   

            MISCELLANEOUS CONFIDENCE     id     score  
0                     NAN       0.90  25052  0.787278  
1                   BLACK       0.95  32080  0.778690  
2                     NAN       0.90  25058  0.777460  
3                   CLOSE       0.95  25823  0.775284  
4                   BLACK       0.90  43546  0.774407  
5                   BLACK       0.90  25742  0.773254  
6                   BLACK       0.95  32132  0.772948  
7                     NAN       0.90  25053  0.772191  
8             BLACK CLOSE       0.90  25169  0.771967  
9                   BLACK       0.95  25040  0.771491  
10                  BLACK       0.90  43507  0.771455  
11                  BLACK       0.95  32113  0.770481  
12                  BLACK       0.95  32066  0.769894  
13                  BLACK       0.90  32267  0.768119  
14                    NAN       0.95  25071  0.767077  
15                  BLACK       0.95  32069  0.767044  
16  CONCENTRIC SOCKETWELD       0.80  33405  0.766780  
17                  BLACK       0.95  32100  0.766041  
18                  BLACK       0.90  43540  0.765039  
19                  BLACK       0.95  25141  0.764365  
20                  BLACK       0.90  25765  0.763880  
21                    NAN       0.90  25059  0.763622  
22                  BLACK       0.80  43517  0.763080  
23                  BLACK       0.95  32068  0.763063  
24                  BLACK       0.90  25743  0.763011  

[25 rows x 21 columns]",291,THE WORST
