,inc_rfq,gt_desc,GT_exist,i,rank,totaltime,top_25,prior_rank,quality
0,"FLANGE, PIPE, SOCKET WELD, RF FACE, 1"", 150 LB, SCH 80/XH, CRB STL, SA105N","1"" 150 SOCKETWELD FLANGE A105 CARBON STEEL SCHEDULE XH RAISED FACE",True,0,0,4.7777300999998715,"       ID  \
0   43354   
1   43355   
2   43353   
3   43654   
4   43397   
5   43356   
6   43364   
7   43656   
8   42681   
9   43352   
10  43357   
11  42610   
12  43359   
13  43361   
14  43406   
15  42685   
16   8234   
17  43360   
18  43362   
19   7569   
20  42655   
21   8189   
22   8117   
23   8648   
24  42908   

                                                                DESCRIPTION  \
0        1"" 150 SOCKETWELD FLANGE A105 CARBON STEEL SCHEDULE XH RAISED FACE   
1        1"" 150 SOCKETWELD FLANGE A105 CARBON STEEL SCHEDULE XH RAISED FACE   
2       1"" 150 SOCKETWELD FLANGE A105 CARBON STEEL SCHEDULE 160 RAISED FACE   
3           1"" 150 SOCKETWELD FLANGE A105 CARBON STEEL STANDARD RAISED FACE   
4        1"" 300 SOCKETWELD FLANGE A105 CARBON STEEL SCHEDULE XH RAISED FACE   
5        1"" 300 SOCKETWELD FLANGE A105 CARBON STEEL SCHEDULE XH RAISED FACE   
6        2 CARBON STEEL 150 SCHEDULE XH RAISED FACE SOCKETWELD FLANGE A105N   
7       1-0.5 CARBON STEEL 150 STANDARD RAISED FACE SOCKETWELD FLANGE A105N   
8       1-0.5 CARBON STEEL 150 STANDARD RAISED FACE SOCKETWELD FLANGE A105N   
9        1"" 600 SOCKETWELD FLANGE A105 CARBON STEEL SCHEDULE XH RAISED FACE   
10       1"" 600 SOCKETWELD FLANGE A105 CARBON STEEL SCHEDULE XH RAISED FACE   
11           1-0.5 CARBON STEEL 150 SCHEDULE XH FLAT FACE SOCKETWELD FLANGE   
12   1-0.5 CARBON STEEL 300 SCHEDULE XH RAISED FACE SOCKETWELD FLANGE A105N   
13   1-0.5 CARBON STEEL 300 SCHEDULE XH RAISED FACE SOCKETWELD FLANGE A105N   
14   1-0.5 CARBON STEEL 300 SCHEDULE XH RAISED FACE SOCKETWELD FLANGE A105N   
15     1-0.5 CARBON STEEL LF2 150 SCHEDULE XH RAISED FACE SOCKETWELD FLANGE   
16                                1-0.5 X 1 CS 150 EXTRA HEAVY RF SW FLANGE   
17  1-0.5 CARBON STEEL 300 SCHEDULE 160 RAISED FACE SOCKETWELD FLANGE A105N   
18   1-0.5 CARBON STEEL 600 SCHEDULE XH RAISED FACE SOCKETWELD FLANGE A105N   
19                          1 CARBON STEEL 150 STANDARD FLAT FACE SW FLANGE   
20            1"" 300 SOCKETWELD FLANGE CARBON STEEL SCHEDULE XH RAISED FACE   
21                                   1-0.5 CS 150 STD RAISED FACE SW FLANGE   
22                    1-0.5 X 1 CARBON STEEL 150 RAISED FACE SLIP ON FLANGE   
23                    1-0.5 X 1 CARBON STEEL 150 RAISED FACE SLIP ON FLANGE   
24               2 CARBON STEEL 150 SCHEDULE XH FLAT FACE SOCKETWELD FLANGE   

   CATEGORY                            TYPE PRIMARY_SIZE REDUCING_SIZE LENGTH  \
0    FLANGE                     SOCKET WELD          1.0           NAN    NAN   
1    FLANGE                     SOCKET WELD          1.0           NAN    NAN   
2    FLANGE                     SOCKET WELD          1.0           NAN    NAN   
3    FLANGE                     SOCKET WELD          1.0           NAN    NAN   
4    FLANGE                     SOCKET WELD          1.0           NAN    NAN   
5    FLANGE                     SOCKET WELD          1.0           NAN    NAN   
6    FLANGE                     SOCKET WELD          2.0           NAN    NAN   
7    FLANGE                     SOCKET WELD          1.5           NAN    NAN   
8    FLANGE                     SOCKET WELD          1.5           NAN    NAN   
9    FLANGE                     SOCKET WELD          1.0           NAN    NAN   
10   FLANGE                     SOCKET WELD          1.0           NAN    NAN   
11   FLANGE                     SOCKET WELD          1.5           NAN    NAN   
12   FLANGE                     SOCKET WELD          1.5           NAN    NAN   
13   FLANGE                     SOCKET WELD          1.5           NAN    NAN   
14   FLANGE                     SOCKET WELD          1.5           NAN    NAN   
15   FLANGE                     SOCKET WELD          1.5           NAN    NAN   
16   FLANGE   RAISED FACE SOCKETWELD FLANGE          1.5             1    NAN   
17   FLANGE                     SOCKET WELD          1.5           NAN    NAN   
18   FLANGE                     SOCKET WELD          1.5           NAN    NAN   
19   FLANGE           FLAT FACE SOCKET WELD            1           NAN    NAN   
20   FLANGE                     SOCKET WELD          1.0           NAN    NAN   
21   FLANGE  RAISED FACE SOCKET WELD FLANGE          1.5           NAN    NAN   
22   FLANGE      RAISED FACE SLIP ON FLANGE          1.5             1    NAN   
23   FLANGE                  SLIP ON FLANGE          1.5             1    NAN   
24   FLANGE                     SOCKET WELD          2.0           NAN    NAN   

   MATERIAL_NAME MATERIAL_SPECIFICATION MATERIAL_GRADE  ... PRIMARY_SCHEDULE  \
0   CARBON STEEL                   A105            NAN  ...      EXTRA HEAVY   
1   CARBON STEEL                   A105            NAN  ...               XH   
2   CARBON STEEL                   A105            NAN  ...              160   
3   CARBON STEEL                   A105            NAN  ...         STANDARD   
4   CARBON STEEL                   A105            NAN  ...               XH   
5   CARBON STEEL                   A105            NAN  ...               XH   
6   CARBON STEEL                   A105              N  ...               XH   
7   CARBON STEEL                   A105              N  ...         STANDARD   
8   CARBON STEEL                   A105              N  ...         STANDARD   
9   CARBON STEEL                   A105            NAN  ...      EXTRA HEAVY   
10  CARBON STEEL                   A105            NAN  ...      EXTRA HEAVY   
11  CARBON STEEL                    NAN            NAN  ...      EXTRA HEAVY   
12  CARBON STEEL                   A105              N  ...               XH   
13  CARBON STEEL                   A105              N  ...               XH   
14  CARBON STEEL                   A105              N  ...               XH   
15  CARBON STEEL                    NAN            LF2  ...               XH   
16  CARBON STEEL                    NAN            NAN  ...               XH   
17  CARBON STEEL                   A105              N  ...              160   
18  CARBON STEEL                   A105              N  ...               XH   
19  CARBON STEEL                    NAN            NAN  ...              STD   
20  CARBON STEEL                    NAN            NAN  ...               XH   
21  CARBON STEEL                    NAN            NAN  ...              STD   
22  CARBON STEEL                    NAN            NAN  ...              NAN   
23  CARBON STEEL                    NAN            NAN  ...              NAN   
24  CARBON STEEL                    NAN            NAN  ...               XH   

   REDUCING_SCHEDULE MANUFACTURING_PROCESS   END_FINISH END_CONNECTIONS TRIM  \
0                NAN                   NAN  RAISED FACE     SOCKET WELD  NAN   
1                NAN                   NAN  RAISED FACE     SOCKET WELD  NAN   
2                NAN                   NAN  RAISED FACE     SOCKET WELD  NAN   
3                NAN                   NAN  RAISED FACE     SOCKET WELD  NAN   
4                NAN                   NAN  RAISED FACE     SOCKET WELD  NAN   
5                NAN                   NAN  RAISED FACE     SOCKET WELD  NAN   
6                NAN                   NAN  RAISED FACE     SOCKET WELD  NAN   
7                NAN                   NAN  RAISED FACE     SOCKET WELD  NAN   
8                NAN                   NAN  RAISED FACE     SOCKET WELD  NAN   
9                NAN                   NAN  RAISED FACE     SOCKET WELD  NAN   
10               NAN                   NAN  RAISED FACE     SOCKET WELD  NAN   
11               NAN                   NAN    FLAT FACE     SOCKET WELD  NAN   
12               NAN                   NAN  RAISED FACE     SOCKET WELD  NAN   
13               NAN                   NAN  RAISED FACE     SOCKET WELD  NAN   
14               NAN                   NAN  RAISED FACE     SOCKET WELD  NAN   
15               NAN                   NAN  RAISED FACE     SOCKET WELD  NAN   
16               NAN                   NAN          NAN              SW  NAN   
17               NAN                   NAN  RAISED FACE     SOCKET WELD  NAN   
18               NAN                   NAN  RAISED FACE     SOCKET WELD  NAN   
19               NAN                   NAN          NAN              SW  NAN   
20               NAN                   NAN  RAISED FACE     SOCKET WELD  NAN   
21               NAN                   NAN          NAN              SW  NAN   
22               NAN                   NAN          NAN             NAN  NAN   
23               NAN                   NAN          NAN             NAN  NAN   
24               NAN                   NAN    FLAT FACE     SOCKET WELD  NAN   

   MISCELLANEOUS CONFIDENCE     id     score  
0            NAN       0.90  43354  0.869008  
1            NAN       0.90  43355  0.869008  
2            NAN       1.00  43353  0.852935  
3            NAN       0.90  43654  0.850263  
4            NAN       0.90  43397  0.822581  
5            NAN       0.90  43356  0.822581  
6            NAN       0.90  43364  0.821750  
7            NAN       1.00  43656  0.820449  
8            NAN       1.00  42681  0.820449  
9            NAN       0.90  43352  0.815386  
10           NAN       0.90  43357  0.815386  
11           NAN       0.90  42610  0.805486  
12           NAN       0.90  43359  0.792625  
13           NAN       0.90  43361  0.792625  
14           NAN       0.90  43406  0.792625  
15           NAN       0.90  42685  0.789978  
16           NAN       0.90   8234  0.789977  
17           NAN       1.00  43360  0.787062  
18           NAN       0.90  43362  0.785250  
19           NAN       0.90   7569  0.781624  
20           NAN       0.90  42655  0.781039  
21           NAN       0.85   8189  0.780683  
22           NAN       0.85   8117  0.779678  
23   RAISED FACE       0.80   8648  0.779678  
24           NAN       0.90  42908  0.779045  

[25 rows x 21 columns]",2,EXCELLENT
1,"14 45 DEGREE LONG RADIUS ELBOW , ASME B16.9 , BEVELED END , ASTM A403 GRADE WP304/WP304L , TYPE W S-10S",14 STAINLESS STEEL SCHEDULE 10S .188 304L LONG RADIUS 45 ELBOW WPW,True,1,1,4.641694599999937,"       ID                                                         DESCRIPTION  \
0   36616           14 STAINLESS STEEL S40S 304L LONG RADIUS 45 ELBOW A403WPW   
1   42790  14 STAINLESS STEEL SCHEDULE 10S .188 304L LONG RADIUS 45 ELBOW WPW   
2   42794            14 STAINLESS STEEL S60 304L LONG RADIUS 90 ELBOW A403WPW   
3   42793   14 STAINLESS STEEL SCHEDULE 40S 304L LONG RADIUS 90 ELBOW A403WPW   
4   36617             14 STAINLESS STEEL SCHEDULE 10 304L LR 45 ELBOW A403WPW   
5   36863            14 STAINLESS STEEL SCHEDULE 10S 304L LR 90 ELBOW A403WPW   
6   36862            14 STAINLESS STEEL SCHEDULE 10S 304L LR 90 ELBOW A403WPW   
7   39974            14 STAINLESS STEEL SCHEDULE 10S 304L SR 90 ELBOW A403WPW   
8   36619           14 STAINLESS STEEL SCHEDULE 10S .188 304L LR 45 ELBOW WPW   
9   36856                    14 STAINLESS STEEL S40S 304L LR 90 ELBOW A403WPW   
10  42699    10 STAINLESS STEEL SCHEDULE 40 304L LONG RADIUS 45 ELBOW A403WPW   
11  36864             14 STAINLESS STEEL SCHEDULE 40 304L LR 90 ELBOW A403WPW   
12  36859             14 STAINLESS STEEL SCHEDULE 10 304L LR 90 ELBOW A403WPW   
13  36858                     14 STAINLESS STEEL S60 304L LR 90 ELBOW A403WPW   
14  42812   16 STAINLESS STEEL SCHEDULE 40S 304L LONG RADIUS 45 ELBOW A403WPW   
15  36865             14 STAINLESS STEEL SCHEDULE 80 304L LR 90 ELBOW A403WPW   
16  36860           14 STAINLESS STEEL SCHEDULE 10S .188 304L LR 90 ELBOW WPW   
17  36618            14 STAINLESS STEEL SCHEDULE 10 316 L LR 45 ELBOW A403WPW   
18  42830    16 STAINLESS STEEL SCHEDULE 10 304L LONG RADIUS 90 ELBOW A403WPW   
19  36621                    16 STAINLESS STEEL S40S 304L LR 45 ELBOW A403WPW   
20  36857                   14 STAINLESS STEEL S40S 316 L LR 90 ELBOW A403WPW   
21  36775            10 STAINLESS STEEL S20 304L LONG RADIUS 90 ELBOW A403WPW   
22  42707    10 STAINLESS STEEL SCHEDULE 40 304L LONG RADIUS 90 ELBOW A403WPW   
23  42705    10 STAINLESS STEEL SCHEDULE 40 304L LONG RADIUS 90 ELBOW A403WPW   
24  36620          14 STAINLESS STEEL SCHEDULE 10S .188 316 L LR 45 ELBOW WPW   

   CATEGORY                  TYPE PRIMARY_SIZE REDUCING_SIZE LENGTH  \
0   FITTING    LR 45 DEGREE ELBOW           14           NAN    NAN   
1   FITTING  LONG RADIUS 45 ELBOW         14.0           NAN    NAN   
2   FITTING  LONG RADIUS 90 ELBOW         14.0           NAN    NAN   
3   FITTING  LONG RADIUS 90 ELBOW         14.0           NAN    NAN   
4   FITTING    LR 45 DEGREE ELBOW           14           NAN    NAN   
5   FITTING    LR 90 DEGREE ELBOW           14           NAN    NAN   
6   FITTING    LR 90 DEGREE ELBOW           14           NAN    NAN   
7   FITTING    SR 90 DEGREE ELBOW           14           NAN    NAN   
8   FITTING    LR 45 DEGREE ELBOW           14           NAN    NAN   
9   FITTING    LR 90 DEGREE ELBOW           14           NAN    NAN   
10  FITTING           LR 45 ELBOW         10.0           NAN    NAN   
11  FITTING    LR 90 DEGREE ELBOW           14           NAN    NAN   
12  FITTING    LR 90 DEGREE ELBOW           14           NAN    NAN   
13  FITTING    LR 90 DEGREE ELBOW           14           NAN    NAN   
14  FITTING  LONG RADIUS 45 ELBOW         16.0           NAN    NAN   
15  FITTING    LR 90 DEGREE ELBOW           14           NAN    NAN   
16  FITTING    LR 90 DEGREE ELBOW           14           NAN    NAN   
17  FITTING    LR 45 DEGREE ELBOW           14           NAN    NAN   
18  FITTING  LONG RADIUS 90 ELBOW         16.0           NAN    NAN   
19  FITTING    LR 45 DEGREE ELBOW           16           NAN    NAN   
20  FITTING    LR 90 DEGREE ELBOW           14           NAN    NAN   
21  FITTING    LR 90 DEGREE ELBOW           10           NAN    NAN   
22  FITTING  LONG RADIUS 90 ELBOW         10.0           NAN    NAN   
23  FITTING  LONG RADIUS 90 ELBOW         10.0           NAN    NAN   
24  FITTING    LR 45 DEGREE ELBOW           14           NAN    NAN   

      MATERIAL_NAME MATERIAL_SPECIFICATION MATERIAL_GRADE  ...  \
0   STAINLESS STEEL                   A403            WPW  ...   
1   STAINLESS STEEL                    WPW           304L  ...   
2   STAINLESS STEEL                   A403            WPW  ...   
3   STAINLESS STEEL                   A403            WPW  ...   
4   STAINLESS STEEL                   A403            WPW  ...   
5   STAINLESS STEEL                   A403            WPW  ...   
6   STAINLESS STEEL                   A403         WP304L  ...   
7   STAINLESS STEEL                   A403            WPW  ...   
8   STAINLESS STEEL                   304L            WPW  ...   
9   STAINLESS STEEL                   A403            WPW  ...   
10  STAINLESS STEEL                   A403            WPW  ...   
11  STAINLESS STEEL                   A403            WPW  ...   
12  STAINLESS STEEL                   A403            WPW  ...   
13  STAINLESS STEEL                   A403            WPW  ...   
14  STAINLESS STEEL                   A403            WPW  ...   
15  STAINLESS STEEL                   A403            WPW  ...   
16  STAINLESS STEEL                   304L            WPW  ...   
17  STAINLESS STEEL                   A403            WPW  ...   
18  STAINLESS STEEL                   A403            WPW  ...   
19  STAINLESS STEEL                   A403            WPW  ...   
20  STAINLESS STEEL                   A403         WP316L  ...   
21  STAINLESS STEEL                   A403            WPW  ...   
22  STAINLESS STEEL                   A403            WPW  ...   
23  STAINLESS STEEL                   A403            WPW  ...   
24  STAINLESS STEEL                   316L            NAN  ...   

   PRIMARY_SCHEDULE REDUCING_SCHEDULE MANUFACTURING_PROCESS END_FINISH  \
0               40S               NAN                   NAN        NAN   
1               10S               NAN                   NAN        NAN   
2               S60               NAN                   NAN        NAN   
3               40S               NAN                   NAN        NAN   
4                10               NAN                   NAN        NAN   
5               10S               NAN                   NAN        NAN   
6               10S               NAN                   NAN        NAN   
7               10S               NAN                   NAN        NAN   
8               10S               NAN                   NAN        NAN   
9               40S               NAN                   NAN        NAN   
10               40               NAN                   NAN        NAN   
11               40               NAN                   NAN        NAN   
12               10               NAN                   NAN        NAN   
13              S60               NAN                   NAN        NAN   
14              40S               NAN                   NAN        NAN   
15               80               NAN                   NAN        NAN   
16              10S               NAN                   NAN        NAN   
17               10               NAN                   NAN        NAN   
18               10               NAN                   NAN        NAN   
19              40S               NAN                   NAN        NAN   
20              40S               NAN                   NAN        NAN   
21              S20               NAN                   NAN        NAN   
22               40               NAN                   NAN        NAN   
23               40               NAN                   NAN        NAN   
24              10S               NAN                   WPW        NAN   

   END_CONNECTIONS TRIM        MISCELLANEOUS CONFIDENCE     id     score  
0              NAN  NAN                  NAN       0.95  36616  0.900579  
1              NAN  NAN  .188 WALL THICKNESS       0.90  42790  0.885568  
2              NAN  NAN                 304L       0.90  42794  0.882679  
3              NAN  NAN                 304L       0.90  42793  0.880697  
4              NAN  NAN                  NAN       0.95  36617  0.873730  
5              NAN  NAN                  NAN       0.95  36863  0.867884  
6              NAN  NAN                  NAN       0.90  36862  0.867884  
7              NAN  NAN                  NAN       0.95  39974  0.867063  
8              NAN  NAN                0.188       0.90  36619  0.866166  
9              NAN  NAN                  NAN       0.95  36856  0.862658  
10             NAN  NAN                 304L       0.90  42699  0.858498  
11             NAN  NAN                  NAN       0.95  36864  0.858430  
12             NAN  NAN                  NAN       0.95  36859  0.857712  
13             NAN  NAN                  NAN       0.95  36858  0.856325  
14             NAN  NAN                 304L       0.90  42812  0.855893  
15             NAN  NAN                  NAN       0.95  36865  0.852355  
16             NAN  NAN                0.188       0.90  36860  0.852277  
17             NAN  NAN                  NAN       0.95  36618  0.849791  
18             NAN  NAN                  NAN       0.90  42830  0.845909  
19             NAN  NAN                  NAN       0.95  36621  0.844570  
20             NAN  NAN                  NAN       0.95  36857  0.844105  
21             NAN  NAN                  NAN       0.95  36775  0.843389  
22             NAN  NAN                  NAN       0.90  42707  0.843310  
23             NAN  NAN                  NAN       0.90  42705  0.843310  
24             NAN  NAN                  NAN       0.90  36620  0.842393  

[25 rows x 21 columns]",0,EXCELLENT
2,"GASKET, 18 150 WRI 316 FG 316 IR GSKT",18 150 WRI 316 FG 316 IR GASKET *Z,True,2,0,3.3599695999998858,"       ID                         DESCRIPTION CATEGORY          TYPE  \
0   11733  18 150 WRI 316 FG 316 IR GASKET *Z   GASKET          RING   
1   43437  18 150 WRI 316 FG 316 IR GASKET *Z   GASKET  SPIRAL WOUND   
2    3872     18 300 WRI 316 FG 316 IR GASKET   GASKET          RING   
3   43475     18 300 WRI 316 FG 316 IR GASKET   GASKET  SPIRAL WOUND   
4   43438     18 300 WRI 316 FG 316 IR GASKET   GASKET  SPIRAL WOUND   
5   43440      2 150 WRI 316 FG 316 IR GASKET   GASKET  SPIRAL WOUND   
6   43423     10 150 WRI 316 FG 316 IR GASKET   GASKET  SPIRAL WOUND   
7   43452      3 150 WRI 316 FG 316 IR GASKET   GASKET  SPIRAL WOUND   
8    2091   1 150 WRI 316 FG 316 IR GASKET *Z   GASKET  SPIRAL WOUND   
9   11731     14 150 WRI 316 FG 316 IR GASKET   GASKET          RING   
10  42804     14 150 WRI 316 FG 316 IR GASKET   GASKET  SPIRAL WOUND   
11  43465      6 150 WRI 316 FG 316 IR GASKET   GASKET  SPIRAL WOUND   
12  43466      6 150 WRI 316 FG 316 IR GASKET   GASKET  SPIRAL WOUND   
13  11732  16 150 WRI 316 FG 316 IR GASKET *Z   GASKET          RING   
14  43435  16 150 WRI 316 FG 316 IR GASKET *Z   GASKET          RING   
15  43429  1-0.5 150 WRI 316 FG 316 IR GASKET   GASKET  SPIRAL WOUND   
16  43477   2 150 WRI 316 FG 316 IR GASKET *Z   GASKET  SPIRAL WOUND   
17   2061   2 150 WRI 316 FG 316 IR GASKET *Z   GASKET          RING   
18  43441   2 150 WRI 316 FG 316 IR GASKET *Z   GASKET  SPIRAL WOUND   
19  43470      8 150 WRI 316 FG 316 IR GASKET   GASKET          RING   
20  43424  10 150 WRI 316 FG 316 IR GASKET *Z   GASKET  SPIRAL WOUND   
21  11979  10 150 WRI 316 FG 316 IR GASKET *Z   GASKET  SPIRAL WOUND   
22  43419    0.5 150 WRI 316 FG 316 IR GASKET   GASKET  SPIRAL WOUND   
23  43485      4 150 WRI 316 FG 316 IR GASKET   GASKET  SPIRAL WOUND   
24  43463   5 150 WRI 316 FG 316 IR GASKET *Z   GASKET  SPIRAL WOUND   

   PRIMARY_SIZE REDUCING_SIZE LENGTH    MATERIAL_NAME MATERIAL_SPECIFICATION  \
0            18           NAN    NAN  STAINLESS STEEL                    316   
1          18.0           NAN    NAN  STAINLESS STEEL                    NAN   
2            18           NAN    NAN  STAINLESS STEEL                    316   
3          18.0           NAN    NAN  STAINLESS STEEL                    NAN   
4          18.0           NAN    NAN  STAINLESS STEEL                    NAN   
5           2.0           NAN    NAN  STAINLESS STEEL                    NAN   
6          10.0           NAN    NAN  STAINLESS STEEL                    NAN   
7           3.0           NAN    NAN  STAINLESS STEEL                    NAN   
8             1           NAN    NAN  STAINLESS STEEL                    316   
9            14           NAN    NAN  STAINLESS STEEL                    316   
10         14.0           NAN    NAN  STAINLESS STEEL                    NAN   
11          6.0           NAN    NAN  STAINLESS STEEL                    NAN   
12          6.0           NAN    NAN  STAINLESS STEEL                    NAN   
13           16           NAN    NAN  STAINLESS STEEL                    316   
14         16.0           NAN    NAN  STAINLESS STEEL                    NAN   
15          1.5           NAN    NAN  STAINLESS STEEL                    NAN   
16          2.0           NAN    NAN  STAINLESS STEEL                    NAN   
17            2           NAN    NAN  STAINLESS STEEL                    316   
18          2.0           NAN    NAN  STAINLESS STEEL                    NAN   
19          8.0           NAN    NAN  STAINLESS STEEL                    NAN   
20         10.0           NAN    NAN  STAINLESS STEEL                    NAN   
21           10           NAN    NAN  STAINLESS STEEL                    316   
22          0.5           NAN    NAN  STAINLESS STEEL                    NAN   
23          4.0           NAN    NAN  STAINLESS STEEL                    NAN   
24          5.0           NAN    NAN  STAINLESS STEEL                    NAN   

   MATERIAL_GRADE  ... PRIMARY_SCHEDULE REDUCING_SCHEDULE  \
0             NAN  ...              NAN               NAN   
1             316  ...              NAN               NAN   
2             NAN  ...              NAN               NAN   
3             316  ...              NAN               NAN   
4             316  ...              NAN               NAN   
5             316  ...              NAN               NAN   
6             316  ...              NAN               NAN   
7             316  ...              NAN               NAN   
8             NAN  ...              NAN               NAN   
9             NAN  ...              NAN               NAN   
10            316  ...              NAN               NAN   
11            316  ...              NAN               NAN   
12            316  ...              NAN               NAN   
13            NAN  ...              NAN               NAN   
14            316  ...              NAN               NAN   
15            316  ...              NAN               NAN   
16            316  ...              NAN               NAN   
17            NAN  ...              NAN               NAN   
18            316  ...              NAN               NAN   
19            316  ...              NAN               NAN   
20            316  ...              NAN               NAN   
21            NAN  ...              NAN               NAN   
22            316  ...              NAN               NAN   
23            316  ...              NAN               NAN   
24            316  ...              NAN               NAN   

   MANUFACTURING_PROCESS END_FINISH END_CONNECTIONS TRIM  \
0                    NAN        NAN             NAN  NAN   
1                    NAN        NAN             NAN  NAN   
2                    NAN        NAN             NAN  NAN   
3                    NAN        NAN             NAN  316   
4                    NAN        NAN             NAN  NAN   
5                    NAN        NAN             NAN  316   
6                    NAN        NAN             NAN  316   
7                    NAN        NAN             NAN  316   
8                    NAN        NAN             NAN  NAN   
9                 FORGED        NAN             NAN  NAN   
10                   NAN        NAN             NAN  316   
11                   NAN        NAN             NAN  316   
12                   NAN        NAN             NAN  316   
13                   NAN        NAN             NAN  NAN   
14    WINDING REINFORCED        NAN             NAN  NAN   
15                   NAN        NAN             NAN  316   
16                   NAN        NAN             NAN  316   
17                FORGED        NAN             NAN  NAN   
18                   NAN        NAN             NAN  316   
19                   NAN        NAN             NAN  NAN   
20                   NAN        NAN             NAN  316   
21                   NAN        NAN             NAN  NAN   
22                   NAN        NAN             NAN  316   
23                   NAN        NAN             NAN  316   
24                   NAN        NAN             NAN  NAN   

                     MISCELLANEOUS CONFIDENCE     id     score  
0                            FG IR       0.85  11733  0.958585  
1                       INNER RING       0.90  43437  0.958585  
2                       INNER RING       0.90   3872  0.937377  
3                       INNER RING       0.90  43475  0.937377  
4                       INNER RING       0.90  43438  0.937377  
5                               IR       0.90  43440  0.935085  
6                               IR       0.90  43423  0.933066  
7                               IR       0.90  43452  0.932751  
8   FILLER GRAPHITE INNER RING 316       0.95   2091  0.932599  
9                       INNER RING       0.85  11731  0.931876  
10                      INNER RING       0.90  42804  0.931876  
11                              IR       0.90  43465  0.924800  
12                              IR       0.90  43466  0.924800  
13                              IR       0.85  11732  0.924015  
14                      INNER RING       0.90  43435  0.924015  
15                              IR       0.90  43429  0.923928  
16                              IR       0.90  43477  0.922487  
17                              IR       0.80   2061  0.922487  
18                      INNER RING       0.90  43441  0.922487  
19                              IR       0.80  43470  0.922370  
20                      INNER RING       0.90  43424  0.920157  
21                       IR FILLER       0.90  11979  0.920157  
22                              IR       0.90  43419  0.919487  
23                              IR       0.90  43485  0.919278  
24                      INNER RING       0.90  43463  0.917101  

[25 rows x 21 columns]",2,EXCELLENT
3,"8X4 ECCENTRIC REDUCER , ASME B16.9 , BEVELED END , ASTM A403 GRADE WP304/WP304L , TYPE W S-10S",8 X 4 STAINLESS STEEL SCHEDULE 10 304L ECCENTRIC REDUCER,True,3,0,4.7677011000000675,"       ID  \
0   43212   
1   36157   
2   36152   
3   42753   
4   35437   
5   35953   
6   36177   
7   36154   
8   36155   
9   42752   
10  36158   
11  43083   
12  36159   
13  36156   
14  24282   
15  24283   
16  24285   
17  36087   
18  35950   
19  43214   
20  43084   
21  36110   
22  36111   
23  43207   
24  36086   

                                                                                                                                     DESCRIPTION  \
0                                                                                       8 X 4 STAINLESS STEEL SCHEDULE 10 304L ECCENTRIC REDUCER   
1                                                                                    8 X 4 STAINLESS STEEL SCHEDULE 10 316 L ECC REDUCER A403WPW   
2                                                                                                      8 X 4 SCHEDULE 40 ECC REDUCER 316 A403 WP   
3                                                                                      10 X 8 STAINLESS STEEL SCHEDULE 40 304L ECCENTRIC REDUCER   
4                                                                                    8 X 4 STAINLESS STEEL SCHEDULE 10 304L CONC REDUCER A403WPW   
5                                                                                   10 X 8 STAINLESS STEEL SCHEDULE 40 316 L ECC REDUCER A403WPW   
6   FITTING REDUCER ECCENTRIC BUTT WELDING SCHEDULE 40S WELDED ALTERNATIVES PER G4S-3222-00 SS ASTM A 403 DUAL GRADE WP-WX 304 / 304L ASME B16.9   
7                                                                                             8 X 4 STAINLESS STEEL SCHEDULE 10 304L ECC REDUCER   
8                                                                                             8 X 4 STAINLESS STEEL SCHEDULE 10 304L ECC REDUCER   
9                                                                                      10 X 8 STAINLESS STEEL SCHEDULE 10 304L ECCENTRIC REDUCER   
10                                                                                            8 X 4 STAINLESS STEEL SCHEDULE 40 304L ECC REDUCER   
11                                                                             4 X 3 STAINLESS STEEL SCHEDULE 10 304L SEAMLESS ECCENTRIC REDUCER   
12                                                                                       8 X 4 STAINLESS STEEL SCHEDULE 40 304L SMLS ECC REDUCER   
13                                                                                           8 X 4 STAINLESS STEEL SCHEDULE 10 316 L ECC REDUCER   
14                                                                                             8 X 4 CARBON STEEL STANDARD WLD ECCENTRIC REDUCER   
15                                                                                             8 X 4 CARBON STEEL STANDARD WLD ECCENTRIC REDUCER   
16                                                                                        8 X 4 CARBON STEEL WPL6 STANDARD WLD ECCENTRIC REDUCER   
17                                                                                  4 X 1-0.5 STAINLESS STEEL SCHEDULE 40 304L ECCENTRIC REDUCER   
18                                                                                  10 X 8 STAINLESS STEEL SCHEDULE 10 316 L ECC REDUCER A403WPW   
19                                                                             8 X 6 STAINLESS STEEL SCHEDULE 10 304L CONCENTRIC REDUCER A403WPW   
20                                                                             4 X 3 STAINLESS STEEL SCHEDULE 10 316L SEAMLESS ECCENTRIC REDUCER   
21                                                                                   4 X 3 STAINLESS STEEL SCHEDULE 10 316 L ECC REDUCER A403WPW   
22                                                                                   4 X 3 STAINLESS STEEL SCHEDULE 10 316 L ECC REDUCER A403WPW   
23                                                                                            8 X 4 CARBON STEEL STANDARD WELD ECCENTRIC REDUCER   
24                                                                               4 X 1-0.5 STAINLESS STEEL SCHEDULE 10 316 L ECC REDUCER A403WPW   

   CATEGORY                TYPE PRIMARY_SIZE REDUCING_SIZE LENGTH  \
0   FITTING   ECCENTRIC REDUCER          8.0           4.0    NAN   
1   FITTING   ECCENTRIC REDUCER            8             4    NAN   
2   FITTING   ECCENTRIC REDUCER            8             4    NAN   
3   FITTING   ECCENTRIC REDUCER         10.0           8.0    NAN   
4   FITTING  CONCENTRIC REDUCER            8             4    NAN   
5   FITTING   ECCENTRIC REDUCER           10             8    NAN   
6   FITTING   ECCENTRIC REDUCER          NAN           NAN    NAN   
7   FITTING   ECCENTRIC REDUCER            8             4    NAN   
8   FITTING   ECCENTRIC REDUCER            8             4    NAN   
9   FITTING   ECCENTRIC REDUCER         10.0           8.0    NAN   
10  FITTING   ECCENTRIC REDUCER            8             4    NAN   
11  FITTING   ECCENTRIC REDUCER          4.0           3.0    NAN   
12  FITTING   ECCENTRIC REDUCER            8             4    NAN   
13  FITTING   ECCENTRIC REDUCER            8             4    NAN   
14  FITTING   ECCENTRIC REDUCER            8             4    NAN   
15  FITTING   ECCENTRIC REDUCER            8             4    NAN   
16  FITTING   ECCENTRIC REDUCER            8             4    NAN   
17  FITTING   ECCENTRIC REDUCER            4           1.5    NAN   
18  FITTING   ECCENTRIC REDUCER           10             8    NAN   
19  FITTING  CONCENTRIC REDUCER          8.0           6.0    NAN   
20  FITTING   ECCENTRIC REDUCER          4.0           3.0    NAN   
21  FITTING   ECCENTRIC REDUCER            4             3    NAN   
22  FITTING   ECCENTRIC REDUCER            4             3    NAN   
23  FITTING   ECCENTRIC REDUCER          8.0           4.0    NAN   
24  FITTING   ECCENTRIC REDUCER            4           1.5    NAN   

      MATERIAL_NAME MATERIAL_SPECIFICATION MATERIAL_GRADE  ...  \
0   STAINLESS STEEL                    NAN           304L  ...   
1   STAINLESS STEEL                   A403            WPW  ...   
2   STAINLESS STEEL                   A403             WP  ...   
3   STAINLESS STEEL                    NAN           304L  ...   
4   STAINLESS STEEL                   A403            WPW  ...   
5   STAINLESS STEEL                   A403            WPW  ...   
6   STAINLESS STEEL                   A403         WP1.0L  ...   
7   STAINLESS STEEL                    NAN           304L  ...   
8   STAINLESS STEEL                    NAN           304L  ...   
9   STAINLESS STEEL                    NAN           304L  ...   
10  STAINLESS STEEL                    NAN           304L  ...   
11  STAINLESS STEEL                    NAN           304L  ...   
12  STAINLESS STEEL                    NAN           304L  ...   
13  STAINLESS STEEL                    NAN           316L  ...   
14     CARBON STEEL                    NAN            NAN  ...   
15     CARBON STEEL                    NAN            NAN  ...   
16     CARBON STEEL                   WPL6            NAN  ...   
17  STAINLESS STEEL                    NAN           304L  ...   
18  STAINLESS STEEL                   A403            WPW  ...   
19  STAINLESS STEEL                   A403            WPW  ...   
20  STAINLESS STEEL                    NAN           316L  ...   
21  STAINLESS STEEL                   A403            WPW  ...   
22  STAINLESS STEEL                   A403            WPW  ...   
23     CARBON STEEL                    NAN            NAN  ...   
24  STAINLESS STEEL                   A403            WPW  ...   

   PRIMARY_SCHEDULE REDUCING_SCHEDULE MANUFACTURING_PROCESS END_FINISH  \
0                10               NAN                   NAN        NAN   
1                10               NAN                   NAN        NAN   
2                40               NAN                   NAN        NAN   
3                40               NAN                   NAN        NAN   
4                10               NAN                   NAN        NAN   
5                40               NAN                   NAN        NAN   
6               40S               NAN                WELDED         BW   
7                10               NAN                   NAN        NAN   
8                10               NAN                   NAN        NAN   
9                10               NAN                   NAN        NAN   
10               40               NAN                   NAN        NAN   
11               10               NAN              SEAMLESS        NAN   
12               40               NAN              SEAMLESS        NAN   
13               10               NAN                   NAN        NAN   
14              STD               NAN                WELDED        NAN   
15              STD               NAN                  WELD        NAN   
16              STD               NAN                WELDED        NAN   
17               40               NAN                   NAN        NAN   
18               10               NAN                   NAN        NAN   
19               10                10                   NAN        NAN   
20               10                10              SEAMLESS        NAN   
21               10               NAN                   NAN        NAN   
22               10               NAN                   NAN        NAN   
23         STANDARD               NAN                  WELD        NAN   
24               10               NAN                   NAN        NAN   

   END_CONNECTIONS TRIM                 MISCELLANEOUS CONFIDENCE     id  \
0              NAN  NAN                           NAN       0.90  43212   
1              NAN  NAN                           NAN       0.95  36157   
2              NAN  NAN                           NAN       0.95  36152   
3              NAN  NAN                           NAN       0.90  42753   
4              NAN  NAN                           NAN       0.95  35437   
5              NAN  NAN                           NAN       0.95  35953   
6          BW X BW  NAN  ALTERNATIVES PER G4S-3222-00       0.60  36177   
7              NAN  NAN                           NAN       0.90  36154   
8              NAN  NAN                           NAN       0.90  36155   
9              NAN  NAN                           NAN       0.90  42752   
10             NAN  NAN                           NAN       0.90  36158   
11             NAN  NAN                           NAN       0.90  43083   
12             NAN  NAN                           NAN       0.95  36159   
13             NAN  NAN                           NAN       0.90  36156   
14             NAN  NAN                           NAN       0.85  24282   
15             NAN  NAN                           NAN       0.80  24283   
16             NAN  NAN                           NAN       0.85  24285   
17             NAN  NAN                           NAN       0.85  36087   
18             NAN  NAN                           NAN       0.95  35950   
19             NAN  NAN                           NAN       0.90  43214   
20             NAN  NAN                           NAN       0.90  43084   
21             NAN  NAN                           NAN       0.95  36110   
22             NAN  NAN                           NAN       0.95  36111   
23             NAN  NAN                           NAN       0.80  43207   
24             NAN  NAN                           NAN       0.95  36086   

       score  
0   0.869899  
1   0.862712  
2   0.852632  
3   0.850641  
4   0.849287  
5   0.835280  
6   0.834183  
7   0.832648  
8   0.832648  
9   0.832575  
10  0.829565  
11  0.826790  
12  0.826074  
13  0.823288  
14  0.821628  
15  0.821628  
16  0.820442  
17  0.817701  
18  0.817566  
19  0.815661  
20  0.814783  
21  0.813079  
22  0.813079  
23  0.812157  
24  0.811215  

[25 rows x 21 columns]",0,EXCELLENT
4,"16 CAP , ASME B16.9 , BEVELED END , ASTM A403 GRADE WP316/WP316L , TYPE W S-10S",16 STAINLESS STEEL SCHEDULE 10S .188 316L CAP WPS,True,4,1,4.94332489999988,"       ID                                           DESCRIPTION CATEGORY TYPE  \
0   34662    16 STAINLESS STEEL SCHEDULE 10S .188 316 L CAP WPS  FITTING  CAP   
1   42818     16 STAINLESS STEEL SCHEDULE 10S .188 316L CAP WPS  FITTING  CAP   
2   34613      10 STAINLESS STEEL SCHEDULE 10 316 L CAP A403WPW  FITTING  CAP   
3   34583       1 STAINLESS STEEL SCHEDULE 10 316 L CAP A403WPS  FITTING  CAP   
4   34620      10 STAINLESS STEEL SCHEDULE 40 316 L CAP A403WPS  FITTING  CAP   
5   34811       6 STAINLESS STEEL SCHEDULE 10 316 L CAP A403WPS  FITTING  CAP   
6   34812       6 STAINLESS STEEL SCHEDULE 10 316 L CAP A403WPS  FITTING  CAP   
7   34589       1 STAINLESS STEEL SCHEDULE 40 316 L CAP A403WPS  FITTING  CAP   
8   34680       2 STAINLESS STEEL SCHEDULE 10 316 L CAP A403WPS  FITTING  CAP   
9   34737       3 STAINLESS STEEL SCHEDULE 10 316 L CAP A403WPS  FITTING  CAP   
10  34820       6 STAINLESS STEEL SCHEDULE 40 316 L CAP A403WPS  FITTING  CAP   
11  34629   1-0.5 STAINLESS STEEL SCHEDULE 10 316 L CAP A403WPS  FITTING  CAP   
12  34641  1-0.25 STAINLESS STEEL SCHEDULE 10 316 L CAP A403WPS  FITTING  CAP   
13  34661     16 STAINLESS STEEL SCHEDULE 10S .188 304L CAP WPS  FITTING  CAP   
14  34635   1-0.5 STAINLESS STEEL SCHEDULE 40 316 L CAP A403WPS  FITTING  CAP   
15  34782       4 STAINLESS STEEL SCHEDULE 10 316 L CAP A403WPS  FITTING  CAP   
16  34746       3 STAINLESS STEEL SCHEDULE 40 316 L CAP A403WPS  FITTING  CAP   
17  34747       3 STAINLESS STEEL SCHEDULE 40 316 L CAP A403WPS  FITTING  CAP   
18  34690       2 STAINLESS STEEL SCHEDULE 40 316 L CAP A403WPS  FITTING  CAP   
19  34652      12 STAINLESS STEEL SCHEDULE 10 316 L CAP A403WPS  FITTING  CAP   
20  34651      12 STAINLESS STEEL SCHEDULE 10 316 L CAP A403WPS  FITTING  CAP   
21  34828       8 STAINLESS STEEL SCHEDULE 10 316 L CAP A403WPS  FITTING  CAP   
22  34705   2-0.5 STAINLESS STEEL SCHEDULE 10 316 L CAP A403WPS  FITTING  CAP   
23  40615      16 STAINLESS STEEL SCHEDULE 10 316 L TEE A403WPW  FITTING  TEE   
24  34803       5 STAINLESS STEEL SCHEDULE 40 316 L CAP A403WPS  FITTING  CAP   

   PRIMARY_SIZE REDUCING_SIZE LENGTH    MATERIAL_NAME MATERIAL_SPECIFICATION  \
0            16           NAN    NAN  STAINLESS STEEL                    WPS   
1          16.0           NAN    NAN  STAINLESS STEEL                    NAN   
2            10           NAN    NAN  STAINLESS STEEL                   A403   
3             1           NAN    NAN  STAINLESS STEEL                   A403   
4            10           NAN    NAN  STAINLESS STEEL                   A403   
5             6           NAN    NAN  STAINLESS STEEL                   A403   
6             6           NAN    NAN  STAINLESS STEEL                   A403   
7             1           NAN    NAN  STAINLESS STEEL                   A403   
8             2           NAN    NAN  STAINLESS STEEL                   A403   
9             3           NAN    NAN  STAINLESS STEEL                   A403   
10            6           NAN    NAN  STAINLESS STEEL                   A403   
11          1.5           NAN    NAN  STAINLESS STEEL                   A403   
12         1.25           NAN    NAN  STAINLESS STEEL                   A403   
13           16           NAN    NAN  STAINLESS STEEL                    WPS   
14          1.5           NAN    NAN  STAINLESS STEEL                   A403   
15            4           NAN    NAN  STAINLESS STEEL                   A403   
16            3           NAN    NAN  STAINLESS STEEL                   A403   
17            3           NAN    NAN  STAINLESS STEEL                   A403   
18            2           NAN    NAN  STAINLESS STEEL                   A403   
19           12           NAN    NAN  STAINLESS STEEL                   A403   
20           12           NAN    NAN  STAINLESS STEEL                   A403   
21            8           NAN    NAN  STAINLESS STEEL                   A403   
22          2.5           NAN    NAN  STAINLESS STEEL                   A403   
23           16           NAN    NAN  STAINLESS STEEL                   A403   
24            5           NAN    NAN  STAINLESS STEEL                   A403   

   MATERIAL_GRADE  ... PRIMARY_SCHEDULE REDUCING_SCHEDULE  \
0            316L  ...              10S               NAN   
1            316L  ...              10S               NAN   
2             WPW  ...               10               NAN   
3             WPS  ...               10               NAN   
4             WPS  ...               40               NAN   
5          WP316L  ...               10               NAN   
6          WP316L  ...               10               NAN   
7             WPS  ...               40               NAN   
8          WP316L  ...               10               NAN   
9          WP316L  ...               10               NAN   
10            WPS  ...               40               NAN   
11            WPS  ...               10               NAN   
12            WPS  ...               10               NAN   
13           304L  ...              10S               NAN   
14            WPS  ...               40               NAN   
15            WPS  ...               10               NAN   
16            WPS  ...               40               NAN   
17            WPS  ...               40               NAN   
18         WP316L  ...               40               NAN   
19         WP316L  ...               10               NAN   
20         WP316L  ...               10               NAN   
21         WP316L  ...               10               NAN   
22            WPS  ...               10               NAN   
23            WPW  ...               10               NAN   
24            WPS  ...               40               NAN   

   MANUFACTURING_PROCESS END_FINISH END_CONNECTIONS TRIM MISCELLANEOUS  \
0                    NAN        NAN             NAN  NAN         0.188   
1                    WPS        NAN             NAN  NAN           NAN   
2                    NAN        NAN             NAN  NAN           NAN   
3                    NAN        NAN             NAN  NAN          316L   
4                    NAN        NAN             NAN  NAN          316L   
5                    NAN        NAN             NAN  NAN           NAN   
6                    NAN        NAN             NAN  NAN           NAN   
7                    NAN        NAN             NAN  NAN          316L   
8                    NAN        NAN             NAN  NAN           NAN   
9                    NAN        NAN             NAN  NAN           NAN   
10                   NAN        NAN             NAN  NAN          316L   
11                   NAN        NAN             NAN  NAN          316L   
12                   NAN        NAN             NAN  NAN          316L   
13                   NAN        NAN             NAN  NAN         0.188   
14                   NAN        NAN             NAN  NAN          316L   
15                   NAN        NAN             NAN  NAN          316L   
16                   NAN        NAN             NAN  NAN          316L   
17                   NAN        NAN             NAN  NAN          316L   
18                   NAN        NAN             NAN  NAN           NAN   
19                   NAN        NAN             NAN  NAN           NAN   
20                   NAN        NAN             NAN  NAN           NAN   
21                   NAN        NAN             NAN  NAN           NAN   
22                   NAN        NAN             NAN  NAN          316L   
23                   NAN        NAN             NAN  NAN           NAN   
24                   NAN        NAN             NAN  NAN          316L   

   CONFIDENCE     id     score  
0        0.90  34662  0.820152  
1        0.90  42818  0.818183  
2        0.90  34613  0.817416  
3        0.90  34583  0.815097  
4        0.90  34620  0.811014  
5        0.95  34811  0.808334  
6        0.90  34812  0.808334  
7        0.90  34589  0.807453  
8        0.95  34680  0.805078  
9        0.95  34737  0.804314  
10       0.95  34820  0.803132  
11       0.95  34629  0.798923  
12       0.95  34641  0.797661  
13       0.90  34661  0.796892  
14       0.95  34635  0.791755  
15       0.90  34782  0.791379  
16       0.95  34746  0.790812  
17       0.95  34747  0.790812  
18       0.95  34690  0.790549  
19       0.95  34652  0.788257  
20       0.90  34651  0.788257  
21       0.95  34828  0.786140  
22       0.90  34705  0.782430  
23       0.90  40615  0.781738  
24       0.90  34803  0.781468  

[25 rows x 21 columns]",2,EXCELLENT
5,"UNION, PIPE, 3"", THREADED, 3000 LB, CARBON STEEL, ASTM A105",3 FORGED STEEL 3000 THREADED STEEL STEEL UNION,True,5,0,3.9472831999999016,"       ID                                              DESCRIPTION CATEGORY  \
0   43808           3 FORGED STEEL 3000 THREADED STEEL STEEL UNION  FITTING   
1   16161             3 FORGED STEEL 3000 THREAD STEEL STEEL UNION  FITTING   
2   16162             3 FORGED STEEL 3000 THREAD STEEL STEEL UNION  FITTING   
3   43806           2 FORGED STEEL 3000 THREADED STEEL STEEL UNION  FITTING   
4   43796          1"" 3000 UNION FORGED STEEL THREADED STEEL STEEL  FITTING   
5   15887             1 FORGED STEEL 3000 THREAD BRASS STEEL UNION  FITTING   
6   43802       1-0.5 FORGED STEEL 3000 THREADED STEEL STEEL UNION  FITTING   
7   43803       1-0.5 FORGED STEEL 3000 THREADED STEEL STEEL UNION  FITTING   
8   16163        3 GALVANIZED FORGED STEEL 3000 THREAD STEEL UNION  FITTING   
9   16164        3 GALVANIZED FORGED STEEL 3000 THREAD STEEL UNION  FITTING   
10  17486                                1 SS 304L 3000 THRD UNION  FITTING   
11   6120         0.375 FORGED STEEL 3000 THREAD BRASS STEEL UNION  FITTING   
12  18122             1 FORGED STEEL 3000 THREAD STEEL STEEL UNION  FITTING   
13   6111                   1 FORGED STEEL 3000 THREAD STEEL UNION  FITTING   
14  18123                   1 FORGED STEEL 3000 THREAD STEEL UNION  FITTING   
15  16141                   1 FORGED STEEL 3000 THREAD STEEL UNION  FITTING   
16  16234             2 FORGED STEEL 3000 THREAD BRASS STEEL UNION  FITTING   
17  43804      1-0.25 FORGED STEEL 3000 THREADED STEEL STEEL UNION  FITTING   
18  16051                             3 FS 3000 THRD STL LUG UNION  FITTING   
19  18124                     1 GALVANIZED 3000 THREAD STEEL UNION  FITTING   
20  18148         1-0.5 FORGED STEEL 3000 THREAD BRASS STEEL UNION  FITTING   
21   6114  1 GALVANIZED FORGED STEEL 3000 THREAD BRASS STEEL UNION  FITTING   
22  18195    0.375 GALVANIZED FORGED STEEL 3000 THREAD STEEL UNION  FITTING   
23  18194               0.375 FORGED STEEL 3000 THREAD STEEL UNION  FITTING   
24  43799               0.5 FORGED STEEL 3000 THREADED STEEL UNION  FITTING   

         TYPE PRIMARY_SIZE REDUCING_SIZE LENGTH    MATERIAL_NAME  \
0       UNION          3.0           NAN    NAN     CARBON STEEL   
1       UNION            3           NAN    NAN     CARBON STEEL   
2       UNION            3           NAN    NAN     CARBON STEEL   
3       UNION          2.0           NAN    NAN     CARBON STEEL   
4       UNION          1.0           NAN    NAN     CARBON STEEL   
5       UNION            1           NAN    NAN      BRASS STEEL   
6       UNION          1.5           NAN    NAN     CARBON STEEL   
7       UNION          1.5           NAN    NAN     CARBON STEEL   
8       UNION            3           NAN    NAN     CARBON STEEL   
9       UNION            3           NAN    NAN     CARBON STEEL   
10      UNION            1           NAN    NAN  STAINLESS STEEL   
11      UNION        0.375           NAN    NAN            STEEL   
12      UNION            1           NAN    NAN            STEEL   
13      UNION            1           NAN    NAN            STEEL   
14      UNION            1           NAN    NAN            STEEL   
15      UNION            1           NAN    NAN     CARBON STEEL   
16      UNION            2           NAN    NAN     FORGED STEEL   
17      UNION         1.25           NAN    NAN     CARBON STEEL   
18  LUG UNION            3           NAN    NAN     CARBON STEEL   
19      UNION            1           NAN    NAN            STEEL   
20      UNION          1.5           NAN    NAN            STEEL   
21      UNION            1           NAN    NAN            STEEL   
22      UNION        0.375           NAN    NAN            STEEL   
23      UNION        0.375           NAN    NAN            STEEL   
24      UNION          0.5           NAN    NAN     CARBON STEEL   

   MATERIAL_SPECIFICATION MATERIAL_GRADE  ... PRIMARY_SCHEDULE  \
0                     NAN            NAN  ...              NAN   
1                     NAN            NAN  ...              NAN   
2                     NAN            NAN  ...              NAN   
3                     NAN            NAN  ...              NAN   
4                     NAN            NAN  ...              NAN   
5                     NAN            NAN  ...              NAN   
6                     NAN            NAN  ...              NAN   
7                     NAN            NAN  ...              NAN   
8                     NAN            NAN  ...              NAN   
9                     NAN            NAN  ...              NAN   
10                    NAN           304L  ...              NAN   
11                    NAN            NAN  ...              NAN   
12                    NAN            NAN  ...              NAN   
13                    NAN            NAN  ...              NAN   
14                    NAN            NAN  ...              NAN   
15                    NAN            NAN  ...              NAN   
16                    NAN            NAN  ...              NAN   
17                    NAN            NAN  ...              NAN   
18                    NAN            NAN  ...              NAN   
19                    NAN            NAN  ...              NAN   
20                    NAN            NAN  ...              NAN   
21                    NAN            NAN  ...              NAN   
22                    NAN            NAN  ...              NAN   
23                    NAN            NAN  ...              NAN   
24                    NAN            NAN  ...              NAN   

   REDUCING_SCHEDULE MANUFACTURING_PROCESS  END_FINISH END_CONNECTIONS   TRIM  \
0                NAN                FORGED         NAN        THREADED    NAN   
1                NAN                FORGED         NAN             THD    NAN   
2                NAN                FORGED         NAN             THD    NAN   
3                NAN                FORGED         NAN        THREADED    NAN   
4                NAN                FORGED         NAN        THREADED    NAN   
5                NAN                FORGED         NAN             THD    NAN   
6                NAN                FORGED         NAN        THREADED    NAN   
7                NAN                FORGED         NAN        THREADED    NAN   
8                NAN                FORGED  GALVANIZED             THD    NAN   
9                NAN                FORGED  GALVANIZED             THD    NAN   
10               NAN                   NAN         NAN             THD    NAN   
11               NAN                FORGED         NAN             THD  BRASS   
12               NAN                FORGED         NAN             THD    NAN   
13               NAN                FORGED         NAN             THD    NAN   
14               NAN                FORGED         NAN             THD    NAN   
15               NAN                FORGED         NAN             THD    NAN   
16               NAN                FORGED         NAN             THD  BRASS   
17               NAN                FORGED         NAN        THREADED    NAN   
18               NAN                FORGED         NAN             THD    NAN   
19               NAN                   NAN  GALVANIZED             THD    NAN   
20               NAN                FORGED         NAN             THD  BRASS   
21               NAN                FORGED  GALVANIZED             THD  BRASS   
22               NAN                FORGED  GALVANIZED             THD    NAN   
23               NAN                FORGED         NAN             THD    NAN   
24               NAN                FORGED         NAN        THREADED    NAN   

   MISCELLANEOUS CONFIDENCE     id     score  
0            NAN       0.80  43808  0.831345  
1            NAN       0.85  16161  0.802941  
2            NAN       0.85  16162  0.802941  
3            NAN       0.80  43806  0.802173  
4            NAN       0.80  43796  0.798930  
5            NAN       0.80  15887  0.796999  
6            NAN       0.80  43802  0.791871  
7            NAN       0.80  43803  0.791871  
8            NAN       0.90  16163  0.788665  
9            NAN       0.90  16164  0.788665  
10           NAN       0.90  17486  0.787261  
11           NAN       0.85   6120  0.786770  
12           NAN       0.85  18122  0.784778  
13           NAN       0.85   6111  0.781409  
14           NAN       0.85  18123  0.781409  
15           NAN       0.85  16141  0.781409  
16           NAN       0.85  16234  0.779109  
17           NAN       0.80  43804  0.778171  
18           NAN       0.85  16051  0.777898  
19           NAN       0.85  18124  0.774768  
20           NAN       0.80  18148  0.771801  
21           NAN       0.85   6114  0.771682  
22           NAN       0.90  18195  0.771615  
23           NAN       0.85  18194  0.771600  
24           NAN       0.80  43799  0.771156  

[25 rows x 21 columns]",3,EXCELLENT
6,"10 90 DEGREE LONG RADIUS ELBOW , ASME B16.9 , BEVELED END , ASTM A420 GRADE WPL6 , TYPE S S-STD",10 CARBON STEEL WPL6 STANDARD WELD LONG RADIUS 90 ELBOW,True,6,2,5.225233899999921,"       ID                                                       DESCRIPTION  \
0   24644            10 CARBON STEEL WPL6 STANDARD WLD LONG RADIUS 90 ELBOW   
1   24643            10 CARBON STEEL WPL6 STANDARD WLD LONG RADIUS 90 ELBOW   
2   42709           10 CARBON STEEL WPL6 STANDARD WELD LONG RADIUS 90 ELBOW   
3   42710           10 CARBON STEEL WPL6 STANDARD WELD LONG RADIUS 90 ELBOW   
4   24656                              10 CS STD A420 WPL6 WELD LR 90 ELBOW   
5   24641         10 CARBON STEEL WPL6 EXTRA HEAVY WLD LONG RADIUS 90 ELBOW   
6   24642         10 CARBON STEEL WPL6 EXTRA HEAVY WLD LONG RADIUS 90 ELBOW   
7   24619             1 CARBON STEEL WPL6 STANDARD WLD LONG RADIUS 90 ELBOW   
8   24620             1 CARBON STEEL WPL6 STANDARD WLD LONG RADIUS 90 ELBOW   
9   27474                     10 CARBON STEEL WPL6 STANDARD WLD SR 90 ELBOW   
10  24973             10 X 6 CARBON STEEL STANDARD WLD LONG RADIUS 90 ELBOW   
11  24764             2 CARBON STEEL WPL6 STANDARD WLD LONG RADIUS 90 ELBOW   
12  24765             2 CARBON STEEL WPL6 STANDARD WLD LONG RADIUS 90 ELBOW   
13  24915             6 CARBON STEEL WPL6 STANDARD WLD LONG RADIUS 90 ELBOW   
14  24916             6 CARBON STEEL WPL6 STANDARD WLD LONG RADIUS 90 ELBOW   
15  24725            16 CARBON STEEL WPL6 STANDARD WLD LONG RADIUS 90 ELBOW   
16  22363                        10 CARBON STEEL WPL6 STANDARD WLD 45 ELBOW   
17  42708  10 STAINLESS STEEL SCHEDULE 10 316L LONG RADIUS 90 ELBOW A403WPW   
18  42866            2 CARBON STEEL WPL6 STANDARD WELD LONG RADIUS 90 ELBOW   
19  24689            12 CARBON STEEL WPL6 STANDARD WLD LONG RADIUS 90 ELBOW   
20  24690            12 CARBON STEEL WPL6 STANDARD WLD LONG RADIUS 90 ELBOW   
21  43107            6 CARBON STEEL WPL6 STANDARD WELD LONG RADIUS 90 ELBOW   
22  43108            6 CARBON STEEL WPL6 STANDARD WELD LONG RADIUS 90 ELBOW   
23  24639                 10 CARBON STEEL STANDARD WLD LONG RADIUS 90 ELBOW   
24  24660          10 X 6 CARBON STEEL EXTRA HEAVY WLD LONG RADIUS 90 ELBOW   

   CATEGORY                  TYPE PRIMARY_SIZE REDUCING_SIZE LENGTH  \
0   FITTING    LR 90 DEGREE ELBOW           10           NAN    NAN   
1   FITTING    LR 90 DEGREE ELBOW           10           NAN    NAN   
2   FITTING  LONG RADIUS 90 ELBOW         10.0           NAN    NAN   
3   FITTING  LONG RADIUS 90 ELBOW         10.0           NAN    NAN   
4   FITTING    LR 90 DEGREE ELBOW           10           NAN    NAN   
5   FITTING    LR 90 DEGREE ELBOW           10           NAN    NAN   
6   FITTING    LR 90 DEGREE ELBOW           10           NAN    NAN   
7   FITTING    LR 90 DEGREE ELBOW            1           NAN    NAN   
8   FITTING    LR 90 DEGREE ELBOW            1           NAN    NAN   
9   FITTING    SR 90 DEGREE ELBOW           10           NAN    NAN   
10  FITTING           LR 90 ELBOW           10             6    NAN   
11  FITTING    LR 90 DEGREE ELBOW            2           NAN    NAN   
12  FITTING    LR 90 DEGREE ELBOW            2           NAN    NAN   
13  FITTING    LR 90 DEGREE ELBOW            6           NAN    NAN   
14  FITTING    LR 90 DEGREE ELBOW            6           NAN    NAN   
15  FITTING    LR 90 DEGREE ELBOW           16           NAN    NAN   
16  FITTING       45 DEGREE ELBOW           10           NAN    NAN   
17  FITTING  LONG RADIUS 90 ELBOW         10.0           NAN    NAN   
18  FITTING  LONG RADIUS 90 ELBOW          2.0           NAN    NAN   
19  FITTING    LR 90 DEGREE ELBOW           12           NAN    NAN   
20  FITTING    LR 90 DEGREE ELBOW           12           NAN    NAN   
21  FITTING  LONG RADIUS 90 ELBOW          6.0           NAN    NAN   
22  FITTING  LONG RADIUS 90 ELBOW          6.0           NAN    NAN   
23  FITTING    LR 90 DEGREE ELBOW           10           NAN    NAN   
24  FITTING    LR 90 DEGREE ELBOW           10             6    NAN   

      MATERIAL_NAME MATERIAL_SPECIFICATION MATERIAL_GRADE  ...  \
0      CARBON STEEL                   WPL6            NAN  ...   
1      CARBON STEEL                   WPL6            NAN  ...   
2      CARBON STEEL                    NAN           WPL6  ...   
3      CARBON STEEL                   WPL6            NAN  ...   
4      CARBON STEEL                   A420           WPL6  ...   
5      CARBON STEEL                   WPL6            NAN  ...   
6      CARBON STEEL                   WPL6            NAN  ...   
7      CARBON STEEL                   WPL6            NAN  ...   
8      CARBON STEEL                   WPL6            NAN  ...   
9      CARBON STEEL                   WPL6            NAN  ...   
10     CARBON STEEL                    NAN            NAN  ...   
11     CARBON STEEL                   WPL6            NAN  ...   
12     CARBON STEEL                   WPL6            NAN  ...   
13     CARBON STEEL                   WPL6            NAN  ...   
14     CARBON STEEL                   WPL6            NAN  ...   
15     CARBON STEEL                   WPL6            NAN  ...   
16     CARBON STEEL                   WPL6            NAN  ...   
17  STAINLESS STEEL                   A403            WPW  ...   
18     CARBON STEEL                   WPL6            NAN  ...   
19     CARBON STEEL                   WPL6            NAN  ...   
20     CARBON STEEL                   WPL6            NAN  ...   
21     CARBON STEEL                   WPL6            NAN  ...   
22     CARBON STEEL                   WPL6            NAN  ...   
23     CARBON STEEL                    NAN            NAN  ...   
24     CARBON STEEL                    NAN            NAN  ...   

   PRIMARY_SCHEDULE REDUCING_SCHEDULE MANUFACTURING_PROCESS END_FINISH  \
0               STD               NAN                   NAN         BW   
1               STD               NAN                WELDED        NAN   
2          STANDARD               NAN                  WELD        NAN   
3          STANDARD               NAN                WELDED        NAN   
4               STD               NAN                   NAN       WELD   
5                XH               NAN                  WELD        NAN   
6                XH               NAN                   NAN        NAN   
7               STD               NAN                   NAN        NAN   
8               STD               NAN                   NAN        NAN   
9               STD               NAN                   NAN        NAN   
10              STD               NAN                   NAN       WELD   
11              STD               NAN                WELDED        NAN   
12              STD               NAN                   NAN         BW   
13              STD               NAN                WELDED        NAN   
14              STD               NAN                   NAN         BW   
15              STD               NAN                   NAN         BW   
16              STD               NAN                WELDED        NAN   
17               10               NAN                   NAN        NAN   
18         STANDARD               NAN                  WELD        NAN   
19              STD               NAN                   NAN         BW   
20              STD               NAN                   NAN         BW   
21         STANDARD               NAN                WELDED        NAN   
22         STANDARD               NAN                  WELD        NAN   
23              STD               NAN                WELDED        NAN   
24               XH               NAN                  WELD        NAN   

   END_CONNECTIONS TRIM MISCELLANEOUS CONFIDENCE     id     score  
0              NAN  NAN           NAN       0.90  24644  0.887191  
1              NAN  NAN           NAN       0.85  24643  0.887191  
2              NAN  NAN           NAN       0.90  42709  0.881588  
3        BUTT WELD  NAN           NAN       0.90  42710  0.881588  
4              NAN  NAN           NAN       0.95  24656  0.870083  
5              NAN  NAN           NAN       0.90  24641  0.859439  
6              NAN  NAN   LONG RADIUS       0.90  24642  0.859439  
7               BW  NAN           NAN       0.90  24619  0.851729  
8               BW  NAN           NAN       0.90  24620  0.851729  
9              NAN  NAN  SHORT RADIUS       0.90  27474  0.850274  
10             NAN  NAN           NAN       0.80  24973  0.849344  
11             NAN  NAN           NAN       0.90  24764  0.838124  
12             NAN  NAN           NAN       0.90  24765  0.838124  
13             NAN  NAN           NAN       0.90  24915  0.838082  
14             NAN  NAN           NAN       0.90  24916  0.838082  
15             NAN  NAN           NAN       0.90  24725  0.835567  
16             NAN  NAN           NAN       0.85  22363  0.835511  
17             NAN  NAN           NAN       0.90  42708  0.833862  
18             NAN  NAN           NAN       0.90  42866  0.833166  
19             NAN  NAN           NAN       0.90  24689  0.832591  
20             NAN  NAN           NAN       0.90  24690  0.832591  
21             NAN  NAN   LONG RADIUS       0.90  43107  0.832045  
22             NAN  NAN           NAN       0.90  43108  0.832045  
23             NAN  NAN           NAN       0.80  24639  0.831627  
24             NAN  NAN           NAN       0.85  24660  0.828074  

[25 rows x 21 columns]",0,EXCELLENT
7,"16 PIPE , ASME B36.10 , BEVELED END , ASTM A106-B , SEAMLESS S-STD",16 BLACK PLAIN END A106B STANDARD SEAMLESS DRL PIPE,True,7,4,6.107660900000155,"       ID  \
0   43717   
1   26657   
2   26658   
3   26659   
4   42819   
5   26646   
6   26645   
7   26644   
8   26648   
9   26681   
10  26653   
11  26655   
12  28543   
13  26656   
14  26654   
15  26316   
16  26315   
17  26314   
18  26652   
19  26647   
20   2992   
21   3043   
22  26317   
23  26308   
24  26662   

                                                                DESCRIPTION  \
0                       16 BLACK PLAIN END A106B STANDARD SEAMLESS SRL PIPE   
1                       16 BLACK PLAIN END A106B STANDARD SEAMLESS SRL PIPE   
2                       16 BLACK PLAIN END A106B STANDARD SEAMLESS SRL PIPE   
3                       16 BLACK PLAIN END A106B STANDARD SEAMLESS SRL PIPE   
4                       16 BLACK PLAIN END A106B STANDARD SEAMLESS DRL PIPE   
5                    16 BLACK PLAIN END A106B EXTRA HEAVY SEAMLESS SRL PIPE   
6                    16 BLACK PLAIN END A106B EXTRA HEAVY SEAMLESS SRL PIPE   
7                    16 BLACK PLAIN END A106B EXTRA HEAVY SEAMLESS SRL PIPE   
8                           16 BLACK PLAIN END A106B S160 SEAMLESS PIPE SRL   
9                  16 GALVANIZED PLAIN END A106B STANDARD SEAMLESS SRL PIPE   
10                              16 BLACK PLAIN END A106B STANDARD PIPE LRES   
11     16 BLACK PLAIN END A106B STANDARD SEAMLESS DOUBLE RANDOM LENGTH PIPE   
12     16 BLACK PLAIN END A106B STANDARD SEAMLESS DOUBLE RANDOM LENGTH PIPE   
13     16 BLACK PLAIN END A106B STANDARD SEAMLESS DOUBLE RANDOM LENGTH PIPE   
14     16 BLACK PLAIN END A106B STANDARD SEAMLESS DOUBLE RANDOM LENGTH PIPE   
15                           1 BLACK PLAIN END A106B S160 SEAMLESS SRL PIPE   
16                           1 BLACK PLAIN END A106B S160 SEAMLESS SRL PIPE   
17                           1 BLACK PLAIN END A106B S160 SEAMLESS SRL PIPE   
18  16 BLACK PLAIN END A106B SCHEDULE 40 SEAMLESS DOUBLE RANDOM LENGTH PIPE   
19                              16 BLACK PLAIN END A106B S120 SEAMLESS PIPE   
20  16 BLACK PLAIN END A106B EXTRA HEAVY SEAMLESS DOUBLE RANDOM LENGTH PIPE   
21  16 BLACK PLAIN END A106B EXTRA HEAVY SEAMLESS DOUBLE RANDOM LENGTH PIPE   
22                                1 BLACK PLAIN END A106B S160 SRL FBE PIPE   
23                            1 BLACK PLAIN END A106 S160 SEAMLESS SRL PIPE   
24                                    16 BLACK PLAIN END A106B XH PIPE LRES   

   CATEGORY           TYPE PRIMARY_SIZE REDUCING_SIZE LENGTH MATERIAL_NAME  \
0      PIPE  SEAMLESS PIPE         16.0           NAN    NAN  CARBON STEEL   
1      PIPE           PIPE           16           NAN    NAN  CARBON STEEL   
2      PIPE           PIPE           16           NAN    NAN  CARBON STEEL   
3      PIPE           PIPE           16           NAN    NAN  CARBON STEEL   
4      PIPE  SEAMLESS PIPE         16.0           NAN    NAN  CARBON STEEL   
5      PIPE           PIPE           16           NAN    NAN  CARBON STEEL   
6      PIPE           PIPE           16           NAN    NAN  CARBON STEEL   
7      PIPE           PIPE           16           NAN    NAN  CARBON STEEL   
8      PIPE           PIPE           16           NAN    NAN  CARBON STEEL   
9      PIPE           PIPE           16           NAN    NAN  CARBON STEEL   
10     PIPE           PIPE           16           NAN    NAN  CARBON STEEL   
11     PIPE           PIPE           16           NAN    NAN  CARBON STEEL   
12     PIPE      PLAIN END           16           NAN    NAN  CARBON STEEL   
13     PIPE           PIPE           16           NAN    NAN  CARBON STEEL   
14     PIPE           PIPE           16           NAN    NAN  CARBON STEEL   
15     PIPE           PIPE            1           NAN    NAN  CARBON STEEL   
16     PIPE           PIPE            1           NAN    NAN  CARBON STEEL   
17     PIPE           PIPE            1           NAN    NAN  CARBON STEEL   
18     PIPE           PIPE           16           NAN    NAN  CARBON STEEL   
19     PIPE           PIPE           16           NAN    NAN  CARBON STEEL   
20    VALVE           GATE           12           NAN    NAN  CARBON STEEL   
21    VALVE          GLOBE            3           NAN    NAN  CARBON STEEL   
22     PIPE           PIPE            1           NAN    NAN  CARBON STEEL   
23     PIPE           PIPE            1           NAN    NAN  CARBON STEEL   
24     PIPE           PIPE           16           NAN    NAN  CARBON STEEL   

   MATERIAL_SPECIFICATION MATERIAL_GRADE  ... PRIMARY_SCHEDULE  \
0                    A106              B  ...         STANDARD   
1                    A106              B  ...              STD   
2                    A106              B  ...              STD   
3                    A106              B  ...              STD   
4                    A106              B  ...         STANDARD   
5                    A106              B  ...               XH   
6                    A106              B  ...               XH   
7                    A106              B  ...               XH   
8                    A106              B  ...              160   
9                    A106              B  ...              STD   
10                   A106              B  ...              STD   
11                   A106              B  ...              STD   
12                   A106              B  ...              STD   
13                   A106              B  ...              STD   
14                   A106              B  ...              STD   
15                   A106              B  ...              160   
16                   A106              B  ...              160   
17                   A106              B  ...              160   
18                   A106              B  ...               40   
19                   A106              B  ...              120   
20                    NAN            NAN  ...              NAN   
21                    NAN            NAN  ...              NAN   
22                   A106              B  ...              160   
23                   A106            NAN  ...              160   
24                   A106              B  ...               XH   

   REDUCING_SCHEDULE MANUFACTURING_PROCESS  END_FINISH END_CONNECTIONS  TRIM  \
0                NAN              SEAMLESS   PLAIN END              PE   NAN   
1                NAN                  SMLS          PE             NAN   NAN   
2                NAN                  SMLS          PE             NAN   NAN   
3                NAN                  SMLS          PE             NAN   NAN   
4                NAN              SEAMLESS   PLAIN END              PE   NAN   
5                NAN              SEAMLESS   PLAIN END             NAN   NAN   
6                NAN              SEAMLESS   PLAIN END             NAN   NAN   
7                NAN              SEAMLESS   PLAIN END             NAN   NAN   
8                NAN              SEAMLESS   PLAIN END             NAN   NAN   
9                NAN              SEAMLESS  GALVANIZED              PE   NAN   
10               NAN                   NAN   PLAIN END             NAN   NAN   
11               NAN                  SMLS          PE              PE   NAN   
12               NAN                  SMLS   PLAIN END             NAN   NAN   
13               NAN                  SMLS          PE             NAN   NAN   
14               NAN                  SMLS          PE             NAN   NAN   
15               NAN              SEAMLESS   PLAIN END             NAN   NAN   
16               NAN              SEAMLESS   PLAIN END             NAN   NAN   
17               NAN              SEAMLESS   PLAIN END             NAN   NAN   
18               NAN              SEAMLESS   PLAIN END             NAN   NAN   
19               NAN              SEAMLESS   PLAIN END             NAN   NAN   
20               NAN                   NAN          RF         FLANGED  OS&Y   
21               NAN                   NAN          RF         FLANGED  OS&Y   
22               NAN                   NAN   PLAIN END             NAN   NAN   
23               NAN              SEAMLESS   PLAIN END             NAN   NAN   
24               NAN                   NAN   PLAIN END             NAN   NAN   

   MISCELLANEOUS CONFIDENCE     id     score  
0          BLACK       0.90  43717  0.824955  
1      BLACK SRL       0.95  26657  0.824955  
2          BLACK       0.95  26658  0.824955  
3            SRL       0.95  26659  0.824955  
4          BLACK       0.90  42819  0.814445  
5            SRL       0.95  26646  0.806775  
6            SRL       0.95  26645  0.806775  
7      BLACK SRL       0.95  26644  0.806775  
8      BLACK SRL       0.95  26648  0.799030  
9            SRL       0.90  26681  0.798225  
10  LOW RESIDUAL       0.90  26653  0.790666  
11         BLACK       0.95  26655  0.790175  
12         BLACK       0.90  28543  0.790175  
13         BLACK       0.90  26656  0.790175  
14         BLACK       0.95  26654  0.790175  
15         BLACK       0.95  26316  0.788862  
16         BLACK       0.95  26315  0.788862  
17         BLACK       0.95  26314  0.788862  
18           DRL       0.95  26652  0.788596  
19         BLACK       0.95  26647  0.788567  
20           NAN       0.90   2992  0.784292  
21           NAN       0.90   3043  0.784292  
22     FBE BLACK       0.90  26317  0.779914  
23         BLACK       0.95  26308  0.777755  
24  LOW RESIDUAL       0.90  26662  0.776406  

[25 rows x 21 columns]",1,EXCELLENT
8,"4X3 ECCENTRIC REDUCER , ASME B16.9 , BEVELED END , ASTM A420 GRADE WPL6 , TYPE S S-STD",4 X 3 CARBON STEEL WPL6 STANDARD WELD ECCENTRIC REDUCER,True,8,1,6.237947600000098,"       ID                                                  DESCRIPTION  \
0   24222       4 X 3 CARBON STEEL WPL6 STANDARD WLD ECCENTRIC REDUCER   
1   43086      4 X 3 CARBON STEEL WPL6 STANDARD WELD ECCENTRIC REDUCER   
2   43085      4 X 3 CARBON STEEL WPL6 STANDARD WELD ECCENTRIC REDUCER   
3   24248       6 X 3 CARBON STEEL WPL6 STANDARD WLD ECCENTRIC REDUCER   
4   24247       6 X 3 CARBON STEEL WPL6 STANDARD WLD ECCENTRIC REDUCER   
5   24263       6 X 4 CARBON STEEL WPL6 STANDARD WLD ECCENTRIC REDUCER   
6   43150      6 X 3 CARBON STEEL WPL6 STANDARD WELD ECCENTRIC REDUCER   
7   43156      6 X 4 CARBON STEEL WPL6 STANDARD WELD ECCENTRIC REDUCER   
8   24142       3 X 1 CARBON STEEL WPL6 STANDARD WLD ECCENTRIC REDUCER   
9   24184     3-0.5X3 CARBON STEEL WPL6 STANDARD WLD ECCENTRIC REDUCER   
10  23453      4 X 3 CARBON STEEL WPL6 STANDARD WLD CONCENTRIC REDUCER   
11  23454      4 X 3 CARBON STEEL WPL6 STANDARD WLD CONCENTRIC REDUCER   
12  24246    6 X 3 CARBON STEEL WPL6 EXTRA HEAVY WLD ECCENTRIC REDUCER   
13  24220            4 X 3 CARBON STEEL STANDARD WLD ECCENTRIC REDUCER   
14  24221            4 X 3 CARBON STEEL STANDARD WLD ECCENTRIC REDUCER   
15  43082     4 X 3 CARBON STEEL WPL6 STANDARD WELD CONCENTRIC REDUCER   
16  24262    6 X 4 CARBON STEEL WPL6 EXTRA HEAVY WLD ECCENTRIC REDUCER   
17  24206       4 X 2 CARBON STEEL WPL6 STANDARD WLD ECCENTRIC REDUCER   
18  24163       3 X 2 CARBON STEEL WPL6 STANDARD WLD ECCENTRIC REDUCER   
19  43149   6 X 3 CARBON STEEL WPL6 SCHEDULE XH WELD ECCENTRIC REDUCER   
20  23451  4 X 3 CARBON STEEL WPL6 SCHEDULE 160 WLD CONCENTRIC REDUCER   
21  23452  4 X 3 CARBON STEEL WPL6 SCHEDULE 160 WLD CONCENTRIC REDUCER   
22  23450   4 X 3 CARBON STEEL WPL6 EXTRA HEAVY WLD CONCENTRIC REDUCER   
23  24218        4 X 3 CARBON STEEL SCHEDULE 160 WLD ECCENTRIC REDUCER   
24  24205   4 X 2 CARBON STEEL WPL6 SCHEDULE 160 WLD ECCENTRIC REDUCER   

   CATEGORY                TYPE PRIMARY_SIZE REDUCING_SIZE LENGTH  \
0   FITTING   ECCENTRIC REDUCER            4             3    NAN   
1   FITTING   ECCENTRIC REDUCER          4.0           3.0    NAN   
2   FITTING   ECCENTRIC REDUCER          4.0           3.0    NAN   
3   FITTING   ECCENTRIC REDUCER            6             3    NAN   
4   FITTING   ECCENTRIC REDUCER            6             3    NAN   
5   FITTING   ECCENTRIC REDUCER            6             4    NAN   
6   FITTING   ECCENTRIC REDUCER          6.0           3.0    NAN   
7   FITTING   ECCENTRIC REDUCER          6.0           4.0    NAN   
8   FITTING   ECCENTRIC REDUCER            3             1    NAN   
9   FITTING   ECCENTRIC REDUCER          3.5             3    NAN   
10  FITTING  CONCENTRIC REDUCER            4             3    NAN   
11  FITTING  CONCENTRIC REDUCER            4             3    NAN   
12  FITTING   ECCENTRIC REDUCER            6             3    NAN   
13  FITTING   ECCENTRIC REDUCER            4             3    NAN   
14  FITTING   ECCENTRIC REDUCER            4             3    NAN   
15  FITTING  CONCENTRIC REDUCER          4.0           3.0    NAN   
16  FITTING   ECCENTRIC REDUCER            6             4    NAN   
17  FITTING   ECCENTRIC REDUCER            4             2    NAN   
18  FITTING   ECCENTRIC REDUCER            3             2    NAN   
19  FITTING   ECCENTRIC REDUCER          6.0           3.0    NAN   
20  FITTING  CONCENTRIC REDUCER            4             3    NAN   
21  FITTING  CONCENTRIC REDUCER            4             3    NAN   
22  FITTING  CONCENTRIC REDUCER            4             3    NAN   
23  FITTING   ECCENTRIC REDUCER            4             3    NAN   
24  FITTING   ECCENTRIC REDUCER            4             2    NAN   

   MATERIAL_NAME MATERIAL_SPECIFICATION MATERIAL_GRADE  ... PRIMARY_SCHEDULE  \
0   CARBON STEEL                   WPL6            NAN  ...              STD   
1   CARBON STEEL                   WPL6            NAN  ...         STANDARD   
2   CARBON STEEL                    NAN           WPL6  ...         STANDARD   
3   CARBON STEEL                   WPL6            NAN  ...              STD   
4   CARBON STEEL                   WPL6            NAN  ...              STD   
5   CARBON STEEL                    NAN           WPL6  ...              STD   
6   CARBON STEEL                   WPL6            NAN  ...         STANDARD   
7   CARBON STEEL                    NAN           WPL6  ...         STANDARD   
8   CARBON STEEL                   WPL6            NAN  ...              STD   
9   CARBON STEEL                    NAN           WPL6  ...              STD   
10  CARBON STEEL                   WPL6            NAN  ...              STD   
11  CARBON STEEL                   WPL6            NAN  ...              STD   
12  CARBON STEEL                   WPL6            NAN  ...               XH   
13  CARBON STEEL                    NAN            NAN  ...              STD   
14  CARBON STEEL                    NAN            NAN  ...              STD   
15  CARBON STEEL                   WPL6            NAN  ...         STANDARD   
16  CARBON STEEL                   WPL6            NAN  ...               XH   
17  CARBON STEEL                   WPL6            NAN  ...              STD   
18  CARBON STEEL                   WPL6            NAN  ...              STD   
19  CARBON STEEL                   WPL6            NAN  ...               XH   
20  CARBON STEEL                   WPL6            NAN  ...              160   
21  CARBON STEEL                   WPL6            NAN  ...              160   
22  CARBON STEEL                   WPL6            NAN  ...               XH   
23  CARBON STEEL                    NAN            NAN  ...              160   
24  CARBON STEEL                   WPL6            NAN  ...              160   

   REDUCING_SCHEDULE MANUFACTURING_PROCESS END_FINISH END_CONNECTIONS TRIM  \
0                NAN                   NAN       WELD             NAN  NAN   
1                NAN                  WELD        NAN             NAN  NAN   
2                NAN                  WELD        NAN             NAN  NAN   
3                NAN                   NAN       WELD             NAN  NAN   
4                NAN                WELDED        NAN             NAN  NAN   
5                NAN                   NAN         BW             NAN  NAN   
6                NAN                   NAN        NAN       BUTT WELD  NAN   
7                NAN                   NAN        NAN             NAN  NAN   
8                NAN                WELDED        NAN             NAN  NAN   
9                NAN                WELDED        NAN             NAN  NAN   
10               NAN                WELDED        NAN             NAN  NAN   
11               NAN                WELDED        NAN             NAN  NAN   
12               NAN                   NAN        NAN            WELD  NAN   
13               NAN                WELDED        NAN             NAN  NAN   
14               NAN                  WELD        NAN             NAN  NAN   
15               NAN                   NAN        NAN             NAN  NAN   
16               NAN                   NAN       WELD             NAN  NAN   
17               NAN                   NAN        NAN             NAN  NAN   
18               NAN                   NAN        NAN             NAN  NAN   
19               NAN                  WELD        NAN             NAN  NAN   
20               NAN                   NAN       WELD             NAN  NAN   
21               NAN                   NAN        NAN             NAN  NAN   
22               NAN                   NAN       WELD             NAN  NAN   
23               NAN                  WELD        NAN             NAN  NAN   
24               NAN                   NAN       WELD             NAN  NAN   

   MISCELLANEOUS CONFIDENCE     id     score  
0            NAN       0.85  24222  0.893849  
1            NAN       0.90  43086  0.888073  
2            NAN       0.90  43085  0.888073  
3            NAN       0.85  24248  0.864498  
4            NAN       0.85  24247  0.864498  
5            NAN       0.85  24263  0.864291  
6            NAN       0.90  43150  0.859673  
7            NAN       0.90  43156  0.859247  
8            NAN       0.85  24142  0.851597  
9            NAN       0.85  24184  0.850308  
10           NAN       0.85  23453  0.845076  
11           NAN       0.85  23454  0.845076  
12           NAN       0.90  24246  0.844220  
13           NAN       0.80  24220  0.843901  
14           NAN       0.80  24221  0.843901  
15           NAN       0.90  43082  0.843296  
16           NAN       0.90  24262  0.841882  
17           NAN       0.85  24206  0.841641  
18           NAN       0.85  24163  0.841333  
19           NAN       0.90  43149  0.840431  
20           NAN       0.95  23451  0.839849  
21          WELD       0.90  23452  0.839849  
22           NAN       0.90  23450  0.837963  
23           NAN       0.85  24218  0.836112  
24           NAN       0.90  24205  0.835550  

[25 rows x 21 columns]",0,EXCELLENT
9,"NIPPLE,1 X 6 S/80 A106B",1 X 6 BLACK SCHEDULE XH SEAMLESS A106 NIPPLE,True,9,35,6.164708000000019,"       ID                                              DESCRIPTION CATEGORY  \
0   25145                             1 X 6 BLACK SMLS A106 NIPPLE  FITTING   
1   25134             1 X 6 BLACK EXTRA HEAVY SMLS A106 NIPPLE PBE  FITTING   
2   37312            1 X 6 STAINLESS STEEL SCHEDULE 80 304L NIPPLE  FITTING   
3   25133                 1 X 6 BLACK EXTRA HEAVY SMLS A106 NIPPLE  FITTING   
4   25141                1 X 6 BLACK SCHEDULE 160 SMLS A106 NIPPLE  FITTING   
5   43542            1 X 6 BLACK SCHEDULE 160 SEAMLESS A106 NIPPLE     PIPE   
6   37315   1 X 6 STAINLESS STEEL SCHEDULE 80 304L SMLS NIPPLE PBE  FITTING   
7   25132           1 X 6 BLACK EXTRA EXTRA HEAVY SMLS A106 NIPPLE  FITTING   
8   26274                 6 X 6 BLACK SCHEDULE 40 SMLS A106 NIPPLE  FITTING   
9   25147                                 1 X 6 BLACK STEEL NIPPLE  FITTING   
10  25146                                 1 X 6 BLACK STEEL NIPPLE  FITTING   
11  25144                 1 X 6 BLACK SCHEDULE 40 SMLS A106 NIPPLE  FITTING   
12  25149            1 X 6 GALVANIZED EXTRA HEAVY SMLS A106 NIPPLE  FITTING   
13  32128              1 X 6 SCHEDULE 160 A333 GR6 SMLS NIPPLE PBE  FITTING   
14  26273                 6 X 6 BLACK EXTRA HEAVY SMLS A106 NIPPLE  FITTING   
15  26272                 6 X 6 BLACK EXTRA HEAVY SMLS A106 NIPPLE  FITTING   
16  25803                             2 X 6 BLACK SMLS A106 NIPPLE  FITTING   
17  25582             1-0.5 X 6 BLACK EXTRA HEAVY SMLS A106 NIPPLE  FITTING   
18  25583             1-0.5 X 6 BLACK EXTRA HEAVY SMLS A106 NIPPLE  FITTING   
19  37313       1 X 6 STAINLESS STEEL SCHEDULE 80 304L SMLS NIPPLE  FITTING   
20  37314       1 X 6 STAINLESS STEEL SCHEDULE 80 304L SMLS NIPPLE  FITTING   
21  37321  1 X 6 STAINLESS STEEL SCHEDULE 80 316 L SMLS NIPPLE PBE  FITTING   
22  37320  1 X 6 STAINLESS STEEL SCHEDULE 80 316 L SMLS NIPPLE PBE  FITTING   
23  37301              1 X 6 STAINLESS STEEL S160 304L SMLS NIPPLE  FITTING   
24  32127                  1 X 6 SCHEDULE 160 A333 GR6 SMLS NIPPLE  FITTING   

      TYPE PRIMARY_SIZE REDUCING_SIZE LENGTH    MATERIAL_NAME  \
0   NIPPLE            1           NAN      6     CARBON STEEL   
1   NIPPLE            1           NAN      6     CARBON STEEL   
2   NIPPLE            1           NAN      6  STAINLESS STEEL   
3   NIPPLE            1           NAN      6     CARBON STEEL   
4   NIPPLE            1           NAN      6     CARBON STEEL   
5   NIPPLE          1.0           NAN    6.0     CARBON STEEL   
6   NIPPLE            1           NAN      6  STAINLESS STEEL   
7   NIPPLE            1           NAN      6     CARBON STEEL   
8   NIPPLE            6           NAN      6     CARBON STEEL   
9   NIPPLE            1           NAN      6     CARBON STEEL   
10  NIPPLE            1           NAN      6     CARBON STEEL   
11  NIPPLE            1           NAN      6     CARBON STEEL   
12  NIPPLE            1           NAN      6     CARBON STEEL   
13  NIPPLE            1           NAN      6              NAN   
14  NIPPLE            6           NAN      6     CARBON STEEL   
15  NIPPLE            6           NAN      6     CARBON STEEL   
16  NIPPLE            2           NAN      6     CARBON STEEL   
17  NIPPLE          1.5           NAN      6     CARBON STEEL   
18  NIPPLE          1.5           NAN      6     CARBON STEEL   
19  NIPPLE            1           NAN      6  STAINLESS STEEL   
20  NIPPLE            1           NAN      6  STAINLESS STEEL   
21  NIPPLE            1           NAN      6  STAINLESS STEEL   
22  NIPPLE            1           NAN      6  STAINLESS STEEL   
23  NIPPLE            1           NAN      6  STAINLESS STEEL   
24  NIPPLE            1           NAN      6              NAN   

   MATERIAL_SPECIFICATION MATERIAL_GRADE  ... PRIMARY_SCHEDULE  \
0                    A106            NAN  ...              NAN   
1                    A106            NAN  ...               XH   
2                     NAN           304L  ...               80   
3                    A106            NAN  ...               XH   
4                    A106            NAN  ...              160   
5                    A106            NAN  ...              160   
6                    304L            NAN  ...               80   
7                    A106            NAN  ...              XXH   
8                    A106            NAN  ...               40   
9                     NAN            NAN  ...              NAN   
10                    NAN            NAN  ...              NAN   
11                   A106            NAN  ...               40   
12                   A106            NAN  ...               XH   
13                   A333              6  ...              160   
14                   A106            NAN  ...               XH   
15                   A106            NAN  ...               XH   
16                   A106            NAN  ...              NAN   
17                   A106            NAN  ...               XH   
18                   A106            NAN  ...               XH   
19                    NAN           304L  ...               80   
20                    NAN           304L  ...               80   
21                    NAN           316L  ...               80   
22                    NAN           316L  ...               80   
23                    NAN           304L  ...              160   
24                   A333              6  ...              160   

   REDUCING_SCHEDULE MANUFACTURING_PROCESS       END_FINISH END_CONNECTIONS  \
0                NAN              SEAMLESS              NAN             NAN   
1                NAN              SEAMLESS            PLAIN         PE X PE   
2                NAN                   NAN              NAN             NAN   
3                NAN              SEAMLESS              NAN             NAN   
4                NAN              SEAMLESS              NAN             NAN   
5                NAN              SEAMLESS              NAN             NAN   
6                NAN              SEAMLESS  PLAIN BOTH ENDS             NAN   
7                NAN              SEAMLESS              NAN             NAN   
8                NAN              SEAMLESS              NAN             NAN   
9                NAN                   NAN              NAN             NAN   
10               NAN                   NAN              NAN             NAN   
11               NAN              SEAMLESS              NAN             NAN   
12               NAN              SEAMLESS              NAN             NAN   
13               NAN              SEAMLESS    PLAIN BEVELED             NAN   
14               NAN              SEAMLESS              NAN             NAN   
15               NAN              SEAMLESS              NAN             NAN   
16               NAN              SEAMLESS              NAN             NAN   
17               NAN              SEAMLESS              NAN             NAN   
18               NAN              SEAMLESS              NAN             NAN   
19               NAN              SEAMLESS              NAN             NAN   
20               NAN              SEAMLESS              NAN             NAN   
21               NAN              SEAMLESS            PLAIN             NAN   
22               NAN              SEAMLESS            PLAIN         PE X PE   
23               NAN              SEAMLESS              NAN             NAN   
24               NAN              SEAMLESS              NAN             NAN   

   TRIM MISCELLANEOUS CONFIDENCE     id     score  
0   NAN         BLACK       0.90  25145  0.851743  
1   NAN         BLACK       0.95  25134  0.837950  
2   NAN           NAN       0.90  37312  0.836989  
3   NAN         BLACK       0.95  25133  0.836292  
4   NAN         BLACK       0.95  25141  0.836048  
5   NAN         BLACK       0.90  43542  0.828622  
6   NAN           NAN       0.95  37315  0.827767  
7   NAN         BLACK       0.90  25132  0.827747  
8   NAN         BLACK       0.95  26274  0.825399  
9   NAN         BLACK       0.80  25147  0.825297  
10  NAN         BLACK       0.80  25146  0.825297  
11  NAN         BLACK       0.95  25144  0.825132  
12  NAN    GALVANIZED       0.95  25149  0.824086  
13  NAN           NAN       0.95  32128  0.823327  
14  NAN         BLACK       0.90  26273  0.823281  
15  NAN         BLACK       0.95  26272  0.823281  
16  NAN         BLACK       0.90  25803  0.822198  
17  NAN         BLACK       0.95  25582  0.822102  
18  NAN         BLACK       0.95  25583  0.822102  
19  NAN           NAN       0.90  37313  0.821958  
20  NAN           NAN       0.95  37314  0.821958  
21  NAN     BOTH ENDS       0.95  37321  0.821950  
22  NAN           NAN       0.95  37320  0.821950  
23  NAN           NAN       0.90  37301  0.821800  
24  NAN           NAN       0.95  32127  0.821710  

[25 rows x 21 columns]",2,EXCELLENT
10,"20"" CAP, BW, ASME 16.9, WROUGHT STEEL, ASTM/ASME A/SA-234-WPB, SCH.STD",20 CARBON STEEL STANDARD WELD CAP,True,10,2,6.259359899999936,"       ID                                          DESCRIPTION CATEGORY TYPE  \
0   22744                     20 CARBON STEEL STANDARD WLD CAP  FITTING  CAP   
1   22745                     20 CARBON STEEL STANDARD WLD CAP  FITTING  CAP   
2   42924                    20 CARBON STEEL STANDARD WELD CAP  FITTING  CAP   
3   22743                    20 CARBON STEEL STANDARD WELD CAP  FITTING  CAP   
4   22748                                   20 CS STD WELD CAP  FITTING  CAP   
5   22742                  20 CARBON STEEL EXTRA HEAVY WLD CAP  FITTING  CAP   
6   22741                  20 CARBON STEEL EXTRA HEAVY WLD CAP  FITTING  CAP   
7   22746                20 CARBON STEEL WPL6 STANDARD WLD CAP  FITTING  CAP   
8   34699   20 STAINLESS STEEL SCHEDULE 10S .218 316 L CAP WPS  FITTING  CAP   
9   22728                  2 CARBON STEEL SCHEDULE 160 WLD CAP  FITTING  CAP   
10  28136           30 X 20 CARBON STEEL TEE STANDARD A234 WPB  FITTING  TEE   
11  34713  2-0.5 STAINLESS STEEL SCHEDULE 40 316 L CAP A403WPS  FITTING  CAP   
12  34712  2-0.5 STAINLESS STEEL SCHEDULE 40 316 L CAP A403WPS  FITTING  CAP   
13  22847                           8 CARBON STEEL S20 WLD CAP  FITTING  CAP   
14  22759                     24 CARBON STEEL STANDARD WLD CAP  FITTING  CAP   
15  22758                     24 CARBON STEEL STANDARD WLD CAP  FITTING  CAP   
16  22734             2 CARBON STEEL WPL6 SCHEDULE 160 WLD CAP  FITTING  CAP   
17  22703                  16 CARBON STEEL SCHEDULE 80 WLD CAP  FITTING  CAP   
18  22704                  16 CARBON STEEL SCHEDULE 80 WLD CAP  FITTING  CAP   
19  22747              20 CARBON STEEL Y65 EXTRA HEAVY WLD CAP  FITTING  CAP   
20  34725   24 STAINLESS STEEL SCHEDULE 10S .250 316 L CAP WPS  FITTING  CAP   
21  28025      20 X 20 X 16 CARBON STEEL WPL6 STANDARD WLD TEE  FITTING  TEE   
22  22761                24 CARBON STEEL WPL6 STANDARD WLD CAP  FITTING  CAP   
23  22762                24 CARBON STEEL WPL6 STANDARD WLD CAP  FITTING  CAP   
24  22643                  1 CARBON STEEL SCHEDULE 160 WLD CAP  FITTING  CAP   

   PRIMARY_SIZE REDUCING_SIZE LENGTH    MATERIAL_NAME MATERIAL_SPECIFICATION  \
0            20           NAN    NAN     CARBON STEEL                    NAN   
1            20           NAN    NAN     CARBON STEEL                    NAN   
2          20.0           NAN    NAN     CARBON STEEL                    NAN   
3            20           NAN    NAN     CARBON STEEL                    NAN   
4            20           NAN    NAN     CARBON STEEL                    NAN   
5            20           NAN    NAN     CARBON STEEL                    NAN   
6            20           NAN    NAN     CARBON STEEL                    NAN   
7            20           NAN    NAN     CARBON STEEL                   WPL6   
8            20           NAN    NAN  STAINLESS STEEL                    WPS   
9             2           NAN    NAN     CARBON STEEL                    NAN   
10           30            20    NAN     CARBON STEEL                   A234   
11          2.5           NAN    NAN  STAINLESS STEEL                   A403   
12          2.5           NAN    NAN  STAINLESS STEEL                   A403   
13            8           NAN    NAN     CARBON STEEL                    NAN   
14           24           NAN    NAN     CARBON STEEL                    NAN   
15           24           NAN    NAN     CARBON STEEL                    NAN   
16            2           NAN    NAN     CARBON STEEL                   WPL6   
17           16           NAN    NAN     CARBON STEEL                    NAN   
18           16           NAN    NAN     CARBON STEEL                    NAN   
19           20           NAN    NAN     CARBON STEEL                    NAN   
20           24           NAN    NAN  STAINLESS STEEL                    WPS   
21           20            16    NAN     CARBON STEEL                   WPL6   
22           24           NAN    NAN     CARBON STEEL                   WPL6   
23           24           NAN    NAN     CARBON STEEL                   WPL6   
24            1           NAN    NAN     CARBON STEEL                    NAN   

   MATERIAL_GRADE  ... PRIMARY_SCHEDULE REDUCING_SCHEDULE  \
0             NAN  ...              STD               NAN   
1             NAN  ...              STD               NAN   
2             NAN  ...         STANDARD               NAN   
3             NAN  ...              STD               NAN   
4             NAN  ...              STD               NAN   
5             NAN  ...               XH               NAN   
6             NAN  ...               XH               NAN   
7             NAN  ...              STD               NAN   
8            316L  ...              10S               NAN   
9             NAN  ...              160               NAN   
10            WPB  ...              STD               NAN   
11            WPS  ...               40               NAN   
12            WPS  ...               40               NAN   
13            NAN  ...              S20               NAN   
14            NAN  ...              STD               NAN   
15            NAN  ...              STD               NAN   
16            NAN  ...              160               NAN   
17            NAN  ...               80               NAN   
18            NAN  ...               80               NAN   
19            Y65  ...               XH               NAN   
20           316L  ...              10S               NAN   
21            NAN  ...              STD               NAN   
22            NAN  ...              STD               NAN   
23            NAN  ...              STD               NAN   
24            NAN  ...              160               NAN   

   MANUFACTURING_PROCESS END_FINISH END_CONNECTIONS TRIM MISCELLANEOUS  \
0                    NAN         BW             NAN  NAN           NAN   
1                 WELDED        NAN             NAN  NAN           NAN   
2                    NAN        NAN       BUTT WELD  NAN           NAN   
3                 WELDED        NAN             NAN  NAN           NAN   
4                 WELDED        NAN             NAN  NAN           NAN   
5                    NAN       WELD             NAN  NAN           NAN   
6                    NAN         BW             NAN  NAN           NAN   
7                    NAN         BW             NAN  NAN           NAN   
8                    NAN        NAN             NAN  NAN         0.218   
9                    NAN         BW             NAN  NAN           NAN   
10                   NAN        NAN             NAN  NAN           NAN   
11                   NAN        NAN             NAN  NAN          316L   
12                   NAN        NAN             NAN  NAN          316L   
13                   NAN       WELD             NAN  NAN           NAN   
14                   NAN        NAN              BW  NAN           NAN   
15                WELDED        NAN             NAN  NAN           NAN   
16                   NAN         BW             NAN  NAN           NAN   
17                   NAN         BW             NAN  NAN           NAN   
18                   NAN         BW             NAN  NAN           NAN   
19                   NAN         BW             NAN  NAN           NAN   
20                   NAN        NAN             NAN  NAN          0.25   
21                WELDED        NAN             NAN  NAN           NAN   
22                   NAN         BW             NAN  NAN           NAN   
23                   NAN         BW             NAN  NAN           NAN   
24                   NAN       WELD              BW  NAN           NAN   

   CONFIDENCE     id     score  
0        0.80  22744  0.765473  
1        0.85  22745  0.765473  
2        0.80  42924  0.753961  
3        0.85  22743  0.753961  
4        0.80  22748  0.753726  
5        0.80  22742  0.751088  
6        0.80  22741  0.751088  
7        0.85  22746  0.749408  
8        0.95  34699  0.719357  
9        0.80  22728  0.712829  
10       0.85  28136  0.701174  
11       0.95  34713  0.698647  
12       0.90  34712  0.698647  
13       0.80  22847  0.696702  
14       0.80  22759  0.692581  
15       0.80  22758  0.692581  
16       0.90  22734  0.691822  
17       0.80  22703  0.690159  
18       0.85  22704  0.690159  
19       0.85  22747  0.687857  
20       0.90  34725  0.687551  
21       0.85  28025  0.687434  
22       0.85  22761  0.687346  
23       0.85  22762  0.687346  
24       0.85  22643  0.686227  

[25 rows x 21 columns]",0,EXCELLENT
11,"6X6X4 REDUCING TEE , ASME B16.9 , BEVELED END , ASTM A420 GRADE WPL6 , TYPE S S-STD",6 X 6 X 4 CARBON STEEL WPL6 STANDARD WELD TEE,True,11,4,6.285268099999939,"       ID                                              DESCRIPTION CATEGORY  \
0   28267             6 X 6 X 4 CARBON STEEL WPL6 STANDARD WLD TEE  FITTING   
1   28244                              6 CS STD A420 WPL6 WELD TEE  FITTING   
2   28236                     6 CARBON STEEL WPL6 STANDARD WLD TEE  FITTING   
3   28237                     6 CARBON STEEL WPL6 STANDARD WLD TEE  FITTING   
4   43166            6 X 6 X 4 CARBON STEEL WPL6 STANDARD WELD TEE  FITTING   
5   43165            6 X 6 X 4 CARBON STEEL WPL6 STANDARD WELD TEE  FITTING   
6   43124                    6 CARBON STEEL WPL6 STANDARD WELD TEE  FITTING   
7   28257             6 X 6 X 3 CARBON STEEL WPL6 STANDARD WLD TEE  FITTING   
8   43162            6 X 6 X 3 CARBON STEEL WPL6 STANDARD WELD TEE  FITTING   
9   43161            6 X 6 X 3 CARBON STEEL WPL6 STANDARD WELD TEE  FITTING   
10  28266          6 X 6 X 4 CARBON STEEL WPL6 EXTRA HEAVY WLD TEE  FITTING   
11  27742                     1 CARBON STEEL WPL6 STANDARD WLD TEE  FITTING   
12  27974                     2 CARBON STEEL WPL6 STANDARD WLD TEE  FITTING   
13  28450                     2 CARBON STEEL WPL6 STANDARD WLD TEE  FITTING   
14  28179                     4 CARBON STEEL WPL6 STANDARD WLD TEE  FITTING   
15  28178                     4 CARBON STEEL WPL6 STANDARD WLD TEE  FITTING   
16  28264                  6 X 6 X 4 CARBON STEEL STANDARD WLD TEE  FITTING   
17  28265                  6 X 6 X 4 CARBON STEEL STANDARD WLD TEE  FITTING   
18  28235                 6 CARBON STEEL WPL6 SCHEDULE 160 WLD TEE  FITTING   
19  28234                  6 CARBON STEEL WPL6 EXTRA HEAVY WLD TEE  FITTING   
20  28248                  6 X 6 X 2 CARBON STEEL STANDARD WLD TEE  FITTING   
21  28249                  6 X 6 X 2 CARBON STEEL STANDARD WLD TEE  FITTING   
22  23526                 6 X 4 CS STD A420 WPL6 WELD CONC REDUCER  FITTING   
23  23520  6 X 4 CARBON STEEL WPL6 STANDARD WLD CONCENTRIC REDUCER  FITTING   
24  23519  6 X 4 CARBON STEEL WPL6 STANDARD WLD CONCENTRIC REDUCER  FITTING   

                  TYPE PRIMARY_SIZE REDUCING_SIZE LENGTH MATERIAL_NAME  \
0                  TEE            6             4    NAN  CARBON STEEL   
1                  TEE            6           NAN    NAN  CARBON STEEL   
2                  TEE            6           NAN    NAN  CARBON STEEL   
3                  TEE            6           NAN    NAN  CARBON STEEL   
4                  TEE          6.0           4.0    NAN  CARBON STEEL   
5                  TEE          6.0           4.0    NAN  CARBON STEEL   
6                  TEE          6.0           NAN    NAN  CARBON STEEL   
7                  TEE            6             3    NAN  CARBON STEEL   
8         STRAIGHT TEE          6.0           3.0    NAN  CARBON STEEL   
9                  TEE          6.0           3.0    NAN  CARBON STEEL   
10                 TEE            6             4    NAN  CARBON STEEL   
11                 TEE            1           NAN    NAN  CARBON STEEL   
12                 TEE            2           NAN    NAN  CARBON STEEL   
13            WELD TEE            2           NAN    NAN  CARBON STEEL   
14                 TEE            4           NAN    NAN  CARBON STEEL   
15                 TEE            4           NAN    NAN  CARBON STEEL   
16                 TEE            6             4    NAN  CARBON STEEL   
17                 TEE            6             4    NAN  CARBON STEEL   
18                 TEE            6           NAN    NAN  CARBON STEEL   
19                 TEE            6           NAN    NAN  CARBON STEEL   
20                 TEE            6             2    NAN  CARBON STEEL   
21                 TEE            6             2    NAN  CARBON STEEL   
22  CONCENTRIC REDUCER            6             4    NAN  CARBON STEEL   
23  CONCENTRIC REDUCER            6             4    NAN  CARBON STEEL   
24  CONCENTRIC REDUCER            6             4    NAN  CARBON STEEL   

   MATERIAL_SPECIFICATION MATERIAL_GRADE  ... PRIMARY_SCHEDULE  \
0                    WPL6            NAN  ...              STD   
1                    A420           WPL6  ...              STD   
2                    WPL6            NAN  ...              STD   
3                    WPL6            NAN  ...              STD   
4                     NAN           WPL6  ...         STANDARD   
5                    WPL6            NAN  ...         STANDARD   
6                    WPL6            NAN  ...         STANDARD   
7                    WPL6            NAN  ...              STD   
8                    WPL6            NAN  ...         STANDARD   
9                    WPL6            NAN  ...         STANDARD   
10                   WPL6            NAN  ...               XH   
11                   WPL6            NAN  ...              STD   
12                   WPL6            NAN  ...              STD   
13                   WPL6            NAN  ...              STD   
14                   WPL6            NAN  ...              STD   
15                   WPL6            NAN  ...              STD   
16                    NAN            NAN  ...              STD   
17                    NAN            NAN  ...              STD   
18                   WPL6            NAN  ...              160   
19                   WPL6            NAN  ...               XH   
20                    NAN            NAN  ...              STD   
21                    NAN            NAN  ...              STD   
22                   A420           WPL6  ...              STD   
23                   WPL6            NAN  ...              STD   
24                   WPL6            NAN  ...              STD   

   REDUCING_SCHEDULE MANUFACTURING_PROCESS END_FINISH END_CONNECTIONS TRIM  \
0                NAN                WELDED        NAN             NAN  NAN   
1                NAN                WELDED        NAN             NAN  NAN   
2                NAN                   NAN        NAN             NAN  NAN   
3                NAN                   NAN        NAN             NAN  NAN   
4                NAN                  WELD        NAN             NAN  NAN   
5                NAN                  WELD        NAN             NAN  NAN   
6                NAN                WELDED        NAN             NAN  NAN   
7                NAN                WELDED        NAN             NAN  NAN   
8                NAN                WELDED        NAN             NAN  NAN   
9                NAN                  WELD        NAN             NAN  NAN   
10               NAN                  WELD        NAN             NAN  NAN   
11               NAN                   NAN         BW             NAN  NAN   
12               NAN                   NAN        NAN             NAN  NAN   
13               NAN                   NAN        NAN             NAN  NAN   
14               NAN                   NAN         BW             NAN  NAN   
15               NAN                   NAN         BW             NAN  NAN   
16               NAN                WELDED        NAN             NAN  NAN   
17               NAN                  WELD        NAN             NAN  NAN   
18               NAN                   NAN         BW             NAN  NAN   
19               NAN                   NAN         BW             NAN  NAN   
20               NAN                  WELD        NAN             NAN  NAN   
21               NAN                WELDED        NAN             NAN  NAN   
22               NAN                  WELD        NAN             NAN  NAN   
23               NAN                   NAN        NAN             NAN  NAN   
24               NAN                   NAN         BW             NAN  NAN   

   MISCELLANEOUS CONFIDENCE     id     score  
0            NAN       0.85  28267  0.851715  
1            NAN       0.85  28244  0.846650  
2            NAN       0.80  28236  0.843900  
3            NAN       0.85  28237  0.843900  
4            NAN       0.80  43166  0.839120  
5            NAN       0.90  43165  0.839120  
6            NAN       0.80  43124  0.829979  
7            NAN       0.85  28257  0.829642  
8            NAN       0.90  43162  0.822218  
9            NAN       0.90  43161  0.822218  
10           NAN       0.90  28266  0.820369  
11           NAN       0.85  27742  0.818186  
12           NAN       0.85  27974  0.810434  
13           NAN       0.85  28450  0.810434  
14           NAN       0.85  28179  0.809749  
15           NAN       0.85  28178  0.809749  
16           NAN       0.85  28264  0.808301  
17           NAN       0.80  28265  0.808301  
18           NAN       0.85  28235  0.801212  
19           NAN       0.85  28234  0.800303  
20           NAN       0.80  28248  0.797262  
21           NAN       0.80  28249  0.797262  
22           NAN       0.90  23526  0.797212  
23           NAN       0.85  23520  0.796609  
24           NAN       0.85  23519  0.796609  

[25 rows x 21 columns]",4,EXCELLENT
12,"VALVE, GATE, 6"", RF FLANGED, 300 LB, CS BODY, TR:13","6"" 300 GATE VALVE CARBON STEEL FLANGED OS&Y TRIM 8",True,12,3,3.692492900000161,"       ID                                         DESCRIPTION CATEGORY  \
0   14104                 6 CS 300 FLANGED GATE VALVE WCB/T12    VALVE   
1   14102                         6 CS 300 FLANGED GATE VALVE    VALVE   
2   14101                         6 CS 300 FLANGED GATE VALVE    VALVE   
3   43499  6"" 300 GATE VALVE CARBON STEEL FLANGED OS&Y TRIM 8    VALVE   
4   43973  6"" 300 GATE VALVE CARBON STEEL FLANGED OS&Y TRIM 8    VALVE   
5   43975  6"" 300 GATE VALVE CARBON STEEL FLANGED OS&Y TRIM 8    VALVE   
6   43501  6"" 300 GATE VALVE CARBON STEEL FLANGED OS&Y TRIM 8    VALVE   
7   15306            6 STAINLESS STEEL 300 FLANGED GATE VALVE    VALVE   
8    7774                         6 CS 150 FLANGED GATE VALVE    VALVE   
9    7775                         6 CS 150 FLANGED GATE VALVE    VALVE   
10  18838               1 FORGED STEEL 600 FLANGED GATE VALVE    VALVE   
11  15868               1 FORGED STEEL 300 FLANGED GATE VALVE    VALVE   
12   3969               1 FORGED STEEL 300 FLANGED GATE VALVE    VALVE   
13  43970  6"" 600 GATE VALVE CARBON STEEL FLANGED OS&Y TRIM 8    VALVE   
14   4287              6 CS 600 FLANGED GATE VALVE TRIM 12 HW    VALVE   
15  14105     6 CS 300 FLANGED OUTSIDE STEM & YOKE GATE VALVE    VALVE   
16   3032     6 CS 300 FLANGED OUTSIDE STEM & YOKE GATE VALVE    VALVE   
17  14106     6 CS 300 FLANGED OUTSIDE STEM & YOKE GATE VALVE    VALVE   
18   3031     6 CS 300 FLANGED OUTSIDE STEM & YOKE GATE VALVE    VALVE   
19   3030     6 CS 300 FLANGED OUTSIDE STEM & YOKE GATE VALVE    VALVE   
20  43500  6"" 150 GATE VALVE CARBON STEEL FLANGED OS&Y TRIM 8    VALVE   
21  43971  6"" 150 GATE VALVE CARBON STEEL FLANGED OS&Y TRIM 8    VALVE   
22  43852  6"" 150 GATE VALVE CARBON STEEL FLANGED OS&Y TRIM 8    VALVE   
23  43969  6"" 150 GATE VALVE CARBON STEEL FLANGED OS&Y TRIM 8    VALVE   
24  43972  6"" 150 GATE VALVE CARBON STEEL FLANGED OS&Y TRIM 8    VALVE   

          TYPE PRIMARY_SIZE REDUCING_SIZE LENGTH    MATERIAL_NAME  \
0         GATE            6           NAN    NAN     CARBON STEEL   
1         GATE            6           NAN    NAN     CARBON STEEL   
2         GATE            6           NAN    NAN     CARBON STEEL   
3   GATE VALVE          6.0           NAN    NAN     CARBON STEEL   
4   GATE VALVE          6.0           NAN    NAN     CARBON STEEL   
5   GATE VALVE          6.0           NAN    NAN     CARBON STEEL   
6   GATE VALVE          6.0           NAN    NAN     CARBON STEEL   
7   GATE VALVE            6           NAN    NAN  STAINLESS STEEL   
8   GATE VALVE            6           NAN    NAN     CARBON STEEL   
9   GATE VALVE            6           NAN    NAN     CARBON STEEL   
10  GATE VALVE            1           NAN    NAN     CARBON STEEL   
11        GATE            1           NAN    NAN            STEEL   
12        GATE            1           NAN    NAN            STEEL   
13  GATE VALVE          6.0           NAN    NAN     CARBON STEEL   
14        GATE            6           NAN    NAN     CARBON STEEL   
15        GATE            6           NAN    NAN     CARBON STEEL   
16        GATE            6           NAN    NAN     CARBON STEEL   
17        GATE            6           NAN    NAN     CARBON STEEL   
18        GATE            6           NAN    NAN     CARBON STEEL   
19        GATE            6           NAN    NAN     CARBON STEEL   
20  GATE VALVE          6.0           NAN    NAN     CARBON STEEL   
21  GATE VALVE          6.0           NAN    NAN     CARBON STEEL   
22  GATE VALVE          6.0           NAN    NAN     CARBON STEEL   
23  GATE VALVE          6.0           NAN    NAN     CARBON STEEL   
24  GATE VALVE          6.0           NAN    NAN     CARBON STEEL   

   MATERIAL_SPECIFICATION MATERIAL_GRADE  ... PRIMARY_SCHEDULE  \
0                     NAN            WCB  ...              NAN   
1                     NAN            NAN  ...              NAN   
2                     NAN            NAN  ...              NAN   
3                     NAN            NAN  ...              NAN   
4                     NAN            NAN  ...              NAN   
5                     NAN            NAN  ...              NAN   
6                     NAN            NAN  ...              NAN   
7                     NAN            NAN  ...              NAN   
8                     NAN            NAN  ...              NAN   
9                     NAN            NAN  ...              NAN   
10                    NAN            NAN  ...              NAN   
11                    NAN            NAN  ...              NAN   
12                    NAN            NAN  ...              NAN   
13                    NAN            NAN  ...              NAN   
14                    NAN            NAN  ...              NAN   
15                    NAN            NAN  ...              NAN   
16                    NAN            NAN  ...              NAN   
17                    NAN            NAN  ...              NAN   
18                    NAN            NAN  ...              NAN   
19                    NAN            NAN  ...              NAN   
20                    NAN            NAN  ...              NAN   
21                    NAN            NAN  ...              NAN   
22                    NAN            NAN  ...              NAN   
23                    NAN            NAN  ...              NAN   
24                    NAN            NAN  ...              NAN   

   REDUCING_SCHEDULE MANUFACTURING_PROCESS END_FINISH END_CONNECTIONS  TRIM  \
0                NAN                   NAN        NAN         FLANGED    12   
1                NAN                   NAN        NAN         FLANGED   NAN   
2                NAN                   NAN        NAN         FLANGED   NAN   
3                NAN                   NAN        NAN         FLANGED     8   
4                NAN                   NAN        NAN         FLANGED     8   
5                NAN                   NAN        NAN         FLANGED     8   
6                NAN                   NAN        NAN         FLANGED     8   
7                NAN                   NAN        NAN         FLANGED   NAN   
8                NAN                   NAN        NAN         FLANGED   NAN   
9                NAN                   NAN        NAN         FLANGED   NAN   
10               NAN                FORGED        NAN         FLANGED   NAN   
11               NAN                FORGED        NAN         FLANGED   NAN   
12               NAN                FORGED        NAN         FLANGED   NAN   
13               NAN                   NAN        NAN         FLANGED     8   
14               NAN                   NAN        NAN         FLANGED    12   
15               NAN                   NAN        NAN         FLANGED  OS&Y   
16               NAN                   NAN        NAN         FLANGED  OS&Y   
17               NAN                   NAN        NAN         FLANGED     8   
18               NAN                   NAN        NAN         FLANGED  OS&Y   
19               NAN                   NAN        NAN         FLANGED  OS&Y   
20               NAN                   NAN        NAN         FLANGED     8   
21               NAN                   NAN        NAN         FLANGED     8   
22               NAN                   NAN        NAN         FLANGED     8   
23               NAN                   NAN        NAN         FLANGED     8   
24               NAN                   NAN        NAN         FLANGED     8   

   MISCELLANEOUS CONFIDENCE     id     score  
0            NAN       0.90  14104  0.842315  
1            NAN       0.85  14102  0.840395  
2            NAN       0.85  14101  0.840395  
3           OS&Y       0.90  43499  0.829163  
4           OS&Y       0.90  43973  0.829163  
5           OS&Y       0.90  43975  0.829163  
6           OS&Y       0.90  43501  0.829163  
7            NAN       0.85  15306  0.815230  
8            NAN       0.85   7774  0.800961  
9            NAN       0.85   7775  0.800961  
10           NAN       0.85  18838  0.793151  
11           NAN       0.85  15868  0.793143  
12           NAN       0.85   3969  0.793143  
13          OS&Y       0.90  43970  0.792644  
14     HANDWHEEL       0.90   4287  0.792382  
15           NAN       0.85  14105  0.791384  
16           NAN       0.90   3032  0.791384  
17          OS&Y       0.90  14106  0.791384  
18           NAN       0.85   3031  0.791384  
19           NAN       0.85   3030  0.791384  
20          OS&Y       0.90  43500  0.790945  
21          OS&Y       0.90  43971  0.790945  
22          OS&Y       0.90  43852  0.790945  
23          OS&Y       0.90  43969  0.790945  
24          OS&Y       0.90  43972  0.790945  

[25 rows x 21 columns]",4,EXCELLENT
13,"PIPE, SEAMLESS, 2"", PLAIN BEVELED END, SCH 80/XH, SA312, 304L SS",2 STAINLESS STEEL SCHEDULE 80 304L A312 SEAMLESS PIPE,True,13,0,5.748247799999945,"       ID                                                 DESCRIPTION  \
0   39258       2 STAINLESS STEEL SCHEDULE 80 304L A312 SEAMLESS PIPE   
1   39260       2 STAINLESS STEEL SCHEDULE 80 304L A312 SEAMLESS PIPE   
2   39259       2 STAINLESS STEEL SCHEDULE 80 304L A312 SEAMLESS PIPE   
3   43719       2 STAINLESS STEEL SCHEDULE 80 304L A312 SEAMLESS PIPE   
4   39320   2-0.5 STAINLESS STEEL SCHEDULE 80 304L A312 SEAMLESS PIPE   
5   39265       2 STAINLESS STEEL SCHEDULE 80 316L A312 SEAMLESS PIPE   
6   39263       2 STAINLESS STEEL SCHEDULE 80 316L A312 SEAMLESS PIPE   
7   39264       2 STAINLESS STEEL SCHEDULE 80 316L A312 SEAMLESS PIPE   
8   43722       2 STAINLESS STEEL SCHEDULE 80 316L A312 SEAMLESS PIPE   
9   39266       2 STAINLESS STEEL SCHEDULE 80 316L A312 SEAMLESS PIPE   
10  43721       2 STAINLESS STEEL SCHEDULE 80 316L A312 SEAMLESS PIPE   
11  38924       1 STAINLESS STEEL SCHEDULE 80 304L A312 SEAMLESS PIPE   
12  38927       1 STAINLESS STEEL SCHEDULE 80 304L A312 SEAMLESS PIPE   
13  43705       1 STAINLESS STEEL SCHEDULE 80 304L A312 SEAMLESS PIPE   
14  38925       1 STAINLESS STEEL SCHEDULE 80 304L A312 SEAMLESS PIPE   
15  38926       1 STAINLESS STEEL SCHEDULE 80 304L A312 SEAMLESS PIPE   
16  42657       1 STAINLESS STEEL SCHEDULE 80 304L A312 SEAMLESS PIPE   
17  39323   2-0.5 STAINLESS STEEL SCHEDULE 80 316L A312 SEAMLESS PIPE   
18  39322   2-0.5 STAINLESS STEEL SCHEDULE 80 316L A312 SEAMLESS PIPE   
19  39321  2-0.5 STAINLESS STEEL SCHEDULE 80 316 L A312 SEAMLESS PIPE   
20  26793           2 STAINLESS STEEL SCHEDULE 80 304L A312 WELD PIPE   
21  39261           2 STAINLESS STEEL SCHEDULE 80 304L A312 WELD PIPE   
22  39270        2 STAINLESS STEEL SCHEDULE 80 321 A312 SEAMLESS PIPE   
23  39269       2 STAINLESS STEEL SCHEDULE 80 317L A312 SEAMLESS PIPE   
24  39680       8 STAINLESS STEEL SCHEDULE 80 304L A312 SEAMLESS PIPE   

   CATEGORY           TYPE PRIMARY_SIZE REDUCING_SIZE LENGTH    MATERIAL_NAME  \
0      PIPE           PIPE            2           NAN    NAN  STAINLESS STEEL   
1      PIPE           PIPE            2           NAN    NAN  STAINLESS STEEL   
2      PIPE           PIPE            2           NAN    NAN  STAINLESS STEEL   
3      PIPE  SEAMLESS PIPE          2.0           NAN    NAN  STAINLESS STEEL   
4      PIPE           PIPE          2.5           NAN    NAN  STAINLESS STEEL   
5      PIPE           PIPE            2           NAN    NAN  STAINLESS STEEL   
6      PIPE           PIPE            2           NAN    NAN  STAINLESS STEEL   
7      PIPE           PIPE            2           NAN    NAN  STAINLESS STEEL   
8      PIPE       SEAMLESS          2.0           NAN    NAN  STAINLESS STEEL   
9      PIPE           PIPE            2           NAN    NAN  STAINLESS STEEL   
10     PIPE       SEAMLESS          2.0           NAN    NAN  STAINLESS STEEL   
11     PIPE           PIPE            1           NAN    NAN  STAINLESS STEEL   
12     PIPE           PIPE            1           NAN    NAN  STAINLESS STEEL   
13     PIPE  SEAMLESS PIPE          1.0           NAN    NAN  STAINLESS STEEL   
14     PIPE           PIPE            1           NAN    NAN  STAINLESS STEEL   
15     PIPE           PIPE            1           NAN    NAN  STAINLESS STEEL   
16     PIPE  SEAMLESS PIPE          1.0           NAN    NAN  STAINLESS STEEL   
17     PIPE           PIPE          2.5           NAN    NAN  STAINLESS STEEL   
18     PIPE           PIPE          2.5           NAN    NAN  STAINLESS STEEL   
19     PIPE           PIPE          2.5           NAN    NAN  STAINLESS STEEL   
20     PIPE           PIPE            2           NAN     21     CARBON STEEL   
21     PIPE           PIPE            2           NAN    NAN  STAINLESS STEEL   
22     PIPE           PIPE            2           NAN    NAN  STAINLESS STEEL   
23     PIPE           PIPE            2           NAN    NAN  STAINLESS STEEL   
24     PIPE           PIPE            8           NAN    NAN  STAINLESS STEEL   

   MATERIAL_SPECIFICATION MATERIAL_GRADE  ... PRIMARY_SCHEDULE  \
0                    A312           304L  ...               80   
1                    A312           304L  ...               80   
2                    A312           304L  ...               80   
3                    A312           304L  ...      SCHEDULE 80   
4                    A312           304L  ...               80   
5                    A312           316L  ...               80   
6                    A312           316L  ...               80   
7                    A312           316L  ...               80   
8                    A312           316L  ...               80   
9                    A312           316L  ...               80   
10                   A312           316L  ...               80   
11                   A312           304L  ...               80   
12                   A312           304L  ...               80   
13                   A312           304L  ...               80   
14                   A312           304L  ...               80   
15                   A312           304L  ...               80   
16                   A312           304L  ...               80   
17                   A312           316L  ...               80   
18                   A312           316L  ...               80   
19                   A312           316L  ...               80   
20                    A53              B  ...               40   
21                   A312           304L  ...               80   
22                   A312            321  ...               80   
23                   A312           317L  ...               80   
24                   A312           304L  ...               80   

   REDUCING_SCHEDULE MANUFACTURING_PROCESS END_FINISH END_CONNECTIONS TRIM  \
0                NAN              SEAMLESS        NAN             NAN  NAN   
1                NAN              SEAMLESS        NAN             NAN  NAN   
2                NAN              SEAMLESS        NAN             NAN  NAN   
3                NAN              SEAMLESS        NAN             NAN  NAN   
4                NAN              SEAMLESS        NAN             NAN  NAN   
5                NAN              SEAMLESS        NAN             NAN  NAN   
6                NAN              SEAMLESS        NAN             NAN  NAN   
7                NAN              SEAMLESS        NAN             NAN  NAN   
8                NAN              SEAMLESS        NAN             NAN  NAN   
9                NAN              SEAMLESS        NAN             NAN  NAN   
10               NAN              SEAMLESS        NAN             NAN  NAN   
11               NAN              SEAMLESS        NAN             NAN  NAN   
12               NAN              SEAMLESS        NAN             NAN  NAN   
13               NAN              SEAMLESS        NAN             NAN  NAN   
14               NAN              SEAMLESS        NAN             NAN  NAN   
15               NAN              SEAMLESS        NAN             NAN  NAN   
16               NAN              SEAMLESS        NAN             NAN  NAN   
17               NAN              SEAMLESS        NAN             NAN  NAN   
18               NAN              SEAMLESS        NAN             NAN  NAN   
19               NAN              SEAMLESS        NAN             NAN  NAN   
20               NAN                   ERW  PLAIN END             NAN  NAN   
21               NAN                  WELD        NAN             NAN  NAN   
22               NAN              SEAMLESS        NAN             NAN  NAN   
23               NAN              SEAMLESS        NAN             NAN  NAN   
24               NAN              SEAMLESS        NAN             NAN  NAN   

   MISCELLANEOUS CONFIDENCE     id     score  
0            NAN       0.90  39258  0.857332  
1            NAN       0.90  39260  0.857332  
2            NAN       0.90  39259  0.857332  
3            NAN       0.90  43719  0.857332  
4            NAN       0.95  39320  0.838572  
5            NAN       0.95  39265  0.836329  
6            NAN       0.95  39263  0.836329  
7            NAN       0.95  39264  0.836329  
8            NAN       0.90  43722  0.836329  
9            NAN       0.90  39266  0.836329  
10           NAN       0.90  43721  0.836329  
11           NAN       0.95  38924  0.819131  
12           NAN       0.95  38927  0.819131  
13           NAN       0.90  43705  0.819131  
14           NAN       0.90  38925  0.819131  
15           NAN       0.90  38926  0.819131  
16           NAN       0.90  42657  0.819131  
17           NAN       0.95  39323  0.818894  
18           NAN       0.95  39322  0.818894  
19           NAN       0.95  39321  0.816727  
20    GALVANIZED       0.95  26793  0.813633  
21           NAN       0.90  39261  0.813633  
22           NAN       0.90  39270  0.812709  
23           NAN       0.90  39269  0.812183  
24           NAN       0.95  39680  0.809929  

[25 rows x 21 columns]",2,EXCELLENT
14,"4 90 DEGREE LONG RADIUS ELBOW , ASME B16.9 , BEVELED END , ASTM A403 GRADE WP304/WP304L , TYPE S S-40S",4 STAINLESS STEEL SCHEDULE 40 304L SEAMLESS LONG RADIUS 90 ELBOW,True,14,8,5.0188236000001325,"       ID                                                        DESCRIPTION  \
0   36874          18 STAINLESS STEEL S40S 304L LONG RADIUS 90 ELBOW A403WPW   
1   40016             4 STAINLESS STEEL SCHEDULE 40 304L SR 90 ELBOW A403WPW   
2   40015             4 STAINLESS STEEL SCHEDULE 40 304L SR 90 ELBOW A403WPW   
3   36616          14 STAINLESS STEEL S40S 304L LONG RADIUS 45 ELBOW A403WPW   
4   43065    4 STAINLESS STEEL SCHEDULE 10 304L LONG RADIUS 90 ELBOW A403WPW   
5   37030             4 STAINLESS STEEL SCHEDULE 40 304L LR 90 ELBOW A403WPW   
6   37032             4 STAINLESS STEEL SCHEDULE 40 304L LR 90 ELBOW A403WPW   
7   37031             4 STAINLESS STEEL SCHEDULE 40 304L LR 90 ELBOW A403WPW   
8   43038   4 STAINLESS STEEL SCHEDULE 40 304L SEAMLESS LONG RADIUS 90 ELBOW   
9   42794           14 STAINLESS STEEL S60 304L LONG RADIUS 90 ELBOW A403WPW   
10  42793  14 STAINLESS STEEL SCHEDULE 40S 304L LONG RADIUS 90 ELBOW A403WPW   
11  36856                   14 STAINLESS STEEL S40S 304L LR 90 ELBOW A403WPW   
12  42763  12 STAINLESS STEEL SCHEDULE 40S 304L LONG RADIUS 90 ELBOW A403WPW   
13  36867                   16 STAINLESS STEEL S40S 304L LR 90 ELBOW A403WPW   
14  36681             4 STAINLESS STEEL SCHEDULE 40 304L LR 45 ELBOW A403WPW   
15  36683             4 STAINLESS STEEL SCHEDULE 40 304L LR 45 ELBOW A403WPW   
16  36682             4 STAINLESS STEEL SCHEDULE 40 304L LR 45 ELBOW A403WPW   
17  37126                   12 STAINLESS STEEL S40S 304L LR 90 ELBOW A403WPW   
18  36837                   12 STAINLESS STEEL S40S 304L LR 90 ELBOW A403WPW   
19  36625                   18 STAINLESS STEEL S40S 304L LR 45 ELBOW A403WPW   
20  36732             1 STAINLESS STEEL SCHEDULE 40 304L LR 90 ELBOW A403WPW   
21  36731             1 STAINLESS STEEL SCHEDULE 40 304L LR 90 ELBOW A403WPW   
22  36733             1 STAINLESS STEEL SCHEDULE 40 304L LR 90 ELBOW A403WPW   
23  42623   1 STAINLESS STEEL SCHEDULE 40 304L SEAMLESS LONG RADIUS 90 ELBOW   
24  40010             4 STAINLESS STEEL SCHEDULE 10 304L SR 90 ELBOW A403WPW   

   CATEGORY                  TYPE PRIMARY_SIZE REDUCING_SIZE LENGTH  \
0   FITTING    LR 90 DEGREE ELBOW           18           NAN    NAN   
1   FITTING    SR 90 DEGREE ELBOW            4           NAN    NAN   
2   FITTING    SR 90 DEGREE ELBOW            4           NAN    NAN   
3   FITTING    LR 45 DEGREE ELBOW           14           NAN    NAN   
4   FITTING  LONG RADIUS 90 ELBOW          4.0           NAN    NAN   
5   FITTING    LR 90 DEGREE ELBOW            4           NAN    NAN   
6   FITTING    LR 90 DEGREE ELBOW            4           NAN    NAN   
7   FITTING    LR 90 DEGREE ELBOW            4           NAN    NAN   
8   FITTING  LONG RADIUS 90 ELBOW          4.0           NAN    NAN   
9   FITTING  LONG RADIUS 90 ELBOW         14.0           NAN    NAN   
10  FITTING  LONG RADIUS 90 ELBOW         14.0           NAN    NAN   
11  FITTING    LR 90 DEGREE ELBOW           14           NAN    NAN   
12  FITTING  LONG RADIUS 90 ELBOW         12.0           NAN    NAN   
13  FITTING    LR 90 DEGREE ELBOW           16           NAN    NAN   
14  FITTING    LR 45 DEGREE ELBOW            4           NAN    NAN   
15  FITTING    LR 45 DEGREE ELBOW            4           NAN    NAN   
16  FITTING    LR 45 DEGREE ELBOW            4           NAN    NAN   
17  FITTING           LR 90 ELBOW           12           NAN    NAN   
18  FITTING    LR 90 DEGREE ELBOW           12           NAN    NAN   
19  FITTING    LR 45 DEGREE ELBOW           18           NAN    NAN   
20  FITTING    LR 90 DEGREE ELBOW            1           NAN    NAN   
21  FITTING    LR 90 DEGREE ELBOW            1           NAN    NAN   
22  FITTING    LR 90 DEGREE ELBOW            1           NAN    NAN   
23  FITTING           LR 90 ELBOW          1.0           NAN    NAN   
24  FITTING    SR 90 DEGREE ELBOW            4           NAN    NAN   

      MATERIAL_NAME MATERIAL_SPECIFICATION MATERIAL_GRADE  ...  \
0   STAINLESS STEEL                   A403            WPW  ...   
1   STAINLESS STEEL                   A403            WPW  ...   
2   STAINLESS STEEL                   A403            WPW  ...   
3   STAINLESS STEEL                   A403            WPW  ...   
4   STAINLESS STEEL                   A403            WPW  ...   
5   STAINLESS STEEL                   A403            WPW  ...   
6   STAINLESS STEEL                   A403            WPW  ...   
7   STAINLESS STEEL                   A403            WPW  ...   
8   STAINLESS STEEL                    NAN           304L  ...   
9   STAINLESS STEEL                   A403            WPW  ...   
10  STAINLESS STEEL                   A403            WPW  ...   
11  STAINLESS STEEL                   A403            WPW  ...   
12  STAINLESS STEEL                   A403            WPW  ...   
13  STAINLESS STEEL                   A403            WPW  ...   
14  STAINLESS STEEL                   A403            WPW  ...   
15  STAINLESS STEEL                   A403         WP304L  ...   
16  STAINLESS STEEL                   A403            WPW  ...   
17  STAINLESS STEEL                   A403            WPW  ...   
18  STAINLESS STEEL                   A403            WPW  ...   
19  STAINLESS STEEL                   A403            WPW  ...   
20  STAINLESS STEEL                   A403            WPW  ...   
21  STAINLESS STEEL                   A403            WPW  ...   
22  STAINLESS STEEL                   A403            WPW  ...   
23  STAINLESS STEEL                    NAN           304L  ...   
24  STAINLESS STEEL                   A403            WPW  ...   

   PRIMARY_SCHEDULE REDUCING_SCHEDULE MANUFACTURING_PROCESS END_FINISH  \
0               40S               NAN                   NAN        NAN   
1                40               NAN                   NAN        NAN   
2                40               NAN                   NAN        NAN   
3               40S               NAN                   NAN        NAN   
4                10               NAN                   NAN        NAN   
5                40               NAN                   NAN        NAN   
6                40               NAN                   NAN        NAN   
7                40               NAN                   NAN        NAN   
8                40               NAN              SEAMLESS        NAN   
9               S60               NAN                   NAN        NAN   
10              40S               NAN                   NAN        NAN   
11              40S               NAN                   NAN        NAN   
12              40S               NAN                   NAN        NAN   
13              40S               NAN                   NAN        NAN   
14               40               NAN                   NAN        NAN   
15               40               NAN                   NAN        NAN   
16               40               NAN                   NAN        NAN   
17              40S               NAN                   NAN        NAN   
18              40S               NAN                   NAN        NAN   
19              40S               NAN                   NAN        NAN   
20               40               NAN                   NAN        NAN   
21               40               NAN                   NAN        NAN   
22               40               NAN                   NAN        NAN   
23               40               NAN              SEAMLESS        NAN   
24               10               NAN                   NAN        NAN   

   END_CONNECTIONS TRIM MISCELLANEOUS CONFIDENCE     id     score  
0              NAN  NAN           NAN       0.95  36874  0.894302  
1              NAN  NAN           NAN       0.95  40016  0.877939  
2              NAN  NAN           NAN       0.95  40015  0.877939  
3              NAN  NAN           NAN       0.95  36616  0.876525  
4              NAN  NAN           NAN       0.90  43065  0.875159  
5              NAN  NAN           NAN       0.95  37030  0.875069  
6              NAN  NAN           NAN       0.95  37032  0.875069  
7              NAN  NAN           NAN       0.95  37031  0.875069  
8              NAN  NAN           NAN       0.90  43038  0.873755  
9              NAN  NAN          304L       0.90  42794  0.870935  
10             NAN  NAN          304L       0.90  42793  0.870584  
11             NAN  NAN           NAN       0.95  36856  0.863951  
12             NAN  NAN          304L       0.90  42763  0.861872  
13             NAN  NAN           NAN       0.95  36867  0.859352  
14             NAN  NAN           NAN       0.95  36681  0.859025  
15             NAN  NAN           NAN       0.95  36683  0.859025  
16             NAN  NAN           NAN       0.95  36682  0.859025  
17             NAN  NAN           NAN       0.95  37126  0.857499  
18             NAN  NAN           NAN       0.95  36837  0.857499  
19             NAN  NAN           NAN       0.95  36625  0.854988  
20             NAN  NAN           NAN       0.90  36732  0.853436  
21             NAN  NAN           NAN       0.95  36731  0.853436  
22             NAN  NAN           NAN       0.95  36733  0.853436  
23             NAN  NAN   LONG RADIUS       0.90  42623  0.853253  
24             NAN  NAN           NAN       0.95  40010  0.852977  

[25 rows x 21 columns]",1,EXCELLENT
15,"VALVE, BALL, 1"", THREADED, 600 LB","1"" 600 REDUCED PORT BALL VALVE BRONZE NOT FOR POTABLE USE THREADED",True,15,0,3.6106004999999186,"       ID  \
0   43814   
1   43819   
2   42630   
3    6605   
4   42755   
5   42688   
6    5197   
7   43816   
8    5104   
9   21042   
10  42889   
11  43815   
12  42692   
13   4127   
14  18613   
15   3843   
16   4656   
17  43505   
18  18615   
19   4134   
20  43817   
21  42690   
22   6555   
23   6603   
24  18554   

                                                                                       DESCRIPTION  \
0                               1"" 600 REDUCED PORT BALL VALVE BRONZE NOT FOR POTABLE USE THREADED   
1         1"" 1500 FULL PORT BALL VALVE STAINLESS STEEL/STAINLESS STEEL LEAD LAW COMPLIANT THREADED   
2                                   1"" 2000 BALL VALVE CARBON STEEL THREADED 1-PIECE LOCKING LEVER   
3                                  1-0.25"" 1000 BALL VALVE STAINLESS STEEL THREADED FULL PORT RTFE   
4                               1-0.5"" 1500 BALL VALVE CARBON STEEL THREADED 1-PIECE LOCKING LEVER   
5                          0.5"" 600 STANDARD PORT BALL VALVE BRONZE NOT FOR POTABLE USE THREADED L   
6     1"" 2000 BALL VALVE CARBON STEEL STAINLESS STEEL THREADED REDUCED PORT FIRESAFE LOCKING LEVER   
7                            0.5"" 600 STANDARD PORT BALL VALVE BRONZE NOT FOR POTABLE USE THREADED   
8                                                      1 2000 THREAD FULL PORT CS SS BALL VALVE *X   
9                                                     1 FORGED STEEL 800 THREADED BALL CHECK VALVE   
10                                             2"" 1500 BALL VALVE STAINLESS STEEL THREADED 1-PIECE   
11                             0.5"" 2000 BALL VALVE STAINLESS STEEL THREADED 1-PIECE LOCKING LEVER   
12                             0.5"" 2000 BALL VALVE STAINLESS STEEL THREADED 1-PIECE LOCKING LEVER   
13                                          NOT FOR POTABLE USE 1 BRONZE 600 THREADED FULL PORT BV   
14                                          NOT FOR POTABLE USE 1 BRONZE 600 THREADED FULL PORT BV   
15             1"" 300 STAINLESS STEEL UNION BONNET GLOBE VALVE BRONZE NOT FOR POTABLE USE THREADED   
16                                       1 FORGED STEEL 800 THREADED UNION BONNET BALL CHECK VALVE   
17  1-0.25"" 1500 REDUCED PORT BALL VALVE STAINLESS STEEL LEAD LAW COMPLIANT THREADED LOCKING LEVER   
18                          NOT FOR POTABLE USE 1 BRONZE STAINLESS STEEL 600 THREADED FULL PORT BV   
19                          NOT FOR POTABLE USE 1 BRONZE STAINLESS STEEL 600 THREADED FULL PORT BV   
20                                0.5"" 2000 BALL VALVE CARBON STEEL THREADED 1-PIECE LOCKING LEVER   
21                                0.5"" 2000 BALL VALVE CARBON STEEL THREADED 1-PIECE LOCKING LEVER   
22                                                 2 STAINLESS STEEL 316 1000 THREAD FP BALL VALVE   
23                                                     TC-03T 1"" 1000 316 3PC F.P. THRD BALL VALVE   
24                                    NOT FOR POTABLE USE 1 BRASS 600 THREADED FULL PORT BV CSA/UL   

   CATEGORY        TYPE PRIMARY_SIZE REDUCING_SIZE LENGTH    MATERIAL_NAME  \
0     VALVE  BALL VALVE          1.0           NAN    NAN           BRONZE   
1     VALVE  BALL VALVE          1.0           NAN    NAN  STAINLESS STEEL   
2     VALVE  BALL VALVE          1.0           NAN    NAN     CARBON STEEL   
3     VALVE        BALL         1.25           NAN    NAN  STAINLESS STEEL   
4     VALVE  BALL VALVE          1.5           NAN    NAN     CARBON STEEL   
5     VALVE  BALL VALVE          0.5           NAN    NAN           BRONZE   
6     VALVE        BALL            1           NAN    NAN     CARBON STEEL   
7     VALVE  BALL VALVE          0.5           NAN    NAN           BRONZE   
8     VALVE        BALL            1           NAN    NAN     CARBON STEEL   
9     VALVE  BALL CHECK            1           NAN    NAN            STEEL   
10    VALVE  BALL VALVE          2.0           NAN    NAN  STAINLESS STEEL   
11    VALVE  BALL VALVE          0.5           NAN    NAN  STAINLESS STEEL   
12    VALVE  BALL VALVE          0.5           NAN    NAN  STAINLESS STEEL   
13    VALVE        BALL            1           NAN    NAN           BRONZE   
14    VALVE  BALL VALVE            1           NAN    NAN           BRONZE   
15    VALVE       GLOBE            1           NAN    NAN  STAINLESS STEEL   
16    VALVE  BALL CHECK            1           NAN    NAN     CARBON STEEL   
17    VALVE  BALL VALVE         1.24           NAN    NAN  STAINLESS STEEL   
18    VALVE  BALL VALVE            1           NAN    NAN           BRONZE   
19    VALVE        BALL            1           NAN    NAN           BRONZE   
20    VALVE  BALL VALVE          0.5           NAN    NAN     CARBON STEEL   
21    VALVE  BALL VALVE          0.5           NAN    NAN     CARBON STEEL   
22    VALVE        BALL            2           NAN    NAN  STAINLESS STEEL   
23    VALVE        BALL            1           NAN    NAN  STAINLESS STEEL   
24    VALVE        BALL            1           NAN    NAN            BRASS   

   MATERIAL_SPECIFICATION MATERIAL_GRADE  ... PRIMARY_SCHEDULE  \
0                     NAN            NAN  ...              NAN   
1                     NAN            NAN  ...              NAN   
2                     NAN            NAN  ...              NAN   
3                     NAN            NAN  ...              NAN   
4                     NAN            NAN  ...              NAN   
5                     NAN            NAN  ...              NAN   
6                     NAN            NAN  ...              NAN   
7                     NAN            NAN  ...              NAN   
8                     NAN            NAN  ...              NAN   
9                     NAN            NAN  ...              NAN   
10                    NAN            NAN  ...              NAN   
11                    NAN            NAN  ...              NAN   
12                    NAN            NAN  ...              NAN   
13                    NAN            NAN  ...              NAN   
14                    NAN            NAN  ...              NAN   
15                    NAN            NAN  ...              NAN   
16                    NAN            NAN  ...              NAN   
17                    NAN            NAN  ...              NAN   
18                    NAN            NAN  ...              NAN   
19                    NAN            NAN  ...              NAN   
20                    NAN            NAN  ...              NAN   
21                    NAN            NAN  ...              NAN   
22                    NAN            316  ...              NAN   
23                    NAN            316  ...              NAN   
24                    NAN            NAN  ...              NAN   

   REDUCING_SCHEDULE MANUFACTURING_PROCESS END_FINISH END_CONNECTIONS  \
0                NAN                   NAN        NAN        THREADED   
1                NAN                   NAN        NAN        THREADED   
2                NAN                   NAN        NAN        THREADED   
3                NAN                   NAN  FULL PORT             THD   
4                NAN                   NAN        NAN        THREADED   
5                NAN                   NAN        NAN        THREADED   
6                NAN                   NAN        NAN             THD   
7                NAN                   NAN        NAN        THREADED   
8                NAN                   NAN  FULL PORT             THD   
9                NAN                FORGED        NAN             THD   
10               NAN                   NAN        NAN        THREADED   
11               NAN                   NAN        NAN        THREADED   
12               NAN                   NAN        NAN        THREADED   
13               NAN                   NAN  FULL PORT             THD   
14               NAN                   NAN  FULL PORT             THD   
15               NAN                   NAN        NAN             THD   
16               NAN                FORGED        NAN        THREADED   
17               NAN                   NAN        NAN        THREADED   
18               NAN                   NAN  FULL PORT             THD   
19               NAN                   NAN        NAN             THD   
20               NAN                   NAN        NAN        THREADED   
21               NAN                   NAN        NAN        THREADED   
22               NAN                   NAN  FULL PORT             THD   
23               NAN                   NAN  FULL PORT        THREADED   
24               NAN                   NAN        NAN             THD   

               TRIM                                  MISCELLANEOUS CONFIDENCE  \
0      REDUCED PORT                            NOT FOR POTABLE USE       0.90   
1   STAINLESS STEEL                   FULL PORT LEAD LAW COMPLIANT       0.90   
2     LOCKING LEVER                                        1-PIECE       0.90   
3              RTFE                                            NAN       0.90   
4               NAN                          1-PIECE LOCKING LEVER       0.90   
5     STANDARD PORT                            NOT FOR POTABLE USE       0.90   
6   STAINLESS STEEL            REDUCED PORT FIRESAFE LOCKING LEVER       0.85   
7     STANDARD PORT                            NOT FOR POTABLE USE       0.90   
8   STAINLESS STEEL                                            NAN       0.90   
9              BALL                                            NAN       0.85   
10              NAN                                        1-PIECE       0.80   
11              NAN                          1-PIECE LOCKING LEVER       0.80   
12    LOCKING LEVER                                        1-PIECE       0.90   
13              NAN                            NOT FOR POTABLE USE       0.90   
14              NAN                            NOT FOR POTABLE USE       0.90   
15           BRONZE               UNION BONNET NOT FOR POTABLE USE       0.90   
16             BALL                                   UNION BONNET       0.85   
17              NAN  REDUCED PORT,LOCKING LEVER,LEAD LAW COMPLIANT       0.80   
18  STAINLESS STEEL                            NOT FOR POTABLE USE       0.90   
19  STAINLESS STEEL                  FULL PORT NOT FOR POTABLE USE       0.90   
20              NAN                          1-PIECE LOCKING LEVER       0.90   
21              NAN                          1-PIECE LOCKING LEVER       0.80   
22              NAN                                            NAN       0.90   
23          3-PIECE                                         TC-03T       0.95   
24        FULL PORT                     CSA/UL NOT FOR POTABLE USE       0.90   

       id     score  
0   43814  0.829596  
1   43819  0.802429  
2   42630  0.791624  
3    6605  0.782276  
4   42755  0.772470  
5   42688  0.763210  
6    5197  0.762851  
7   43816  0.762143  
8    5104  0.754582  
9   21042  0.745874  
10  42889  0.743755  
11  43815  0.743470  
12  42692  0.743470  
13   4127  0.739628  
14  18613  0.739628  
15   3843  0.739396  
16   4656  0.739297  
17  43505  0.738682  
18  18615  0.737593  
19   4134  0.737593  
20  43817  0.734746  
21  42690  0.734746  
22   6555  0.734210  
23   6603  0.734161  
24  18554  0.733106  

[25 rows x 21 columns]",0,EXCELLENT
16,"REDUCER, PIPE, CONCENTRIC, 2"" X 1"", BUTT WELD, SCH 80/XH, CARBON STEEL, A234",2X1 CARBON STEEL SCHEDULE XH WELD CONCENTRIC REDUCER,True,16,2,6.175752899999907,"       ID  \
0   23205   
1   23224   
2   43754   
3   23203   
4   23204   
5   23201   
6   23202   
7   23199   
8   23200   
9   23232   
10  23231   
11  23233   
12  23281   
13  23421   
14  23220   
15  23282   
16  23283   
17  23344   
18  23198   
19  23417   
20  43755   
21  23285   
22  23537   
23  23276   
24  23221   

                                                            DESCRIPTION  \
0                 2 X 1 CARBON STEEL STD-XH CONCENTRIC REDUCER A234 WPB   
1             2 X 1-0.5 CARBON STEEL STD-XH CONCENTRIC REDUCER A234 WPB   
2                  2X1 CARBON STEEL SCHEDULE XH WELD CONCENTRIC REDUCER   
3                    2 X 1 CARBON STEEL STANDARD WLD CONCENTRIC REDUCER   
4                    2 X 1 CARBON STEEL STANDARD WLD CONCENTRIC REDUCER   
5                2 X 1 CARBON STEEL SCHEDULE 160 WLD CONCENTRIC REDUCER   
6                2 X 1 CARBON STEEL SCHEDULE 160 WLD CONCENTRIC REDUCER   
7                 2 X 1 CARBON STEEL EXTRA HEAVY WLD CONCENTRIC REDUCER   
8                 2 X 1 CARBON STEEL EXTRA HEAVY WLD CONCENTRIC REDUCER   
9            2 X 1-0.25 CARBON STEEL EXTRA HEAVY WLD CONCENTRIC REDUCER   
10           2 X 1-0.25 CARBON STEEL EXTRA HEAVY WLD CONCENTRIC REDUCER   
11              2 X 1-0.25 CARBON STEEL STANDARD WLD CONCENTRIC REDUCER   
12       2-0.5 X 1-0.25 CARBON STEEL EXTRA HEAVY WLD CONCENTRIC REDUCER   
13                4 X 2 CARBON STEEL STD-XH CONCENTRIC REDUCER A234 WPB   
14           2 X 1-0.5 CARBON STEEL SCHEDULE 160 WLD CONCENTRIC REDUCER   
15          2-0.5 X 1-0.25 CARBON STEEL STANDARD WLD CONCENTRIC REDUCER   
16          2-0.5 X 1-0.25 CARBON STEEL STANDARD WLD CONCENTRIC REDUCER   
17  3 X 2 CARBON STEEL SCHEDULE 40 X SCHEDULE 80 WLD CONCENTRIC REDUCER   
18          2 X 1 CARBON STEEL EXTRA EXTRA HEAVY WLD CONCENTRIC REDUCER   
19  4 X 2 CARBON STEEL SCHEDULE 40 X SCHEDULE 80 WLD CONCENTRIC REDUCER   
20                2X1-0.5 CARBON STEEL STANDARD WELD CONCENTRIC REDUCER   
21           2-0.5 X 2 CARBON STEEL SCHEDULE 160 WLD CONCENTRIC REDUCER   
22                   8 X 2 CARBON STEEL STANDARD WLD CONCENTRIC REDUCER   
23        2-0.5 X 1-0.5 CARBON STEEL EXTRA HEAVY WLD CONCENTRIC REDUCER   
24              2 X 1-0.5 CARBON STEEL STANDARD WELD CONCENTRIC REDUCER   

   CATEGORY                TYPE PRIMARY_SIZE REDUCING_SIZE LENGTH  \
0   FITTING  CONCENTRIC REDUCER            2             1    NAN   
1   FITTING  CONCENTRIC REDUCER            2           1.5    NAN   
2   FITTING  CONCENTRIC REDUCER          2.0           1.0    NAN   
3   FITTING  CONCENTRIC REDUCER            2             1    NAN   
4   FITTING  CONCENTRIC REDUCER            2             1    NAN   
5   FITTING  CONCENTRIC REDUCER            2             1    NAN   
6   FITTING  CONCENTRIC REDUCER            2             1    NAN   
7   FITTING  CONCENTRIC REDUCER            2             1    NAN   
8   FITTING  CONCENTRIC REDUCER            2             1    NAN   
9   FITTING  CONCENTRIC REDUCER            2          1.25    NAN   
10  FITTING  CONCENTRIC REDUCER            2          1.25    NAN   
11  FITTING  CONCENTRIC REDUCER            2          1.25    NAN   
12  FITTING  CONCENTRIC REDUCER          2.5          1.25    NAN   
13  FITTING  CONCENTRIC REDUCER            4             2    NAN   
14  FITTING  CONCENTRIC REDUCER            2           1.5    NAN   
15  FITTING  CONCENTRIC REDUCER          2.5          1.25    NAN   
16  FITTING  CONCENTRIC REDUCER          2.5          1.25    NAN   
17  FITTING  CONCENTRIC REDUCER            3             2    NAN   
18  FITTING  CONCENTRIC REDUCER            2             1    NAN   
19  FITTING  CONCENTRIC REDUCER            4             2    NAN   
20  FITTING  CONCENTRIC REDUCER          2.0           1.5    NAN   
21  FITTING  CONCENTRIC REDUCER          2.5             2    NAN   
22  FITTING  CONCENTRIC REDUCER            8             2    NAN   
23  FITTING  CONCENTRIC REDUCER          2.5           1.5    NAN   
24  FITTING  CONCENTRIC REDUCER            2           1.5    NAN   

   MATERIAL_NAME MATERIAL_SPECIFICATION MATERIAL_GRADE  ... PRIMARY_SCHEDULE  \
0   CARBON STEEL                   A234            WPB  ...               XH   
1   CARBON STEEL                   A234            WPB  ...               XH   
2   CARBON STEEL                    NAN            NAN  ...               XH   
3   CARBON STEEL                    NAN            NAN  ...              STD   
4   CARBON STEEL                    NAN            NAN  ...              STD   
5   CARBON STEEL                    NAN            NAN  ...              160   
6   CARBON STEEL                    NAN            NAN  ...              160   
7   CARBON STEEL                    NAN            NAN  ...               XH   
8   CARBON STEEL                    NAN            NAN  ...               XH   
9   CARBON STEEL                    NAN            NAN  ...               XH   
10  CARBON STEEL                    NAN            NAN  ...               XH   
11  CARBON STEEL                    NAN            NAN  ...              STD   
12  CARBON STEEL                    NAN            NAN  ...               XH   
13  CARBON STEEL                   A234            WPB  ...               XH   
14  CARBON STEEL                    NAN            NAN  ...              160   
15  CARBON STEEL                    NAN            NAN  ...              STD   
16  CARBON STEEL                    NAN            NAN  ...              STD   
17  CARBON STEEL                    NAN            NAN  ...               40   
18  CARBON STEEL                    NAN            NAN  ...              XXH   
19  CARBON STEEL                    NAN            NAN  ...               40   
20  CARBON STEEL                    NAN            NAN  ...         STANDARD   
21  CARBON STEEL                    NAN            NAN  ...              160   
22  CARBON STEEL                    NAN            NAN  ...              STD   
23  CARBON STEEL                    NAN            NAN  ...               XH   
24  CARBON STEEL                    NAN            NAN  ...              STD   

   REDUCING_SCHEDULE MANUFACTURING_PROCESS END_FINISH END_CONNECTIONS TRIM  \
0                NAN                   NAN        NAN             NAN  NAN   
1                NAN                   NAN        NAN             NAN  NAN   
2                NAN                  WELD        NAN             NAN  NAN   
3                NAN                   NAN        NAN             NAN  NAN   
4                NAN                WELDED        NAN             NAN  NAN   
5                NAN                  WELD        NAN             NAN  NAN   
6                NAN                  WELD        NAN             NAN  NAN   
7                NAN                  WELD        NAN             NAN  NAN   
8                NAN                  WELD        NAN             NAN  NAN   
9                NAN                  WELD        NAN             NAN  NAN   
10               NAN                  WELD        NAN             NAN  NAN   
11               NAN                WELDED        NAN             NAN  NAN   
12               NAN                  WELD        NAN             NAN  NAN   
13               NAN                   NAN        NAN             NAN  NAN   
14               NAN                   NAN       WELD             NAN  NAN   
15               NAN                   NAN         BW             NAN  NAN   
16               NAN                   NAN         BW             NAN  NAN   
17                80                  WELD        NAN             NAN  NAN   
18               NAN                  WELD        NAN             NAN  NAN   
19                80                  WELD        NAN             NAN  NAN   
20          STANDARD                  WELD        NAN             NAN  NAN   
21               NAN                   NAN       WELD             NAN  NAN   
22               NAN                   NAN        NAN             NAN  NAN   
23               NAN                  WELD        NAN             NAN  NAN   
24               NAN                WELDED        NAN             NAN  NAN   

   MISCELLANEOUS CONFIDENCE     id     score  
0            NAN       0.90  23205  0.889413  
1            NAN       0.95  23224  0.874994  
2            NAN       0.80  43754  0.873668  
3            NAN       0.80  23203  0.854800  
4            NAN       0.80  23204  0.854800  
5            NAN       0.80  23201  0.850811  
6            NAN       0.80  23202  0.850811  
7            NAN       0.80  23199  0.848380  
8            NAN       0.80  23200  0.848380  
9            NAN       0.85  23232  0.846112  
10           NAN       0.85  23231  0.846112  
11           NAN       0.80  23233  0.841425  
12           NAN       0.80  23281  0.840886  
13      STANDARD       0.95  23421  0.839200  
14           NAN       0.85  23220  0.838298  
15           NAN       0.80  23282  0.837209  
16           NAN       0.80  23283  0.837209  
17           NAN       0.85  23344  0.836619  
18           NAN       0.80  23198  0.836502  
19           NAN       0.85  23417  0.834443  
20           NAN       0.80  43755  0.833179  
21           NAN       0.80  23285  0.830324  
22           NAN       0.80  23537  0.830187  
23           NAN       0.85  23276  0.829693  
24           NAN       0.80  23221  0.828525  

[25 rows x 21 columns]",2,EXCELLENT
17,"4X4X3 REDUCING TEE , ASME B16.9 , BEVELED END , ASTM A403 GRADE WP304/WP304L , TYPE S S-10S",4 X 4 X 3 STAINLESS STEEL SCHEDULE 10 304L SEAMLESS TEE,True,17,16,5.853995700000041,"       ID  \
0   39827   
1   40813   
2   40825   
3   39828   
4   40867   
5   40742   
6   40729   
7   43680   
8   40730   
9   40837   
10  40855   
11  40854   
12  40452   
13  40861   
14  40862   
15  40764   
16  43091   
17  43090   
18  40442   
19  40511   
20  40510   
21  42737   
22  40516   
23  40651   
24  40650   

                                                                                                     DESCRIPTION  \
0   FITTG TEE REDUCG BUTT WELDG SCHEDULE 10S SEAMLESS STALESS STEEL ASTM A 403 DUAL GRADE WPS 304 304L ASME B169   
1                                                                 4 STAINLESS STEEL SCHEDULE 10 304L TEE A403WPW   
2                                                                 4 STAINLESS STEEL SCHEDULE 40 304L TEE A403WPW   
3   FITTG TEE REDUCG BUTT WELDG SCHEDULE 40S SEAMLESS STALESS STEEL ASTM A 403 DUAL GRADE WPS 304 304L ASME B169   
4                                                                                  4X4X3 SS S40 316L TEE A403WPW   
5                                                                 3 STAINLESS STEEL SCHEDULE 40 304L TEE A403WPW   
6                                                                 3 STAINLESS STEEL SCHEDULE 10 304L TEE A403WPW   
7                                                                 3 STAINLESS STEEL SCHEDULE 10 304L TEE A403WPW   
8                                                                 3 STAINLESS STEEL SCHEDULE 10 304L TEE A403WPW   
9                                                    4 X 4 X 1-0.5 STAINLESS STEEL SCHEDULE 10 316 L TEE A403WPW   
10                                                                4 X 4 X 3 STAINLESS STEEL SCHEDULE 10 304L TEE   
11                                                                4 X 4 X 3 STAINLESS STEEL SCHEDULE 10 304L TEE   
12                                                                1 STAINLESS STEEL SCHEDULE 40 304L TEE A403WPW   
13                                                                4 X 4 X 3 STAINLESS STEEL SCHEDULE 40 304L TEE   
14                                                                4 X 4 X 3 STAINLESS STEEL SCHEDULE 40 304L TEE   
15                                                        3 X 3 X 2 STAINLESS STEEL SCHEDULE 10 304L TEE A403WPW   
16                                                       4 X 4 X 3 STAINLESS STEEL SCHEDULE 10 304L SEAMLESS TEE   
17                                                       4 X 4 X 3 STAINLESS STEEL SCHEDULE 10 304L SEAMLESS TEE   
18                                                                1 STAINLESS STEEL SCHEDULE 10 304L TEE A403WPW   
19                                                               10 STAINLESS STEEL SCHEDULE 40 304L TEE A403WPW   
20                                                               10 STAINLESS STEEL SCHEDULE 40 304L TEE A403WPW   
21                                                      10 X 10 X 4 STAINLESS STEEL SCHEDULE 10 304L TEE A403WPW   
22                                                      10 X 10 X 4 STAINLESS STEEL SCHEDULE 10 304L TEE A403WPW   
23                                                                2 STAINLESS STEEL SCHEDULE 40 304L TEE A403WPW   
24                                                                2 STAINLESS STEEL SCHEDULE 40 304L TEE A403WPW   

   CATEGORY          TYPE PRIMARY_SIZE REDUCING_SIZE LENGTH    MATERIAL_NAME  \
0   FITTING  REDUCING TEE          NAN           NAN    NAN  STAINLESS STEEL   
1   FITTING           TEE            4           NAN    NAN  STAINLESS STEEL   
2   FITTING           TEE            4           NAN    NAN  STAINLESS STEEL   
3   FITTING  REDUCING TEE          NAN           NAN    NAN  STAINLESS STEEL   
4   FITTING           TEE            4             3    NAN  STAINLESS STEEL   
5   FITTING           TEE            3           NAN    NAN  STAINLESS STEEL   
6   FITTING           TEE            3           NAN    NAN  STAINLESS STEEL   
7   FITTING           TEE          3.0           NAN    NAN  STAINLESS STEEL   
8   FITTING           TEE            3           NAN    NAN  STAINLESS STEEL   
9   FITTING           TEE            4           1.5    NAN  STAINLESS STEEL   
10  FITTING           TEE            4             3    NAN  STAINLESS STEEL   
11  FITTING           TEE            4             3    NAN  STAINLESS STEEL   
12  FITTING           TEE            1           NAN    NAN  STAINLESS STEEL   
13  FITTING           TEE            4             3    NAN  STAINLESS STEEL   
14  FITTING           TEE            4             3    NAN  STAINLESS STEEL   
15  FITTING           TEE            3             2    NAN  STAINLESS STEEL   
16  FITTING           TEE          4.0           3.0    NAN  STAINLESS STEEL   
17  FITTING           TEE          4.0           3.0    NAN  STAINLESS STEEL   
18  FITTING           TEE            1           NAN    NAN  STAINLESS STEEL   
19  FITTING           TEE           10           NAN    NAN  STAINLESS STEEL   
20  FITTING           TEE           10           NAN    NAN  STAINLESS STEEL   
21  FITTING           TEE         10.0           4.0    NAN  STAINLESS STEEL   
22  FITTING           TEE           10             4    NAN  STAINLESS STEEL   
23  FITTING           TEE            2           NAN    NAN  STAINLESS STEEL   
24  FITTING           TEE            2           NAN    NAN  STAINLESS STEEL   

   MATERIAL_SPECIFICATION MATERIAL_GRADE  ... PRIMARY_SCHEDULE  \
0                    A403         WP1.0L  ...              10S   
1                    A403            WPW  ...               10   
2                    A403            WPW  ...               40   
3                    A403         WP1.0L  ...              40S   
4                    A403            WPW  ...               40   
5                    A403            WPW  ...               40   
6                    A403            WPW  ...               10   
7                    A403            WPW  ...               10   
8                    A403            WPW  ...               10   
9                    A403            WPW  ...               10   
10                    NAN           304L  ...               10   
11                    NAN           304L  ...               10   
12                   A403            WPW  ...               40   
13                    NAN           304L  ...               40   
14                    NAN           304L  ...               40   
15                   A403            WPW  ...               10   
16                    NAN           304L  ...               10   
17                    NAN           304L  ...               10   
18                   A403            WPW  ...               10   
19                   A403            WPW  ...               40   
20                   A403            WPW  ...               40   
21                   A403            WPW  ...               10   
22                   A403            WPW  ...               10   
23                   A403            WPW  ...               40   
24                   A403            WPW  ...               40   

   REDUCING_SCHEDULE MANUFACTURING_PROCESS END_FINISH END_CONNECTIONS TRIM  \
0                NAN              SEAMLESS  BUTT WELD             NAN  NAN   
1                NAN                   NAN        NAN             NAN  NAN   
2                NAN                   NAN        NAN             NAN  NAN   
3                NAN              SEAMLESS         BW             NAN  NAN   
4                NAN                   NAN        NAN             NAN  NAN   
5                NAN                   NAN        NAN             NAN  NAN   
6                NAN                   NAN        NAN             NAN  NAN   
7                NAN                   NAN        NAN             NAN  NAN   
8                NAN                   NAN        NAN             NAN  NAN   
9                NAN                   NAN        NAN             NAN  NAN   
10               NAN                   NAN        NAN             NAN  NAN   
11               NAN                   NAN        NAN             NAN  NAN   
12               NAN                   NAN        NAN             NAN  NAN   
13               NAN                   NAN        NAN             NAN  NAN   
14               NAN                   NAN        NAN             NAN  NAN   
15               NAN                   NAN        NAN             NAN  NAN   
16               NAN              SEAMLESS        NAN             NAN  NAN   
17               NAN              SEAMLESS        NAN             NAN  NAN   
18               NAN                   NAN        NAN             NAN  NAN   
19               NAN                   NAN        NAN             NAN  NAN   
20               NAN                   NAN        NAN             NAN  NAN   
21               NAN                   NAN        NAN             NAN  NAN   
22               NAN                   NAN        NAN             NAN  NAN   
23               NAN                   NAN        NAN             NAN  NAN   
24               NAN                   NAN        NAN             NAN  NAN   

   MISCELLANEOUS CONFIDENCE     id     score  
0            NAN       0.60  39827  0.835193  
1           304L       0.90  40813  0.832476  
2            NAN       0.90  40825  0.830235  
3     ASME B16.9       0.70  39828  0.824056  
4            NAN       0.95  40867  0.823894  
5            NAN       0.90  40742  0.821670  
6            NAN       0.90  40729  0.819954  
7            NAN       0.90  43680  0.819954  
8            NAN       0.90  40730  0.819954  
9            NAN       0.95  40837  0.819373  
10           NAN       0.90  40855  0.818188  
11           NAN       0.90  40854  0.818188  
12           NAN       0.90  40452  0.816399  
13           NAN       0.90  40861  0.814695  
14           NAN       0.90  40862  0.814695  
15           NAN       0.90  40764  0.814258  
16           NAN       0.90  43091  0.812837  
17           NAN       0.90  43090  0.812837  
18           NAN       0.90  40442  0.812821  
19           NAN       0.90  40511  0.810598  
20           NAN       0.90  40510  0.810598  
21           NAN       0.90  42737  0.808558  
22           NAN       0.90  40516  0.808558  
23           NAN       0.90  40651  0.808182  
24           NAN       0.90  40650  0.808182  

[25 rows x 21 columns]",1,EXCELLENT
18,"VALVE, CHECK, SWING, 4"", FLANGED END, 300 LB, CS BODY, TR:13","4"" 300 SWING CHECK VALVE CARBON STEEL TRIM 8 FLANGED",True,18,0,4.257983599999989,"       ID                                           DESCRIPTION CATEGORY  \
0   43833  4"" 300 SWING CHECK VALVE CARBON STEEL TRIM 8 FLANGED    VALVE   
1   43847  4"" 300 SWING CHECK VALVE CARBON STEEL TRIM 8 FLANGED    VALVE   
2    3248                    4 CS 300 FLANGED SWING CHECK VALVE    VALVE   
3   14695                    4 CS 300 FLANGED SWING CHECK VALVE    VALVE   
4   14694                    4 CS 300 FLANGED SWING CHECK VALVE    VALVE   
5   43846  4"" 150 SWING CHECK VALVE CARBON STEEL TRIM 8 FLANGED    VALVE   
6   43262  4"" 150 SWING CHECK VALVE CARBON STEEL TRIM 8 FLANGED    VALVE   
7   15744       4 STAINLESS STEEL 300 FLANGED SWING CHECK VALVE    VALVE   
8   15743       4 STAINLESS STEEL 300 FLANGED SWING CHECK VALVE    VALVE   
9   19197                    4 CS 600 FLANGED SWING CHECK VALVE    VALVE   
10   4372                    4 CS 600 FLANGED SWING CHECK VALVE    VALVE   
11   8855                    4 CS 150 FLANGED SWING CHECK VALVE    VALVE   
12   8853                    4 CS 150 FLANGED SWING CHECK VALVE    VALVE   
13   8852                    4 CS 150 FLANGED SWING CHECK VALVE    VALVE   
14   8854                    4 CS 150 FLANGED SWING CHECK VALVE    VALVE   
15   8856                    4 CS 150 FLANGED SWING CHECK VALVE    VALVE   
16   8851                    4 CS 150 FLANGED SWING CHECK VALVE    VALVE   
17   8857            4 CS 150 FLANGED SWING CHECK VALVE TRIM 12    VALVE   
18  21290                    4 CS 900 FLANGED SWING CHECK VALVE    VALVE   
19  14696             4 CS 300 FLANGED SWING CHECK VALVE TRIM 8    VALVE   
20    359                   4 150 CAST CS 2 FLANGED CHECK VALVE    VALVE   
21  12107       4 STAINLESS STEEL 150 FLANGED SWING CHECK VALVE    VALVE   
22  12113       4 STAINLESS STEEL 150 FLANGED SWING CHECK VALVE    VALVE   
23  12109       4 STAINLESS STEEL 150 FLANGED SWING CHECK VALVE    VALVE   
24  12112       4 STAINLESS STEEL 150 FLANGED SWING CHECK VALVE    VALVE   

                 TYPE PRIMARY_SIZE REDUCING_SIZE LENGTH    MATERIAL_NAME  \
0         CHECK VALVE          4.0           NAN    NAN     CARBON STEEL   
1         CHECK VALVE          4.0           NAN    NAN     CARBON STEEL   
2         SWING CHECK            4           NAN    NAN     CARBON STEEL   
3         SWING CHECK            4           NAN    NAN     CARBON STEEL   
4         SWING CHECK            4           NAN    NAN     CARBON STEEL   
5   SWING CHECK VALVE          4.0           NAN    NAN     CARBON STEEL   
6   SWING CHECK VALVE          4.0           NAN    NAN     CARBON STEEL   
7         SWING CHECK            4           NAN    NAN  STAINLESS STEEL   
8         SWING CHECK            4           NAN    NAN  STAINLESS STEEL   
9         SWING CHECK            4           NAN    NAN     CARBON STEEL   
10        SWING CHECK            4           NAN    NAN     CARBON STEEL   
11        SWING CHECK            4           NAN    NAN     CARBON STEEL   
12        SWING CHECK            4           NAN    NAN     CARBON STEEL   
13        SWING CHECK            4           NAN    NAN     CARBON STEEL   
14        SWING CHECK            4           NAN    NAN     CARBON STEEL   
15        SWING CHECK            4           NAN    NAN     CARBON STEEL   
16        SWING CHECK            4           NAN    NAN     CARBON STEEL   
17        SWING CHECK            4           NAN    NAN     CARBON STEEL   
18        SWING CHECK            4           NAN    NAN     CARBON STEEL   
19        SWING CHECK            4           NAN    NAN     CARBON STEEL   
20              CHECK            4           NAN    NAN     CARBON STEEL   
21        SWING CHECK            4           NAN    NAN  STAINLESS STEEL   
22        SWING CHECK            4           NAN    NAN  STAINLESS STEEL   
23        SWING CHECK            4           NAN    NAN  STAINLESS STEEL   
24        SWING CHECK            4           NAN    NAN  STAINLESS STEEL   

   MATERIAL_SPECIFICATION MATERIAL_GRADE  ... PRIMARY_SCHEDULE  \
0                     NAN            NAN  ...              NAN   
1                     NAN            NAN  ...              NAN   
2                     NAN            NAN  ...              NAN   
3                     NAN            NAN  ...              NAN   
4                     NAN            NAN  ...              NAN   
5                     NAN            NAN  ...              NAN   
6                     NAN            NAN  ...              NAN   
7                     NAN            NAN  ...              NAN   
8                     NAN            NAN  ...              NAN   
9                     NAN            NAN  ...              NAN   
10                    NAN            NAN  ...              NAN   
11                    NAN            NAN  ...              NAN   
12                    NAN            NAN  ...              NAN   
13                    NAN            NAN  ...              NAN   
14                    NAN            NAN  ...              NAN   
15                    NAN            NAN  ...              NAN   
16                    NAN            NAN  ...              NAN   
17                    NAN            NAN  ...              NAN   
18                    NAN            NAN  ...              NAN   
19                    NAN            NAN  ...              NAN   
20                    NAN            NAN  ...              NAN   
21                    NAN            NAN  ...              NAN   
22                    NAN            NAN  ...              NAN   
23                    NAN            NAN  ...              NAN   
24                    NAN            NAN  ...              NAN   

   REDUCING_SCHEDULE MANUFACTURING_PROCESS END_FINISH END_CONNECTIONS TRIM  \
0                NAN                   NAN        NAN         FLANGED    8   
1                NAN                   NAN        NAN         FLANGED    8   
2                NAN                   NAN        NAN         FLANGED    8   
3                NAN                   NAN        NAN         FLANGED    8   
4                NAN                   NAN        NAN         FLANGED  NAN   
5                NAN                   NAN        NAN         FLANGED    8   
6                NAN                   NAN        NAN         FLANGED    8   
7                NAN                   NAN        NAN         FLANGED  NAN   
8                NAN                   NAN        NAN         FLANGED  NAN   
9                NAN                   NAN        NAN         FLANGED    8   
10               NAN                   NAN        NAN             FLG  NAN   
11               NAN                   NAN        NAN         FLANGED    8   
12               NAN                   NAN        NAN         FLANGED  NAN   
13               NAN                   NAN        NAN         FLANGED  NAN   
14               NAN                   NAN        NAN         FLANGED  NAN   
15               NAN                   NAN        NAN         FLANGED    8   
16               NAN                   NAN        NAN         FLANGED  NAN   
17               NAN                   NAN        NAN         FLANGED   12   
18               NAN                   NAN        NAN         FLANGED  NAN   
19               NAN                   NAN        NAN         FLANGED    8   
20               NAN                  CAST        NAN         FLANGED    2   
21               NAN                   NAN        NAN         FLANGED  NAN   
22               NAN                   NAN        NAN         FLANGED  NAN   
23               NAN                   NAN        NAN         FLANGED  NAN   
24               NAN                   NAN        NAN         FLANGED  NAN   

   MISCELLANEOUS CONFIDENCE     id     score  
0          SWING       0.90  43833  0.874794  
1          SWING       0.90  43847  0.874794  
2            NAN       0.85   3248  0.872374  
3            NAN       0.85  14695  0.872374  
4            NAN       0.90  14694  0.872374  
5            NAN       0.90  43846  0.852047  
6            NAN       0.90  43262  0.852047  
7            NAN       0.85  15744  0.844233  
8            NAN       0.90  15743  0.844233  
9            NAN       0.90  19197  0.843170  
10           NAN       0.85   4372  0.843170  
11           NAN       0.90   8855  0.840104  
12           NAN       0.90   8853  0.840104  
13           NAN       0.85   8852  0.840104  
14           NAN       0.90   8854  0.840104  
15           NAN       0.80   8856  0.840104  
16           NAN       0.90   8851  0.840104  
17           NAN       0.90   8857  0.839168  
18           NAN       0.85  21290  0.833474  
19           NAN       0.85  14696  0.826552  
20           NAN       0.90    359  0.821241  
21           NAN       0.90  12107  0.818909  
22           NAN       0.90  12113  0.818909  
23           NAN       0.85  12109  0.818909  
24           NAN       0.90  12112  0.818909  

[25 rows x 21 columns]",0,EXCELLENT
19,"NIPPLE,2 X 8,S80,A106B",2 X 8 BLACK SCHEDULE XH SEAMLESS A106 NIPPLE,True,19,9,6.215686199999936,"       ID                                               DESCRIPTION CATEGORY  \
0   25811                  2 X 8 BLACK EXTRA HEAVY SMLS A106 NIPPLE  FITTING   
1   25814                  2 X 8 BLACK SCHEDULE 40 SMLS A106 NIPPLE  FITTING   
2   25813                 2 X 8 BLACK SCHEDULE 160 SMLS A106 NIPPLE  FITTING   
3   25815                                  2 X 8 BLACK STEEL NIPPLE  FITTING   
4   25816                                  2 X 8 BLACK STEEL NIPPLE  FITTING   
5   43519             2 X 8 BLACK SCHEDULE 160 SEAMLESS A106 NIPPLE     PIPE   
6   25158                  1 X 8 BLACK EXTRA HEAVY SMLS A106 NIPPLE  FITTING   
7   25853              2-0.5 X 8 BLACK EXTRA HEAVY SMLS A106 NIPPLE  FITTING   
8   25160                 1 X 8 BLACK SCHEDULE 160 SMLS A106 NIPPLE  FITTING   
9   43632              2 X 8 BLACK SCHEDULE XH SEAMLESS A106 NIPPLE     PIPE   
10  25812                      2 X 8 BLACK EXTRA HEAVY STEEL NIPPLE  FITTING   
11  38237            2 X 8 STAINLESS STEEL SCHEDULE 40 316 L NIPPLE  FITTING   
12  25163                                  1 X 8 BLACK STEEL NIPPLE  FITTING   
13  25162                                  1 X 8 BLACK STEEL NIPPLE  FITTING   
14  29287                             2 X 8 GALVANIZED STEEL NIPPLE  FITTING   
15  29288                             2 X 8 GALVANIZED STEEL NIPPLE  FITTING   
16  25855                              2-0.5 X 8 BLACK STEEL NIPPLE  FITTING   
17  25817         2 X 8 GALVANIZED EXTRA HEAVY SEAMLESS A106 NIPPLE  FITTING   
18  25854              2-0.5 X 8 BLACK SCHEDULE 40 SMLS A106 NIPPLE  FITTING   
19  25161  1 X 8 BLACK SCHEDULE 160 SMLS A106 NIPPLE PLAIN X THREAD  FITTING   
20  25159                      1 X 8 BLACK EXTRA HEAVY STEEL NIPPLE  FITTING   
21  43520          2-0.5 X 8 BLACK SCHEDULE 40 SEAMLESS A106 NIPPLE     PIPE   
22  43545              1 X 8 BLACK SCHEDULE XH SEAMLESS A106 NIPPLE     PIPE   
23  43618              1 X 8 BLACK SCHEDULE XH SEAMLESS A106 NIPPLE     PIPE   
24  25605              1-0.5 X 8 BLACK EXTRA HEAVY SMLS A106 NIPPLE  FITTING   

      TYPE PRIMARY_SIZE REDUCING_SIZE LENGTH     MATERIAL_NAME  \
0   NIPPLE            2           NAN      8      CARBON STEEL   
1   NIPPLE            2           NAN      8      CARBON STEEL   
2   NIPPLE            2           NAN      8      CARBON STEEL   
3   NIPPLE            2           NAN      8      CARBON STEEL   
4   NIPPLE            2           NAN      8      CARBON STEEL   
5   NIPPLE          2.0           NAN    8.0      CARBON STEEL   
6   NIPPLE            1           NAN      8      CARBON STEEL   
7   NIPPLE          2.5           NAN      8      CARBON STEEL   
8   NIPPLE            1           NAN      8      CARBON STEEL   
9   NIPPLE          2.0           8.0    NAN      CARBON STEEL   
10  NIPPLE            2           NAN      8      CARBON STEEL   
11  NIPPLE            2           NAN      8   STAINLESS STEEL   
12  NIPPLE            1           NAN      8      CARBON STEEL   
13  NIPPLE            1           NAN      8      CARBON STEEL   
14  NIPPLE            2           NAN      8  GALVANIZED STEEL   
15  NIPPLE            2           NAN      8  GALVANIZED STEEL   
16  NIPPLE          2.5           NAN      8      CARBON STEEL   
17  NIPPLE            2           NAN      8      CARBON STEEL   
18  NIPPLE          2.5           NAN      8      CARBON STEEL   
19  NIPPLE            1           NAN      8      CARBON STEEL   
20  NIPPLE            1           NAN      8      CARBON STEEL   
21  NIPPLE          2.5           NAN    8.0      CARBON STEEL   
22  NIPPLE          1.0           NAN    8.0      CARBON STEEL   
23  NIPPLE          1.0           NAN    8.0      CARBON STEEL   
24  NIPPLE          1.5           NAN      8      CARBON STEEL   

   MATERIAL_SPECIFICATION MATERIAL_GRADE  ... PRIMARY_SCHEDULE  \
0                    A106            NAN  ...               XH   
1                    A106            NAN  ...               40   
2                    A106            NAN  ...              160   
3                     NAN            NAN  ...              NAN   
4                     NAN            NAN  ...              NAN   
5                    A106            NAN  ...              160   
6                    A106            NAN  ...               XH   
7                    A106            NAN  ...               XH   
8                    A106            NAN  ...              160   
9                    A106            NAN  ...               XH   
10                    NAN            NAN  ...               XH   
11                    NAN           316L  ...               40   
12                    NAN            NAN  ...              NAN   
13                    NAN            NAN  ...              NAN   
14                    NAN            NAN  ...              NAN   
15                    NAN            NAN  ...              NAN   
16                    NAN            NAN  ...              NAN   
17                   A106            NAN  ...               XH   
18                   A106            NAN  ...               40   
19                   A106            NAN  ...              160   
20                    NAN            NAN  ...               XH   
21                   A106            NAN  ...               40   
22                   A106            NAN  ...               XH   
23                   A106            NAN  ...      EXTRA HEAVY   
24                   A106            NAN  ...               XH   

   REDUCING_SCHEDULE MANUFACTURING_PROCESS  END_FINISH END_CONNECTIONS TRIM  \
0                NAN              SEAMLESS         NAN             NAN  NAN   
1                NAN              SEAMLESS         NAN             NAN  NAN   
2                NAN              SEAMLESS         NAN             NAN  NAN   
3                NAN                   NAN         NAN             NAN  NAN   
4                NAN                   NAN         NAN             NAN  NAN   
5                NAN              SEAMLESS         NAN             NAN  NAN   
6                NAN              SEAMLESS         NAN             NAN  NAN   
7                NAN              SEAMLESS         NAN             NAN  NAN   
8                NAN              SEAMLESS         NAN             NAN  NAN   
9                NAN              SEAMLESS         NAN             NAN  NAN   
10               NAN                   NAN         NAN             NAN  NAN   
11               NAN                   NAN         NAN             NAN  NAN   
12               NAN                   NAN         NAN             NAN  NAN   
13               NAN                   NAN         NAN             NAN  NAN   
14               NAN                   NAN         NAN             NAN  NAN   
15               NAN                   NAN         NAN             NAN  NAN   
16               NAN                   NAN         NAN             NAN  NAN   
17               NAN              SEAMLESS  GALVANIZED             NAN  NAN   
18               NAN              SEAMLESS         NAN             NAN  NAN   
19               NAN              SEAMLESS       BLACK     PLAIN X THD  NAN   
20               NAN                   NAN         NAN             NAN  NAN   
21               NAN              SEAMLESS         NAN             NAN  NAN   
22               NAN              SEAMLESS         NAN             NAN  NAN   
23               NAN              SEAMLESS         NAN             NAN  NAN   
24               NAN              SEAMLESS         NAN             NAN  NAN   

   MISCELLANEOUS CONFIDENCE     id     score  
0          BLACK       0.90  25811  0.857083  
1          BLACK       0.90  25814  0.851510  
2          BLACK       0.95  25813  0.850241  
3          BLACK       0.80  25815  0.848643  
4          BLACK       0.80  25816  0.848643  
5          BLACK       0.90  43519  0.837723  
6          BLACK       0.90  25158  0.832134  
7          BLACK       0.90  25853  0.831914  
8          BLACK       0.95  25160  0.831097  
9          BLACK       0.80  43632  0.830427  
10         BLACK       0.80  25812  0.829140  
11           NAN       0.90  38237  0.827260  
12         BLACK       0.80  25163  0.820992  
13         BLACK       0.80  25162  0.820992  
14           NAN       0.80  29287  0.820014  
15           NAN       0.80  29288  0.820014  
16         BLACK       0.80  25855  0.817817  
17           NAN       0.90  25817  0.815166  
18         BLACK       0.95  25854  0.814579  
19           NAN       0.95  25161  0.812786  
20         BLACK       0.80  25159  0.810436  
21         BLACK       0.90  43520  0.808972  
22         BLACK       0.90  43545  0.808497  
23         BLACK       0.90  43618  0.808497  
24         BLACK       0.95  25605  0.808217  

[25 rows x 21 columns]",1,EXCELLENT
20,"20"" PIPE, ASTM A53, GRADE B, CS BLK, ERW, SCH.STD",20 BLACK PLAIN END A53B STANDARD ELECTRIC RESISTANCE WELDED DRL PIPE,True,20,4,5.975615300000072,"       ID  \
0   26816   
1   26817   
2   26815   
3   26814   
4   42929   
5    2717   
6   26811   
7   26813   
8   26812   
9   26819   
10  26803   
11  26807   
12  26808   
13  26806   
14  26799   
15  26601   
16  28551   
17  26818   
18  26456   
19  27266   
20  26801   
21  26802   
22  26809   
23  28345   
24  26805   

                                                                DESCRIPTION  \
0                             20 BLACK PLAIN END A53B STANDARD ERW SRL PIPE   
1                             20 BLACK PLAIN END A53B STANDARD ERW SRL PIPE   
2            20 BLACK PLAIN END A53B STANDARD ERW DOUBLE RANDOM LENGTH PIPE   
3            20 BLACK PLAIN END A53B STANDARD ERW DOUBLE RANDOM LENGTH PIPE   
4      20 BLACK PLAIN END A53B STANDARD ELECTRIC RESISTANCE WELDED DRL PIPE   
5                                 20 BLACK PLAIN END A53B 250 ERW 20FT PIPE   
6                          20 BLACK PLAIN END A53B EXTRA HEAVY ERW SRL PIPE   
7                          20 BLACK PLAIN END A53B SCHEDULE 10 ERW SRL PIPE   
8         20 BLACK PLAIN END A53B SCHEDULE 10 ERW DOUBLE RANDOM LENGTH PIPE   
9                           20 BLACK PLAIN END API5LB STANDARD ERW SRL PIPE   
10                              20 BLACK PLAIN END A106B STANDARD PIPE LRES   
11                      20 BLACK PLAIN END A106B STANDARD SEAMLESS SRL PIPE   
12                      20 BLACK PLAIN END A106B STANDARD SEAMLESS SRL PIPE   
13                      20 BLACK PLAIN END A106B STANDARD SEAMLESS SRL PIPE   
14                           20 BLACK PLAIN END A106B S20 SEAMLESS SRL PIPE   
15                                              12 BLK BE A53B S20 ERW PIPE   
16                   20 BLACK PLAIN END A106B EXTRA HEAVY SEAMLESS SRL PIPE   
17         20 BLACK PLAIN END API5LB STANDARD ERW DOUBLE RANDOM LENGTH PIPE   
18                10 BLACK PLAIN END A53B S20 ERW DOUBLE RANDOM LENGTH PIPE   
19                                  8 BLACK PLAIN END A53B S20 ERW SRL PIPE   
20  20 BLACK PLAIN END A106B SCHEDULE 40 SEAMLESS DOUBLE RANDOM LENGTH PIPE   
21                   20 BLACK PLAIN END A106B SCHEDULE 80 SEAMLESS PIPE SRL   
22                           20 BLACK PLAIN END A106B T80 SEAMLESS SRL PIPE   
23     20 BLACK PLAIN END A106B STANDARD SEAMLESS DOUBLE RANDOM LENGTH PIPE   
24     20 BLACK PLAIN END A106B STANDARD SEAMLESS DOUBLE RANDOM LENGTH PIPE   

   CATEGORY                  TYPE PRIMARY_SIZE REDUCING_SIZE LENGTH  \
0      PIPE                  PIPE           20           NAN    NAN   
1      PIPE                  PIPE           20           NAN    NAN   
2      PIPE                  PIPE           20           NAN    NAN   
3      PIPE                  PIPE           20           NAN    NAN   
4      PIPE              PIPE ERW         20.0           NAN    NAN   
5      PIPE                  PIPE           20           NAN     20   
6      PIPE                  PIPE           20           NAN    NAN   
7      PIPE                  PIPE           20           NAN    NAN   
8      PIPE                  PIPE           20           NAN    NAN   
9      PIPE                  PIPE           20           NAN    NAN   
10     PIPE                  PIPE           20           NAN    NAN   
11     PIPE                  PIPE            2           NAN    NAN   
12     PIPE                  PIPE           20           NAN    NAN   
13     PIPE                  PIPE            2           NAN    NAN   
14     PIPE                  PIPE            2           NAN    NAN   
15     PIPE                  PIPE           12           NAN    NAN   
16     PIPE        PLAIN END PIPE            2           NAN    NAN   
17     PIPE                  PIPE           20           NAN    NAN   
18     PIPE                  PIPE           10           NAN    NAN   
19     PIPE                  PIPE            8           NAN    NAN   
20     PIPE                  PIPE            2           NAN    NAN   
21     PIPE                  PIPE            2           NAN    NAN   
22     PIPE                  PIPE           20           NAN    NAN   
23     PIPE  THREADED AND COUPLED            2           NAN    NAN   
24     PIPE                  PIPE            2           NAN    NAN   

   MATERIAL_NAME MATERIAL_SPECIFICATION MATERIAL_GRADE  ... PRIMARY_SCHEDULE  \
0   CARBON STEEL                    A53              B  ...              STD   
1   CARBON STEEL                    A53              B  ...              STD   
2   CARBON STEEL                    A53              B  ...              STD   
3   CARBON STEEL                    A53              B  ...              STD   
4   CARBON STEEL                    A53              B  ...         STANDARD   
5   CARBON STEEL                    A53              B  ...              NAN   
6   CARBON STEEL                    A53              B  ...               XH   
7   CARBON STEEL                    A53              B  ...               10   
8   CARBON STEEL                    A53              B  ...               10   
9   CARBON STEEL                  API5L              B  ...              STD   
10  CARBON STEEL                   A106              B  ...              STD   
11  CARBON STEEL                   A106              B  ...               80   
12  CARBON STEEL                   A106              B  ...              STD   
13  CARBON STEEL                   A106              B  ...               40   
14  CARBON STEEL                   A106              B  ...               40   
15  CARBON STEEL                    A53              B  ...               20   
16  CARBON STEEL                    A53              B  ...               40   
17  CARBON STEEL                  API5L              B  ...              STD   
18  CARBON STEEL                    A53              B  ...               20   
19  CARBON STEEL                    A53              B  ...               20   
20  CARBON STEEL                   A106              B  ...               80   
21  CARBON STEEL                   A106              B  ...               80   
22  CARBON STEEL                   A106              B  ...              T80   
23  CARBON STEEL                    A53              A  ...               80   
24  CARBON STEEL                   A53A            NAN  ...               40   

   REDUCING_SCHEDULE MANUFACTURING_PROCESS  END_FINISH       END_CONNECTIONS  \
0                NAN                   ERW          PE                    PE   
1                NAN                   ERW          PE                   NAN   
2                NAN                   ERW   PLAIN END                   NAN   
3                NAN                   ERW   PLAIN END                   NAN   
4                NAN                   ERW   PLAIN END                    PE   
5                NAN                   ERW          PE                   NAN   
6                NAN                   ERW          PE                    PE   
7                NAN                   ERW   PLAIN END                   NAN   
8                NAN                   ERW   PLAIN END                   NAN   
9                NAN                   ERW          PE                    PE   
10               NAN                   NAN   PLAIN END                   NAN   
11               NAN              SEAMLESS  GALVANIZED                   THD   
12               NAN                  SMLS          PE                   NAN   
13               NAN              SEAMLESS  GALVANIZED                   THD   
14               NAN              SEAMLESS  GALVANIZED  THREADED AND COUPLED   
15               NAN                   ERW          BE                    BW   
16               NAN                   ERW  GALVANIZED                    PE   
17               NAN                   ERW   PLAIN END                   NAN   
18               NAN                   ERW   PLAIN END                   NAN   
19               NAN                   ERW          PE                   NAN   
20               NAN              SEAMLESS  GALVANIZED                   THD   
21               NAN              SEAMLESS  GALVANIZED                   THD   
22               NAN              SEAMLESS   PLAIN END                   NAN   
23               NAN                   NAN  GALVANIZED                   THD   
24               NAN                   NAN  GALVANIZED                   THD   

   TRIM        MISCELLANEOUS CONFIDENCE     id     score  
0   NAN                  SRL       0.95  26816  0.859472  
1   NAN                  SRL       0.95  26817  0.859472  
2   NAN                  DRL       0.95  26815  0.840029  
3   NAN                BLACK       0.95  26814  0.840029  
4   NAN                  DRL       0.90  42929  0.833864  
5   NAN      BLACK PLAIN END       0.90   2717  0.833623  
6   NAN                  SRL       0.95  26811  0.833217  
7   NAN                  SRL       0.95  26813  0.821485  
8   NAN            BLACK DRL       0.95  26812  0.810397  
9   NAN                  SRL       0.90  26819  0.799572  
10  NAN         LOW RESIDUAL       0.90  26803  0.797220  
11  NAN                  SRL       0.90  26807  0.786152  
12  NAN                  SRL       0.95  26808  0.786152  
13  NAN                  SRL       0.95  26806  0.786152  
14  NAN                  NAN       0.95  26799  0.776818  
15  NAN                BLACK       0.95  26601  0.774105  
16  NAN                  SRL       0.95  28551  0.773368  
17  NAN                BLACK       0.95  26818  0.772380  
18  NAN                BLACK       0.95  26456  0.765113  
19  NAN  BLACK PLAIN END SRL       0.90  27266  0.760933  
20  NAN              COUPLED       0.95  26801  0.759718  
21  NAN              COUPLED       0.95  26802  0.757739  
22  NAN                  SRL       0.95  26809  0.754768  
23  NAN                  NAN       0.90  28345  0.753902  
24  NAN              COUPLED       0.90  26805  0.753902  

[25 rows x 21 columns]",7,GOOD
21,"6X4 CONCENTRIC REDUCER , ASME B16.9 , BEVELED END , ASTM A420 GRADE WPL6 , TYPE S S-80",6 X 4 CARBON STEEL WPL6 SCHEDULE XH WELD CONCENTRIC REDUCER,True,21,4,5.659542499999816,"       ID                                                  DESCRIPTION  \
0   23520      6 X 4 CARBON STEEL WPL6 STANDARD WLD CONCENTRIC REDUCER   
1   23519      6 X 4 CARBON STEEL WPL6 STANDARD WLD CONCENTRIC REDUCER   
2   23518  6 X 4 CARBON STEEL WPL6 SCHEDULE 160 WLD CONCENTRIC REDUCER   
3   23517   6 X 4 CARBON STEEL WPL6 EXTRA HEAVY WLD CONCENTRIC REDUCER   
4   43153  6 X 4 CARBON STEEL WPL6 SCHEDULE XH WELD CONCENTRIC REDUCER   
5   23569      8 X 6 CARBON STEEL WPL6 STANDARD WLD CONCENTRIC REDUCER   
6   23568      8 X 6 CARBON STEEL WPL6 STANDARD WLD CONCENTRIC REDUCER   
7   30768                        6 X 4 S80 WLD CONCENTRIC REDUCER LRES   
8   23526                     6 X 4 CS STD A420 WPL6 WELD CONC REDUCER   
9   23516           6 X 4 CARBON STEEL STANDARD WLD CONCENTRIC REDUCER   
10  23515           6 X 4 CARBON STEEL STANDARD WLD CONCENTRIC REDUCER   
11  23484      6 X 2 CARBON STEEL WPL6 STANDARD WLD CONCENTRIC REDUCER   
12  23567   8 X 6 CARBON STEEL WPL6 EXTRA HEAVY WLD CONCENTRIC REDUCER   
13  23513       6 X 4 CARBON STEEL SCHEDULE 160 WLD CONCENTRIC REDUCER   
14  23483   6 X 2 CARBON STEEL WPL6 EXTRA HEAVY WLD CONCENTRIC REDUCER   
15  30767                        6 X 4 S40 WLD CONCENTRIC REDUCER LRES   
16  23490  6 X 2-0.5 CARBON STEEL WPL6 STANDARD WLD CONCENTRIC REDUCER   
17  23512      6 X 4 CARBON STEEL SCHEDULE 160 WELD CONCENTRIC REDUCER   
18  23509        6 X 4 CARBON STEEL EXTRA HEAVY WLD CONCENTRIC REDUCER   
19  23510        6 X 4 CARBON STEEL EXTRA HEAVY WLD CONCENTRIC REDUCER   
20  24263       6 X 4 CARBON STEEL WPL6 STANDARD WLD ECCENTRIC REDUCER   
21  23511              6 X 4 CARBON STEEL S120 WELD CONCENTRIC REDUCER   
22  23514          6 X 4 CARBON STEEL STANDARD WELD CONCENTRIC REDUCER   
23  23552      8 X 4 CARBON STEEL WPL6 STANDARD WLD CONCENTRIC REDUCER   
24  23551      8 X 4 CARBON STEEL WPL6 STANDARD WLD CONCENTRIC REDUCER   

   CATEGORY                TYPE PRIMARY_SIZE REDUCING_SIZE LENGTH  \
0   FITTING  CONCENTRIC REDUCER            6             4    NAN   
1   FITTING  CONCENTRIC REDUCER            6             4    NAN   
2   FITTING  CONCENTRIC REDUCER            6             4    NAN   
3   FITTING  CONCENTRIC REDUCER            6             4    NAN   
4   FITTING  CONCENTRIC REDUCER          6.0           4.0    NAN   
5   FITTING  CONCENTRIC REDUCER            8             6    NAN   
6   FITTING  CONCENTRIC REDUCER            8             6    NAN   
7   FITTING  CONCENTRIC REDUCER            6             4    NAN   
8   FITTING  CONCENTRIC REDUCER            6             4    NAN   
9   FITTING  CONCENTRIC REDUCER            6             4    NAN   
10  FITTING  CONCENTRIC REDUCER            6             4    NAN   
11  FITTING  CONCENTRIC REDUCER            6             2    NAN   
12  FITTING  CONCENTRIC REDUCER            8             6    NAN   
13  FITTING  CONCENTRIC REDUCER            6             4    NAN   
14  FITTING  CONCENTRIC REDUCER            6             2    NAN   
15  FITTING  CONCENTRIC REDUCER            6             4    NAN   
16  FITTING  CONCENTRIC REDUCER            6           2.5    NAN   
17  FITTING  CONCENTRIC REDUCER            6             4    NAN   
18  FITTING  CONCENTRIC REDUCER            6             4    NAN   
19  FITTING  CONCENTRIC REDUCER            6             4    NAN   
20  FITTING   ECCENTRIC REDUCER            6             4    NAN   
21  FITTING  CONCENTRIC REDUCER            6             4    NAN   
22  FITTING  CONCENTRIC REDUCER            6             4    NAN   
23  FITTING  CONCENTRIC REDUCER            8             4    NAN   
24  FITTING  CONCENTRIC REDUCER            8             4    NAN   

   MATERIAL_NAME MATERIAL_SPECIFICATION MATERIAL_GRADE  ... PRIMARY_SCHEDULE  \
0   CARBON STEEL                   WPL6            NAN  ...              STD   
1   CARBON STEEL                   WPL6            NAN  ...              STD   
2   CARBON STEEL                   WPL6            NAN  ...              160   
3   CARBON STEEL                   WPL6            NAN  ...               XH   
4   CARBON STEEL                   WPL6            NAN  ...               XH   
5   CARBON STEEL                   WPL6            NAN  ...              STD   
6   CARBON STEEL                    NAN           WPL6  ...              STD   
7            NAN                    NAN            NAN  ...               80   
8   CARBON STEEL                   A420           WPL6  ...              STD   
9   CARBON STEEL                    NAN            NAN  ...              STD   
10  CARBON STEEL                    NAN            NAN  ...              STD   
11  CARBON STEEL                   WPL6            NAN  ...              STD   
12  CARBON STEEL                   WPL6            NAN  ...               XH   
13  CARBON STEEL                    NAN            NAN  ...              160   
14  CARBON STEEL                   WPL6            NAN  ...               XH   
15           NAN                    NAN            NAN  ...               40   
16  CARBON STEEL                   WPL6            NAN  ...              STD   
17  CARBON STEEL                    NAN            NAN  ...              160   
18  CARBON STEEL                    NAN            NAN  ...               XH   
19  CARBON STEEL                    NAN            NAN  ...               XH   
20  CARBON STEEL                    NAN           WPL6  ...              STD   
21  CARBON STEEL                    NAN            NAN  ...              120   
22  CARBON STEEL                    NAN            NAN  ...              STD   
23  CARBON STEEL                   WPL6            NAN  ...              STD   
24  CARBON STEEL                   WPL6            NAN  ...              STD   

   REDUCING_SCHEDULE MANUFACTURING_PROCESS END_FINISH END_CONNECTIONS TRIM  \
0                NAN                   NAN        NAN             NAN  NAN   
1                NAN                   NAN         BW             NAN  NAN   
2                NAN                   NAN       WELD             NAN  NAN   
3                NAN                   NAN       WELD             NAN  NAN   
4                 XH                   NAN        NAN             NAN  NAN   
5                NAN                   NAN        NAN             NAN  NAN   
6                NAN                   NAN         BW             NAN  NAN   
7                NAN                  WELD        NAN             NAN  NAN   
8                NAN                  WELD        NAN             NAN  NAN   
9                NAN                WELDED        NAN             NAN  NAN   
10               NAN                  WELD        NAN             NAN  NAN   
11               NAN                   NAN        NAN            WELD  NAN   
12               NAN                   NAN       WELD             NAN  NAN   
13               NAN                  WELD        NAN             NAN  NAN   
14               NAN                   NAN       WELD             NAN  NAN   
15               NAN                  WELD        NAN             NAN  NAN   
16               NAN                   NAN        NAN             NAN  NAN   
17               NAN                   NAN       WELD             NAN  NAN   
18               NAN                   NAN        NAN             NAN  NAN   
19               NAN                   NAN        NAN             NAN  NAN   
20               NAN                   NAN         BW             NAN  NAN   
21               NAN                  WELD        NAN             NAN  NAN   
22               NAN                WELDED        NAN             NAN  NAN   
23               NAN                   NAN        NAN             NAN  NAN   
24               NAN                WELDED        NAN             NAN  NAN   

   MISCELLANEOUS CONFIDENCE     id     score  
0            NAN       0.85  23520  0.880882  
1            NAN       0.85  23519  0.880882  
2            NAN       0.95  23518  0.879354  
3            NAN       0.90  23517  0.871655  
4            NAN       0.90  43153  0.859621  
5            NAN       0.90  23569  0.850265  
6            NAN       0.85  23568  0.850265  
7   LOW RESIDUAL       0.85  30768  0.849978  
8            NAN       0.90  23526  0.848789  
9            NAN       0.80  23516  0.842642  
10           NAN       0.80  23515  0.842642  
11           NAN       0.90  23484  0.840429  
12           NAN       0.90  23567  0.837917  
13           NAN       0.85  23513  0.836885  
14           NAN       0.90  23483  0.835347  
15  LOW RESIDUAL       0.85  30767  0.834892  
16           NAN       0.85  23490  0.834450  
17           NAN       0.80  23512  0.832486  
18           NAN       0.80  23509  0.831629  
19           NAN       0.80  23510  0.831629  
20           NAN       0.85  24263  0.831521  
21           NAN       0.80  23511  0.831349  
22           NAN       0.80  23514  0.831056  
23           NAN       0.85  23552  0.829689  
24           NAN       0.85  23551  0.829689  

[25 rows x 21 columns]",8,GOOD
22,"20"" TEE, BW, ASME 16.9, WROUGHT STEEL, ASTM/ASME A/SA-234-WPB, SCH.STD",20 CARBON STEEL STANDARD WELD TEE,True,22,6,6.348719500000016,"       ID                                      DESCRIPTION CATEGORY  \
0   28136       30 X 20 CARBON STEEL TEE STANDARD A234 WPB  FITTING   
1   28009                 20 CARBON STEEL STANDARD WLD TEE  FITTING   
2   28010                 20 CARBON STEEL STANDARD WLD TEE  FITTING   
3   28024       20 X 20 X 16 CARBON STEEL STANDARD WLD TEE  FITTING   
4   28017                               20 CS STD WELD TEE  FITTING   
5   28025  20 X 20 X 16 CARBON STEEL WPL6 STANDARD WLD TEE  FITTING   
6   42930                20 CARBON STEEL STANDARD WELD TEE  FITTING   
7   42935      20 X 20 X 16 CARBON STEEL STANDARD WELD TEE  FITTING   
8   28023      20 X 20 X 16 CARBON STEEL STANDARD WELD TEE  FITTING   
9   42934      20 X 20 X 16 CARBON STEEL STANDARD WELD TEE  FITTING   
10  28027        20 X 20 X 8 CARBON STEEL STANDARD WLD TEE  FITTING   
11  28028   20 X 20 X 8 CARBON STEEL WPL6 STANDARD WLD TEE  FITTING   
12  28032           20X20X10 CARBON STEEL STANDARD WLD TEE  FITTING   
13  28011            20 CARBON STEEL WPL6 STANDARD WLD TEE  FITTING   
14  28020       20 X 20 X 12 CARBON STEEL STANDARD WLD TEE  FITTING   
15  28019       20 X 20 X 12 CARBON STEEL STANDARD WLD TEE  FITTING   
16  28033      20X20X10 CARBON STEEL WPL6 STANDARD WLD TEE  FITTING   
17  28031          20X20X10 CARBON STEEL STANDARD WELD TEE  FITTING   
18  28026   20 X 20 X 16 CARBON STEEL Y65 STANDARD WLD TEE  FITTING   
19  27570           20X20X14 CARBON STEEL STANDARD WLD TEE  FITTING   
20  28008              20 CARBON STEEL EXTRA HEAVY WLD TEE  FITTING   
21  28069       24 X 24 X 20 CARBON STEEL STANDARD WLD TEE  FITTING   
22  28068       24 X 24 X 20 CARBON STEEL STANDARD WLD TEE  FITTING   
23  28451                     24 X 24 X 20 CS STD WELD TEE  FITTING   
24  28070  24 X 24 X 20 CARBON STEEL WPL6 STANDARD WLD TEE  FITTING   

                 TYPE PRIMARY_SIZE REDUCING_SIZE LENGTH MATERIAL_NAME  \
0                 TEE           30            20    NAN  CARBON STEEL   
1                 TEE           20           NAN    NAN  CARBON STEEL   
2                 TEE           20           NAN    NAN  CARBON STEEL   
3                 TEE           20            16    NAN  CARBON STEEL   
4                 TEE           20           NAN    NAN  CARBON STEEL   
5                 TEE           20            16    NAN  CARBON STEEL   
6                 TEE         20.0           NAN    NAN  CARBON STEEL   
7                 TEE         20.0          16.0    NAN  CARBON STEEL   
8                 TEE           20            16    NAN  CARBON STEEL   
9        STRAIGHT TEE         20.0          16.0    NAN  CARBON STEEL   
10                TEE           20             8    NAN  CARBON STEEL   
11                TEE           20             8    NAN  CARBON STEEL   
12                TEE           20            10    NAN  CARBON STEEL   
13                TEE           20           NAN    NAN  CARBON STEEL   
14                TEE           20            12    NAN  CARBON STEEL   
15                TEE           20            12    NAN  CARBON STEEL   
16                TEE           20            10    NAN  CARBON STEEL   
17                TEE           20            10    NAN  CARBON STEEL   
18                TEE           20            16    NAN  CARBON STEEL   
19  STANDARD WELD TEE           20            14    NAN  CARBON STEEL   
20                TEE           20           NAN    NAN  CARBON STEEL   
21                TEE           24            20    NAN  CARBON STEEL   
22                TEE           24            20    NAN  CARBON STEEL   
23           WELD TEE           24            20    NAN  CARBON STEEL   
24                TEE           24            20    NAN  CARBON STEEL   

   MATERIAL_SPECIFICATION MATERIAL_GRADE  ... PRIMARY_SCHEDULE  \
0                    A234            WPB  ...              STD   
1                     NAN            NAN  ...              STD   
2                     NAN            NAN  ...              STD   
3                     NAN            NAN  ...              STD   
4                     NAN            NAN  ...              STD   
5                    WPL6            NAN  ...              STD   
6                     NAN            NAN  ...         STANDARD   
7                     NAN            NAN  ...         STANDARD   
8                     NAN            NAN  ...              STD   
9                     NAN            NAN  ...         STANDARD   
10                    NAN            NAN  ...              STD   
11                   WPL6            NAN  ...              STD   
12                    NAN            NAN  ...              STD   
13                   WPL6            NAN  ...              STD   
14                    NAN            NAN  ...              STD   
15                    NAN            NAN  ...              STD   
16                   WPL6            NAN  ...              STD   
17                    NAN            NAN  ...              STD   
18                    NAN            Y65  ...              STD   
19                    NAN            NAN  ...              NAN   
20                    NAN            NAN  ...               XH   
21                    NAN            NAN  ...              STD   
22                    NAN            NAN  ...              STD   
23                    NAN            NAN  ...              STD   
24                   WPL6            NAN  ...              STD   

   REDUCING_SCHEDULE MANUFACTURING_PROCESS END_FINISH END_CONNECTIONS TRIM  \
0                NAN                   NAN        NAN             NAN  NAN   
1                NAN                WELDED        NAN             NAN  NAN   
2                NAN                WELDED        NAN             NAN  NAN   
3                NAN                  WELD        NAN             NAN  NAN   
4                NAN                WELDED        NAN             NAN  NAN   
5                NAN                WELDED        NAN             NAN  NAN   
6                NAN                WELDED        NAN             NAN  NAN   
7                NAN                   NAN        NAN       BUTT WELD  NAN   
8                NAN                  WELD        NAN             NAN  NAN   
9                NAN                WELDED        NAN             NAN  NAN   
10               NAN                  WELD        NAN             NAN  NAN   
11               NAN                WELDED        NAN             NAN  NAN   
12               NAN                   NAN        NAN             NAN  NAN   
13               NAN                WELDED        NAN             NAN  NAN   
14               NAN                WELDED        NAN             NAN  NAN   
15               NAN                  WELD        NAN             NAN  NAN   
16               NAN                WELDED        NAN             NAN  NAN   
17               NAN                WELDED        NAN             NAN  NAN   
18               NAN                WELDED        NAN             NAN  NAN   
19               NAN                   NAN        NAN             NAN  NAN   
20               NAN                WELDED        NAN             NAN  NAN   
21               NAN                WELDED        NAN             NAN  NAN   
22               NAN                WELDED        NAN             NAN  NAN   
23               NAN                   NAN        NAN             NAN  NAN   
24               NAN                WELDED        NAN             NAN  NAN   

   MISCELLANEOUS CONFIDENCE     id     score  
0            NAN       0.85  28136  0.839392  
1            NAN       0.80  28009  0.820423  
2            NAN       0.80  28010  0.820423  
3            NAN       0.80  28024  0.818664  
4            NAN       0.80  28017  0.816386  
5            NAN       0.85  28025  0.814962  
6            NAN       0.80  42930  0.810169  
7            NAN       0.80  42935  0.803801  
8            NAN       0.80  28023  0.803801  
9            NAN       0.80  42934  0.803801  
10           NAN       0.80  28027  0.802388  
11           NAN       0.85  28028  0.800521  
12          WELD       0.80  28032  0.794724  
13           NAN       0.85  28011  0.793693  
14           NAN       0.85  28020  0.786910  
15           NAN       0.80  28019  0.786910  
16           NAN       0.85  28033  0.785195  
17           NAN       0.80  28031  0.780702  
18           NAN       0.85  28026  0.777481  
19           NAN       0.80  27570  0.776550  
20           NAN       0.85  28008  0.775057  
21           NAN       0.80  28069  0.773697  
22           NAN       0.80  28068  0.773697  
23           NAN       0.80  28451  0.772677  
24           NAN       0.85  28070  0.771844  

[25 rows x 21 columns]",9,GOOD
23,"GASKET, SPIRAL WOUND, 20"" PIPE, 150 LB, 316 SS WINDING, GRAFOIL, W/ INNER RING",20 150 WRI 316 FG 316 IR GASKET *Z,True,23,11,3.2767337000000225,"       ID                                        DESCRIPTION CATEGORY  \
0    2180                  20 150 316 FG SPIRAL WOUND GASKET   GASKET   
1   11919                           20 150 316 SPIRAL GASKET   GASKET   
2   11920                20 150 316 SPIRAL GASKET WITH GRAPH   GASKET   
3   12412                  20 150 304 FG SPIRAL WOUND GASKET   GASKET   
4   11917  20 150 304 SPIRAL GASKET GRAPH STAINLESS STEEL IR   GASKET   
5   11918                20 150 304 SPIRAL GASKET WITH GRAPH   GASKET   
6    3953                  20 300 316 FG SPIRAL WOUND GASKET   GASKET   
7   11969                      20 150 304 SPIRAL FLEX GASKET   GASKET   
8   12410                   2 150 316 FG SPIRAL WOUND GASKET   GASKET   
9    2078             2-0.5 150 316 SPIRAL GASKET WITH GRAPH   GASKET   
10  12408                      2 150 304 SPIRAL WOUND GASKET   GASKET   
11  11735                 20 150 WRI 316 FG 316 IR GASKET *Z   GASKET   
12  43446                 20 150 WRI 316 FG 316 IR GASKET *Z   GASKET   
13  43478                 20 150 WRI 316 FG 316 IR GASKET *Z   GASKET   
14  11962                   1 150 316 FG SPIRAL WOUND GASKET   GASKET   
15  12407                   2 150 304 FG SPIRAL WOUND GASKET   GASKET   
16  11915                 2 150 316 SPIRAL GASKET WITH GRAPH   GASKET   
17   2181               2-0.5 150 304 FG SPIRAL WOUND GASKET   GASKET   
18   5069                2 1500 316 SPIRAL GASKET WITH GRAPH   GASKET   
19   2072             1-0.5 150 316 SPIRAL GASKET WITH GRAPH   GASKET   
20  11922               2-0.5 150 316 IR GRAPH SPIRAL GASKET   GASKET   
21  12402               1-0.5 150 316 FG SPIRAL WOUND GASKET   GASKET   
22   2077             2-0.5 150 304 SPIRAL GASKET WITH GRAPH   GASKET   
23   6912                   5 150 316 FG SPIRAL WOUND GASKET   GASKET   
24  11958                   1 150 304 FG SPIRAL WOUND GASKET   GASKET   

            TYPE PRIMARY_SIZE REDUCING_SIZE LENGTH    MATERIAL_NAME  \
0   SPIRAL WOUND           20           NAN    NAN  STAINLESS STEEL   
1         SPIRAL           20           NAN    NAN  STAINLESS STEEL   
2         SPIRAL           20           NAN    NAN  STAINLESS STEEL   
3   SPIRAL WOUND           20           NAN    NAN  STAINLESS STEEL   
4         SPIRAL           20           NAN    NAN  STAINLESS STEEL   
5         SPIRAL           20           NAN    NAN  STAINLESS STEEL   
6   SPIRAL WOUND           20           NAN    NAN  STAINLESS STEEL   
7   SPIRAL WOUND           20           NAN    NAN  STAINLESS STEEL   
8   SPIRAL WOUND            2           NAN    NAN  STAINLESS STEEL   
9         SPIRAL          2.5           NAN    NAN  STAINLESS STEEL   
10  SPIRAL WOUND            2           NAN    NAN  STAINLESS STEEL   
11          RING           20           NAN    NAN  STAINLESS STEEL   
12    RING INNER         20.0           NAN    NAN  STAINLESS STEEL   
13  SPIRAL WOUND         20.0           NAN    NAN  STAINLESS STEEL   
14  SPIRAL WOUND            1           NAN    NAN  STAINLESS STEEL   
15  SPIRAL WOUND            2           NAN    NAN  STAINLESS STEEL   
16        SPIRAL            2           NAN    NAN  STAINLESS STEEL   
17  SPIRAL WOUND          2.5           NAN    NAN  STAINLESS STEEL   
18        SPIRAL            2           NAN    NAN  STAINLESS STEEL   
19        SPIRAL          1.5           NAN    NAN  STAINLESS STEEL   
20        SPIRAL          2.5           NAN    NAN  STAINLESS STEEL   
21  SPIRAL WOUND          1.5           NAN    NAN  STAINLESS STEEL   
22        SPIRAL          2.5           NAN    NAN  STAINLESS STEEL   
23  SPIRAL WOUND            5           NAN    NAN              316   
24  SPIRAL WOUND            1           NAN    NAN  STAINLESS STEEL   

   MATERIAL_SPECIFICATION MATERIAL_GRADE  ... PRIMARY_SCHEDULE  \
0                     316            NAN  ...              NAN   
1                     316            NAN  ...              NAN   
2                     316            NAN  ...              NAN   
3                     304            NAN  ...              NAN   
4                     304            NAN  ...              NAN   
5                     304            NAN  ...              NAN   
6                     316            NAN  ...              NAN   
7                     304            NAN  ...              NAN   
8                     316            NAN  ...              NAN   
9                     316            NAN  ...              NAN   
10                    NAN            304  ...              NAN   
11                    316            NAN  ...              NAN   
12                    NAN            316  ...              NAN   
13                    NAN            316  ...              NAN   
14                    316            NAN  ...              NAN   
15                    NAN            304  ...              NAN   
16                    316            NAN  ...              NAN   
17                    304            NAN  ...              NAN   
18                    316            NAN  ...              NAN   
19                    316            NAN  ...              NAN   
20                    316            NAN  ...              NAN   
21                    316            NAN  ...              NAN   
22                    304            NAN  ...              NAN   
23                    NAN            NAN  ...              NAN   
24                    304            NAN  ...              NAN   

   REDUCING_SCHEDULE   MANUFACTURING_PROCESS END_FINISH END_CONNECTIONS TRIM  \
0                NAN                     NAN        NAN             NAN  NAN   
1                NAN                     NAN        NAN             NAN  NAN   
2                NAN                     NAN        NAN             NAN  NAN   
3                NAN                     NAN         FG             NAN  NAN   
4                NAN                     NAN        NAN             NAN  NAN   
5                NAN                     NAN        NAN             NAN  NAN   
6                NAN                     NAN        NAN             NAN  NAN   
7                NAN                     NAN        NAN             NAN  NAN   
8                NAN                     NAN        NAN             NAN  NAN   
9                NAN                     NAN        NAN             NAN  NAN   
10               NAN                     NAN        NAN             NAN  NAN   
11               NAN                     NAN        NAN             NAN  NAN   
12               NAN  WOUND REINFORCED INNER        NAN             NAN  NAN   
13               NAN                     NAN        NAN             NAN  316   
14               NAN                     NAN        NAN             NAN  NAN   
15               NAN                     NAN        NAN             NAN  NAN   
16               NAN                     NAN        NAN             NAN  NAN   
17               NAN                     NAN        NAN             NAN  NAN   
18               NAN                     NAN        NAN             NAN  NAN   
19               NAN                     NAN        NAN             NAN  NAN   
20               NAN                     NAN        NAN             NAN  NAN   
21               NAN                     NAN        NAN             NAN  NAN   
22               NAN                     NAN        NAN             NAN  NAN   
23               NAN                     NAN        NAN             NAN  NAN   
24               NAN                     NAN        NAN             NAN  NAN   

                 MISCELLANEOUS CONFIDENCE     id     score  
0                           FG       0.95   2180  0.889448  
1                          NAN       0.90  11919  0.882196  
2                WITH GRAPHITE       0.95  11920  0.874387  
3                          NAN       0.95  12412  0.874129  
4   GRAPHITE FILLED INNER RING       0.95  11917  0.853488  
5                WITH GRAPHITE       0.90  11918  0.852179  
6                           FG       0.90   3953  0.846752  
7                         FLEX       0.95  11969  0.844976  
8                           FG       0.95  12410  0.836053  
9                WITH GRAPHITE       0.90   2078  0.833635  
10                         NAN       0.90  12408  0.826077  
11                          IR       0.90  11735  0.823920  
12                          *Z       0.80  43446  0.823920  
13                          IR       0.90  43478  0.823920  
14                          FG       0.95  11962  0.823256  
15                          FG       0.95  12407  0.821449  
16               WITH GRAPHITE       0.95  11915  0.820117  
17                          FG       0.90   2181  0.819747  
18               WITH GRAPHITE       0.95   5069  0.817953  
19               WITH GRAPHITE       0.90   2072  0.815884  
20                    IR GRAPH       0.90  11922  0.815468  
21                          FG       0.95  12402  0.815016  
22               WITH GRAPHITE       0.95   2077  0.814430  
23                          FG       0.90   6912  0.811360  
24                          FG       0.95  11958  0.810393  

[25 rows x 21 columns]",7,GOOD
24,"1"" PIPE, ASTM A-312 304L SS, WELDED, SCH 80S, ASME B36.19M",1 STAINLESS STEEL SCHEDULE 80 304L A312 SEAMLESS PIPE,True,24,9,5.832879700000149,"       ID                                                 DESCRIPTION  \
0   38928           1 STAINLESS STEEL SCHEDULE 80 304L A312 WELD PIPE   
1   41286           1 STAINLESS STEEL SCHEDULE 80 304L A312 WELD PIPE   
2   38929           1 STAINLESS STEEL SCHEDULE 80 304L A312 WELD PIPE   
3   39079       1-0.5 STAINLESS STEEL SCHEDULE 80 304L A312 WELD PIPE   
4   39075   1-0.5 STAINLESS STEEL SCHEDULE 80 304L A312 SEAMLESS PIPE   
5   39077   1-0.5 STAINLESS STEEL SCHEDULE 80 304L A312 SEAMLESS PIPE   
6   39076   1-0.5 STAINLESS STEEL SCHEDULE 80 304L A312 SEAMLESS PIPE   
7   39078   1-0.5 STAINLESS STEEL SCHEDULE 80 304L A312 SEAMLESS PIPE   
8   39104      1-0.25 STAINLESS STEEL SCHEDULE 80 304L A312 WELD PIPE   
9   38927       1 STAINLESS STEEL SCHEDULE 80 304L A312 SEAMLESS PIPE   
10  42657       1 STAINLESS STEEL SCHEDULE 80 304L A312 SEAMLESS PIPE   
11  38926       1 STAINLESS STEEL SCHEDULE 80 304L A312 SEAMLESS PIPE   
12  38925       1 STAINLESS STEEL SCHEDULE 80 304L A312 SEAMLESS PIPE   
13  43705       1 STAINLESS STEEL SCHEDULE 80 304L A312 SEAMLESS PIPE   
14  38924       1 STAINLESS STEEL SCHEDULE 80 304L A312 SEAMLESS PIPE   
15  39103  1-0.25 STAINLESS STEEL SCHEDULE 80 304L A312 SEAMLESS PIPE   
16  38934           1 STAINLESS STEEL SCHEDULE 80 316L A312 WELD PIPE   
17  39086       1-0.5 STAINLESS STEEL SCHEDULE 80 316L A312 WELD PIPE   
18  42718         10 STAINLESS STEEL SCHEDULE 80S 304L A312 WELD PIPE   
19  39085   1-0.5 STAINLESS STEEL SCHEDULE 80 316L A312 SEAMLESS PIPE   
20  39082   1-0.5 STAINLESS STEEL SCHEDULE 80 316L A312 SEAMLESS PIPE   
21  39084   1-0.5 STAINLESS STEEL SCHEDULE 80 316L A312 SEAMLESS PIPE   
22  39083   1-0.5 STAINLESS STEEL SCHEDULE 80 316L A312 SEAMLESS PIPE   
23  39081   1-0.5 STAINLESS STEEL SCHEDULE 80 316L A312 SEAMLESS PIPE   
24  39171          16 STAINLESS STEEL SCHEDULE 80 304L A312 WELD PIPE   

   CATEGORY           TYPE PRIMARY_SIZE REDUCING_SIZE LENGTH    MATERIAL_NAME  \
0      PIPE           PIPE            1           NAN    NAN  STAINLESS STEEL   
1      PIPE      WELD PIPE            1           NAN    NAN  STAINLESS STEEL   
2      PIPE           PIPE            1           NAN    NAN  STAINLESS STEEL   
3      PIPE           PIPE          1.5           NAN    NAN  STAINLESS STEEL   
4      PIPE           PIPE          1.5           NAN    NAN  STAINLESS STEEL   
5      PIPE           PIPE          1.5           NAN    NAN  STAINLESS STEEL   
6      PIPE           PIPE          1.5           NAN    NAN  STAINLESS STEEL   
7      PIPE           PIPE          1.5           NAN    NAN  STAINLESS STEEL   
8      PIPE           PIPE         1.25           NAN    NAN  STAINLESS STEEL   
9      PIPE           PIPE            1           NAN    NAN  STAINLESS STEEL   
10     PIPE  SEAMLESS PIPE          1.0           NAN    NAN  STAINLESS STEEL   
11     PIPE           PIPE            1           NAN    NAN  STAINLESS STEEL   
12     PIPE           PIPE            1           NAN    NAN  STAINLESS STEEL   
13     PIPE  SEAMLESS PIPE          1.0           NAN    NAN  STAINLESS STEEL   
14     PIPE           PIPE            1           NAN    NAN  STAINLESS STEEL   
15     PIPE           PIPE         1.25           NAN    NAN  STAINLESS STEEL   
16     PIPE           PIPE            1           NAN    NAN  STAINLESS STEEL   
17     PIPE           PIPE          1.5           NAN    NAN  STAINLESS STEEL   
18     PIPE           PIPE         10.0           NAN    NAN  STAINLESS STEEL   
19     PIPE           PIPE          1.5           NAN    NAN  STAINLESS STEEL   
20     PIPE           PIPE          1.5           NAN    NAN  STAINLESS STEEL   
21     PIPE           PIPE          1.5           NAN    NAN  STAINLESS STEEL   
22     PIPE           PIPE          1.5           NAN    NAN  STAINLESS STEEL   
23     PIPE           PIPE          1.5           NAN    NAN  STAINLESS STEEL   
24     PIPE           PIPE           16           NAN    NAN  STAINLESS STEEL   

   MATERIAL_SPECIFICATION MATERIAL_GRADE  ... PRIMARY_SCHEDULE  \
0                    A312           304L  ...               80   
1                    A312           304L  ...               80   
2                    A312           304L  ...               80   
3                    A312           304L  ...               80   
4                    A312           304L  ...               80   
5                    A312           304L  ...               80   
6                    A312           304L  ...               80   
7                    A312           304L  ...               80   
8                    A312           304L  ...               80   
9                    A312           304L  ...               80   
10                   A312           304L  ...               80   
11                   A312           304L  ...               80   
12                   A312           304L  ...               80   
13                   A312           304L  ...               80   
14                   A312           304L  ...               80   
15                   A312           304L  ...               80   
16                   A312           316L  ...               80   
17                   A312           316L  ...               80   
18                   A312           304L  ...              80S   
19                   A312           316L  ...               80   
20                   A312           316L  ...               80   
21                   A312           316L  ...               80   
22                   A312           316L  ...               80   
23                   A312           316L  ...               80   
24                   A312           304L  ...               80   

   REDUCING_SCHEDULE MANUFACTURING_PROCESS END_FINISH END_CONNECTIONS TRIM  \
0                NAN                WELDED        NAN             NAN  NAN   
1                NAN                WELDED        NAN             NAN  NAN   
2                NAN                WELDED        NAN             NAN  NAN   
3                NAN                WELDED        NAN             NAN  NAN   
4                NAN              SEAMLESS        NAN             NAN  NAN   
5                NAN              SEAMLESS        NAN             NAN  NAN   
6                NAN              SEAMLESS        NAN             NAN  NAN   
7                NAN              SEAMLESS        NAN             NAN  NAN   
8                NAN                WELDED        NAN             NAN  NAN   
9                NAN              SEAMLESS        NAN             NAN  NAN   
10               NAN              SEAMLESS        NAN             NAN  NAN   
11               NAN              SEAMLESS        NAN             NAN  NAN   
12               NAN              SEAMLESS        NAN             NAN  NAN   
13               NAN              SEAMLESS        NAN             NAN  NAN   
14               NAN              SEAMLESS        NAN             NAN  NAN   
15               NAN              SEAMLESS        NAN             NAN  NAN   
16               NAN                WELDED        NAN             NAN  NAN   
17               NAN                WELDED        NAN             NAN  NAN   
18               NAN                  WELD        NAN             NAN  NAN   
19               NAN              SEAMLESS        NAN             NAN  NAN   
20               NAN              SEAMLESS        NAN             NAN  NAN   
21               NAN              SEAMLESS        NAN             NAN  NAN   
22               NAN              SEAMLESS        NAN             NAN  NAN   
23               NAN              SEAMLESS        NAN             NAN  NAN   
24               NAN                WELDED        NAN             NAN  NAN   

   MISCELLANEOUS CONFIDENCE     id     score  
0            NAN       0.90  38928  0.863216  
1            NAN       0.90  41286  0.863216  
2            NAN       0.90  38929  0.863216  
3            NAN       0.90  39079  0.860788  
4            NAN       0.95  39075  0.855418  
5            NAN       0.95  39077  0.855418  
6            NAN       0.95  39076  0.855418  
7            NAN       0.95  39078  0.855418  
8            NAN       0.95  39104  0.849342  
9            NAN       0.95  38927  0.845929  
10           NAN       0.90  42657  0.845929  
11           NAN       0.90  38926  0.845929  
12           NAN       0.90  38925  0.845929  
13           NAN       0.90  43705  0.845929  
14           NAN       0.95  38924  0.845929  
15           NAN       0.95  39103  0.845515  
16           NAN       0.90  38934  0.845066  
17           NAN       0.90  39086  0.837869  
18           NAN       0.90  42718  0.834173  
19           NAN       0.95  39085  0.833918  
20           NAN       0.95  39082  0.833918  
21           NAN       0.95  39084  0.833918  
22           NAN       0.95  39083  0.833918  
23           NAN       0.95  39081  0.833918  
24           NAN       0.95  39171  0.830944  

[25 rows x 21 columns]",7,GOOD
25,"4X4X2 REDUCING TEE , ASME B16.9 , BEVELED END , ASTM A234 GRADE WPB , TYPE S S-STD",4 X 4 X 2 CARBON STEEL STANDARD WELD TEE,True,25,32,6.460328699999991,"       ID  \
0   28187   
1   23585   
2   24203   
3   23421   
4   28197   
5   28195   
6   28194   
7   23583   
8   23584   
9   23582   
10  23581   
11  23586   
12  23587   
13  43089   
14  28203   
15  28204   
16  39828   
17  27395   
18  28206   
19  28202   
20  40825   
21  28178   
22  28179   
23  24303   
24  28212   

                                                                                                                                                                DESCRIPTION  \
0                                                                                                                                    4 X 2 CARBON STEEL TEE STD-XH A234 WPB   
1   FITTG REDUCER CONCENTRIC SWAGE BUTT WELDG XSTRONG SEAMLESS CARBON STEEL ASTM A234 GRADE WPB MSS SP95 THIS FITTG IS TO BE BEVELED ON BOTH ENDS FOR BUTT WELDG CONNECTION   
2                                                                                                                      4 X 2 CARBON STEEL STD-XH ECCENTRIC REDUCER A234 WPB   
3                                                                                                                     4 X 2 CARBON STEEL STD-XH CONCENTRIC REDUCER A234 WPB   
4                                                                                                                              4 X 4 X 2 CARBON STEEL WPL6 STANDARD WLD TEE   
5                                                                                                                                   4 X 4 X 2 CARBON STEEL STANDARD WLD TEE   
6                                                                                                                                   4 X 4 X 2 CARBON STEEL STANDARD WLD TEE   
7                                                                FITTG REDUCER CONCENTRIC SWAGE BUTT WELDG X PLA XSTRONG SEAMLESS CARBON STEEL ASTM A234 GRADE WPB MSS SP95   
8                                                                FITTG REDUCER CONCENTRIC SWAGE BUTT WELDG X PLA XSTRONG SEAMLESS CARBON STEEL ASTM A234 GRADE WPB MSS SP95   
9                                                                FITTG REDUCER CONCENTRIC SWAGE BUTT WELDG X PLA XSTRONG SEAMLESS CARBON STEEL ASTM A234 GRADE WPB MSS SP95   
10                                                               FITTG REDUCER CONCENTRIC SWAGE BUTT WELDG X PLA XSTRONG SEAMLESS CARBON STEEL ASTM A234 GRADE WPB MSS SP95   
11                                                                        FITTG REDUCER CONCENTRIC SWAGE PLA END XSTRONG SEAMLESS CARBON STEEL ASTM A234 GRADE WPB MSS SP95   
12                                                                        FITTG REDUCER CONCENTRIC SWAGE PLA END XSTRONG SEAMLESS CARBON STEEL ASTM A234 GRADE WPB MSS SP95   
13                                                                                                                            4 X 4 X 2 CARBON STEEL WPL6 STANDARD WELD TEE   
14                                                                                                                                                4 X 4 X 2 CS STD WELD TEE   
15                                                                                                                                                4 X 4 X 2 CS STD WELD TEE   
16                                                             FITTG TEE REDUCG BUTT WELDG SCHEDULE 40S SEAMLESS STALESS STEEL ASTM A 403 DUAL GRADE WPS 304 304L ASME B169   
17                                                                                                                              4 X 4 X 2-0.5 CARBON STEEL STANDARD WLD TEE   
18                                                                                                                              4 X 4 X 2-0.5 CARBON STEEL STANDARD WLD TEE   
19                                                                                                                                           4 X 4 X 2 CS S160 STD WELD TEE   
20                                                                                                                           4 STAINLESS STEEL SCHEDULE 40 304L TEE A403WPW   
21                                                                                                                                     4 CARBON STEEL WPL6 STANDARD WLD TEE   
22                                                                                                                                     4 CARBON STEEL WPL6 STANDARD WLD TEE   
23                                                                FITTG REDUCER ECCENTRIC SWAGE BUTT WELDG X PLA XSTRONG SEAMLESS CARBON STEEL ASTM A234 GRADE WPB MSS SP95   
24                                                                                                                             4 X 4 X 3 CARBON STEEL WPL6 STANDARD WLD TEE   

   CATEGORY                TYPE PRIMARY_SIZE REDUCING_SIZE LENGTH  \
0   FITTING                 TEE            4             2    NAN   
1   FITTING  CONCENTRIC REDUCER            2           0.5    NAN   
2   FITTING   ECCENTRIC REDUCER            4             2    NAN   
3   FITTING  CONCENTRIC REDUCER            4             2    NAN   
4   FITTING                 TEE            4             2    NAN   
5   FITTING                 TEE            4             2    NAN   
6   FITTING                 TEE            4             2    NAN   
7   FITTING  CONCENTRIC REDUCER         0.75           0.5    NAN   
8   FITTING  CONCENTRIC REDUCER            4             2    NAN   
9   FITTING  CONCENTRIC REDUCER            3          0.75    NAN   
10  FITTING  CONCENTRIC REDUCER            3             1    NAN   
11  FITTING  CONCENTRIC REDUCER          0.5         0.375    NAN   
12  FITTING  CONCENTRIC REDUCER         1.25          0.75    NAN   
13  FITTING        REDUCING TEE          4.0           2.0    NAN   
14  FITTING                 TEE            4             2    NAN   
15  FITTING                 TEE            4             2    NAN   
16  FITTING        REDUCING TEE          NAN           NAN    NAN   
17  FITTING        REDUCING TEE            4           2.5    NAN   
18  FITTING                 TEE            4           2.5    NAN   
19  FITTING                 TEE            4             2    NAN   
20  FITTING                 TEE            4           NAN    NAN   
21  FITTING                 TEE            4           NAN    NAN   
22  FITTING                 TEE            4           NAN    NAN   
23  FITTING   ECCENTRIC REDUCER            1         0.625    NAN   
24  FITTING                 TEE            4             3    NAN   

      MATERIAL_NAME MATERIAL_SPECIFICATION MATERIAL_GRADE  ...  \
0      CARBON STEEL                   A234            WPB  ...   
1      CARBON STEEL              ASTM A234            WPB  ...   
2      CARBON STEEL                   A234            WPB  ...   
3      CARBON STEEL                   A234            WPB  ...   
4      CARBON STEEL                   WPL6            NAN  ...   
5      CARBON STEEL                    NAN            NAN  ...   
6      CARBON STEEL                    NAN            NAN  ...   
7      CARBON STEEL                   A234            WPB  ...   
8      CARBON STEEL                   A234            WPB  ...   
9      CARBON STEEL                   A234            WPB  ...   
10     CARBON STEEL                   A234            WPB  ...   
11     CARBON STEEL                   A234            WPB  ...   
12     CARBON STEEL              ASTM A234            WPB  ...   
13     CARBON STEEL                    NAN           WPL6  ...   
14     CARBON STEEL                    NAN            NAN  ...   
15     CARBON STEEL                    NAN            NAN  ...   
16  STAINLESS STEEL                   A403         WP1.0L  ...   
17     CARBON STEEL                    NAN            NAN  ...   
18     CARBON STEEL                    NAN            NAN  ...   
19     CARBON STEEL                    NAN            NAN  ...   
20  STAINLESS STEEL                   A403            WPW  ...   
21     CARBON STEEL                   WPL6            NAN  ...   
22     CARBON STEEL                   WPL6            NAN  ...   
23     CARBON STEEL              ASTM A234            WPB  ...   
24     CARBON STEEL                   WPL6            NAN  ...   

   PRIMARY_SCHEDULE REDUCING_SCHEDULE MANUFACTURING_PROCESS END_FINISH  \
0                XH               NAN                   NAN        NAN   
1                XH               NAN              SEAMLESS    BEVELED   
2                XH               NAN                   NAN        NAN   
3                XH               NAN                   NAN        NAN   
4               STD               NAN                WELDED        NAN   
5               STD               NAN                  WELD        NAN   
6               STD               NAN                  WELD        NAN   
7                XH                XH              SEAMLESS        NAN   
8                XH                XH              SEAMLESS        NAN   
9                XH                XH              SEAMLESS        NAN   
10               XH               NAN              SEAMLESS        NAN   
11               XH               NAN              SEAMLESS  PLAIN END   
12               XH               NAN              SEAMLESS  PLAIN END   
13         STANDARD               NAN                   NAN        NAN   
14              STD               NAN                WELDED        NAN   
15              STD               NAN                  WELD        NAN   
16              40S               NAN              SEAMLESS         BW   
17              STD               NAN                WELDED        NAN   
18              STD               NAN                  WELD        NAN   
19              160               NAN                   NAN         BW   
20               40               NAN                   NAN        NAN   
21              STD               NAN                   NAN         BW   
22              STD               NAN                   NAN         BW   
23               XH               NAN              SEAMLESS        NAN   
24              STD               NAN                WELDED        NAN   

   END_CONNECTIONS TRIM MISCELLANEOUS CONFIDENCE     id     score  
0              NAN  NAN           NAN       0.90  28187  0.834487  
1          BW X BW  NAN      MSS SP95       0.95  23585  0.807328  
2              NAN  NAN      STANDARD       0.95  24203  0.775498  
3              NAN  NAN      STANDARD       0.95  23421  0.774371  
4              NAN  NAN           NAN       0.85  28197  0.772227  
5              NAN  NAN           NAN       0.80  28195  0.764837  
6              NAN  NAN           NAN       0.85  28194  0.764837  
7          SW X BW  NAN      MSS SP95       0.95  23583  0.762429  
8          SW X BW  NAN      MSS SP95       0.95  23584  0.762429  
9          BW X PE  NAN      MSS SP95       0.95  23582  0.762429  
10         SW X BW  NAN      MSS SP95       0.95  23581  0.762429  
11              SW  NAN      MSS SP95       0.95  23586  0.761029  
12              SW  NAN      MSS SP95       0.95  23587  0.761029  
13              BW  NAN           NAN       0.90  43089  0.759723  
14             NAN  NAN           NAN       0.80  28203  0.757889  
15             NAN  NAN           NAN       0.80  28204  0.757889  
16             NAN  NAN    ASME B16.9       0.70  39828  0.756331  
17             NAN  NAN           NAN       0.80  27395  0.753575  
18             NAN  NAN           NAN       0.80  28206  0.753575  
19             NAN  NAN           NAN       0.85  28202  0.753005  
20             NAN  NAN           NAN       0.90  40825  0.751714  
21             NAN  NAN           NAN       0.85  28178  0.750563  
22             NAN  NAN           NAN       0.85  28179  0.750563  
23         SW X BW  NAN      MSS SP95       0.95  24303  0.747577  
24             NAN  NAN           NAN       0.90  28212  0.747530  

[25 rows x 21 columns]",8,GOOD
26,"CAP,3,WELD,S40,A234WPB",3 CARBON STEEL STANDARD WELD CAP,True,26,5,6.457164799999873,"       ID                                     DESCRIPTION CATEGORY TYPE  \
0   22782                               3 CS STD WELD CAP  FITTING  CAP   
1   22630                        *1119 4 CS S160 WELD CAP  FITTING  CAP   
2   22627                        *1119 3 CS S160 WELD CAP  FITTING  CAP   
3   22817                              4 CS S160 WELD CAP  FITTING  CAP   
4   22793                              30 CS STD WELD CAP  FITTING  CAP   
5   22774                3 CARBON STEEL STANDARD WELD CAP  FITTING  CAP   
6   43258                3 CARBON STEEL STANDARD WELD CAP  FITTING  CAP   
7   43261                3 CARBON STEEL STANDARD WELD CAP  FITTING  CAP   
8   22816                              4 CS S120 WELD CAP  FITTING  CAP   
9   42983           3 CARBON STEEL WPL6 STANDARD WELD CAP  FITTING  CAP   
10  42982           3 CARBON STEEL WPL6 STANDARD WELD CAP  FITTING  CAP   
11  22795                              32 CS STD WELD CAP  FITTING  CAP   
12  34742  3 STAINLESS STEEL SCHEDULE 40 304L CAP A403WPS  FITTING  CAP   
13  22809                4 CARBON STEEL STANDARD WELD CAP  FITTING  CAP   
14  43064                4 CARBON STEEL STANDARD WELD CAP  FITTING  CAP   
15  34787  4 STAINLESS STEEL SCHEDULE 40 304L CAP A403WPS  FITTING  CAP   
16  34786  4 STAINLESS STEEL SCHEDULE 40 304L CAP A403WPS  FITTING  CAP   
17  34608                      10 SS S40 316L CAP A403WPS  FITTING  CAP   
18  34586  1 STAINLESS STEEL SCHEDULE 40 304L CAP A403WPS  FITTING  CAP   
19  22622                        *1119 2 CS S160 WELD CAP  FITTING  CAP   
20  22806                    4 CARBON STEEL S120 WELD CAP  FITTING  CAP   
21  34778  4 STAINLESS STEEL SCHEDULE 10 304L CAP A403WPS  FITTING  CAP   
22  34686  2 STAINLESS STEEL SCHEDULE 40 304L CAP A403WPS  FITTING  CAP   
23  34733  3 STAINLESS STEEL SCHEDULE 10 304L CAP A403WPS  FITTING  CAP   
24  34801  5 STAINLESS STEEL SCHEDULE 40 304L CAP A403WPS  FITTING  CAP   

   PRIMARY_SIZE REDUCING_SIZE LENGTH    MATERIAL_NAME MATERIAL_SPECIFICATION  \
0             3           NAN    NAN     CARBON STEEL                    NAN   
1             4           NAN    NAN     CARBON STEEL                    NAN   
2             3           NAN    NAN     CARBON STEEL                    NAN   
3             4           NAN    NAN     CARBON STEEL                    NAN   
4            30           NAN    NAN     CARBON STEEL                    NAN   
5             3           NAN    NAN     CARBON STEEL                    NAN   
6           3.0           NAN    NAN     CARBON STEEL                    NAN   
7           3.0           NAN    NAN     CARBON STEEL                    NAN   
8             4           NAN    NAN     CARBON STEEL                    NAN   
9           3.0           NAN    NAN     CARBON STEEL                   WPL6   
10          3.0           NAN    NAN     CARBON STEEL                   WPL6   
11           32           NAN    NAN     CARBON STEEL                    NAN   
12            3           NAN    NAN  STAINLESS STEEL                   A403   
13            4           NAN    NAN     CARBON STEEL                    NAN   
14          4.0           NAN    NAN     CARBON STEEL                    NAN   
15            4           NAN    NAN  STAINLESS STEEL                   A403   
16            4           NAN    NAN  STAINLESS STEEL                   A403   
17           10           NAN    NAN  STAINLESS STEEL                   A403   
18            1           NAN    NAN  STAINLESS STEEL                   A403   
19            2           NAN    NAN     CARBON STEEL                    NAN   
20            4           NAN    NAN     CARBON STEEL                    NAN   
21            4           NAN    NAN  STAINLESS STEEL                   A403   
22            2           NAN    NAN  STAINLESS STEEL                   A403   
23            3           NAN    NAN  STAINLESS STEEL                   A403   
24            5           NAN    NAN  STAINLESS STEEL                   A403   

   MATERIAL_GRADE  ... PRIMARY_SCHEDULE REDUCING_SCHEDULE  \
0             NAN  ...              STD               NAN   
1             NAN  ...              160               NAN   
2             NAN  ...              160               NAN   
3             NAN  ...              160               NAN   
4             NAN  ...              STD               NAN   
5             NAN  ...              STD               NAN   
6             NAN  ...         STANDARD               NAN   
7             NAN  ...         STANDARD               NAN   
8             NAN  ...              120               NAN   
9             NAN  ...         STANDARD               NAN   
10            NAN  ...         STANDARD               NAN   
11            NAN  ...              STD               NAN   
12            WPS  ...               40               NAN   
13            NAN  ...              STD               NAN   
14            NAN  ...         STANDARD               NAN   
15            WPS  ...               40               NAN   
16         WP304L  ...               40               NAN   
17            WPS  ...               40               NAN   
18            WPS  ...               40               NAN   
19            NAN  ...              160               NAN   
20            NAN  ...              120               NAN   
21            WPS  ...               10               NAN   
22         WP304L  ...               40               NAN   
23            WPS  ...               10               NAN   
24            WPS  ...               40               NAN   

   MANUFACTURING_PROCESS END_FINISH END_CONNECTIONS TRIM MISCELLANEOUS  \
0                 WELDED        NAN             NAN  NAN           NAN   
1                    NAN        NAN              BW  NAN           NAN   
2                    NAN         BW             NAN  NAN           NAN   
3                    NAN       WELD             NAN  NAN           NAN   
4                 WELDED        NAN             NAN  NAN           NAN   
5                 WELDED        NAN             NAN  NAN           NAN   
6                    NAN        NAN       BUTT WELD  NAN           NAN   
7                    NAN        NAN       BUTT WELD  NAN           NAN   
8                    NAN       WELD             NAN  NAN           NAN   
9                 WELDED        NAN       BUTT WELD  NAN           NAN   
10                WELDED        NAN       BUTT WELD  NAN           NAN   
11                   NAN         BW             NAN  NAN           NAN   
12                   NAN        NAN             NAN  NAN          304L   
13                WELDED        NAN             NAN  NAN           NAN   
14                   NAN        NAN       BUTT WELD  NAN           NAN   
15                   NAN        NAN             NAN  NAN          304L   
16                   NAN        NAN             NAN  NAN           NAN   
17                   NAN        NAN             NAN  NAN          316L   
18                   NAN        NAN             NAN  NAN          304L   
19                   NAN       WELD              BW  NAN           NAN   
20                  WELD        NAN             NAN  NAN           NAN   
21                   NAN        NAN             NAN  NAN          304L   
22                   NAN        NAN             NAN  NAN           NAN   
23                   NAN        NAN             NAN  NAN          304L   
24                   NAN        NAN             NAN  NAN          304L   

   CONFIDENCE     id     score  
0        0.80  22782  0.770412  
1        0.80  22630  0.742376  
2        0.85  22627  0.742373  
3        0.80  22817  0.741313  
4        0.80  22793  0.739659  
5        0.80  22774  0.736135  
6        0.80  43258  0.736135  
7        0.80  43261  0.736135  
8        0.85  22816  0.733155  
9        0.80  42983  0.731853  
10       0.90  42982  0.731853  
11       0.85  22795  0.730200  
12       0.95  34742  0.729464  
13       0.80  22809  0.727849  
14       0.80  43064  0.727849  
15       0.95  34787  0.726179  
16       0.90  34786  0.726179  
17       0.90  34608  0.724795  
18       0.90  34586  0.724607  
19       0.85  22622  0.717782  
20       0.80  22806  0.717262  
21       0.95  34778  0.715412  
22       0.90  34686  0.715407  
23       0.90  34733  0.715287  
24       0.95  34801  0.711131  

[25 rows x 21 columns]",7,GOOD
27,"ELBOW, PIPE, 2"", BUTT WELD, 45 DEG, LONG RADIUS, SCH 80/XS, CARBON STEEL",2 CARBON STEEL SCHEDULE XH WELD 45 ELBOW,True,27,56,5.874149299999999,"       ID                                                  DESCRIPTION  \
0   24758            2 CARBON STEEL STANDARD WELD LONG RADIUS 90 ELBOW   
1   24987             2 CARBON STEEL STANDARD WLD LONG RADIUS 90 ELBOW   
2   24759             2 CARBON STEEL STANDARD WLD LONG RADIUS 90 ELBOW   
3   43293         2 CARBON STEEL SCHEDULE XH WELD LONG RADIUS 90 ELBOW   
4   42863         2 CARBON STEEL SCHEDULE XH WELD LONG RADIUS 90 ELBOW   
5   43319         2 CARBON STEEL SCHEDULE XH WELD LONG RADIUS 90 ELBOW   
6   43294         2 CARBON STEEL SCHEDULE XH WELD LONG RADIUS 90 ELBOW   
7   24776         2 X 1 CARBON STEEL STANDARD WLD LONG RADIUS 90 ELBOW   
8   24779         20 CARBON STEEL SCHEDULE 80 WLD LONG RADIUS 90 ELBOW   
9   24795         2-0.5 CARBON STEEL STANDARD WLD LONG RADIUS 90 ELBOW   
10  24993         2-0.5 CARBON STEEL STANDARD WLD LONG RADIUS 90 ELBOW   
11  24515         2 CARBON STEEL SCHEDULE 160 LONG RADIUS 45 WLD ELBOW   
12  24514         2 CARBON STEEL SCHEDULE 160 LONG RADIUS 45 WLD ELBOW   
13  24524     2-0.5 CARBON STEEL SCHEDULE 160 WLD LONG RADIUS 45 ELBOW   
14  24794     2-0.5 CARBON STEEL SCHEDULE 160 WLD LONG RADIUS 90 ELBOW   
15  24778  2 X 1-0.5 CARBON STEEL EXTRA HEAVY WLD LONG RADIUS 90 ELBOW   
16  25010         4 X 2 CARBON STEEL STANDARD WLD LONG RADIUS 90 ELBOW   
17  24892         4 X 2 CARBON STEEL STANDARD WLD LONG RADIUS 90 ELBOW   
18  24792      2-0.5 CARBON STEEL EXTRA HEAVY WLD LONG RADIUS 90 ELBOW   
19  24793      2-0.5 CARBON STEEL EXTRA HEAVY WLD LONG RADIUS 90 ELBOW   
20  24992     2-0.5 CARBON STEEL EXTRA HEAVY WELD LONG RADIUS 90 ELBOW   
21  24482        2 CARBON STEEL EXTRA HEAVY WELD LONG RADIUS 180 ELBOW   
22  24756         2 CARBON STEEL SCHEDULE 160 WLD LONG RADIUS 90 ELBOW   
23  24755         2 CARBON STEEL SCHEDULE 160 WLD LONG RADIUS 90 ELBOW   
24  24752         2 CARBON STEEL EXTRA HEAVY WELD LONG RADIUS 90 ELBOW   

   CATEGORY                  TYPE PRIMARY_SIZE REDUCING_SIZE LENGTH  \
0   FITTING    LR 90 DEGREE ELBOW            2           NAN    NAN   
1   FITTING           LR 90 ELBOW            2           NAN    NAN   
2   FITTING    LR 90 DEGREE ELBOW            2           NAN    NAN   
3   FITTING  LONG RADIUS 90 ELBOW          2.0           NAN    NAN   
4   FITTING  LONG RADIUS 90 ELBOW          2.0           NAN    NAN   
5   FITTING  LONG RADIUS 90 ELBOW          2.0           NAN    NAN   
6   FITTING  LONG RADIUS 90 ELBOW          2.0           NAN    NAN   
7   FITTING    LR 90 DEGREE ELBOW            2             1    NAN   
8   FITTING    LR 90 DEGREE ELBOW           20           NAN    NAN   
9   FITTING    LR 90 DEGREE ELBOW          2.5           NAN    NAN   
10  FITTING           LR 90 ELBOW          2.5           NAN    NAN   
11  FITTING    LR 45 DEGREE ELBOW            2           NAN    NAN   
12  FITTING    LR 45 DEGREE ELBOW            2           NAN    NAN   
13  FITTING    LR 45 DEGREE ELBOW          2.5           NAN    NAN   
14  FITTING    LR 90 DEGREE ELBOW          2.5           NAN    NAN   
15  FITTING    LR 90 DEGREE ELBOW            2           1.5    NAN   
16  FITTING           LR 90 ELBOW            4             2    NAN   
17  FITTING    LR 90 DEGREE ELBOW            4             2    NAN   
18  FITTING    LR 90 DEGREE ELBOW          2.5           NAN    NAN   
19  FITTING    LR 90 DEGREE ELBOW          2.5           NAN    NAN   
20  FITTING           LR 90 ELBOW          2.5           NAN    NAN   
21  FITTING          LR 180 ELBOW            2           NAN    NAN   
22  FITTING    LR 90 DEGREE ELBOW            2           NAN    NAN   
23  FITTING    LR 90 DEGREE ELBOW            2           NAN    NAN   
24  FITTING    LR 90 DEGREE ELBOW            2           NAN    NAN   

   MATERIAL_NAME MATERIAL_SPECIFICATION MATERIAL_GRADE  ... PRIMARY_SCHEDULE  \
0   CARBON STEEL                    NAN            NAN  ...              STD   
1   CARBON STEEL                    NAN            NAN  ...              STD   
2   CARBON STEEL                    NAN            NAN  ...              STD   
3   CARBON STEEL                    NAN            NAN  ...      EXTRA HEAVY   
4   CARBON STEEL                    NAN            NAN  ...               XH   
5   CARBON STEEL                    NAN            NAN  ...               XH   
6   CARBON STEEL                    NAN            NAN  ...               XH   
7   CARBON STEEL                    NAN            NAN  ...              STD   
8   CARBON STEEL                    NAN            NAN  ...               80   
9   CARBON STEEL                    NAN            NAN  ...              STD   
10  CARBON STEEL                    NAN            NAN  ...              STD   
11  CARBON STEEL                    NAN            NAN  ...              160   
12  CARBON STEEL                    NAN            NAN  ...              160   
13  CARBON STEEL                    NAN            NAN  ...              160   
14  CARBON STEEL                    NAN            NAN  ...              160   
15  CARBON STEEL                    NAN            NAN  ...               XH   
16  CARBON STEEL                    NAN            NAN  ...              STD   
17  CARBON STEEL                    NAN            NAN  ...              STD   
18  CARBON STEEL                    NAN            NAN  ...               XH   
19  CARBON STEEL                    NAN            NAN  ...               XH   
20  CARBON STEEL                    NAN            NAN  ...               XH   
21  CARBON STEEL                    NAN            NAN  ...               XH   
22  CARBON STEEL                    NAN            NAN  ...              160   
23  CARBON STEEL                    NAN            NAN  ...              160   
24  CARBON STEEL                    NAN            NAN  ...               XH   

   REDUCING_SCHEDULE MANUFACTURING_PROCESS END_FINISH END_CONNECTIONS TRIM  \
0                NAN                WELDED        NAN             NAN  NAN   
1                NAN                WELDED        NAN             NAN  NAN   
2                NAN                WELDED        NAN             NAN  NAN   
3                NAN                  WELD        NAN             NAN  NAN   
4                NAN                  WELD        NAN             NAN  NAN   
5                NAN                  WELD        NAN             NAN  NAN   
6                NAN                  WELD        NAN             NAN  NAN   
7                NAN                WELDED        NAN             NAN  NAN   
8                NAN                WELDED        NAN             NAN  NAN   
9                NAN                   NAN        NAN             NAN  NAN   
10               NAN                   NAN         BW             NAN  NAN   
11               NAN                   NAN        NAN             NAN  NAN   
12               NAN                   NAN        NAN             NAN  NAN   
13               NAN                   NAN       WELD             NAN  NAN   
14               NAN                   NAN         BW             NAN  NAN   
15               NAN                  WELD        NAN             NAN  NAN   
16               NAN                  WELD        NAN             NAN  NAN   
17               NAN                   NAN        NAN             NAN  NAN   
18               NAN                   NAN        NAN             NAN  NAN   
19               NAN                  WELD        NAN             NAN  NAN   
20               NAN                   NAN        NAN            WELD  NAN   
21               NAN                   NAN       WELD             NAN  NAN   
22               NAN                   NAN         BW             NAN  NAN   
23               NAN                   NAN       WELD             NAN  NAN   
24               NAN                  WELD        NAN             NAN  NAN   

   MISCELLANEOUS CONFIDENCE     id     score  
0            NAN       0.80  24758  0.838181  
1            NAN       0.85  24987  0.835673  
2            NAN       0.85  24759  0.835673  
3            NAN       0.80  43293  0.826560  
4            NAN       0.80  42863  0.826560  
5            NAN       0.90  43319  0.826560  
6            NAN       0.80  43294  0.826560  
7            NAN       0.80  24776  0.826367  
8            NAN       0.80  24779  0.825573  
9            NAN       0.80  24795  0.823828  
10           NAN       0.80  24993  0.823828  
11           NAN       0.85  24515  0.821291  
12           NAN       0.80  24514  0.821291  
13           NAN       0.85  24524  0.819793  
14           NAN       0.85  24794  0.819580  
15           NAN       0.85  24778  0.818911  
16           NAN       0.80  25010  0.815324  
17           NAN       0.80  24892  0.815324  
18           NAN       0.80  24792  0.814715  
19           NAN       0.85  24793  0.814715  
20           NAN       0.80  24992  0.813218  
21           NAN       0.85  24482  0.812485  
22           NAN       0.85  24756  0.810312  
23           NAN       0.80  24755  0.810312  
24           NAN       0.85  24752  0.807657  

[25 rows x 21 columns]",7,GOOD
28,"6 TEE , ASME B16.9 , BEVELED END , ASTM A420 GRADE WPL6 , TYPE S S-STD",6 CARBON STEEL WPL6 STANDARD WELD TEE,True,28,3,5.4863292,"       ID                                      DESCRIPTION CATEGORY  \
0   28244                      6 CS STD A420 WPL6 WELD TEE  FITTING   
1   28236             6 CARBON STEEL WPL6 STANDARD WLD TEE  FITTING   
2   28237             6 CARBON STEEL WPL6 STANDARD WLD TEE  FITTING   
3   43124            6 CARBON STEEL WPL6 STANDARD WELD TEE  FITTING   
4   28267     6 X 6 X 4 CARBON STEEL WPL6 STANDARD WLD TEE  FITTING   
5   28257     6 X 6 X 3 CARBON STEEL WPL6 STANDARD WLD TEE  FITTING   
6   27742             1 CARBON STEEL WPL6 STANDARD WLD TEE  FITTING   
7   43162    6 X 6 X 3 CARBON STEEL WPL6 STANDARD WELD TEE  FITTING   
8   43161    6 X 6 X 3 CARBON STEEL WPL6 STANDARD WELD TEE  FITTING   
9   43166    6 X 6 X 4 CARBON STEEL WPL6 STANDARD WELD TEE  FITTING   
10  43165    6 X 6 X 4 CARBON STEEL WPL6 STANDARD WELD TEE  FITTING   
11  28450             2 CARBON STEEL WPL6 STANDARD WLD TEE  FITTING   
12  27974             2 CARBON STEEL WPL6 STANDARD WLD TEE  FITTING   
13  28234          6 CARBON STEEL WPL6 EXTRA HEAVY WLD TEE  FITTING   
14  28235         6 CARBON STEEL WPL6 SCHEDULE 160 WLD TEE  FITTING   
15  28266  6 X 6 X 4 CARBON STEEL WPL6 EXTRA HEAVY WLD TEE  FITTING   
16  28249          6 X 6 X 2 CARBON STEEL STANDARD WLD TEE  FITTING   
17  28248          6 X 6 X 2 CARBON STEEL STANDARD WLD TEE  FITTING   
18  28232                  6 CARBON STEEL STANDARD WLD TEE  FITTING   
19  28233                  6 CARBON STEEL STANDARD WLD TEE  FITTING   
20  28090             3 CARBON STEEL WPL6 STANDARD WLD TEE  FITTING   
21  28453             3 CARBON STEEL WPL6 STANDARD WLD TEE  FITTING   
22  27909            16 CARBON STEEL WPL6 STANDARD WLD TEE  FITTING   
23  27908            16 CARBON STEEL WPL6 STANDARD WLD TEE  FITTING   
24  28265          6 X 6 X 4 CARBON STEEL STANDARD WLD TEE  FITTING   

            TYPE PRIMARY_SIZE REDUCING_SIZE LENGTH MATERIAL_NAME  \
0            TEE            6           NAN    NAN  CARBON STEEL   
1            TEE            6           NAN    NAN  CARBON STEEL   
2            TEE            6           NAN    NAN  CARBON STEEL   
3            TEE          6.0           NAN    NAN  CARBON STEEL   
4            TEE            6             4    NAN  CARBON STEEL   
5            TEE            6             3    NAN  CARBON STEEL   
6            TEE            1           NAN    NAN  CARBON STEEL   
7   STRAIGHT TEE          6.0           3.0    NAN  CARBON STEEL   
8            TEE          6.0           3.0    NAN  CARBON STEEL   
9            TEE          6.0           4.0    NAN  CARBON STEEL   
10           TEE          6.0           4.0    NAN  CARBON STEEL   
11      WELD TEE            2           NAN    NAN  CARBON STEEL   
12           TEE            2           NAN    NAN  CARBON STEEL   
13           TEE            6           NAN    NAN  CARBON STEEL   
14           TEE            6           NAN    NAN  CARBON STEEL   
15           TEE            6             4    NAN  CARBON STEEL   
16           TEE            6             2    NAN  CARBON STEEL   
17           TEE            6             2    NAN  CARBON STEEL   
18           TEE            6           NAN    NAN  CARBON STEEL   
19           TEE            6           NAN    NAN  CARBON STEEL   
20           TEE            3           NAN    NAN  CARBON STEEL   
21      WELD TEE            3           NAN    NAN  CARBON STEEL   
22           TEE           16           NAN    NAN  CARBON STEEL   
23           TEE           16           NAN    NAN  CARBON STEEL   
24           TEE            6             4    NAN  CARBON STEEL   

   MATERIAL_SPECIFICATION MATERIAL_GRADE  ... PRIMARY_SCHEDULE  \
0                    A420           WPL6  ...              STD   
1                    WPL6            NAN  ...              STD   
2                    WPL6            NAN  ...              STD   
3                    WPL6            NAN  ...         STANDARD   
4                    WPL6            NAN  ...              STD   
5                    WPL6            NAN  ...              STD   
6                    WPL6            NAN  ...              STD   
7                    WPL6            NAN  ...         STANDARD   
8                    WPL6            NAN  ...         STANDARD   
9                     NAN           WPL6  ...         STANDARD   
10                   WPL6            NAN  ...         STANDARD   
11                   WPL6            NAN  ...              STD   
12                   WPL6            NAN  ...              STD   
13                   WPL6            NAN  ...               XH   
14                   WPL6            NAN  ...              160   
15                   WPL6            NAN  ...               XH   
16                    NAN            NAN  ...              STD   
17                    NAN            NAN  ...              STD   
18                    NAN            NAN  ...              STD   
19                    NAN            NAN  ...              STD   
20                   WPL6            NAN  ...              STD   
21                   WPL6            NAN  ...              STD   
22                   WPL6            NAN  ...              STD   
23                   WPL6            NAN  ...              STD   
24                    NAN            NAN  ...              STD   

   REDUCING_SCHEDULE MANUFACTURING_PROCESS END_FINISH END_CONNECTIONS TRIM  \
0                NAN                WELDED        NAN             NAN  NAN   
1                NAN                   NAN        NAN             NAN  NAN   
2                NAN                   NAN        NAN             NAN  NAN   
3                NAN                WELDED        NAN             NAN  NAN   
4                NAN                WELDED        NAN             NAN  NAN   
5                NAN                WELDED        NAN             NAN  NAN   
6                NAN                   NAN         BW             NAN  NAN   
7                NAN                WELDED        NAN             NAN  NAN   
8                NAN                  WELD        NAN             NAN  NAN   
9                NAN                  WELD        NAN             NAN  NAN   
10               NAN                  WELD        NAN             NAN  NAN   
11               NAN                   NAN        NAN             NAN  NAN   
12               NAN                   NAN        NAN             NAN  NAN   
13               NAN                   NAN         BW             NAN  NAN   
14               NAN                   NAN         BW             NAN  NAN   
15               NAN                  WELD        NAN             NAN  NAN   
16               NAN                WELDED        NAN             NAN  NAN   
17               NAN                  WELD        NAN             NAN  NAN   
18               NAN                   NAN        NAN             NAN  NAN   
19               NAN                WELDED        NAN             NAN  NAN   
20               NAN                   NAN        NAN             NAN  NAN   
21               NAN                   NAN        NAN             NAN  NAN   
22               NAN                   NAN         BW             NAN  NAN   
23               NAN                   NAN         BW             NAN  NAN   
24               NAN                  WELD        NAN             NAN  NAN   

   MISCELLANEOUS CONFIDENCE     id     score  
0            NAN       0.85  28244  0.872579  
1            NAN       0.80  28236  0.865325  
2            NAN       0.85  28237  0.865325  
3            NAN       0.80  43124  0.854931  
4            NAN       0.85  28267  0.847347  
5            NAN       0.85  28257  0.841440  
6            NAN       0.85  27742  0.835867  
7            NAN       0.90  43162  0.835508  
8            NAN       0.90  43161  0.835508  
9            NAN       0.80  43166  0.834286  
10           NAN       0.90  43165  0.834286  
11           NAN       0.85  28450  0.826686  
12           NAN       0.85  27974  0.826686  
13           NAN       0.85  28234  0.826497  
14           NAN       0.85  28235  0.825576  
15           NAN       0.90  28266  0.820306  
16           NAN       0.80  28249  0.811046  
17           NAN       0.80  28248  0.811046  
18           NAN       0.80  28232  0.805448  
19           NAN       0.80  28233  0.805448  
20           NAN       0.85  28090  0.804250  
21           NAN       0.85  28453  0.804250  
22           NAN       0.85  27909  0.803739  
23           NAN       0.85  27908  0.803739  
24           NAN       0.80  28265  0.801132  

[25 rows x 21 columns]",9,GOOD
29,"NIPPLE, PIPE, SEAMLESS, 2"", TBE, 5"" LG, SCH 80/XS, CARBON STEEL, ASTM A106",2 X 5 BLACK SCHEDULE XH SEAMLESS A106 NIPPLE,True,29,0,5.825404800000115,"       ID                                              DESCRIPTION CATEGORY  \
0   43573             2 X 5 BLACK SCHEDULE XH SEAMLESS A106 NIPPLE     PIPE   
1   25787        2 X 5 GALVANIZED EXTRA HEAVY SEAMLESS A106 NIPPLE  FITTING   
2   25794    2 X 5-0.5 GALVANIZED EXTRA HEAVY SEAMLESS A106 NIPPLE  FITTING   
3   25788        2 X 5 GALVANIZED SCHEDULE 40 SEAMLESS A106 NIPPLE  FITTING   
4   25867      2-0.5X5 GALVANIZED EXTRA HEAVY SEAMLESS A106 NIPPLE  FITTING   
5   43550          0.5 X 2 BLACK SCHEDULE 160 SEAMLESS A106 NIPPLE     PIPE   
6   43620          0.5 X 2 BLACK SCHEDULE 160 SEAMLESS A106 NIPPLE     PIPE   
7   43551           0.5 X 2 BLACK SCHEDULE XH SEAMLESS A106 NIPPLE     PIPE   
8   43570         2 X 2-0.5 BLACK SCHEDULE XH SEAMLESS A106 NIPPLE     PIPE   
9   43520         2-0.5 X 8 BLACK SCHEDULE 40 SEAMLESS A106 NIPPLE     PIPE   
10  43510      0.5 X 2-0.5 BLACK SCHEDULE 160 SEAMLESS A106 NIPPLE     PIPE   
11  25784                 2 X 5 BLACK SCHEDULE 40 SMLS A106 NIPPLE  FITTING   
12  43552       0.5 X 2-0.5 BLACK SCHEDULE XH SEAMLESS A106 NIPPLE     PIPE   
13  25734    2 X 2-0.5 GALVANIZED EXTRA HEAVY SEAMLESS A106 NIPPLE  FITTING   
14  25204     0.5 X 2 GALVANIZED SCHEDULE 160 SEAMLESS A106 NIPPLE  FITTING   
15  25203      0.5 X 2 GALVANIZED EXTRA HEAVY SEAMLESS A106 NIPPLE  FITTING   
16  25210  0.5 X 2-0.5 GALVANIZED EXTRA HEAVY SEAMLESS A106 NIPPLE  FITTING   
17  43519            2 X 8 BLACK SCHEDULE 160 SEAMLESS A106 NIPPLE     PIPE   
18  43639      0.5 X 2 GALVANIZED SCHEDULE XH SEAMLESS A106 NIPPLE     PIPE   
19  43565         1-0.5 X 2 BLACK SCHEDULE XH SEAMLESS A106 NIPPLE     PIPE   
20  43632             2 X 8 BLACK SCHEDULE XH SEAMLESS A106 NIPPLE     PIPE   
21  32267                2 X 5 BLACK SCHEDULE 160 SMLS A106 NIPPLE  FITTING   
22  32137      0.5 X 2 GALVANIZED SCHEDULE 40 SEAMLESS A106 NIPPLE  FITTING   
23  25791            2 X 5-0.5 BLACK SCHEDULE 160 SMLS A106 NIPPLE  FITTING   
24  43507            1 X 5 BLACK SCHEDULE 160 SEAMLESS A106 NIPPLE     PIPE   

      TYPE PRIMARY_SIZE REDUCING_SIZE LENGTH MATERIAL_NAME  \
0   NIPPLE          2.0           NAN    5.0  CARBON STEEL   
1   NIPPLE            2           NAN      5  CARBON STEEL   
2   NIPPLE            2           NAN    5.5  CARBON STEEL   
3   NIPPLE            2           NAN      5  CARBON STEEL   
4   NIPPLE          2.5           NAN      5  CARBON STEEL   
5   NIPPLE          0.5           2.0    2.0  CARBON STEEL   
6   NIPPLE          0.5           2.0    NAN  CARBON STEEL   
7   NIPPLE          0.5           NAN    2.0  CARBON STEEL   
8   NIPPLE          2.0           2.5    NAN  CARBON STEEL   
9   NIPPLE          2.5           NAN    8.0  CARBON STEEL   
10  NIPPLE          0.5           2.5    NAN  CARBON STEEL   
11  NIPPLE            2           NAN      5  CARBON STEEL   
12  NIPPLE          0.5           2.5    NAN  CARBON STEEL   
13  NIPPLE            2           2.5    NAN  CARBON STEEL   
14  NIPPLE          0.5             0      2  CARBON STEEL   
15  NIPPLE          0.5           NAN      2  CARBON STEEL   
16  NIPPLE          0.5           2.5    2.5  CARBON STEEL   
17  NIPPLE          2.0           NAN    8.0  CARBON STEEL   
18  NIPPLE          0.5           2.0    NAN  CARBON STEEL   
19  NIPPLE          1.5           2.0    NAN  CARBON STEEL   
20  NIPPLE          2.0           8.0    NAN  CARBON STEEL   
21  NIPPLE            2           NAN      5           NAN   
22  NIPPLE          0.5             0      2           NAN   
23  NIPPLE            2           NAN    5.5  CARBON STEEL   
24  NIPPLE          1.0           NAN    5.0  CARBON STEEL   

   MATERIAL_SPECIFICATION MATERIAL_GRADE  ... PRIMARY_SCHEDULE  \
0                    A106            NAN  ...               XH   
1                    A106            NAN  ...               XH   
2                    A106            NAN  ...               XH   
3                    A106            NAN  ...               40   
4                    A106            NAN  ...               XH   
5                    A106            NAN  ...              160   
6                    A106            NAN  ...              160   
7                    A106            NAN  ...      EXTRA HEAVY   
8                    A106            NAN  ...      EXTRA HEAVY   
9                    A106            NAN  ...               40   
10                   A106            NAN  ...              160   
11                   A106            NAN  ...               40   
12                   A106            NAN  ...      EXTRA HEAVY   
13                   A106            NAN  ...               XH   
14                   A106            NAN  ...              160   
15                   A106            NAN  ...               XH   
16                   A106            NAN  ...               XH   
17                   A106            NAN  ...              160   
18                   A106            NAN  ...      EXTRA HEAVY   
19                   A106            NAN  ...               XH   
20                   A106            NAN  ...               XH   
21                   A106            NAN  ...              160   
22                   A106            NAN  ...               40   
23                   A106            NAN  ...              160   
24                   A106            NAN  ...              160   

   REDUCING_SCHEDULE MANUFACTURING_PROCESS  END_FINISH END_CONNECTIONS TRIM  \
0                NAN              SEAMLESS         NAN             NAN  NAN   
1                NAN              SEAMLESS  GALVANIZED             NAN  NAN   
2                NAN              SEAMLESS  GALVANIZED             NAN  NAN   
3                NAN              SEAMLESS  GALVANIZED             NAN  NAN   
4                NAN              SEAMLESS  GALVANIZED             NAN  NAN   
5                NAN              SEAMLESS         NAN             NAN  NAN   
6                NAN              SEAMLESS         NAN             NAN  NAN   
7                NAN              SEAMLESS         NAN             NAN  NAN   
8                NAN              SEAMLESS       BLACK             NAN  NAN   
9                NAN              SEAMLESS         NAN             NAN  NAN   
10               NAN              SEAMLESS         NAN             NAN  NAN   
11               NAN              SEAMLESS         NAN             NAN  NAN   
12               NAN              SEAMLESS         NAN             NAN  NAN   
13               NAN              SEAMLESS  GALVANIZED             NAN  NAN   
14               NAN              SEAMLESS  GALVANIZED             NAN  NAN   
15               NAN              SEAMLESS  GALVANIZED             NAN  NAN   
16               NAN              SEAMLESS  GALVANIZED             NAN  NAN   
17               NAN              SEAMLESS         NAN             NAN  NAN   
18               NAN              SEAMLESS  GALVANIZED             NAN  NAN   
19               NAN              SEAMLESS         NAN             NAN  NAN   
20               NAN              SEAMLESS         NAN             NAN  NAN   
21               NAN              SEAMLESS         NAN             NAN  NAN   
22               NAN              SEAMLESS  GALVANIZED             NAN  NAN   
23               NAN              SEAMLESS         NAN             NAN  NAN   
24               NAN              SEAMLESS         NAN             NAN  NAN   

   MISCELLANEOUS CONFIDENCE     id     score  
0          BLACK       0.90  43573  0.838046  
1            NAN       0.90  25787  0.823841  
2            NAN       0.90  25794  0.821909  
3            NAN       0.90  25788  0.819736  
4            NAN       0.90  25867  0.813933  
5          BLACK       0.90  43550  0.813769  
6          BLACK       0.80  43620  0.813769  
7          BLACK       0.90  43551  0.813616  
8            NAN       0.80  43570  0.811697  
9          BLACK       0.90  43520  0.810433  
10         BLACK       0.90  43510  0.804254  
11         BLACK       0.90  25784  0.802164  
12         BLACK       0.90  43552  0.799584  
13           NAN       0.90  25734  0.798005  
14           NAN       0.95  25204  0.797675  
15           NAN       0.90  25203  0.794453  
16           NAN       0.90  25210  0.792845  
17         BLACK       0.90  43519  0.791330  
18           NAN       0.90  43639  0.790448  
19         BLACK       0.80  43565  0.788808  
20         BLACK       0.80  43632  0.788321  
21         BLACK       0.90  32267  0.787375  
22           NAN       0.90  32137  0.786571  
23         BLACK       0.95  25791  0.786301  
24         BLACK       0.90  43507  0.784660  

[25 rows x 21 columns]",8,GOOD
30,"10 CAP , ASME B16.9 , BEVELED END , ASTM A403 GRADE WP316/WP316L , TYPE S S-10S",10 STAINLESS STEEL SCHEDULE 10 316L SEAMLESS CAP,True,30,2,4.800225500000124,"       ID                                           DESCRIPTION CATEGORY TYPE  \
0   34613      10 STAINLESS STEEL SCHEDULE 10 316 L CAP A403WPW  FITTING  CAP   
1   34620      10 STAINLESS STEEL SCHEDULE 40 316 L CAP A403WPS  FITTING  CAP   
2   42712      10 STAINLESS STEEL SCHEDULE 10 316L SEAMLESS CAP  FITTING  CAP   
3   34583       1 STAINLESS STEEL SCHEDULE 10 316 L CAP A403WPS  FITTING  CAP   
4   34614         10 STAINLESS STEEL SCHEDULE 10 316 L SMLS CAP  FITTING  CAP   
5   34615         10 STAINLESS STEEL SCHEDULE 10 316 L SMLS CAP  FITTING  CAP   
6   34737       3 STAINLESS STEEL SCHEDULE 10 316 L CAP A403WPS  FITTING  CAP   
7   34629   1-0.5 STAINLESS STEEL SCHEDULE 10 316 L CAP A403WPS  FITTING  CAP   
8   34641  1-0.25 STAINLESS STEEL SCHEDULE 10 316 L CAP A403WPS  FITTING  CAP   
9   34680       2 STAINLESS STEEL SCHEDULE 10 316 L CAP A403WPS  FITTING  CAP   
10  34608                            10 SS S40 316L CAP A403WPS  FITTING  CAP   
11  34609       10 STAINLESS STEEL SCHEDULE 10 304L CAP A403WPS  FITTING  CAP   
12  34812       6 STAINLESS STEEL SCHEDULE 10 316 L CAP A403WPS  FITTING  CAP   
13  34811       6 STAINLESS STEEL SCHEDULE 10 316 L CAP A403WPS  FITTING  CAP   
14  34621         10 STAINLESS STEEL SCHEDULE 40 316 L SMLS CAP  FITTING  CAP   
15  34622         10 STAINLESS STEEL SCHEDULE 40 316 L SMLS CAP  FITTING  CAP   
16  34623         10 STAINLESS STEEL SCHEDULE 40 316 L SMLS CAP  FITTING  CAP   
17  34652      12 STAINLESS STEEL SCHEDULE 10 316 L CAP A403WPS  FITTING  CAP   
18  34651      12 STAINLESS STEEL SCHEDULE 10 316 L CAP A403WPS  FITTING  CAP   
19  34616       10 STAINLESS STEEL SCHEDULE 40 304L CAP A403WPS  FITTING  CAP   
20  34782       4 STAINLESS STEEL SCHEDULE 10 316 L CAP A403WPS  FITTING  CAP   
21  34828       8 STAINLESS STEEL SCHEDULE 10 316 L CAP A403WPS  FITTING  CAP   
22  34662    16 STAINLESS STEEL SCHEDULE 10S .188 316 L CAP WPS  FITTING  CAP   
23  34584          1 STAINLESS STEEL SCHEDULE 10 316 L SMLS CAP  FITTING  CAP   
24  34585          1 STAINLESS STEEL SCHEDULE 10 316 L SMLS CAP  FITTING  CAP   

   PRIMARY_SIZE REDUCING_SIZE LENGTH    MATERIAL_NAME MATERIAL_SPECIFICATION  \
0            10           NAN    NAN  STAINLESS STEEL                   A403   
1            10           NAN    NAN  STAINLESS STEEL                   A403   
2          10.0           NAN    NAN  STAINLESS STEEL                    NAN   
3             1           NAN    NAN  STAINLESS STEEL                   A403   
4            10           NAN    NAN  STAINLESS STEEL                    NAN   
5            10           NAN    NAN  STAINLESS STEEL                    NAN   
6             3           NAN    NAN  STAINLESS STEEL                   A403   
7           1.5           NAN    NAN  STAINLESS STEEL                   A403   
8          1.25           NAN    NAN  STAINLESS STEEL                   A403   
9             2           NAN    NAN  STAINLESS STEEL                   A403   
10           10           NAN    NAN  STAINLESS STEEL                   A403   
11           10           NAN    NAN  STAINLESS STEEL                   A403   
12            6           NAN    NAN  STAINLESS STEEL                   A403   
13            6           NAN    NAN  STAINLESS STEEL                   A403   
14           10           NAN    NAN  STAINLESS STEEL                    NAN   
15           10           NAN    NAN  STAINLESS STEEL                    NAN   
16           10           NAN    NAN  STAINLESS STEEL                    NAN   
17           12           NAN    NAN  STAINLESS STEEL                   A403   
18           12           NAN    NAN  STAINLESS STEEL                   A403   
19           10           NAN    NAN  STAINLESS STEEL                   A403   
20            4           NAN    NAN  STAINLESS STEEL                   A403   
21            8           NAN    NAN  STAINLESS STEEL                   A403   
22           16           NAN    NAN  STAINLESS STEEL                    WPS   
23            1           NAN    NAN  STAINLESS STEEL                    NAN   
24            1           NAN    NAN  STAINLESS STEEL                    NAN   

   MATERIAL_GRADE  ... PRIMARY_SCHEDULE REDUCING_SCHEDULE  \
0             WPW  ...               10               NAN   
1             WPS  ...               40               NAN   
2            316L  ...               10               NAN   
3             WPS  ...               10               NAN   
4            316L  ...               10               NAN   
5            316L  ...               10               NAN   
6          WP316L  ...               10               NAN   
7             WPS  ...               10               NAN   
8             WPS  ...               10               NAN   
9          WP316L  ...               10               NAN   
10            WPS  ...               40               NAN   
11            WPS  ...               10               NAN   
12         WP316L  ...               10               NAN   
13         WP316L  ...               10               NAN   
14           316L  ...               40               NAN   
15           316L  ...               40               NAN   
16           316L  ...               40               NAN   
17         WP316L  ...               10               NAN   
18         WP316L  ...               10               NAN   
19            WPS  ...               40               NAN   
20            WPS  ...               10               NAN   
21         WP316L  ...               10               NAN   
22           316L  ...              10S               NAN   
23           316L  ...               10               NAN   
24           316L  ...               10               NAN   

   MANUFACTURING_PROCESS END_FINISH END_CONNECTIONS TRIM MISCELLANEOUS  \
0                    NAN        NAN             NAN  NAN           NAN   
1                    NAN        NAN             NAN  NAN          316L   
2               SEAMLESS        NAN             NAN  NAN           NAN   
3                    NAN        NAN             NAN  NAN          316L   
4               SEAMLESS        NAN             NAN  NAN           NAN   
5               SEAMLESS        NAN             NAN  NAN           NAN   
6                    NAN        NAN             NAN  NAN           NAN   
7                    NAN        NAN             NAN  NAN          316L   
8                    NAN        NAN             NAN  NAN          316L   
9                    NAN        NAN             NAN  NAN           NAN   
10                   NAN        NAN             NAN  NAN          316L   
11                   NAN        NAN             NAN  NAN          304L   
12                   NAN        NAN             NAN  NAN           NAN   
13                   NAN        NAN             NAN  NAN           NAN   
14              SEAMLESS        NAN             NAN  NAN           NAN   
15              SEAMLESS        NAN             NAN  NAN           NAN   
16              SEAMLESS        NAN             NAN  NAN           NAN   
17                   NAN        NAN             NAN  NAN           NAN   
18                   NAN        NAN             NAN  NAN           NAN   
19                   NAN        NAN             NAN  NAN          304L   
20                   NAN        NAN             NAN  NAN          316L   
21                   NAN        NAN             NAN  NAN           NAN   
22                   NAN        NAN             NAN  NAN         0.188   
23              SEAMLESS        NAN             NAN  NAN           NAN   
24              SEAMLESS        NAN             NAN  NAN           NAN   

   CONFIDENCE     id     score  
0        0.90  34613  0.850673  
1        0.90  34620  0.828845  
2        0.90  42712  0.815752  
3        0.90  34583  0.814537  
4        0.90  34614  0.809341  
5        0.90  34615  0.809341  
6        0.95  34737  0.806695  
7        0.95  34629  0.804450  
8        0.95  34641  0.803100  
9        0.95  34680  0.802493  
10       0.90  34608  0.801983  
11       0.95  34609  0.800638  
12       0.90  34812  0.797712  
13       0.95  34811  0.797712  
14       0.90  34621  0.795920  
15       0.90  34622  0.795920  
16       0.90  34623  0.795920  
17       0.95  34652  0.790965  
18       0.90  34651  0.790965  
19       0.95  34616  0.785690  
20       0.90  34782  0.784506  
21       0.95  34828  0.784250  
22       0.90  34662  0.784220  
23       0.90  34584  0.784052  
24       0.90  34585  0.784052  

[25 rows x 21 columns]",7,GOOD
31,"18"" ELBOW 90D, LR, BW, ASME 16.9, WROUGHT STEEL, ASTM/ASME A/SA-234-WPB, SCH.STD",18 CARBON STEEL STANDARD WELD LONG RADIUS 90 ELBOW,True,31,5,6.725216900000078,"       ID                                                 DESCRIPTION  \
0   27502                    18 CARBON STEEL STANDARD WLD SR 90 ELBOW   
1   31950                            18 STANDARD WLD LR 90 ELBOW LRES   
2   27503                                  18 CS STD WELD SR 90 ELBOW   
3   24739           18 CARBON STEEL STANDARD WLD LONG RADIUS 90 ELBOW   
4   24740           18 CARBON STEEL STANDARD WLD LONG RADIUS 90 ELBOW   
5   24738          18 CARBON STEEL STANDARD WELD LONG RADIUS 90 ELBOW   
6   42848          18 CARBON STEEL STANDARD WELD LONG RADIUS 90 ELBOW   
7   24737          18 CARBON STEEL STANDARD WELD LONG RADIUS 90 ELBOW   
8   36877  18 STAINLESS STEEL SCHEDULE 10S .188 316 L LR 90 ELBOW WPW   
9   36879     18 STAINLESS STEEL SCHEDULE 40 304L LR 90 ELBOW A403WPW   
10  36878    18 STAINLESS STEEL SCHEDULE 10S 304L LR 90 ELBOW A403WPW   
11  30211                               18 STANDARD WLD 45 ELBOW LRES   
12  24743      18 CARBON STEEL WPL6 STANDARD WLD LONG RADIUS 90 ELBOW   
13  24742      18 CARBON STEEL WPL6 STANDARD WLD LONG RADIUS 90 ELBOW   
14  22410                       18 CARBON STEEL STANDARD WLD 45 ELBOW   
15  22411                       18 CARBON STEEL STANDARD WLD 45 ELBOW   
16  24747                          18 CS EXTRA HEAVY WELD LR 90 ELBOW   
17  24746                          18 CS EXTRA HEAVY WELD LR 90 ELBOW   
18  24735        18 CARBON STEEL EXTRA HEAVY WLD LONG RADIUS 90 ELBOW   
19  24736        18 CARBON STEEL EXTRA HEAVY WLD LONG RADIUS 90 ELBOW   
20  36875     18 STAINLESS STEEL SCHEDULE 10 304L LR 90 ELBOW A403WPW   
21  42843     18 CARBON STEEL WPL6 STANDARD WELD LONG RADIUS 90 ELBOW   
22  36876    18 STAINLESS STEEL SCHEDULE 10 316 L LR 90 ELBOW A403WPW   
23  40049   18 STAINLESS STEEL SCHEDULE 10S .188 304L SR 90 ELBOW WPW   
24  42849         18 CARBON STEEL STANDARD WELD SHORT RADIUS 90 ELBOW   

   CATEGORY                   TYPE PRIMARY_SIZE REDUCING_SIZE LENGTH  \
0   FITTING     SR 90 DEGREE ELBOW           18           NAN    NAN   
1   FITTING     LR 90 DEGREE ELBOW           18           NAN    NAN   
2   FITTING     SR 90 DEGREE ELBOW           18           NAN    NAN   
3   FITTING     LR 90 DEGREE ELBOW           18           NAN    NAN   
4   FITTING     LR 90 DEGREE ELBOW           18           NAN    NAN   
5   FITTING     LR 90 DEGREE ELBOW           18           NAN    NAN   
6   FITTING   LONG RADIUS 90 ELBOW         18.0           NAN    NAN   
7   FITTING     LR 90 DEGREE ELBOW           18           NAN    NAN   
8   FITTING     LR 90 DEGREE ELBOW           18           NAN    NAN   
9   FITTING     LR 90 DEGREE ELBOW           18           NAN    NAN   
10  FITTING     LR 90 DEGREE ELBOW           18           NAN    NAN   
11  FITTING        45 DEGREE ELBOW           18           NAN    NAN   
12  FITTING     LR 90 DEGREE ELBOW           18           NAN    NAN   
13  FITTING     LR 90 DEGREE ELBOW           18           NAN    NAN   
14  FITTING        45 DEGREE ELBOW           18           NAN    NAN   
15  FITTING        45 DEGREE ELBOW           18           NAN    NAN   
16  FITTING     LR 90 DEGREE ELBOW           18           NAN    NAN   
17  FITTING     LR 90 DEGREE ELBOW           18           NAN    NAN   
18  FITTING     LR 90 DEGREE ELBOW           18           NAN    NAN   
19  FITTING     LR 90 DEGREE ELBOW           18           NAN    NAN   
20  FITTING     LR 90 DEGREE ELBOW           18           NAN    NAN   
21  FITTING   LONG RADIUS 90 ELBOW         18.0           NAN    NAN   
22  FITTING     LR 90 DEGREE ELBOW           18           NAN    NAN   
23  FITTING            SR 90 ELBOW           18           NAN    NAN   
24  FITTING  SHORT RADIUS 90 ELBOW         18.0           NAN    NAN   

      MATERIAL_NAME MATERIAL_SPECIFICATION MATERIAL_GRADE  ...  \
0      CARBON STEEL                    NAN            NAN  ...   
1               NAN                    NAN            NAN  ...   
2      CARBON STEEL                    NAN            NAN  ...   
3      CARBON STEEL                    NAN            NAN  ...   
4      CARBON STEEL                    NAN            NAN  ...   
5      CARBON STEEL                    NAN            NAN  ...   
6      CARBON STEEL                    NAN            NAN  ...   
7      CARBON STEEL                    NAN            NAN  ...   
8   STAINLESS STEEL                    WPW           316L  ...   
9   STAINLESS STEEL                   A403            WPW  ...   
10  STAINLESS STEEL                   A403            WPW  ...   
11              NAN                    NAN            NAN  ...   
12     CARBON STEEL                   WPL6            NAN  ...   
13     CARBON STEEL                   WPL6            NAN  ...   
14     CARBON STEEL                    NAN            NAN  ...   
15     CARBON STEEL                    NAN            NAN  ...   
16     CARBON STEEL                    NAN            NAN  ...   
17     CARBON STEEL                    NAN            NAN  ...   
18     CARBON STEEL                    NAN            NAN  ...   
19     CARBON STEEL                    NAN            NAN  ...   
20  STAINLESS STEEL                   A403            WPW  ...   
21     CARBON STEEL                   WPL6            NAN  ...   
22  STAINLESS STEEL                   A403            WPW  ...   
23  STAINLESS STEEL                   304L            WPW  ...   
24     CARBON STEEL                    NAN            NAN  ...   

   PRIMARY_SCHEDULE REDUCING_SCHEDULE MANUFACTURING_PROCESS END_FINISH  \
0               STD               NAN                WELDED        NAN   
1               STD               NAN                  WELD        NAN   
2               STD               NAN                WELDED        NAN   
3               STD               NAN                WELDED        NAN   
4               STD               NAN                   NAN        NAN   
5               STD               NAN                WELDED        NAN   
6          STANDARD               NAN                WELDED        NAN   
7               STD               NAN                   NAN         BW   
8               10S               NAN                   NAN        NAN   
9                40               NAN                   NAN        NAN   
10              10S               NAN                   NAN        NAN   
11              STD               NAN                  WELD        NAN   
12              STD               NAN                WELDED         BW   
13              STD               NAN                   NAN         BW   
14              STD               NAN                WELDED        NAN   
15              STD               NAN                   NAN       WELD   
16               XH               NAN                  WELD        NAN   
17               XH               NAN                   NAN         BW   
18               XH               NAN                  WELD        NAN   
19               XH               NAN                  WELD        NAN   
20               10               NAN                   NAN        NAN   
21         STANDARD               NAN                  WELD        NAN   
22               10               NAN                   NAN        NAN   
23              10S               NAN                   NAN        NAN   
24         STANDARD               NAN                  WELD        NAN   

   END_CONNECTIONS TRIM MISCELLANEOUS CONFIDENCE     id     score  
0              NAN  NAN           NAN       0.80  27502  0.831077  
1              NAN  NAN  LOW RESIDUAL       0.80  31950  0.830587  
2              NAN  NAN           NAN       0.80  27503  0.826901  
3              NAN  NAN           NAN       0.80  24739  0.826460  
4              NAN  NAN           NAN       0.80  24740  0.826460  
5              NAN  NAN           NAN       0.80  24738  0.819941  
6        BUTT WELD  NAN           NAN       0.80  42848  0.819941  
7              NAN  NAN           NAN       0.80  24737  0.819941  
8              NAN  NAN         0.188       0.85  36877  0.818803  
9              NAN  NAN           NAN       0.95  36879  0.811837  
10             NAN  NAN           NAN       0.90  36878  0.805916  
11             NAN  NAN  LOW RESIDUAL       0.80  30211  0.804243  
12             NAN  NAN           NAN       0.90  24743  0.803662  
13             NAN  NAN           NAN       0.90  24742  0.803662  
14             NAN  NAN           NAN       0.80  22410  0.803142  
15             NAN  NAN           NAN       0.80  22411  0.803142  
16             NAN  NAN           NAN       0.80  24747  0.802546  
17             NAN  NAN           NAN       0.80  24746  0.802546  
18             NAN  NAN           NAN       0.85  24735  0.799636  
19             NAN  NAN           NAN       0.80  24736  0.799636  
20             NAN  NAN           NAN       0.95  36875  0.798781  
21             NAN  NAN           NAN       0.90  42843  0.798446  
22             NAN  NAN           NAN       0.95  36876  0.796021  
23             NAN  NAN         0.188       0.90  40049  0.794424  
24             NAN  NAN           NAN       0.90  42849  0.793657  

[25 rows x 21 columns]",7,GOOD
32,"18"" PIPE, ASTM A53, GRADE B, CS BLK, ERW, SCH.STD",18 BLACK PLAIN END A53B STANDARD ELECTRIC RESISTANCE WELDED DRL PIPE,True,32,5,5.8471163000001525,"       ID  \
0   26711   
1   26710   
2   26707   
3   26709   
4   26708   
5   42852   
6   26705   
7   26706   
8   26682   
9   26704   
10  27376   
11  26691   
12  26697   
13  26698   
14  26696   
15  26687   
16  26686   
17  26688   
18  26690   
19  26702   
20  26703   
21  26692   
22  26695   
23  26693   
24  26694   

                                                             DESCRIPTION  \
0                          18 BLACK PLAIN END A53B STANDARD ERW SRL PIPE   
1                          18 BLACK PLAIN END A53B STANDARD ERW SRL PIPE   
2         18 BLACK PLAIN END A53B STANDARD ERW DOUBLE RANDOM LENGTH PIPE   
3         18 BLACK PLAIN END A53B STANDARD ERW DOUBLE RANDOM LENGTH PIPE   
4         18 BLACK PLAIN END A53B STANDARD ERW DOUBLE RANDOM LENGTH PIPE   
5   18 BLACK PLAIN END A53B STANDARD ELECTRIC RESISTANCE WELDED DRL PIPE   
6                       18 BLACK PLAIN END A53B EXTRA HEAVY ERW SRL PIPE   
7                       18 BLACK PLAIN END A53B SCHEDULE 10 ERW SRL PIPE   
8        18 BK PLAIN END A53B STANDARD ERW DOUBLE RANDOM LENGTH FBE PIPE   
9      18 BLACK PLAIN END A53B EXTRA HEAVY ERW DOUBLE RANDOM LENGTH PIPE   
10     18 BLACK PLAIN END A53B SCHEDULE 10 ERW DOUBLE RANDOM LENGTH PIPE   
11                           18 BLACK PLAIN END A106B STANDARD PIPE LRES   
12                   18 BLACK PLAIN END A106B STANDARD SEAMLESS SRL PIPE   
13                   18 BLACK PLAIN END A106B STANDARD SEAMLESS SRL PIPE   
14                   18 BLACK PLAIN END A106B STANDARD SEAMLESS SRL PIPE   
15                18 BLACK PLAIN END A106B EXTRA HEAVY SEAMLESS SRL PIPE   
16                18 BLACK PLAIN END A106B EXTRA HEAVY SEAMLESS SRL PIPE   
17                18 BLACK PLAIN END A106B EXTRA HEAVY SEAMLESS SRL PIPE   
18                                18 BLACK PLAIN END A106B S80 PIPE LRES   
19                        18 BLACK PLAIN END A106B T80 SEAMLESS SRL PIPE   
20                                 18 BLACK PLAIN END A106B XH PIPE LRES   
21  18 BLACK PLAIN END A106B STANDARD SEAMLESS DOUBLE RANDOM LENGTH PIPE   
22  18 BLACK PLAIN END A106B STANDARD SEAMLESS DOUBLE RANDOM LENGTH PIPE   
23  18 BLACK PLAIN END A106B STANDARD SEAMLESS DOUBLE RANDOM LENGTH PIPE   
24  18 BLACK PLAIN END A106B STANDARD SEAMLESS DOUBLE RANDOM LENGTH PIPE   

   CATEGORY            TYPE PRIMARY_SIZE REDUCING_SIZE LENGTH MATERIAL_NAME  \
0      PIPE            PIPE           18           NAN    NAN  CARBON STEEL   
1      PIPE            PIPE           18           NAN    NAN  CARBON STEEL   
2      PIPE            PIPE           18           NAN    NAN  CARBON STEEL   
3      PIPE            PIPE           18           NAN    NAN  CARBON STEEL   
4      PIPE            PIPE           18           NAN    NAN  CARBON STEEL   
5      PIPE        ERW PIPE         18.0           NAN    NAN  CARBON STEEL   
6      PIPE            PIPE           18           NAN    NAN  CARBON STEEL   
7      PIPE            PIPE           18           NAN    NAN  CARBON STEEL   
8      PIPE            PIPE           18           NAN    NAN  CARBON STEEL   
9      PIPE            PIPE           18           NAN    NAN  CARBON STEEL   
10     PIPE  PLAIN END PIPE           18           NAN    NAN  CARBON STEEL   
11     PIPE            PIPE           18           NAN    NAN  CARBON STEEL   
12     PIPE            PIPE           18           NAN    NAN  CARBON STEEL   
13     PIPE            PIPE           18           NAN    NAN  CARBON STEEL   
14     PIPE            PIPE           18           NAN    NAN  CARBON STEEL   
15     PIPE            PIPE           18           NAN    NAN  CARBON STEEL   
16     PIPE            PIPE           18           NAN    NAN  CARBON STEEL   
17     PIPE            PIPE           18           NAN    NAN  CARBON STEEL   
18     PIPE            PIPE           18           NAN    NAN  CARBON STEEL   
19     PIPE            PIPE           18           NAN    NAN  CARBON STEEL   
20     PIPE            PIPE           18           NAN    NAN  CARBON STEEL   
21     PIPE            PIPE           18           NAN    NAN  CARBON STEEL   
22     PIPE            PIPE           18           NAN    NAN  CARBON STEEL   
23     PIPE            PIPE           18           NAN    NAN  CARBON STEEL   
24     PIPE            PIPE           18           NAN    NAN  CARBON STEEL   

   MATERIAL_SPECIFICATION MATERIAL_GRADE  ... PRIMARY_SCHEDULE  \
0                     A53              B  ...              STD   
1                     A53              B  ...              STD   
2                     A53              B  ...              STD   
3                     A53              B  ...              STD   
4                     A53              B  ...              STD   
5                     A53              B  ...         STANDARD   
6                     A53              B  ...               XH   
7                     A53              B  ...               10   
8                     A53              B  ...              STD   
9                     A53              B  ...               XH   
10                    A53              B  ...               10   
11                   A106              B  ...              STD   
12                   A106              B  ...              STD   
13                   A106              B  ...              STD   
14                   A106              B  ...              STD   
15                   A106              B  ...               XH   
16                   A106              B  ...               XH   
17                   A106              B  ...               XH   
18                   A106              B  ...               80   
19                   A106              B  ...               80   
20                   A106              B  ...               XH   
21                   A106              B  ...              STD   
22                   A106              B  ...              STD   
23                   A106              B  ...              STD   
24                   A106              B  ...              STD   

   REDUCING_SCHEDULE MANUFACTURING_PROCESS END_FINISH END_CONNECTIONS TRIM  \
0                NAN                   ERW         PE              PE  NAN   
1                NAN                   ERW         PE             NAN  NAN   
2                NAN                   ERW  PLAIN END             NAN  NAN   
3                NAN                   ERW         PE             NAN  NAN   
4                NAN                   ERW  PLAIN END             NAN  NAN   
5                NAN                   ERW  PLAIN END              PE  NAN   
6                NAN                   ERW         PE             NAN  NAN   
7                NAN                   ERW  PLAIN END             NAN  NAN   
8                NAN                   ERW  PLAIN END             NAN  NAN   
9                NAN                   ERW  PLAIN END             NAN  NAN   
10               NAN                   ERW  PLAIN END             NAN  NAN   
11               NAN                   NAN         PE              PE  NAN   
12               NAN                  SMLS         PE             NAN  NAN   
13               NAN                  SMLS         PE              PE  NAN   
14               NAN                  SMLS         PE             NAN  NAN   
15               NAN              SEAMLESS  PLAIN END             NAN  NAN   
16               NAN              SEAMLESS  PLAIN END             NAN  NAN   
17               NAN              SEAMLESS  PLAIN END             NAN  NAN   
18               NAN                   NAN  PLAIN END             NAN  NAN   
19               NAN              SEAMLESS  PLAIN END             NAN  NAN   
20               NAN                   NAN  PLAIN END             NAN  NAN   
21               NAN                  SMLS         PE             NAN  NAN   
22               NAN                  SMLS         PE             NAN  NAN   
23               NAN                  SMLS         PE             NAN  NAN   
24               NAN                  SMLS         PE             NAN  NAN   

           MISCELLANEOUS CONFIDENCE     id     score  
0    BLACK PLAIN END SRL       0.90  26711  0.866467  
1    BLACK PLAIN END SRL       0.95  26710  0.866467  
2                  BLACK       0.95  26707  0.848912  
3   DOUBLE RANDOM LENGTH       0.95  26709  0.848912  
4                  BLACK       0.95  26708  0.848912  
5                    DRL       0.90  42852  0.845322  
6    BLACK PLAIN END SRL       0.95  26705  0.836948  
7              BLACK SRL       0.95  26706  0.825189  
8             BK FBE DRL       0.90  26682  0.824203  
9              BLACK DRL       0.95  26704  0.823808  
10                 BLACK       0.95  27376  0.815641  
11          LOW RESIDUAL       0.90  26691  0.801555  
12                 BLACK       0.95  26697  0.787576  
13   BLACK PLAIN END SRL       0.90  26698  0.787576  
14                 BLACK       0.90  26696  0.787576  
15             BLACK SRL       0.95  26687  0.774469  
16                   SRL       0.95  26686  0.774469  
17             BLACK SRL       0.95  26688  0.774469  
18          LOW RESIDUAL       0.90  26690  0.763968  
19             BLACK SRL       0.95  26702  0.762611  
20          LOW RESIDUAL       0.85  26703  0.758413  
21                 BLACK       0.90  26692  0.753067  
22                 BLACK       0.95  26695  0.753067  
23                 BLACK       0.95  26693  0.753067  
24                 BLACK       0.95  26694  0.753067  

[25 rows x 21 columns]",9,GOOD
33,"14 PIPE , ASME B36.19 , BEVELED END , ASTM A312 GRADE TP304/TP304L , ELECTRIC FUSION WELDED , (EJ = 0.80) S-40S",14 STAINLESS STEEL SCHEDULE 40S 304L A312 WELD PIPE,True,33,4,4.493326900000056,"       ID                                          DESCRIPTION CATEGORY  \
0   41295          14 STAINLESS STEEL S40S 304L A312 WELD PIPE     PIPE   
1   39141          14 STAINLESS STEEL S40S 304L A312 WELD PIPE     PIPE   
2   39142          14 STAINLESS STEEL S40S 304L A312 WELD PIPE     PIPE   
3   39153   14 STAINLESS STEEL SCHEDULE 40 304L A312 WELD PIPE     PIPE   
4   42799  14 STAINLESS STEEL SCHEDULE 40S 304L A312 WELD PIPE     PIPE   
5   41297          14 STAINLESS STEEL S80S 304L A312 WELD PIPE     PIPE   
6   41296          14 STAINLESS STEEL S40S 316L A312 WELD PIPE     PIPE   
7   39144          14 STAINLESS STEEL S40S 316L A312 WELD PIPE     PIPE   
8   39145          14 STAINLESS STEEL S40S 316L A312 WELD PIPE     PIPE   
9   41298         14 STAINLESS STEEL S80S 316 L A312 WELD PIPE     PIPE   
10  39694                       14 SS S10S 304L A312 WELD PIPE     PIPE   
11  39157          16 STAINLESS STEEL S40S 304L A312 WELD PIPE     PIPE   
12  39158          16 STAINLESS STEEL S40S 304L A312 WELD PIPE     PIPE   
13  39140      14 STAINLESS STEEL S40S 304L A312 SEAMLESS PIPE     PIPE   
14  41303          18 STAINLESS STEEL S40S 304L A312 WELD PIPE     PIPE   
15  39175          18 STAINLESS STEEL S40S 304L A312 WELD PIPE     PIPE   
16  41304          18 STAINLESS STEEL S40S 304L A312 WELD PIPE     PIPE   
17  39176          18 STAINLESS STEEL S40S 304L A312 WELD PIPE     PIPE   
18  39146  14 STAINLESS STEEL SCHEDULE 10S 304L A312 WELD PIPE     PIPE   
19  39149  14 STAINLESS STEEL SCHEDULE 10S 304L A312 WELD PIPE     PIPE   
20  39147  14 STAINLESS STEEL SCHEDULE 10S 304L A312 WELD PIPE     PIPE   
21  39148  14 STAINLESS STEEL SCHEDULE 10S 304L A312 WELD PIPE     PIPE   
22  39545    4 STAINLESS STEEL SCHEDULE 40 304L A312 WELD PIPE     PIPE   
23  39546    4 STAINLESS STEEL SCHEDULE 40 304L A312 WELD PIPE     PIPE   
24  39543    4 STAINLESS STEEL SCHEDULE 40 304L A312 WELD PIPE     PIPE   

         TYPE PRIMARY_SIZE REDUCING_SIZE LENGTH    MATERIAL_NAME  \
0   WELD PIPE           14           NAN    NAN  STAINLESS STEEL   
1        PIPE           14           NAN    NAN  STAINLESS STEEL   
2        PIPE           14           NAN    NAN  STAINLESS STEEL   
3        PIPE           14           NAN    NAN  STAINLESS STEEL   
4        PIPE         14.0           NAN    NAN  STAINLESS STEEL   
5   WELD PIPE           14           NAN    NAN  STAINLESS STEEL   
6   WELD PIPE           14           NAN    NAN  STAINLESS STEEL   
7        PIPE           14           NAN    NAN  STAINLESS STEEL   
8        PIPE           14           NAN    NAN  STAINLESS STEEL   
9   WELD PIPE           14           NAN    NAN  STAINLESS STEEL   
10       PIPE           14           NAN    NAN  STAINLESS STEEL   
11       PIPE           16           NAN    NAN  STAINLESS STEEL   
12       PIPE           16           NAN    NAN  STAINLESS STEEL   
13       PIPE           14           NAN    NAN  STAINLESS STEEL   
14  WELD PIPE           18           NAN    NAN  STAINLESS STEEL   
15       PIPE           18           NAN    NAN  STAINLESS STEEL   
16  WELD PIPE           18           NAN    NAN  STAINLESS STEEL   
17       PIPE           18           NAN    NAN  STAINLESS STEEL   
18       PIPE           14           NAN    NAN  STAINLESS STEEL   
19       PIPE           14           NAN    NAN  STAINLESS STEEL   
20       PIPE           14           NAN    NAN  STAINLESS STEEL   
21       PIPE           14           NAN    NAN  STAINLESS STEEL   
22       PIPE            4           NAN    NAN  STAINLESS STEEL   
23       PIPE            4           NAN    NAN  STAINLESS STEEL   
24       PIPE            4           NAN    NAN  STAINLESS STEEL   

   MATERIAL_SPECIFICATION MATERIAL_GRADE  ... PRIMARY_SCHEDULE  \
0                    A312           304L  ...              40S   
1                    A312           304L  ...              40S   
2                    A312           304L  ...              40S   
3                    A312           304L  ...               40   
4                    A312           304L  ...              40S   
5                    A312           304L  ...              80S   
6                    A312           316L  ...              40S   
7                    A312           316L  ...              40S   
8                    A312           316L  ...              40S   
9                    A312           316L  ...              80S   
10                   A312           304L  ...              10S   
11                   A312           304L  ...              40S   
12                   A312           304L  ...              40S   
13                   A312           304L  ...              40S   
14                   A312           304L  ...              40S   
15                   A312           304L  ...              40S   
16                   A312           304L  ...              40S   
17                   A312           304L  ...              40S   
18                   A312           304L  ...              10S   
19                   A312           304L  ...              10S   
20                   A312           304L  ...              10S   
21                   A312           304L  ...              10S   
22                   A312           304L  ...               40   
23                   A312           304L  ...               40   
24                   A312           304L  ...               40   

   REDUCING_SCHEDULE MANUFACTURING_PROCESS END_FINISH END_CONNECTIONS TRIM  \
0                NAN                WELDED        NAN             NAN  NAN   
1                NAN                  WELD        NAN             NAN  NAN   
2                NAN                WELDED        NAN             NAN  NAN   
3                NAN                WELDED        NAN             NAN  NAN   
4                NAN                  WELD        NAN             NAN  NAN   
5                NAN                WELDED        NAN             NAN  NAN   
6                NAN                WELDED        NAN             NAN  NAN   
7                NAN                  WELD        NAN             NAN  NAN   
8                NAN                WELDED        NAN             NAN  NAN   
9                NAN                WELDED        NAN             NAN  NAN   
10               NAN                WELDED        NAN             NAN  NAN   
11               NAN                WELDED        NAN             NAN  NAN   
12               NAN                  WELD        NAN             NAN  NAN   
13               NAN              SEAMLESS        NAN             NAN  NAN   
14               NAN                WELDED        NAN             NAN  NAN   
15               NAN                  WELD        NAN             NAN  NAN   
16               NAN                WELDED        NAN             NAN  NAN   
17               NAN                WELDED        NAN             NAN  NAN   
18               NAN                  WELD        NAN             NAN  NAN   
19               NAN                  WELD        NAN             NAN  NAN   
20               NAN                  WELD        NAN             NAN  NAN   
21               NAN                WELDED        NAN             NAN  NAN   
22               NAN                WELDED        NAN             NAN  NAN   
23               NAN                WELDED        NAN             NAN  NAN   
24               NAN                  WELD        NAN             NAN  NAN   

   MISCELLANEOUS CONFIDENCE     id     score  
0            NAN       0.90  41295  0.815059  
1            NAN       0.95  39141  0.815059  
2            NAN       0.95  39142  0.815059  
3            NAN       0.90  39153  0.807549  
4            NAN       0.90  42799  0.806548  
5            NAN       0.90  41297  0.802007  
6            NAN       0.95  41296  0.799211  
7            NAN       0.95  39144  0.799211  
8            NAN       0.95  39145  0.799211  
9            NAN       0.90  41298  0.780357  
10           NAN       0.95  39694  0.778372  
11           NAN       0.90  39157  0.777759  
12           NAN       0.95  39158  0.777759  
13           NAN       0.95  39140  0.777502  
14           NAN       0.95  41303  0.770956  
15           NAN       0.90  39175  0.770956  
16           NAN       0.90  41304  0.770956  
17           NAN       0.95  39176  0.770956  
18           NAN       0.95  39146  0.770833  
19           NAN       0.95  39149  0.770833  
20           NAN       0.90  39147  0.770833  
21           NAN       0.95  39148  0.770833  
22           NAN       0.90  39545  0.768876  
23           NAN       0.90  39546  0.768876  
24           NAN       0.90  39543  0.768876  

[25 rows x 21 columns]",8,GOOD
34,"8 PIPE , ASME B36.19 , BEVELED END , ASTM A312 GRADE TP316/TP316L , ELECTRIC FUSION WELDED , (EJ = 0.80) S-10S",8 STAINLESS STEEL SCHEDULE 10 316L A312 WELD PIPE,True,34,0,4.8718417000000045,"       ID                                             DESCRIPTION CATEGORY  \
0   39661       8 STAINLESS STEEL SCHEDULE 10 316L A312 WELD PIPE     PIPE   
1   43188       8 STAINLESS STEEL SCHEDULE 10 316L A312 WELD PIPE     PIPE   
2   39660       8 STAINLESS STEEL SCHEDULE 10 316L A312 WELD PIPE     PIPE   
3   39662       8 STAINLESS STEEL SCHEDULE 10 316L A312 WELD PIPE     PIPE   
4   39688       8 STAINLESS STEEL SCHEDULE 80 316L A312 WELD PIPE     PIPE   
5   39684      8 STAINLESS STEEL SCHEDULE 80 316 L A312 WELD PIPE     PIPE   
6   39676       8 STAINLESS STEEL SCHEDULE 40 316L A312 WELD PIPE     PIPE   
7   39675       8 STAINLESS STEEL SCHEDULE 40 316L A312 WELD PIPE     PIPE   
8   39677       8 STAINLESS STEEL SCHEDULE 40 316L A312 WELD PIPE     PIPE   
9   39656  8 STAINLESS STEEL SCHEDULE 10 316 L A312 SEAMLESS PIPE     PIPE   
10  43189   8 STAINLESS STEEL SCHEDULE 10 316L A312 SEAMLESS PIPE     PIPE   
11  39658   8 STAINLESS STEEL SCHEDULE 10 316L A312 SEAMLESS PIPE     PIPE   
12  39659   8 STAINLESS STEEL SCHEDULE 10 316L A312 SEAMLESS PIPE     PIPE   
13  39672      8 STAINLESS STEEL SCHEDULE 40 316 L A312 WELD PIPE     PIPE   
14  39653       8 STAINLESS STEEL SCHEDULE 10 304L A312 WELD PIPE     PIPE   
15  39655       8 STAINLESS STEEL SCHEDULE 10 304L A312 WELD PIPE     PIPE   
16  39654       8 STAINLESS STEEL SCHEDULE 10 304L A312 WELD PIPE     PIPE   
17  39663       8 STAINLESS STEEL SCHEDULE 10 317L A312 WELD PIPE     PIPE   
18  39033      10 STAINLESS STEEL SCHEDULE 80 316L A312 WELD PIPE     PIPE   
19  39649               8 STAINLESS STEEL S20 316L A312 WELD PIPE     PIPE   
20  39683  8 STAINLESS STEEL SCHEDULE 80 316 L A312 SEAMLESS PIPE     PIPE   
21  38934       1 STAINLESS STEEL SCHEDULE 80 316L A312 WELD PIPE     PIPE   
22  39685   8 STAINLESS STEEL SCHEDULE 80 316L A312 SEAMLESS PIPE     PIPE   
23  39686   8 STAINLESS STEEL SCHEDULE 80 316L A312 SEAMLESS PIPE     PIPE   
24  39687   8 STAINLESS STEEL SCHEDULE 80 316L A312 SEAMLESS PIPE     PIPE   

             TYPE PRIMARY_SIZE REDUCING_SIZE LENGTH    MATERIAL_NAME  \
0            PIPE            8           NAN    NAN  STAINLESS STEEL   
1            PIPE          8.0           NAN    NAN  STAINLESS STEEL   
2            PIPE            8           NAN    NAN  STAINLESS STEEL   
3            PIPE            8           NAN    NAN  STAINLESS STEEL   
4            PIPE            8           NAN    NAN  STAINLESS STEEL   
5            PIPE            8           NAN    NAN  STAINLESS STEEL   
6            PIPE            8           NAN    NAN  STAINLESS STEEL   
7            PIPE            8           NAN    NAN  STAINLESS STEEL   
8            PIPE            8           NAN    NAN  STAINLESS STEEL   
9            PIPE            8           NAN    NAN  STAINLESS STEEL   
10  SEAMLESS PIPE          8.0           NAN    NAN  STAINLESS STEEL   
11           PIPE            8           NAN    NAN  STAINLESS STEEL   
12           PIPE            8           NAN    NAN  STAINLESS STEEL   
13           PIPE            8           NAN    NAN  STAINLESS STEEL   
14           PIPE            8           NAN    NAN  STAINLESS STEEL   
15           PIPE            8           NAN    NAN  STAINLESS STEEL   
16           PIPE            8           NAN    NAN  STAINLESS STEEL   
17           PIPE            8           NAN    NAN  STAINLESS STEEL   
18           PIPE           10           NAN    NAN  STAINLESS STEEL   
19           PIPE            8           NAN    NAN  STAINLESS STEEL   
20           PIPE            8           NAN    NAN  STAINLESS STEEL   
21           PIPE            1           NAN    NAN  STAINLESS STEEL   
22           PIPE            8           NAN    NAN  STAINLESS STEEL   
23           PIPE            8           NAN    NAN  STAINLESS STEEL   
24           PIPE            8           NAN    NAN  STAINLESS STEEL   

   MATERIAL_SPECIFICATION MATERIAL_GRADE  ... PRIMARY_SCHEDULE  \
0                    A312           316L  ...               10   
1                    A312           316L  ...               10   
2                    A312           316L  ...               10   
3                    A312           316L  ...               10   
4                    A312           316L  ...               80   
5                    A312           316L  ...               80   
6                    A312           316L  ...               40   
7                    A312           316L  ...               40   
8                    A312           316L  ...               40   
9                    A312           316L  ...               10   
10                   A312           316L  ...               10   
11                   A312           316L  ...               10   
12                   A312           316L  ...               10   
13                   A312           316L  ...               40   
14                   A312           304L  ...               10   
15                   A312           304L  ...               10   
16                   A312           304L  ...               10   
17                   A312           317L  ...               10   
18                   A312           316L  ...               80   
19                   A312           316L  ...              S20   
20                   A312           316L  ...               80   
21                   A312           316L  ...               80   
22                   A312           316L  ...               80   
23                   A312           316L  ...               80   
24                   A312           316L  ...               80   

   REDUCING_SCHEDULE MANUFACTURING_PROCESS END_FINISH END_CONNECTIONS TRIM  \
0                NAN                WELDED        NAN             NAN  NAN   
1                NAN                  WELD        NAN             NAN  NAN   
2                NAN                WELDED        NAN             NAN  NAN   
3                NAN                WELDED        NAN             NAN  NAN   
4                NAN                WELDED        NAN             NAN  NAN   
5                NAN                WELDED        NAN             NAN  NAN   
6                NAN                WELDED        NAN             NAN  NAN   
7                NAN                WELDED        NAN             NAN  NAN   
8                NAN                WELDED        NAN             NAN  NAN   
9                NAN              SEAMLESS        NAN             NAN  NAN   
10               NAN              SEAMLESS        NAN             NAN  NAN   
11               NAN              SEAMLESS        NAN             NAN  NAN   
12               NAN              SEAMLESS        NAN             NAN  NAN   
13               NAN                WELDED        NAN             NAN  NAN   
14               NAN                WELDED        NAN             NAN  NAN   
15               NAN                WELDED        NAN             NAN  NAN   
16               NAN                WELDED        NAN             NAN  NAN   
17               NAN                WELDED        NAN             NAN  NAN   
18               NAN                WELDED        NAN             NAN  NAN   
19               NAN                WELDED        NAN             NAN  NAN   
20               NAN              SEAMLESS        NAN             NAN  NAN   
21               NAN                WELDED        NAN             NAN  NAN   
22               NAN              SEAMLESS        NAN             NAN  NAN   
23               NAN              SEAMLESS        NAN             NAN  NAN   
24               NAN              SEAMLESS        NAN             NAN  NAN   

   MISCELLANEOUS CONFIDENCE     id     score  
0            NAN       0.90  39661  0.824707  
1            NAN       0.90  43188  0.824707  
2            NAN       0.90  39660  0.824707  
3            NAN       0.90  39662  0.824707  
4            NAN       0.90  39688  0.807370  
5            NAN       0.90  39684  0.805449  
6            NAN       0.90  39676  0.801492  
7            NAN       0.90  39675  0.801492  
8            NAN       0.90  39677  0.801492  
9            NAN       0.90  39656  0.801402  
10           NAN       0.90  43189  0.800225  
11           NAN       0.90  39658  0.800225  
12           NAN       0.95  39659  0.800225  
13           NAN       0.90  39672  0.799302  
14           NAN       0.90  39653  0.798725  
15           NAN       0.90  39655  0.798725  
16           NAN       0.90  39654  0.798725  
17           NAN       0.90  39663  0.794114  
18           NAN       0.90  39033  0.790960  
19           NAN       0.90  39649  0.787995  
20           NAN       0.90  39683  0.782517  
21           NAN       0.90  38934  0.782489  
22           NAN       0.90  39685  0.781958  
23           NAN       0.95  39686  0.781958  
24           NAN       0.90  39687  0.781958  

[25 rows x 21 columns]",8,GOOD
35,"GASKET, SPIRAL WOUND, 8"" PIPE, 150 LB, 316 SS WINDING, GRAFOIL, W/ INNER RING",8 150 WRI 316 FG 316 IR GASKET *Z,True,35,17,3.5901068999999097,"       ID                                       DESCRIPTION CATEGORY  \
0    6913                  8 150 316 FG SPIRAL WOUND GASKET   GASKET   
1    2188                  8 150 304 FG SPIRAL WOUND GASKET   GASKET   
2   11956                8 150 316 SPIRAL GASKET WITH GRAPH   GASKET   
3   12992               8 1500 316 SPIRAL GASKET WITH GRAPH   GASKET   
4   11954                8 150 304 SPIRAL GASKET WITH GRAPH   GASKET   
5    2189  8 150 304 SPIRAL GASKET GRAPH STAINLESS STEEL IR   GASKET   
6   11955               8 150 304 SPIRAL GASKET WITH TEFLON   GASKET   
7   11992                  8 150 316 IR GRAPH SPIRAL GASKET   GASKET   
8    3965                  8 300 316 FG SPIRAL WOUND GASKET   GASKET   
9   11952                      8 150 304 SPIRAL FLEX GASKET   GASKET   
10  12991                     8 1500 304 SPIRAL FLEX GASKET   GASKET   
11  43470                    8 150 WRI 316 FG 316 IR GASKET   GASKET   
12   6906                  8 150 304 IR GRAPH SPIRAL GASKET   GASKET   
13  11962                  1 150 316 FG SPIRAL WOUND GASKET   GASKET   
14   2177                 18 150 316 FG SPIRAL WOUND GASKET   GASKET   
15   3915                8 300 316 SPIRAL GASKET WITH GRAPH   GASKET   
16  12410                  2 150 316 FG SPIRAL WOUND GASKET   GASKET   
17  43489                 8 150 WRI 316 FG 316 IR GASKET *Z   GASKET   
18   2065                 8 150 WRI 316 FG 316 IR GASKET *Z   GASKET   
19   3964                  8 300 304 FG SPIRAL WOUND GASKET   GASKET   
20  12402              1-0.5 150 316 FG SPIRAL WOUND GASKET   GASKET   
21  11958                  1 150 304 FG SPIRAL WOUND GASKET   GASKET   
22  12408                     2 150 304 SPIRAL WOUND GASKET   GASKET   
23   6912                  5 150 316 FG SPIRAL WOUND GASKET   GASKET   
24  12406                    16 150 304 SPIRAL WOUND GASKET   GASKET   

            TYPE PRIMARY_SIZE REDUCING_SIZE LENGTH    MATERIAL_NAME  \
0   SPIRAL WOUND            8           NAN    NAN              316   
1   SPIRAL WOUND            8           NAN    NAN  STAINLESS STEEL   
2         SPIRAL            8           NAN    NAN  STAINLESS STEEL   
3         SPIRAL            8           NAN    NAN  STAINLESS STEEL   
4         SPIRAL            8           NAN    NAN  STAINLESS STEEL   
5   SPIRAL WOUND            8           NAN    NAN  STAINLESS STEEL   
6         SPIRAL            8           NAN    NAN  STAINLESS STEEL   
7   SPIRAL WOUND            8           NAN    NAN  STAINLESS STEEL   
8   SPIRAL WOUND            8           NAN    NAN  STAINLESS STEEL   
9         SPIRAL            8           NAN    NAN  STAINLESS STEEL   
10        SPIRAL            8           NAN    NAN  STAINLESS STEEL   
11          RING          8.0           NAN    NAN  STAINLESS STEEL   
12  SPIRAL WOUND            8           NAN    NAN              304   
13  SPIRAL WOUND            1           NAN    NAN  STAINLESS STEEL   
14  SPIRAL WOUND           18           NAN    NAN  STAINLESS STEEL   
15        SPIRAL            8           NAN    NAN  STAINLESS STEEL   
16  SPIRAL WOUND            2           NAN    NAN  STAINLESS STEEL   
17  SPIRAL WOUND          8.0           NAN    NAN  STAINLESS STEEL   
18          RING            8           NAN    NAN  STAINLESS STEEL   
19  SPIRAL WOUND            8           NAN    NAN  STAINLESS STEEL   
20  SPIRAL WOUND          1.5           NAN    NAN  STAINLESS STEEL   
21  SPIRAL WOUND            1           NAN    NAN  STAINLESS STEEL   
22  SPIRAL WOUND            2           NAN    NAN  STAINLESS STEEL   
23  SPIRAL WOUND            5           NAN    NAN              316   
24  SPIRAL WOUND           16           NAN    NAN  STAINLESS STEEL   

   MATERIAL_SPECIFICATION MATERIAL_GRADE  ... PRIMARY_SCHEDULE  \
0                     NAN            NAN  ...              NAN   
1                     304            NAN  ...              NAN   
2                     316            NAN  ...              NAN   
3                     316            NAN  ...              NAN   
4                     304            NAN  ...              NAN   
5                     NAN            304  ...              NAN   
6                     304            NAN  ...              NAN   
7                     316            NAN  ...              NAN   
8                     316            NAN  ...              NAN   
9                     304            NAN  ...              NAN   
10                    304            NAN  ...              NAN   
11                    NAN            316  ...              NAN   
12                    NAN            NAN  ...              NAN   
13                    316            NAN  ...              NAN   
14                    316            NAN  ...              NAN   
15                    316            NAN  ...              NAN   
16                    316            NAN  ...              NAN   
17                    NAN            316  ...              NAN   
18                    316            NAN  ...              NAN   
19                    304            NAN  ...              NAN   
20                    316            NAN  ...              NAN   
21                    304            NAN  ...              NAN   
22                    NAN            304  ...              NAN   
23                    NAN            NAN  ...              NAN   
24                    304            NAN  ...              NAN   

   REDUCING_SCHEDULE MANUFACTURING_PROCESS END_FINISH END_CONNECTIONS    TRIM  \
0                NAN                   NAN        NAN             NAN     NAN   
1                NAN                   NAN        NAN             NAN     NAN   
2                NAN                   NAN        NAN             NAN     NAN   
3                NAN                   NAN        NAN             NAN     NAN   
4                NAN                   NAN        NAN             NAN     NAN   
5                NAN                   NAN        NAN             NAN     NAN   
6                NAN                   NAN        NAN             NAN  TEFLON   
7                NAN                   NAN        NAN             NAN     NAN   
8                NAN                   NAN        NAN             NAN     NAN   
9                NAN          SPIRAL WOUND        NAN             NAN     NAN   
10               NAN          SPIRAL WOUND        NAN             NAN     NAN   
11               NAN                   NAN        NAN             NAN     NAN   
12               NAN                   NAN        NAN             NAN     NAN   
13               NAN                   NAN        NAN             NAN     NAN   
14               NAN                   NAN        NAN             NAN     NAN   
15               NAN                   NAN        NAN             NAN     NAN   
16               NAN                   NAN        NAN             NAN     NAN   
17               NAN                   NAN        NAN             NAN     NAN   
18               NAN                    FG        NAN             NAN     NAN   
19               NAN                   NAN         FG             NAN     NAN   
20               NAN                   NAN        NAN             NAN     NAN   
21               NAN                   NAN        NAN             NAN     NAN   
22               NAN                   NAN        NAN             NAN     NAN   
23               NAN                   NAN        NAN             NAN     NAN   
24               NAN                   NAN        NAN             NAN     NAN   

      MISCELLANEOUS CONFIDENCE     id     score  
0                FG       0.90   6913  0.892915  
1                FG       0.95   2188  0.882314  
2     WITH GRAPHITE       0.90  11956  0.879453  
3     WITH GRAPHITE       0.90  12992  0.865513  
4        WITH GRAPH       0.90  11954  0.864443  
5   GRAPHITE FILLER       0.90   2189  0.861792  
6               NAN       0.90  11955  0.860175  
7          IR GRAPH       0.90  11992  0.850669  
8                FG       0.95   3965  0.848064  
9          FLEXIBLE       0.95  11952  0.845893  
10             FLEX       0.95  12991  0.830702  
11               IR       0.80  43470  0.830375  
12         IR GRAPH       0.90   6906  0.829359  
13               FG       0.95  11962  0.828532  
14               FG       0.95   2177  0.827380  
15    WITH GRAPHITE       0.90   3915  0.827144  
16               FG       0.95  12410  0.826571  
17    IR INNER RING       0.90  43489  0.822857  
18               IR       0.85   2065  0.822857  
19              NAN       0.90   3964  0.820130  
20               FG       0.95  12402  0.818732  
21               FG       0.95  11958  0.818582  
22              NAN       0.90  12408  0.818445  
23               FG       0.90   6912  0.818247  
24              NAN       0.95  12406  0.817587  

[25 rows x 21 columns]",8,GOOD
36,"16"" PIPE, ASTM A-312 304L SS, WELDED, SCH 10S, ASME B36.19M",16 STAINLESS STEEL SCHEDULE 10S 304L A312 WELD PIPE,True,36,1,4.96828389999996,"       ID                                          DESCRIPTION CATEGORY  \
0   41316                       16 SS S10S 304L A312 WELD PIPE     PIPE   
1   39163  16 STAINLESS STEEL SCHEDULE 10S 304L A312 WELD PIPE     PIPE   
2   39167  16 STAINLESS STEEL SCHEDULE 10S 304L A312 WELD PIPE     PIPE   
3   39166  16 STAINLESS STEEL SCHEDULE 10S 304L A312 WELD PIPE     PIPE   
4   39165  16 STAINLESS STEEL SCHEDULE 10S 304L A312 WELD PIPE     PIPE   
5   42833  16 STAINLESS STEEL SCHEDULE 10S 304L A312 WELD PIPE     PIPE   
6   39164  16 STAINLESS STEEL SCHEDULE 10S 304L A312 WELD PIPE     PIPE   
7   42820  16 STAINLESS STEEL SCHEDULE 10S 316L A312 WELD PIPE     PIPE   
8   39169  16 STAINLESS STEEL SCHEDULE 10S 316L A312 WELD PIPE     PIPE   
9   39168  16 STAINLESS STEEL SCHEDULE 10S 316L A312 WELD PIPE     PIPE   
10  41302  16 STAINLESS STEEL SCHEDULE 10S 316L A312 WELD PIPE     PIPE   
11  39171   16 STAINLESS STEEL SCHEDULE 80 304L A312 WELD PIPE     PIPE   
12  39172           16 STAINLESS STEEL T10 304L A312 WELD PIPE     PIPE   
13  39170   16 STAINLESS STEEL SCHEDULE 40 304L A312 WELD PIPE     PIPE   
14  39173          16 STAINLESS STEEL T10 316 L A312 WELD PIPE     PIPE   
15  39152  14 STAINLESS STEEL SCHEDULE 10S 316L A312 WELD PIPE     PIPE   
16  39150  14 STAINLESS STEEL SCHEDULE 10S 316L A312 WELD PIPE     PIPE   
17  39151  14 STAINLESS STEEL SCHEDULE 10S 316L A312 WELD PIPE     PIPE   
18  41299         16 STAINLESS STEEL S40S 316 L A312 WELD PIPE     PIPE   
19  41300          16 STAINLESS STEEL S40S 316L A312 WELD PIPE     PIPE   
20  39160          16 STAINLESS STEEL S40S 316L A312 WELD PIPE     PIPE   
21  38889    1 STAINLESS STEEL SCHEDULE 10 316L A312 WELD PIPE     PIPE   
22  38890    1 STAINLESS STEEL SCHEDULE 10 316L A312 WELD PIPE     PIPE   
23  38888    1 STAINLESS STEEL SCHEDULE 10 316L A312 WELD PIPE     PIPE   
24  39157          16 STAINLESS STEEL S40S 304L A312 WELD PIPE     PIPE   

         TYPE PRIMARY_SIZE REDUCING_SIZE LENGTH    MATERIAL_NAME  \
0   WELD PIPE           16           NAN    NAN  STAINLESS STEEL   
1        PIPE           16           NAN    NAN  STAINLESS STEEL   
2        PIPE           16           NAN    NAN  STAINLESS STEEL   
3        PIPE           16           NAN    NAN  STAINLESS STEEL   
4        PIPE           16           NAN    NAN  STAINLESS STEEL   
5        PIPE         16.0           NAN    NAN  STAINLESS STEEL   
6        PIPE           16           NAN    NAN  STAINLESS STEEL   
7        PIPE         16.0           NAN    NAN  STAINLESS STEEL   
8        PIPE           16           NAN    NAN  STAINLESS STEEL   
9        PIPE           16           NAN    NAN  STAINLESS STEEL   
10  WELD PIPE           16           NAN    NAN  STAINLESS STEEL   
11       PIPE           16           NAN    NAN  STAINLESS STEEL   
12       PIPE           16           NAN    NAN  STAINLESS STEEL   
13       PIPE           16           NAN    NAN  STAINLESS STEEL   
14       PIPE           16           NAN    NAN  STAINLESS STEEL   
15       PIPE           14           NAN    NAN  STAINLESS STEEL   
16       PIPE           14           NAN    NAN  STAINLESS STEEL   
17       PIPE           14           NAN    NAN  STAINLESS STEEL   
18  WELD PIPE           16           NAN    NAN  STAINLESS STEEL   
19  WELD PIPE           16           NAN    NAN  STAINLESS STEEL   
20       PIPE           16           NAN    NAN  STAINLESS STEEL   
21       PIPE            1           NAN    NAN  STAINLESS STEEL   
22       PIPE            1           NAN    NAN  STAINLESS STEEL   
23       PIPE            1           NAN    NAN  STAINLESS STEEL   
24       PIPE           16           NAN    NAN  STAINLESS STEEL   

   MATERIAL_SPECIFICATION MATERIAL_GRADE  ... PRIMARY_SCHEDULE  \
0                    A312           304L  ...              10S   
1                    A312           304L  ...              10S   
2                    A312           304L  ...              10S   
3                    A312           304L  ...              10S   
4                    A312           304L  ...              10S   
5                    A312           304L  ...              10S   
6                    A312           304L  ...              10S   
7                    A312           316L  ...              10S   
8                    A312           316L  ...              10S   
9                    A312           316L  ...              10S   
10                   A312           316L  ...              10S   
11                   A312           304L  ...               80   
12                   A312           304L  ...              T10   
13                   A312           304L  ...               40   
14                   A312           316L  ...               10   
15                   A312           316L  ...              10S   
16                   A312           316L  ...              10S   
17                   A312           316L  ...              10S   
18                   A312           316L  ...              40S   
19                   A312           316L  ...              40S   
20                   A312           316L  ...              40S   
21                   A312           316L  ...               10   
22                   A312           316L  ...               10   
23                   A312           316L  ...               10   
24                   A312           304L  ...              40S   

   REDUCING_SCHEDULE MANUFACTURING_PROCESS END_FINISH END_CONNECTIONS TRIM  \
0                NAN                WELDED        NAN             NAN  NAN   
1                NAN                WELDED        NAN             NAN  NAN   
2                NAN                WELDED        NAN             NAN  NAN   
3                NAN                WELDED        NAN             NAN  NAN   
4                NAN                WELDED        NAN             NAN  NAN   
5                NAN                  WELD        NAN             NAN  NAN   
6                NAN                  WELD        NAN             NAN  NAN   
7                NAN                WELDED        NAN             NAN  NAN   
8                NAN                WELDED        NAN             NAN  NAN   
9                NAN                WELDED        NAN             NAN  NAN   
10               NAN                WELDED        NAN             NAN  NAN   
11               NAN                WELDED        NAN             NAN  NAN   
12               NAN                  WELD        NAN             NAN  NAN   
13               NAN                WELDED        NAN             NAN  NAN   
14               NAN                WELDED        NAN             NAN  NAN   
15               NAN                WELDED        NAN             NAN  NAN   
16               NAN                  WELD        NAN             NAN  NAN   
17               NAN                WELDED        NAN             NAN  NAN   
18               NAN                WELDED        NAN             NAN  NAN   
19               NAN                WELDED        NAN             NAN  NAN   
20               NAN                WELDED        NAN             NAN  NAN   
21               NAN                WELDED        NAN             NAN  NAN   
22               NAN                  WELD        NAN             NAN  NAN   
23               NAN                WELDED        NAN             NAN  NAN   
24               NAN                WELDED        NAN             NAN  NAN   

   MISCELLANEOUS CONFIDENCE     id     score  
0            NAN       0.90  41316  0.902816  
1            NAN       0.95  39163  0.901391  
2            NAN       0.90  39167  0.901391  
3            NAN       0.95  39166  0.901391  
4            NAN       0.90  39165  0.901391  
5            NAN       0.90  42833  0.901391  
6            NAN       0.95  39164  0.901391  
7            NAN       0.90  42820  0.892532  
8            NAN       0.90  39169  0.892532  
9            NAN       0.90  39168  0.892532  
10           NAN       0.90  41302  0.892532  
11           NAN       0.95  39171  0.875443  
12           NAN       0.90  39172  0.874393  
13           NAN       0.90  39170  0.870883  
14           NAN       0.85  39173  0.860467  
15           NAN       0.90  39152  0.855794  
16           NAN       0.95  39150  0.855794  
17           NAN       0.90  39151  0.855794  
18           NAN       0.90  41299  0.855379  
19           NAN       0.90  41300  0.851717  
20           NAN       0.90  39160  0.851717  
21           NAN       0.90  38889  0.851463  
22           NAN       0.90  38890  0.851463  
23           NAN       0.90  38888  0.851463  
24           NAN       0.90  39157  0.846803  

[25 rows x 21 columns]",7,GOOD
37,"VALVE, GATE, 1"", THREADED, 150 LB, BRASS BODY, TR: BRASS","1"" 150 NON-RISING STEM THREAD BONNET GATE VALVE BRONZE NOT FOR POTABLE USE THREADED",True,37,0,3.5144242999999733,"       ID  \
0   43872   
1    7016   
2     235   
3     237   
4    6975   
5     236   
6    6974   
7    6976   
8    6969   
9     243   
10   6977   
11   6984   
12   6973   
13   6972   
14   6993   
15   6994   
16   6992   
17   6971   
18   6982   
19   6980   
20   6983   
21   6981   
22   6995   
23   6970   
24    250   

                                                                            DESCRIPTION  \
0   1"" 150 NON-RISING STEM THREAD BONNET GATE VALVE BRONZE NOT FOR POTABLE USE THREADED   
1                                      1-0.5 BRONZE 150 THREADED RISING STEM GATE VALVE   
2                                          1 BRONZE 150 THREADED RISING STEM GATE VALVE   
3                      NOT FOR POTABLE USE 1 BRONZE 150 THREADED RISING STEM GATE VALVE   
4                      NOT FOR POTABLE USE 1 BRONZE 150 THREADED RISING STEM GATE VALVE   
5                      NOT FOR POTABLE USE 1 BRONZE 150 THREADED RISING STEM GATE VALVE   
6                      NOT FOR POTABLE USE 1 BRONZE 150 THREADED RISING STEM GATE VALVE   
7        NOT FOR POTABLE USE 1 BRONZE 150 THREADED RISING STEM THREAD BONNET GATE VALVE   
8                                        0.5 BRONZE 150 THREADED RISING STEM GATE VALVE   
9                 NOT FOR POTABLE USE 1-0.25 BRONZE 150 THREADED RISING STEM GATE VALVE   
10        NOT FOR POTABLE USE 1 BRONZE 150 THREADED RISING STEM UNION BONNET GATE VALVE   
11     NOT FOR POTABLE USE 0.5 BRONZE 150 THREADED RISING STEM THREAD BONNET GATE VALVE   
12                           NOT FOR POTABLE USE 1 BRONZE 150 THREADED RISING STEM GATE   
13                           NOT FOR POTABLE USE 1 BRONZE 150 THREADED RISING STEM GATE   
14                 NOT FOR POTABLE USE 1-0.5 BRONZE 150 THREADED RISING STEM GATE VALVE   
15                 NOT FOR POTABLE USE 1-0.5 BRONZE 150 THREADED RISING STEM GATE VALVE   
16                 NOT FOR POTABLE USE 1-0.5 BRONZE 150 THREADED RISING STEM GATE VALVE   
17               NOT FOR POTABLE USE 1 BRONZE 150 THREADED NRS THREAD BONNET GATE VALVE   
18                   NOT FOR POTABLE USE 0.5 BRONZE 150 THREADED RISING STEM GATE VALVE   
19                   NOT FOR POTABLE USE 0.5 BRONZE 150 THREADED RISING STEM GATE VALVE   
20                   NOT FOR POTABLE USE 0.5 BRONZE 150 THREADED RISING STEM GATE VALVE   
21                   NOT FOR POTABLE USE 0.5 BRONZE 150 THREADED RISING STEM GATE VALVE   
22         NOT FOR POTABLE USE 1-0.5 BRONZE 150 THREADED RISING STEM THREAD BONNET GATE   
23                                         2 BRONZE 150 THREADED RISING STEM GATE VALVE   
24    NOT FOR POTABLE USE 0.375 BRONZE 150 THREADED RISING STEM UNION BONNET GATE VALVE   

   CATEGORY        TYPE PRIMARY_SIZE REDUCING_SIZE LENGTH MATERIAL_NAME  \
0     VALVE  GATE VALVE          1.0           NAN    NAN        BRONZE   
1     VALVE  GATE VALVE          1.5           NAN    NAN        BRONZE   
2     VALVE        GATE            1           NAN    NAN        BRONZE   
3     VALVE        GATE            1           NAN    NAN        BRONZE   
4     VALVE        GATE            1           NAN    NAN        BRONZE   
5     VALVE        GATE            1           NAN    NAN        BRONZE   
6     VALVE        GATE            1           NAN    NAN        BRONZE   
7     VALVE        GATE            1           NAN    NAN        BRONZE   
8     VALVE        GATE          0.5           NAN    NAN        BRONZE   
9     VALVE        GATE         1.25           NAN    NAN        BRONZE   
10    VALVE        GATE            1           NAN    NAN        BRONZE   
11    VALVE        GATE          0.5           NAN    NAN        BRONZE   
12    VALVE        GATE            1           NAN    NAN        BRONZE   
13    VALVE        GATE            1           NAN    NAN        BRONZE   
14    VALVE        GATE          1.5           NAN    NAN        BRONZE   
15    VALVE        GATE          1.5           NAN    NAN        BRONZE   
16    VALVE        GATE          1.5           NAN    NAN        BRONZE   
17    VALVE        GATE            1           NAN    NAN        BRONZE   
18    VALVE        GATE          0.5           NAN    NAN        BRONZE   
19    VALVE        GATE          0.5           NAN    NAN        BRONZE   
20    VALVE        GATE          0.5           NAN    NAN        BRONZE   
21    VALVE        GATE          0.5           NAN    NAN        BRONZE   
22    VALVE        GATE          1.5           NAN    NAN        BRONZE   
23    VALVE        GATE            2           NAN    NAN        BRONZE   
24    VALVE        GATE        0.375           NAN    NAN        BRONZE   

   MATERIAL_SPECIFICATION MATERIAL_GRADE  ... PRIMARY_SCHEDULE  \
0                     NAN            NAN  ...              NAN   
1                     NAN            NAN  ...              NAN   
2                     NAN            NAN  ...              NAN   
3                     NAN            NAN  ...              NAN   
4                     NAN            NAN  ...              NAN   
5                     NAN            NAN  ...              NAN   
6                     NAN            NAN  ...              NAN   
7                     NAN            NAN  ...              NAN   
8                     NAN            NAN  ...              NAN   
9                     NAN            NAN  ...              NAN   
10                    NAN            NAN  ...              NAN   
11                    NAN            NAN  ...              NAN   
12                    NAN            NAN  ...              NAN   
13                    NAN            NAN  ...              NAN   
14                    NAN            NAN  ...              NAN   
15                    NAN            NAN  ...              NAN   
16                    NAN            NAN  ...              NAN   
17                    NAN            NAN  ...              NAN   
18                    NAN            NAN  ...              NAN   
19                    NAN            NAN  ...              NAN   
20                    NAN            NAN  ...              NAN   
21                    NAN            NAN  ...              NAN   
22                    NAN            NAN  ...              NAN   
23                    NAN            NAN  ...              NAN   
24                    NAN            NAN  ...              NAN   

   REDUCING_SCHEDULE MANUFACTURING_PROCESS END_FINISH END_CONNECTIONS  \
0                NAN                   NAN        NAN        THREADED   
1                NAN                   NAN        NAN             THD   
2                NAN                   NAN        NAN             THD   
3                NAN                   NAN        NAN             THD   
4                NAN                   NAN        NAN             THD   
5                NAN                   NAN        NAN             THD   
6                NAN                   NAN        NAN             THD   
7                NAN                   NAN        NAN             THD   
8                NAN                   NAN        NAN             THD   
9                NAN                   NAN        NAN             THD   
10               NAN                   NAN        NAN             THD   
11               NAN                   NAN        NAN             THD   
12               NAN                   NAN        NAN             THD   
13               NAN                   NAN        NAN             THD   
14               NAN                   NAN        NAN             THD   
15               NAN                   NAN        NAN             THD   
16               NAN                   NAN        NAN             THD   
17               NAN                   NAN        NAN             THD   
18               NAN                   NAN        NAN             THD   
19               NAN                   NAN        NAN             THD   
20               NAN                   NAN        NAN             THD   
21               NAN                   NAN        NAN             THD   
22               NAN                   NAN        NAN             THD   
23               NAN                   NAN        NAN             THD   
24               NAN                   NAN        NAN             THD   

                             TRIM                       MISCELLANEOUS  \
0                 NON-RISING STEM  THREAD BONNET, NOT FOR POTABLE USE   
1                     RISING STEM                                 NAN   
2                     RISING STEM                                 NAN   
3                     RISING STEM                 NOT FOR POTABLE USE   
4                     RISING STEM                 NOT FOR POTABLE USE   
5                     RISING STEM                 NOT FOR POTABLE USE   
6                     RISING STEM                 NOT FOR POTABLE USE   
7                     RISING STEM   THREAD BONNET NOT FOR POTABLE USE   
8                     RISING STEM                                 NAN   
9                     RISING STEM                 NOT FOR POTABLE USE   
10                    RISING STEM    UNION BONNET NOT FOR POTABLE USE   
11                    RISING STEM   THREAD BONNET NOT FOR POTABLE USE   
12                    RISING STEM                 NOT FOR POTABLE USE   
13                    RISING STEM                 NOT FOR POTABLE USE   
14                    RISING STEM                 NOT FOR POTABLE USE   
15                    RISING STEM                 NOT FOR POTABLE USE   
16                    RISING STEM                 NOT FOR POTABLE USE   
17  NON-RISING STEM THREAD BONNET                 NOT FOR POTABLE USE   
18                    RISING STEM                 NOT FOR POTABLE USE   
19                    RISING STEM                 NOT FOR POTABLE USE   
20                    RISING STEM                 NOT FOR POTABLE USE   
21                    RISING STEM                 NOT FOR POTABLE USE   
22                    RISING STEM   THREAD BONNET NOT FOR POTABLE USE   
23                    RISING STEM                                 NAN   
24       RISING STEM UNION BONNET                 NOT FOR POTABLE USE   

   CONFIDENCE     id     score  
0        0.90  43872  0.866626  
1        0.90   7016  0.864300  
2        0.90    235  0.863583  
3        0.90    237  0.845730  
4        0.95   6975  0.845730  
5        0.90    236  0.845730  
6        0.90   6974  0.845730  
7        0.95   6976  0.843117  
8        0.90   6969  0.838344  
9        0.95    243  0.832685  
10       0.90   6977  0.832431  
11       0.90   6984  0.830956  
12       0.90   6973  0.830740  
13       0.90   6972  0.830740  
14       0.90   6993  0.830496  
15       0.90   6994  0.830496  
16       0.95   6992  0.830496  
17       0.95   6971  0.825687  
18       0.90   6982  0.825607  
19       0.90   6980  0.825607  
20       0.90   6983  0.825607  
21       0.95   6981  0.825607  
22       0.90   6995  0.825541  
23       0.90   6970  0.824470  
24       0.95    250  0.822616  

[25 rows x 21 columns]",7,GOOD
38,"NIPPLE, PIPE, SEAMLESS, 2"", TBE, 3"" LG, SCH 80/XS, CARBON STEEL, ASTM A106",2 X 3 BLACK SCHEDULE XH SEAMLESS A106 NIPPLE,True,38,0,5.72392509999986,"       ID                                               DESCRIPTION CATEGORY  \
0   43571              2 X 3 BLACK SCHEDULE XH SEAMLESS A106 NIPPLE     PIPE   
1   43629              2 X 3 BLACK SCHEDULE XH SEAMLESS A106 NIPPLE     PIPE   
2   43570          2 X 2-0.5 BLACK SCHEDULE XH SEAMLESS A106 NIPPLE     PIPE   
3   25749         2 X 3 GALVANIZED EXTRA HEAVY SEAMLESS A106 NIPPLE  FITTING   
4   25750        2 X 3 GALVANIZED SCHEDULE 160 SEAMLESS A106 NIPPLE  FITTING   
5   25759     2 X 3-0.5 GALVANIZED EXTRA HEAVY SEAMLESS A106 NIPPLE  FITTING   
6   25751         2 X 3 GALVANIZED SCHEDULE 40 SEAMLESS A106 NIPPLE  FITTING   
7   43635          0.375 X 2 BLACK SCHEDULE XH SEAMLESS A106 NIPPLE     PIPE   
8   43585          0.375 X 2 BLACK SCHEDULE XH SEAMLESS A106 NIPPLE     PIPE   
9   43519             2 X 8 BLACK SCHEDULE 160 SEAMLESS A106 NIPPLE     PIPE   
10  43632              2 X 8 BLACK SCHEDULE XH SEAMLESS A106 NIPPLE     PIPE   
11  32259     2 X 3-0.5 GALVANIZED SCHEDULE 40 SEAMLESS A106 NIPPLE  FITTING   
12  43520          2-0.5 X 8 BLACK SCHEDULE 40 SEAMLESS A106 NIPPLE     PIPE   
13  25745   2 X 3 BLACK SCHEDULE 40 SMLS A106 NIPPLE PLAIN X THREAD  FITTING   
14  25744                  2 X 3 BLACK SCHEDULE 40 SMLS A106 NIPPLE  FITTING   
15  26292  2 X 3 BLACK SCHEDULE XH SEAMLESS NIPPLE THREADED ONE END  FITTING   
16  25734     2 X 2-0.5 GALVANIZED EXTRA HEAVY SEAMLESS A106 NIPPLE  FITTING   
17  25743  2 X 3 BLACK SCHEDULE 160 SMLS A106 NIPPLE PLAIN X THREAD  FITTING   
18  43615              1 X 2 BLACK SCHEDULE XH SEAMLESS A106 NIPPLE     PIPE   
19  25817         2 X 8 GALVANIZED EXTRA HEAVY SEAMLESS A106 NIPPLE  FITTING   
20  38184    2 X 3 STAINLESS STEEL SCHEDULE 80 304L SMLS NIPPLE PBE  FITTING   
21  25814                  2 X 8 BLACK SCHEDULE 40 SMLS A106 NIPPLE  FITTING   
22  25858                2-0.5X3 BLACK SCHEDULE 40 SMLS A106 NIPPLE  FITTING   
23  25057         1 X 2 GALVANIZED EXTRA HEAVY SEAMLESS A106 NIPPLE  FITTING   
24  32364     0.375 X 2 GALVANIZED EXTRA HEAVY SEAMLESS A106 NIPPLE  FITTING   

      TYPE PRIMARY_SIZE REDUCING_SIZE LENGTH    MATERIAL_NAME  \
0   NIPPLE          2.0           3.0    NAN     CARBON STEEL   
1   NIPPLE          2.0           3.0    NAN     CARBON STEEL   
2   NIPPLE          2.0           2.5    NAN     CARBON STEEL   
3   NIPPLE            2             3    NAN     CARBON STEEL   
4   NIPPLE            2             3    NAN     CARBON STEEL   
5   NIPPLE            2           3.5    NAN     CARBON STEEL   
6   NIPPLE            2             3    NAN     CARBON STEEL   
7   NIPPLE        0.375           NAN    2.0     CARBON STEEL   
8   NIPPLE        0.375           NAN    2.0     CARBON STEEL   
9   NIPPLE          2.0           NAN    8.0     CARBON STEEL   
10  NIPPLE          2.0           8.0    NAN     CARBON STEEL   
11  NIPPLE            2           3.5    NAN              NAN   
12  NIPPLE          2.5           NAN    8.0     CARBON STEEL   
13  NIPPLE            2             3    NAN     CARBON STEEL   
14  NIPPLE            2             3    NAN     CARBON STEEL   
15  NIPPLE            2             3    NAN     CARBON STEEL   
16  NIPPLE            2           2.5    NAN     CARBON STEEL   
17  NIPPLE            2             3    NAN     CARBON STEEL   
18  NIPPLE          1.0           2.0    NAN     CARBON STEEL   
19  NIPPLE            2           NAN      8     CARBON STEEL   
20  NIPPLE            2             3    NAN  STAINLESS STEEL   
21  NIPPLE            2           NAN      8     CARBON STEEL   
22  NIPPLE          2.5             3    NAN     CARBON STEEL   
23  NIPPLE            1             2    NAN     CARBON STEEL   
24  NIPPLE        0.375           NAN      2              NAN   

   MATERIAL_SPECIFICATION MATERIAL_GRADE  ... PRIMARY_SCHEDULE  \
0                    A106            NAN  ...      EXTRA HEAVY   
1                    A106            NAN  ...      EXTRA HEAVY   
2                    A106            NAN  ...      EXTRA HEAVY   
3                    A106            NAN  ...               XH   
4                    A106            NAN  ...              160   
5                    A106            NAN  ...               XH   
6                    A106            NAN  ...               40   
7                    A106            NAN  ...               XH   
8                    A106            NAN  ...      EXTRA HEAVY   
9                    A106            NAN  ...              160   
10                   A106            NAN  ...               XH   
11                   A106            NAN  ...               40   
12                   A106            NAN  ...               40   
13                   A106            NAN  ...               40   
14                   A106            NAN  ...               40   
15                    NAN            NAN  ...               XH   
16                   A106            NAN  ...               XH   
17                   A106            NAN  ...              160   
18                   A106            NAN  ...               XH   
19                   A106            NAN  ...               XH   
20                    NAN           304L  ...               80   
21                   A106            NAN  ...               40   
22                   A106            NAN  ...               40   
23                   A106            NAN  ...               XH   
24                   A106            NAN  ...               XH   

   REDUCING_SCHEDULE MANUFACTURING_PROCESS       END_FINISH END_CONNECTIONS  \
0                NAN              SEAMLESS              NAN             NAN   
1                NAN              SEAMLESS              NAN             NAN   
2                NAN              SEAMLESS            BLACK             NAN   
3                NAN              SEAMLESS       GALVANIZED             NAN   
4                NAN              SEAMLESS       GALVANIZED             NAN   
5                NAN              SEAMLESS       GALVANIZED             NAN   
6                NAN              SEAMLESS       GALVANIZED             NAN   
7                NAN              SEAMLESS              NAN             NAN   
8                NAN              SEAMLESS              NAN             NAN   
9                NAN              SEAMLESS              NAN             NAN   
10               NAN              SEAMLESS              NAN             NAN   
11               NAN              SEAMLESS       GALVANIZED             NAN   
12               NAN              SEAMLESS              NAN             NAN   
13               NAN              SEAMLESS              NAN     PLAIN X THD   
14               NAN              SEAMLESS              NAN             NAN   
15               NAN              SEAMLESS              NAN       THD X PLN   
16               NAN              SEAMLESS       GALVANIZED             NAN   
17               NAN              SEAMLESS              NAN     PLAIN X THD   
18               NAN              SEAMLESS              NAN             NAN   
19               NAN              SEAMLESS       GALVANIZED             NAN   
20               NAN              SEAMLESS  PLAIN BOTH ENDS             NAN   
21               NAN              SEAMLESS              NAN             NAN   
22               NAN              SEAMLESS              NAN             NAN   
23               NAN              SEAMLESS       GALVANIZED             NAN   
24               NAN              SEAMLESS       GALVANIZED             NAN   

   TRIM MISCELLANEOUS CONFIDENCE     id     score  
0   NAN         BLACK       0.80  43571  0.815396  
1   NAN         BLACK       0.80  43629  0.815396  
2   NAN           NAN       0.80  43570  0.798112  
3   NAN           NAN       0.80  25749  0.797887  
4   NAN           NAN       0.90  25750  0.797469  
5   NAN           NAN       0.90  25759  0.796721  
6   NAN           NAN       0.90  25751  0.796056  
7   NAN         BLACK       0.90  43635  0.795857  
8   NAN         BLACK       0.90  43585  0.795857  
9   NAN         BLACK       0.90  43519  0.794428  
10  NAN         BLACK       0.80  43632  0.792128  
11  NAN           NAN       0.90  32259  0.791537  
12  NAN         BLACK       0.90  43520  0.791021  
13  NAN         BLACK       0.90  25745  0.787767  
14  NAN         BLACK       0.90  25744  0.786138  
15  NAN         BLACK       0.85  26292  0.785763  
16  NAN           NAN       0.90  25734  0.784481  
17  NAN         BLACK       0.90  25743  0.781222  
18  NAN         BLACK       0.80  43615  0.779566  
19  NAN           NAN       0.90  25817  0.778842  
20  NAN           NAN       0.95  38184  0.773914  
21  NAN         BLACK       0.90  25814  0.772654  
22  NAN         BLACK       0.90  25858  0.772431  
23  NAN           NAN       0.90  25057  0.771540  
24  NAN           NAN       0.90  32364  0.770723  

[25 rows x 21 columns]",8,GOOD
39,"ELBOW, PIPE, 4"", BUTT WELD, 45 DEG, LONG RADIUS, SCH 80/XS, CARBON STEEL",4 CARBON STEEL SCHEDULE XH WELD 45 ELBOW,True,39,20,5.934354299999995,"       ID                                                      DESCRIPTION  \
0   24480               4 CARBON STEEL STANDARD WELD LONG RADIUS 180 ELBOW   
1   24875                4 CARBON STEEL STANDARD WELD LONG RADIUS 90 ELBOW   
2   43306             4 CARBON STEEL SCHEDULE XH WELD LONG RADIUS 90 ELBOW   
3   25007                 4 CARBON STEEL STANDARD WLD LONG RADIUS 90 ELBOW   
4   24538             4 CARBON STEEL SCHEDULE 160 WLD LONG RADIUS 45 ELBOW   
5   24537             4 CARBON STEEL SCHEDULE 160 WLD LONG RADIUS 45 ELBOW   
6   25027             8 X 4 CARBON STEEL STANDARD WLD LONG RADIUS 90 ELBOW   
7   24872                    4 CARBON STEEL S120 WELD LONG RADIUS 90 ELBOW   
8   24874             4 CARBON STEEL SCHEDULE 160 WLD LONG RADIUS 90 ELBOW   
9   24536        4 CARBON STEEL EXTRA EXTRA HEAVY WLD LONG RADIUS 45 ELBOW   
10  24535        4 CARBON STEEL EXTRA EXTRA HEAVY WLD LONG RADIUS 45 ELBOW   
11  25011         4 X 2-0.5 CARBON STEEL STANDARD WLD LONG RADIUS 90 ELBOW   
12  24873            4 CARBON STEEL SCHEDULE 160 WELD LONG RADIUS 90 ELBOW   
13  25006             4 CARBON STEEL EXTRA HEAVY WELD LONG RADIUS 90 ELBOW   
14  24871              4 CARBON STEEL EXTRA HEAVY WLD LONG RADIUS 90 ELBOW   
15  43039        4 CARBON STEEL WPL6 SCHEDULE XH WELD LONG RADIUS 90 ELBOW   
16  24891          4 X 2 CARBON STEEL EXTRA HEAVY WLD LONG RADIUS 90 ELBOW   
17  24898                48 CARBON STEEL STANDARD WLD LONG RADIUS 90 ELBOW   
18  24899                48 CARBON STEEL STANDARD WLD LONG RADIUS 90 ELBOW   
19  25015             5 X 4 CARBON STEEL STANDARD WLD LONG RADIUS 90 ELBOW   
20  43305                         4 CARBON STEEL SCHEDULE XH WELD 45 ELBOW   
21  24892             4 X 2 CARBON STEEL STANDARD WLD LONG RADIUS 90 ELBOW   
22  25010             4 X 2 CARBON STEEL STANDARD WLD LONG RADIUS 90 ELBOW   
23  24890  4 GALVANIZED CARBON STEEL EXTRA HEAVY WELD LONG RADIUS 90 ELBOW   
24  24509             14 CARBON STEEL SCHEDULE 80 WLD LONG RADIUS 45 ELBOW   

   CATEGORY                  TYPE PRIMARY_SIZE REDUCING_SIZE LENGTH  \
0   FITTING   LR 180 DEGREE ELBOW            4           NAN    NAN   
1   FITTING    LR 90 DEGREE ELBOW            4           NAN    NAN   
2   FITTING  LONG RADIUS 90 ELBOW          4.0           NAN    NAN   
3   FITTING           LR 90 ELBOW            4           NAN    NAN   
4   FITTING    LR 45 DEGREE ELBOW            4           NAN    NAN   
5   FITTING    LR 45 DEGREE ELBOW            4           NAN    NAN   
6   FITTING           LR 90 ELBOW            8             4    NAN   
7   FITTING    LR 90 DEGREE ELBOW            4           NAN    NAN   
8   FITTING    LR 90 DEGREE ELBOW            4           NAN    NAN   
9   FITTING    LR 45 DEGREE ELBOW            4           NAN    NAN   
10  FITTING    LR 45 DEGREE ELBOW            4           NAN    NAN   
11  FITTING           LR 90 ELBOW            4           2.5    NAN   
12  FITTING    LR 90 DEGREE ELBOW            4           NAN    NAN   
13  FITTING           LR 90 ELBOW            4           NAN    NAN   
14  FITTING    LR 90 DEGREE ELBOW            4           NAN    NAN   
15  FITTING  LONG RADIUS 90 ELBOW          4.0           NAN    NAN   
16  FITTING    LR 90 DEGREE ELBOW            4             2    NAN   
17  FITTING    LR 90 DEGREE ELBOW           48           NAN    NAN   
18  FITTING    LR 90 DEGREE ELBOW           48           NAN    NAN   
19  FITTING           LR 90 ELBOW            5             4    NAN   
20  FITTING              45 ELBOW          4.0           NAN    NAN   
21  FITTING    LR 90 DEGREE ELBOW            4             2    NAN   
22  FITTING           LR 90 ELBOW            4             2    NAN   
23  FITTING    LR 90 DEGREE ELBOW            4           NAN    NAN   
24  FITTING    LR 45 DEGREE ELBOW           14           NAN    NAN   

   MATERIAL_NAME MATERIAL_SPECIFICATION MATERIAL_GRADE  ... PRIMARY_SCHEDULE  \
0   CARBON STEEL                    NAN            NAN  ...              STD   
1   CARBON STEEL                    NAN            NAN  ...              STD   
2   CARBON STEEL                    NAN            NAN  ...               XH   
3   CARBON STEEL                    NAN            NAN  ...              STD   
4   CARBON STEEL                    NAN            NAN  ...              160   
5   CARBON STEEL                    NAN            NAN  ...              160   
6   CARBON STEEL                    NAN            NAN  ...              STD   
7   CARBON STEEL                    NAN            NAN  ...              120   
8   CARBON STEEL                    NAN            NAN  ...              160   
9   CARBON STEEL                    NAN            NAN  ...              XXH   
10  CARBON STEEL                    NAN            NAN  ...              XXH   
11  CARBON STEEL                    NAN            NAN  ...              STD   
12  CARBON STEEL                    NAN            NAN  ...              160   
13  CARBON STEEL                    NAN            NAN  ...               XH   
14  CARBON STEEL                    NAN            NAN  ...               XH   
15  CARBON STEEL                   WPL6            NAN  ...               XH   
16  CARBON STEEL                    NAN            NAN  ...               XH   
17  CARBON STEEL                    NAN            NAN  ...              STD   
18  CARBON STEEL                    NAN            NAN  ...              STD   
19  CARBON STEEL                    NAN            NAN  ...              STD   
20  CARBON STEEL                    NAN            NAN  ...               XH   
21  CARBON STEEL                    NAN            NAN  ...              STD   
22  CARBON STEEL                    NAN            NAN  ...              STD   
23  CARBON STEEL                    NAN            NAN  ...               XH   
24  CARBON STEEL                    NAN            NAN  ...               80   

   REDUCING_SCHEDULE MANUFACTURING_PROCESS  END_FINISH END_CONNECTIONS TRIM  \
0                NAN                WELDED         NAN             NAN  NAN   
1                NAN                  WELD         NAN             NAN  NAN   
2                NAN                  WELD         NAN             NAN  NAN   
3                NAN                WELDED         NAN             NAN  NAN   
4                NAN                  WELD         NAN             NAN  NAN   
5                NAN                   NAN          BW             NAN  NAN   
6                NAN                WELDED         NAN             NAN  NAN   
7                NAN                   NAN        WELD             NAN  NAN   
8                NAN                   NAN          BW             NAN  NAN   
9                NAN                  WELD         NAN             NAN  NAN   
10               NAN                  WELD         NAN             NAN  NAN   
11               NAN                WELDED         NAN             NAN  NAN   
12               NAN                   NAN        WELD             NAN  NAN   
13               NAN                   NAN         NAN             NAN  NAN   
14               NAN                  WELD         NAN             NAN  NAN   
15               NAN                  WELD         NAN             NAN  NAN   
16               NAN                  WELD         NAN             NAN  NAN   
17               NAN                   NAN          BW             NAN  NAN   
18               NAN                   NAN         NAN             NAN  NAN   
19               NAN                WELDED         NAN             NAN  NAN   
20               NAN                  WELD         NAN             NAN  NAN   
21               NAN                   NAN         NAN             NAN  NAN   
22               NAN                  WELD         NAN             NAN  NAN   
23               NAN                   NAN  GALVANIZED             NAN  NAN   
24               NAN                   NAN        WELD             NAN  NAN   

   MISCELLANEOUS CONFIDENCE     id     score  
0            NAN       0.80  24480  0.854149  
1            NAN       0.80  24875  0.849238  
2            NAN       0.80  43306  0.849123  
3            NAN       0.85  25007  0.846980  
4            NAN       0.85  24538  0.842429  
5            NAN       0.85  24537  0.842429  
6            NAN       0.85  25027  0.841864  
7            NAN       0.80  24872  0.838312  
8            NAN       0.85  24874  0.835306  
9            NAN       0.85  24536  0.834227  
10           NAN       0.85  24535  0.834227  
11           NAN       0.80  25011  0.833933  
12           NAN       0.80  24873  0.833363  
13          WELD       0.80  25006  0.831040  
14           NAN       0.80  24871  0.829935  
15           NAN       0.90  43039  0.828231  
16           NAN       0.80  24891  0.820636  
17           NAN       0.80  24898  0.817658  
18           NAN       0.80  24899  0.817658  
19           NAN       0.85  25015  0.817554  
20           NAN       0.80  43305  0.817298  
21           NAN       0.80  24892  0.816000  
22           NAN       0.80  25010  0.816000  
23           NAN       0.85  24890  0.810383  
24           NAN       0.85  24509  0.810135  

[25 rows x 21 columns]",9,GOOD
40,"8 90 DEGREE LONG RADIUS ELBOW , ASME B16.9 , BEVELED END , ASTM A234 GRADE WPB , TYPE S S-80",8 CARBON STEEL SCHEDULE XH WELD LONG RADIUS 90 ELBOW,True,40,82,5.573510199999873,"       ID                                                      DESCRIPTION  \
0   43176  8 STAINLESS STEEL SCHEDULE 40 304L LONG RADIUS 90 ELBOW A403WPW   
1   37113           8 STAINLESS STEEL SCHEDULE 80 304L LR 90 ELBOW A403WPW   
2   24937                    8 CARBON STEEL S120 LONG RADIUS 90 WELD ELBOW   
3   24944            8 CARBON STEEL WPL6 STANDARD WLD LONG RADIUS 90 ELBOW   
4   24945            8 CARBON STEEL WPL6 STANDARD WLD LONG RADIUS 90 ELBOW   
5   24941                 8 CARBON STEEL STANDARD WLD LONG RADIUS 90 ELBOW   
6   40041           8 STAINLESS STEEL SCHEDULE 40 304L SR 90 ELBOW A403WPW   
7   40042           8 STAINLESS STEEL SCHEDULE 40 304L SR 90 ELBOW A403WPW   
8   24943        8 CARBON STEEL WPL6 SCHEDULE 160 WLD LONG RADIUS 90 ELBOW   
9   37104           8 STAINLESS STEEL SCHEDULE 40 304L LR 90 ELBOW A403WPW   
10  37103           8 STAINLESS STEEL SCHEDULE 40 304L LR 90 ELBOW A403WPW   
11  43179           8 CARBON STEEL WPL6 STANDARD WELD LONG RADIUS 90 ELBOW   
12  43178           8 CARBON STEEL WPL6 STANDARD WELD LONG RADIUS 90 ELBOW   
13  34239              8 STAINLESS STEEL SCHEDULE 80 304L 45 ELBOW A403WPW   
14  40044          8 STAINLESS STEEL SCHEDULE 40 316 L SR 90 ELBOW A403WPW   
15  40036           8 STAINLESS STEEL SCHEDULE 10 304L SR 90 ELBOW A403WPW   
16  43171  8 STAINLESS STEEL SCHEDULE 10 316L LONG RADIUS 45 ELBOW A403WPW   
17  40035            8 STAINLESS STEEL SCHEDULE 10 304L SR 90 ELBOW A403WP   
18  43175                8 CARBON STEEL STANDARD WELD LONG RADIUS 90 ELBOW   
19  43311                8 CARBON STEEL STANDARD WELD LONG RADIUS 90 ELBOW   
20  25023                8 CARBON STEEL STANDARD WELD LONG RADIUS 90 ELBOW   
21  43199                8 CARBON STEEL STANDARD WELD LONG RADIUS 90 ELBOW   
22  43698                8 CARBON STEEL STANDARD WELD LONG RADIUS 90 ELBOW   
23  37093           8 STAINLESS STEEL SCHEDULE 10 304L LR 90 ELBOW A403WPW   
24  37091           8 STAINLESS STEEL SCHEDULE 10 304L LR 90 ELBOW A403WPW   

   CATEGORY                  TYPE PRIMARY_SIZE REDUCING_SIZE LENGTH  \
0   FITTING  LONG RADIUS 90 ELBOW          8.0           NAN    NAN   
1   FITTING    LR 90 DEGREE ELBOW            8           NAN    NAN   
2   FITTING    LR 90 DEGREE ELBOW            8           NAN    NAN   
3   FITTING    LR 90 DEGREE ELBOW            8           NAN    NAN   
4   FITTING    LR 90 DEGREE ELBOW            8           NAN    NAN   
5   FITTING    LR 90 DEGREE ELBOW            8           NAN    NAN   
6   FITTING    SR 90 DEGREE ELBOW            8           NAN    NAN   
7   FITTING    SR 90 DEGREE ELBOW            8           NAN    NAN   
8   FITTING    LR 90 DEGREE ELBOW            8           NAN    NAN   
9   FITTING    LR 90 DEGREE ELBOW            8           NAN    NAN   
10  FITTING    LR 90 DEGREE ELBOW            8           NAN    NAN   
11  FITTING  LONG RADIUS 90 ELBOW          8.0           NAN    NAN   
12  FITTING  LONG RADIUS 90 ELBOW          8.0           NAN    NAN   
13  FITTING       45 DEGREE ELBOW            8           NAN    NAN   
14  FITTING    SR 90 DEGREE ELBOW            8           NAN    NAN   
15  FITTING    SR 90 DEGREE ELBOW            8           NAN    NAN   
16  FITTING  LONG RADIUS 45 ELBOW          8.0           NAN    NAN   
17  FITTING    SR 90 DEGREE ELBOW            8           NAN    NAN   
18  FITTING  LONG RADIUS 90 ELBOW          8.0           NAN    NAN   
19  FITTING  LONG RADIUS 90 ELBOW          8.0           NAN    NAN   
20  FITTING           LR 90 ELBOW            8           NAN    NAN   
21  FITTING  LONG RADIUS 90 ELBOW          8.0           NAN    NAN   
22  FITTING  LONG RADIUS 90 ELBOW          8.0           NAN    NAN   
23  FITTING    LR 90 DEGREE ELBOW            8           NAN    NAN   
24  FITTING    LR 90 DEGREE ELBOW            8           NAN    NAN   

      MATERIAL_NAME MATERIAL_SPECIFICATION MATERIAL_GRADE  ...  \
0   STAINLESS STEEL                   A403            WPW  ...   
1   STAINLESS STEEL                   A403            WPW  ...   
2      CARBON STEEL                    NAN            NAN  ...   
3      CARBON STEEL                   WPL6            NAN  ...   
4      CARBON STEEL                   WPL6            NAN  ...   
5      CARBON STEEL                    NAN            NAN  ...   
6   STAINLESS STEEL                   A403            WPW  ...   
7   STAINLESS STEEL                   A403            WPW  ...   
8      CARBON STEEL                   WPL6            NAN  ...   
9   STAINLESS STEEL                   A403            WPW  ...   
10  STAINLESS STEEL                   A403            WPW  ...   
11     CARBON STEEL                   WPL6            NAN  ...   
12     CARBON STEEL                    NAN           WPL6  ...   
13  STAINLESS STEEL                   A403            WPW  ...   
14  STAINLESS STEEL                   A403            WPW  ...   
15  STAINLESS STEEL                   A403            WPW  ...   
16  STAINLESS STEEL                   A403        WPW316L  ...   
17  STAINLESS STEEL                   A403             WP  ...   
18     CARBON STEEL                    NAN            NAN  ...   
19     CARBON STEEL                    NAN            NAN  ...   
20     CARBON STEEL                    NAN            NAN  ...   
21     CARBON STEEL                    NAN            NAN  ...   
22     CARBON STEEL                    NAN            NAN  ...   
23  STAINLESS STEEL                   A403            WPW  ...   
24  STAINLESS STEEL                   A403            WPW  ...   

   PRIMARY_SCHEDULE REDUCING_SCHEDULE MANUFACTURING_PROCESS END_FINISH  \
0                40               NAN                   NAN        NAN   
1                80               NAN                   NAN        NAN   
2               120               NAN                   NAN        NAN   
3               STD               NAN                   NAN         BW   
4               STD               NAN                   NAN         BW   
5               STD               NAN                WELDED        NAN   
6                40               NAN                   NAN        NAN   
7                40               NAN                   NAN        NAN   
8               160               NAN                   NAN       WELD   
9                40               NAN                   NAN        NAN   
10               40               NAN                   NAN        NAN   
11         STANDARD               NAN                WELDED        NAN   
12         STANDARD               NAN                  WELD        NAN   
13               80               NAN                   NAN        NAN   
14               40               NAN                   NAN        NAN   
15               10               NAN                   NAN        NAN   
16               10               NAN                   NAN        NAN   
17               10               NAN                   NAN        NAN   
18         STANDARD               NAN                  WELD        NAN   
19         STANDARD               NAN                   NAN        NAN   
20              STD               NAN                WELDED        NAN   
21         STANDARD               NAN                   NAN        NAN   
22         STANDARD               NAN                   NAN        NAN   
23               10               NAN                   NAN        NAN   
24               10               NAN                   NAN        NAN   

   END_CONNECTIONS TRIM MISCELLANEOUS CONFIDENCE     id     score  
0              NAN  NAN           NAN       0.90  43176  0.828714  
1              NAN  NAN           NAN       0.95  37113  0.825866  
2              NAN  NAN           NAN       0.80  24937  0.820062  
3              NAN  NAN           NAN       0.90  24944  0.813238  
4              NAN  NAN   LONG RADIUS       0.90  24945  0.813238  
5              NAN  NAN           NAN       0.80  24941  0.808767  
6              NAN  NAN           NAN       0.95  40041  0.808233  
7              NAN  NAN           NAN       0.95  40042  0.808233  
8              NAN  NAN           NAN       0.90  24943  0.807018  
9              NAN  NAN           NAN       0.95  37104  0.806712  
10             NAN  NAN           NAN       0.95  37103  0.806712  
11       BUTT WELD  NAN           NAN       0.90  43179  0.805822  
12             NAN  NAN           NAN       0.80  43178  0.805822  
13             NAN  NAN           NAN       0.95  34239  0.801986  
14             NAN  NAN           NAN       0.95  40044  0.801791  
15             NAN  NAN           NAN       0.95  40036  0.800449  
16             NAN  NAN           NAN       0.90  43171  0.799705  
17             NAN  NAN           NAN       0.95  40035  0.799149  
18             NAN  NAN           NAN       0.80  43175  0.798544  
19       BUTT WELD  NAN           NAN       0.80  43311  0.798544  
20             NAN  NAN           NAN       0.80  25023  0.798544  
21       BUTT WELD  NAN           NAN       0.80  43199  0.798544  
22       BUTT WELD  NAN           NAN       0.90  43698  0.798544  
23             NAN  NAN           NAN       0.95  37093  0.798086  
24             NAN  NAN           NAN       0.95  37091  0.798086  

[25 rows x 21 columns]",16,NOT BAD
41,"PIPE, SEAMLESS, 3"", SCH 40/STD, CS, ASTM A53, A106, GR: B, DOUBLE RANDOM",3 BLACK PLAIN END A106B SCHEDULE 40 SEAMLESS DRL PIPE,True,41,15,6.236685399999942,"       ID  \
0   26922   
1   26921   
2   26920   
3   26919   
4   26927   
5   26928   
6   26929   
7   26930   
8   26939   
9   27373   
10  26938   
11  26937   
12  26914   
13  26913   
14  26912   
15  43723   
16  43679   
17  42984   
18  26924   
19  26923   
20  26925   
21  27363   
22  26944   
23  26943   
24  32469   

                                                               DESCRIPTION  \
0   3 BLACK PLAIN END A106B SCHEDULE 40 SEAMLESS DOUBLE RANDOM LENGTH PIPE   
1   3 BLACK PLAIN END A106B SCHEDULE 40 SEAMLESS DOUBLE RANDOM LENGTH PIPE   
2   3 BLACK PLAIN END A106B SCHEDULE 40 SEAMLESS DOUBLE RANDOM LENGTH PIPE   
3   3 BLACK PLAIN END A106B SCHEDULE 40 SEAMLESS DOUBLE RANDOM LENGTH PIPE   
4   3 BLACK PLAIN END A106B SCHEDULE 80 SEAMLESS DOUBLE RANDOM LENGTH PIPE   
5   3 BLACK PLAIN END A106B SCHEDULE 80 SEAMLESS DOUBLE RANDOM LENGTH PIPE   
6   3 BLACK PLAIN END A106B SCHEDULE 80 SEAMLESS DOUBLE RANDOM LENGTH PIPE   
7   3 BLACK PLAIN END A106B SCHEDULE 80 SEAMLESS DOUBLE RANDOM LENGTH PIPE   
8         3 BLACK PLAIN END A53B SCHEDULE 40 ERW DOUBLE RANDOM LENGTH PIPE   
9         3 BLACK PLAIN END A53B SCHEDULE 40 ERW DOUBLE RANDOM LENGTH PIPE   
10        3 BLACK PLAIN END A53B SCHEDULE 40 ERW DOUBLE RANDOM LENGTH PIPE   
11        3 BLACK PLAIN END A53B SCHEDULE 40 ERW DOUBLE RANDOM LENGTH PIPE   
12         3 BLACK PLAIN END A106B S160 SEAMLESS DOUBLE RANDOM LENGTH PIPE   
13         3 BLACK PLAIN END A106B S160 SEAMLESS DOUBLE RANDOM LENGTH PIPE   
14         3 BLACK PLAIN END A106B S160 SEAMLESS DOUBLE RANDOM LENGTH PIPE   
15                   3 BLACK PLAIN END A106B SCHEDULE 40 SEAMLESS DRL PIPE   
16                   3 BLACK PLAIN END A106B SCHEDULE 40 SEAMLESS DRL PIPE   
17                   3 BLACK PLAIN END A106B SCHEDULE 40 SEAMLESS DRL PIPE   
18                   3 BLACK PLAIN END A106B SCHEDULE 40 SEAMLESS SRL PIPE   
19                   3 BLACK PLAIN END A106B SCHEDULE 40 SEAMLESS SRL PIPE   
20                   3 BLACK PLAIN END A106B SCHEDULE 40 SEAMLESS SRL PIPE   
21                   3 BLACK PLAIN END A106B SCHEDULE 40 SEAMLESS SRL PIPE   
22        3 BLACK PLAIN END A53B SCHEDULE 80 ERW DOUBLE RANDOM LENGTH PIPE   
23        3 BLACK PLAIN END A53B SCHEDULE 80 ERW DOUBLE RANDOM LENGTH PIPE   
24         3 BLACK A333 GR6 SCHEDULE 40 SEAMLESS DOUBLE RANDOM LENGTH PIPE   

   CATEGORY            TYPE PRIMARY_SIZE REDUCING_SIZE LENGTH MATERIAL_NAME  \
0      PIPE            PIPE            3           NAN    NAN  CARBON STEEL   
1      PIPE            PIPE            3           NAN    NAN  CARBON STEEL   
2      PIPE            PIPE            3           NAN    NAN  CARBON STEEL   
3      PIPE            PIPE            3           NAN    NAN  CARBON STEEL   
4      PIPE            PIPE            3           NAN    NAN  CARBON STEEL   
5      PIPE            PIPE            3           NAN    NAN  CARBON STEEL   
6      PIPE            PIPE            3           NAN    NAN  CARBON STEEL   
7      PIPE            PIPE            3           NAN    NAN  CARBON STEEL   
8      PIPE            PIPE            3           NAN    NAN  CARBON STEEL   
9      PIPE       PLAIN END            3           NAN    NAN  CARBON STEEL   
10     PIPE            PIPE            3           NAN    NAN  CARBON STEEL   
11     PIPE            PIPE            3           NAN    NAN  CARBON STEEL   
12     PIPE            PIPE            3           NAN    NAN  CARBON STEEL   
13     PIPE            PIPE            3           NAN    NAN  CARBON STEEL   
14     PIPE            PIPE            3           NAN    NAN  CARBON STEEL   
15     PIPE   SEAMLESS PIPE          3.0           NAN    NAN  CARBON STEEL   
16     PIPE        SEAMLESS          3.0           NAN    NAN  CARBON STEEL   
17     PIPE   SEAMLESS PIPE          3.0           NAN    NAN  CARBON STEEL   
18     PIPE            PIPE            3           NAN    NAN  CARBON STEEL   
19     PIPE            PIPE            3           NAN    NAN  CARBON STEEL   
20     PIPE            PIPE            3           NAN    NAN  CARBON STEEL   
21     PIPE  PLAIN END PIPE            3           NAN    NAN  CARBON STEEL   
22     PIPE            PIPE            3           NAN    NAN  CARBON STEEL   
23     PIPE            PIPE            3           NAN    NAN  CARBON STEEL   
24     PIPE            PIPE            3           NAN    NAN           NAN   

   MATERIAL_SPECIFICATION MATERIAL_GRADE  ... PRIMARY_SCHEDULE  \
0                    A106              B  ...               40   
1                    A106              B  ...               40   
2                    A106              B  ...               40   
3                    A106              B  ...               40   
4                    A106              B  ...               80   
5                    A106              B  ...               80   
6                    A106              B  ...               80   
7                    A106              B  ...               80   
8                     A53              B  ...               40   
9                     A53              B  ...               40   
10                    A53              B  ...               40   
11                    A53              B  ...               40   
12                   A106              B  ...              160   
13                   A106              B  ...              160   
14                   A106              B  ...              160   
15                   A106              B  ...               40   
16                   A106              B  ...               40   
17                   A106              B  ...               40   
18                   A106              B  ...               40   
19                   A106              B  ...               40   
20                   A106              B  ...               40   
21                   A106              B  ...               40   
22                    A53              B  ...               80   
23                    A53              B  ...               80   
24                   A333              6  ...               40   

   REDUCING_SCHEDULE MANUFACTURING_PROCESS END_FINISH END_CONNECTIONS TRIM  \
0                NAN              SEAMLESS  PLAIN END             NAN  NAN   
1                NAN              SEAMLESS  PLAIN END             NAN  NAN   
2                NAN              SEAMLESS  PLAIN END             NAN  NAN   
3                NAN              SEAMLESS  PLAIN END             NAN  NAN   
4                NAN              SEAMLESS  PLAIN END             NAN  NAN   
5                NAN              SEAMLESS  PLAIN END             NAN  NAN   
6                NAN              SEAMLESS  PLAIN END             NAN  NAN   
7                NAN              SEAMLESS  PLAIN END             NAN  NAN   
8                NAN                   ERW  PLAIN END             NAN  NAN   
9                NAN                   ERW  PLAIN END              PE  NAN   
10               NAN                   ERW  PLAIN END             NAN  NAN   
11               NAN                   ERW  PLAIN END             NAN  NAN   
12               NAN              SEAMLESS  PLAIN END             NAN  NAN   
13               NAN              SEAMLESS  PLAIN END             NAN  NAN   
14               NAN              SEAMLESS  PLAIN END             NAN  NAN   
15               NAN              SEAMLESS  PLAIN END              PE  NAN   
16               NAN              SEAMLESS  PLAIN END              PE  NAN   
17               NAN              SEAMLESS  PLAIN END              PE  NAN   
18               NAN              SEAMLESS  PLAIN END             NAN  NAN   
19               NAN              SEAMLESS  PLAIN END             NAN  NAN   
20               NAN              SEAMLESS  PLAIN END             NAN  NAN   
21               NAN              SEAMLESS  PLAIN END             NAN  NAN   
22               NAN                   ERW         PE              PE  NAN   
23               NAN                   ERW  PLAIN END             NAN  NAN   
24               NAN              SEAMLESS        DRL             NAN  NAN   

   MISCELLANEOUS CONFIDENCE     id     score  
0      BLACK DRL       0.90  26922  0.873497  
1      BLACK DRL       0.95  26921  0.873497  
2      BLACK DRL       0.95  26920  0.873497  
3      BLACK DRL       0.90  26919  0.873497  
4      BLACK DRL       0.95  26927  0.845766  
5      BLACK DRL       0.95  26928  0.845766  
6            DRL       0.90  26929  0.845766  
7            DRL       0.95  26930  0.845766  
8          BLACK       0.95  26939  0.835030  
9          BLACK       0.95  27373  0.835030  
10         BLACK       0.95  26938  0.835030  
11         BLACK       0.95  26937  0.835030  
12           DRL       0.95  26914  0.824002  
13           DRL       0.95  26913  0.824002  
14           DRL       0.95  26912  0.824002  
15         BLACK       0.90  43723  0.818708  
16           DRL       0.90  43679  0.818708  
17         BLACK       0.90  42984  0.818708  
18     BLACK SRL       0.95  26924  0.816702  
19     BLACK SRL       0.95  26923  0.816702  
20     BLACK SRL       0.95  26925  0.816702  
21     BLACK SRL       0.95  27363  0.816702  
22         BLACK       0.95  26944  0.811677  
23         BLACK       0.95  26943  0.811677  
24         BLACK       0.90  32469  0.806453  

[25 rows x 21 columns]",14,NOT BAD
42,"8 45 DEGREE LONG RADIUS ELBOW , ASME B16.9 , BEVELED END , ASTM A420 GRADE WPL6 , TYPE S S-STD",8 CARBON STEEL WPL6 STANDARD WELD 45 ELBOW,True,42,5,5.9986008999999285,"       ID                                                DESCRIPTION CATEGORY  \
0   24945      8 CARBON STEEL WPL6 STANDARD WLD LONG RADIUS 90 ELBOW  FITTING   
1   24944      8 CARBON STEEL WPL6 STANDARD WLD LONG RADIUS 90 ELBOW  FITTING   
2   43178     8 CARBON STEEL WPL6 STANDARD WELD LONG RADIUS 90 ELBOW  FITTING   
3   43179     8 CARBON STEEL WPL6 STANDARD WELD LONG RADIUS 90 ELBOW  FITTING   
4   22519                  8 CARBON STEEL WPL6 STANDARD WLD 45 ELBOW  FITTING   
5   43173                 8 CARBON STEEL WPL6 STANDARD WELD 45 ELBOW  FITTING   
6   24957                        8 CS STD A420 WPL6 WELD LR 90 ELBOW  FITTING   
7   24943  8 CARBON STEEL WPL6 SCHEDULE 160 WLD LONG RADIUS 90 ELBOW  FITTING   
8   24942   8 CARBON STEEL WPL6 EXTRA HEAVY WLD LONG RADIUS 90 ELBOW  FITTING   
9   24619      1 CARBON STEEL WPL6 STANDARD WLD LONG RADIUS 90 ELBOW  FITTING   
10  24620      1 CARBON STEEL WPL6 STANDARD WLD LONG RADIUS 90 ELBOW  FITTING   
11  27563               8 CARBON STEEL WPL6 STANDARD WLD SR 90 ELBOW  FITTING   
12  24765      2 CARBON STEEL WPL6 STANDARD WLD LONG RADIUS 90 ELBOW  FITTING   
13  24764      2 CARBON STEEL WPL6 STANDARD WLD LONG RADIUS 90 ELBOW  FITTING   
14  24964       8 X 6 CARBON STEEL STANDARD WLD LONG RADIUS 90 ELBOW  FITTING   
15  24965       8 X 6 CARBON STEEL STANDARD WLD LONG RADIUS 90 ELBOW  FITTING   
16  42866     2 CARBON STEEL WPL6 STANDARD WELD LONG RADIUS 90 ELBOW  FITTING   
17  24916      6 CARBON STEEL WPL6 STANDARD WLD LONG RADIUS 90 ELBOW  FITTING   
18  24915      6 CARBON STEEL WPL6 STANDARD WLD LONG RADIUS 90 ELBOW  FITTING   
19  24880      4 CARBON STEEL WPL6 STANDARD WLD LONG RADIUS 90 ELBOW  FITTING   
20  24879      4 CARBON STEEL WPL6 STANDARD WLD LONG RADIUS 90 ELBOW  FITTING   
21  22518               8 CARBON STEEL WPL6 EXTRA HEAVY WLD 45 ELBOW  FITTING   
22  43107     6 CARBON STEEL WPL6 STANDARD WELD LONG RADIUS 90 ELBOW  FITTING   
23  43108     6 CARBON STEEL WPL6 STANDARD WELD LONG RADIUS 90 ELBOW  FITTING   
24  24902      5 CARBON STEEL WPL6 STANDARD WLD LONG RADIUS 90 ELBOW  FITTING   

                    TYPE PRIMARY_SIZE REDUCING_SIZE LENGTH MATERIAL_NAME  \
0     LR 90 DEGREE ELBOW            8           NAN    NAN  CARBON STEEL   
1     LR 90 DEGREE ELBOW            8           NAN    NAN  CARBON STEEL   
2   LONG RADIUS 90 ELBOW          8.0           NAN    NAN  CARBON STEEL   
3   LONG RADIUS 90 ELBOW          8.0           NAN    NAN  CARBON STEEL   
4        45 DEGREE ELBOW            8           NAN    NAN  CARBON STEEL   
5        45 DEGREE ELBOW          8.0           NAN    NAN  CARBON STEEL   
6     LR 90 DEGREE ELBOW            8           NAN    NAN  CARBON STEEL   
7     LR 90 DEGREE ELBOW            8           NAN    NAN  CARBON STEEL   
8     LR 90 DEGREE ELBOW            8           NAN    NAN  CARBON STEEL   
9     LR 90 DEGREE ELBOW            1           NAN    NAN  CARBON STEEL   
10    LR 90 DEGREE ELBOW            1           NAN    NAN  CARBON STEEL   
11    SR 90 DEGREE ELBOW            8           NAN    NAN  CARBON STEEL   
12    LR 90 DEGREE ELBOW            2           NAN    NAN  CARBON STEEL   
13    LR 90 DEGREE ELBOW            2           NAN    NAN  CARBON STEEL   
14    LR 90 DEGREE ELBOW            8             6    NAN  CARBON STEEL   
15    LR 90 DEGREE ELBOW            8             6    NAN  CARBON STEEL   
16  LONG RADIUS 90 ELBOW          2.0           NAN    NAN  CARBON STEEL   
17    LR 90 DEGREE ELBOW            6           NAN    NAN  CARBON STEEL   
18    LR 90 DEGREE ELBOW            6           NAN    NAN  CARBON STEEL   
19    LR 90 DEGREE ELBOW            4           NAN    NAN  CARBON STEEL   
20    LR 90 DEGREE ELBOW            4           NAN    NAN  CARBON STEEL   
21       45 DEGREE ELBOW            8           NAN    NAN  CARBON STEEL   
22  LONG RADIUS 90 ELBOW          6.0           NAN    NAN  CARBON STEEL   
23  LONG RADIUS 90 ELBOW          6.0           NAN    NAN  CARBON STEEL   
24    LR 90 DEGREE ELBOW            5           NAN    NAN  CARBON STEEL   

   MATERIAL_SPECIFICATION MATERIAL_GRADE  ... PRIMARY_SCHEDULE  \
0                    WPL6            NAN  ...              STD   
1                    WPL6            NAN  ...              STD   
2                     NAN           WPL6  ...         STANDARD   
3                    WPL6            NAN  ...         STANDARD   
4                    WPL6            NAN  ...              STD   
5                    WPL6            NAN  ...         STANDARD   
6                    A420           WPL6  ...              STD   
7                    WPL6            NAN  ...              160   
8                    WPL6            NAN  ...               XH   
9                    WPL6            NAN  ...              STD   
10                   WPL6            NAN  ...              STD   
11                   WPL6            NAN  ...              STD   
12                   WPL6            NAN  ...              STD   
13                   WPL6            NAN  ...              STD   
14                    NAN            NAN  ...              STD   
15                    NAN            NAN  ...              STD   
16                   WPL6            NAN  ...         STANDARD   
17                   WPL6            NAN  ...              STD   
18                   WPL6            NAN  ...              STD   
19                   WPL6            NAN  ...              STD   
20                   WPL6            NAN  ...              STD   
21                   WPL6            NAN  ...               XH   
22                   WPL6            NAN  ...         STANDARD   
23                   WPL6            NAN  ...         STANDARD   
24                   WPL6            NAN  ...              STD   

   REDUCING_SCHEDULE MANUFACTURING_PROCESS END_FINISH END_CONNECTIONS TRIM  \
0                NAN                   NAN         BW             NAN  NAN   
1                NAN                   NAN         BW             NAN  NAN   
2                NAN                  WELD        NAN             NAN  NAN   
3                NAN                WELDED        NAN       BUTT WELD  NAN   
4                NAN                WELDED        NAN             NAN  NAN   
5                NAN                  WELD        NAN             NAN  NAN   
6                NAN                  WELD        NAN             NAN  NAN   
7                NAN                   NAN       WELD             NAN  NAN   
8                NAN                  WELD        NAN             NAN  NAN   
9                NAN                   NAN        NAN              BW  NAN   
10               NAN                   NAN        NAN              BW  NAN   
11               NAN                   NAN         BW             NAN  NAN   
12               NAN                   NAN         BW             NAN  NAN   
13               NAN                WELDED        NAN             NAN  NAN   
14               NAN                   NAN         BW             NAN  NAN   
15               NAN                  WELD        NAN             NAN  NAN   
16               NAN                  WELD        NAN             NAN  NAN   
17               NAN                   NAN         BW             NAN  NAN   
18               NAN                WELDED        NAN             NAN  NAN   
19               NAN                   NAN         BW             NAN  NAN   
20               NAN                   NAN        NAN             NAN  NAN   
21               NAN                  WELD        NAN             NAN  NAN   
22               NAN                WELDED        NAN             NAN  NAN   
23               NAN                  WELD        NAN             NAN  NAN   
24               NAN                   NAN        NAN             NAN  NAN   

   MISCELLANEOUS CONFIDENCE     id     score  
0    LONG RADIUS       0.90  24945  0.875876  
1            NAN       0.90  24944  0.875876  
2            NAN       0.80  43178  0.870377  
3            NAN       0.90  43179  0.870377  
4            NAN       0.85  22519  0.862833  
5            NAN       0.90  43173  0.861887  
6            NAN       0.90  24957  0.860668  
7            NAN       0.90  24943  0.852911  
8            NAN       0.90  24942  0.851005  
9            NAN       0.90  24619  0.842669  
10           NAN       0.90  24620  0.842669  
11           NAN       0.85  27563  0.842530  
12           NAN       0.90  24765  0.836301  
13           NAN       0.90  24764  0.836301  
14           NAN       0.80  24964  0.835760  
15           NAN       0.80  24965  0.835760  
16           NAN       0.90  42866  0.834107  
17           NAN       0.90  24916  0.832713  
18           NAN       0.90  24915  0.832713  
19           NAN       0.90  24880  0.829628  
20           NAN       0.85  24879  0.829628  
21           NAN       0.90  22518  0.828387  
22   LONG RADIUS       0.90  43107  0.828199  
23           NAN       0.90  43108  0.828199  
24           NAN       0.85  24902  0.825635  

[25 rows x 21 columns]",20,NOT BAD
43,"TEE, PIPE, REDUCING, 4"" X 4"" X 2"", SCH 40/XH, BUTT WELD, CS, A234",4X4X2 CARBON STEEL STANDARD WELD TEE,True,43,22,6.239906400000109,"       ID  \
0   28204   
1   28203   
2   28187   
3   39828   
4   40846   
5   40849   
6   28202   
7   28201   
8   28456   
9   28215   
10  40838   
11  40839   
12  28193   
13  28192   
14  28194   
15  28195   
16  28183   
17  40850   
18  23421   
19  43087   
20  40862   
21  40861   
22  43789   
23  40847   
24  17939   

                                                                                                     DESCRIPTION  \
0                                                                                      4 X 4 X 2 CS STD WELD TEE   
1                                                                                      4 X 4 X 2 CS STD WELD TEE   
2                                                                         4 X 2 CARBON STEEL TEE STD-XH A234 WPB   
3   FITTG TEE REDUCG BUTT WELDG SCHEDULE 40S SEAMLESS STALESS STEEL ASTM A 403 DUAL GRADE WPS 304 304L ASME B169   
4                                                                 4 X 4 X 2 STAINLESS STEEL SCHEDULE 40 304L TEE   
5                                                             4 X 4 X 2-0.5 STAINLESS STEEL SCHEDULE 40 304L TEE   
6                                                                                 4 X 4 X 2 CS S160 STD WELD TEE   
7                                                                              4 X 4 X 2 CS EXTRA HEAVY WELD TEE   
8                                                                                      4 X 4 X 3 CS STD WELD TEE   
9                                                                                      4 X 4 X 3 CS STD WELD TEE   
10                                                            4 X 4 X 1-0.5 STAINLESS STEEL SCHEDULE 40 304L TEE   
11                                                            4 X 4 X 1-0.5 STAINLESS STEEL SCHEDULE 40 304L TEE   
12                                                                    4 X 4 X 2 CARBON STEEL EXTRA HEAVY WLD TEE   
13                                                                    4 X 4 X 2 CARBON STEEL EXTRA HEAVY WLD TEE   
14                                                                       4 X 4 X 2 CARBON STEEL STANDARD WLD TEE   
15                                                                       4 X 4 X 2 CARBON STEEL STANDARD WLD TEE   
16                                                                                             4 CS STD WELD TEE   
17                                                           4 X 4 X 2-0.5 STAINLESS STEEL SCHEDULE 40 316 L TEE   
18                                                         4 X 2 CARBON STEEL STD-XH CONCENTRIC REDUCER A234 WPB   
19                                                                      4 X 4 X 2 CARBON STEEL STANDARD WELD TEE   
20                                                                4 X 4 X 3 STAINLESS STEEL SCHEDULE 40 304L TEE   
21                                                                4 X 4 X 3 STAINLESS STEEL SCHEDULE 40 304L TEE   
22                                                                          4X4X2 CARBON STEEL STANDARD WELD TEE   
23                                                               4 X 4 X 2 STAINLESS STEEL SCHEDULE 40 316 L TEE   
24                                                               2 X 2 X 1-0.25 3000 FORGED STEEL SW REDUCER TEE   

   CATEGORY                TYPE PRIMARY_SIZE REDUCING_SIZE LENGTH  \
0   FITTING                 TEE            4             2    NAN   
1   FITTING                 TEE            4             2    NAN   
2   FITTING                 TEE            4             2    NAN   
3   FITTING        REDUCING TEE          NAN           NAN    NAN   
4   FITTING                 TEE            4             2    NAN   
5   FITTING                 TEE            4           2.5    NAN   
6   FITTING                 TEE            4             2    NAN   
7   FITTING                 TEE            4             2    NAN   
8   FITTING            WELD TEE            4             3    NAN   
9   FITTING                 TEE            4             3    NAN   
10  FITTING                 TEE            4           1.5    NAN   
11  FITTING                 TEE            4           1.5    NAN   
12  FITTING                 TEE            4             2    NAN   
13  FITTING                 TEE            4             2    NAN   
14  FITTING                 TEE            4             2    NAN   
15  FITTING                 TEE            4             2    NAN   
16  FITTING                 TEE            4           NAN    NAN   
17  FITTING                 TEE            4           2.5    NAN   
18  FITTING  CONCENTRIC REDUCER            4             2    NAN   
19  FITTING        STRAIGHT TEE          4.0           2.0    NAN   
20  FITTING                 TEE            4             3    NAN   
21  FITTING                 TEE            4             3    NAN   
22  FITTING        REDUCING TEE          4.0           2.0    NAN   
23  FITTING                 TEE            4             2    NAN   
24  FITTING        REDUCING TEE            2          1.25    NAN   

      MATERIAL_NAME MATERIAL_SPECIFICATION MATERIAL_GRADE  ...  \
0      CARBON STEEL                    NAN            NAN  ...   
1      CARBON STEEL                    NAN            NAN  ...   
2      CARBON STEEL                   A234            WPB  ...   
3   STAINLESS STEEL                   A403         WP1.0L  ...   
4   STAINLESS STEEL                    NAN           304L  ...   
5   STAINLESS STEEL                    NAN           304L  ...   
6      CARBON STEEL                    NAN            NAN  ...   
7      CARBON STEEL                    NAN            NAN  ...   
8      CARBON STEEL                    NAN            NAN  ...   
9      CARBON STEEL                    NAN            NAN  ...   
10  STAINLESS STEEL                    NAN           304L  ...   
11  STAINLESS STEEL                    NAN           304L  ...   
12     CARBON STEEL                    NAN            NAN  ...   
13     CARBON STEEL                    NAN            NAN  ...   
14     CARBON STEEL                    NAN            NAN  ...   
15     CARBON STEEL                    NAN            NAN  ...   
16     CARBON STEEL                    NAN            NAN  ...   
17  STAINLESS STEEL                    NAN           316L  ...   
18     CARBON STEEL                   A234            WPB  ...   
19     CARBON STEEL                    NAN            NAN  ...   
20  STAINLESS STEEL                    NAN           304L  ...   
21  STAINLESS STEEL                    NAN           304L  ...   
22     CARBON STEEL                    NAN            NAN  ...   
23  STAINLESS STEEL                    NAN           316L  ...   
24            STEEL                    NAN            NAN  ...   

   PRIMARY_SCHEDULE REDUCING_SCHEDULE MANUFACTURING_PROCESS END_FINISH  \
0               STD               NAN                  WELD        NAN   
1               STD               NAN                WELDED        NAN   
2                XH               NAN                   NAN        NAN   
3               40S               NAN              SEAMLESS         BW   
4                40               NAN                   NAN        NAN   
5                40               NAN                   NAN        NAN   
6               160               NAN                   NAN         BW   
7                XH               NAN                  WELD        NAN   
8               STD               NAN                   NAN        NAN   
9               STD               NAN                WELDED        NAN   
10               40               NAN                   NAN        NAN   
11               40               NAN                   NAN        NAN   
12               XH               NAN                  WELD        NAN   
13               XH               NAN                  WELD        NAN   
14              STD               NAN                  WELD        NAN   
15              STD               NAN                  WELD        NAN   
16              STD               NAN                   NAN        NAN   
17               40               NAN                   NAN        NAN   
18               XH               NAN                   NAN        NAN   
19         STANDARD               NAN                  WELD        NAN   
20               40               NAN                   NAN        NAN   
21               40               NAN                   NAN        NAN   
22         STANDARD          STANDARD                   NAN        NAN   
23               40               NAN                   NAN        NAN   
24              NAN               NAN                FORGED        NAN   

   END_CONNECTIONS TRIM MISCELLANEOUS CONFIDENCE     id     score  
0              NAN  NAN           NAN       0.80  28204  0.806836  
1              NAN  NAN           NAN       0.80  28203  0.806836  
2              NAN  NAN           NAN       0.90  28187  0.801900  
3              NAN  NAN    ASME B16.9       0.70  39828  0.790576  
4              NAN  NAN           NAN       0.90  40846  0.786177  
5              NAN  NAN           NAN       0.90  40849  0.784170  
6              NAN  NAN           NAN       0.85  28202  0.784147  
7              NAN  NAN           NAN       0.85  28201  0.777652  
8              NAN  NAN           NAN       0.80  28456  0.773964  
9              NAN  NAN           NAN       0.80  28215  0.773964  
10             NAN  NAN           NAN       0.90  40838  0.770431  
11             NAN  NAN           NAN       0.90  40839  0.770431  
12             NAN  NAN           NAN       0.85  28193  0.767437  
13             NAN  NAN           NAN       0.80  28192  0.767437  
14             NAN  NAN           NAN       0.85  28194  0.764780  
15             NAN  NAN           NAN       0.80  28195  0.764780  
16             NAN  NAN           NAN       0.80  28183  0.763477  
17             NAN  NAN           NAN       0.90  40850  0.760966  
18             NAN  NAN      STANDARD       0.95  23421  0.760789  
19             NAN  NAN           NAN       0.80  43087  0.759652  
20             NAN  NAN           NAN       0.90  40862  0.758729  
21             NAN  NAN           NAN       0.90  40861  0.758729  
22       BUTT WELD  NAN           NAN       0.80  43789  0.758283  
23             NAN  NAN           NAN       0.90  40847  0.757942  
24              SW  NAN           NAN       0.85  17939  0.756251  

[25 rows x 21 columns]",15,NOT BAD
44,"6X6X3 REDUCING TEE , ASME B16.9 , BEVELED END , ASTM A234 GRADE WPB , TYPE S S-STD",6 X 6 X 3 CARBON STEEL STANDARD WELD TEE,True,44,12,6.4570516000001135,"       ID  \
0   23585   
1   28257   
2   28260   
3   28256   
4   28255   
5   43161   
6   43162   
7   40897   
8   28237   
9   28236   
10  28090   
11  28453   
12  43158   
13  43157   
14  28254   
15  42991   
16  28100   
17  27742   
18  28248   
19  28249   
20  28258   
21  40919   
22  40889   
23  28267   
24  23498   

                                                                                                                                                                DESCRIPTION  \
0   FITTG REDUCER CONCENTRIC SWAGE BUTT WELDG XSTRONG SEAMLESS CARBON STEEL ASTM A234 GRADE WPB MSS SP95 THIS FITTG IS TO BE BEVELED ON BOTH ENDS FOR BUTT WELDG CONNECTION   
1                                                                                                                              6 X 6 X 3 CARBON STEEL WPL6 STANDARD WLD TEE   
2                                                                                                                                                 6 X 6 X 3 CS STD WELD TEE   
3                                                                                                                                   6 X 6 X 3 CARBON STEEL STANDARD WLD TEE   
4                                                                                                                                   6 X 6 X 3 CARBON STEEL STANDARD WLD TEE   
5                                                                                                                             6 X 6 X 3 CARBON STEEL WPL6 STANDARD WELD TEE   
6                                                                                                                             6 X 6 X 3 CARBON STEEL WPL6 STANDARD WELD TEE   
7                                                                                                                       6 X 3 STAINLESS STEEL SCHEDULE 40 316 L TEE A403WPW   
8                                                                                                                                      6 CARBON STEEL WPL6 STANDARD WLD TEE   
9                                                                                                                                      6 CARBON STEEL WPL6 STANDARD WLD TEE   
10                                                                                                                                     3 CARBON STEEL WPL6 STANDARD WLD TEE   
11                                                                                                                                     3 CARBON STEEL WPL6 STANDARD WLD TEE   
12                                                                                                                                 6 X 6 X 3 CARBON STEEL STANDARD WELD TEE   
13                                                                                                                                 6 X 6 X 3 CARBON STEEL STANDARD WELD TEE   
14                                                                                                                                 6 X 6 X 3 CARBON STEEL STANDARD WELD TEE   
15                                                                                                                                    3 CARBON STEEL WPL6 STANDARD WELD TEE   
16                                                                                                                         3 X 3 X 1-0.5 CARBON STEEL WPL6 STANDARD WLD TEE   
17                                                                                                                                     1 CARBON STEEL WPL6 STANDARD WLD TEE   
18                                                                                                                                  6 X 6 X 2 CARBON STEEL STANDARD WLD TEE   
19                                                                                                                                  6 X 6 X 2 CARBON STEEL STANDARD WLD TEE   
20                                                                                                                              6 X 6 X 3 CARBON STEEL Y52 STANDARD WLD TEE   
21                                                                                                                  6 X 6 X 4 STAINLESS STEEL SCHEDULE 40 316 L TEE A403WPW   
22                                                                                                                           6 STAINLESS STEEL SCHEDULE 40 304L TEE A403WPW   
23                                                                                                                             6 X 6 X 4 CARBON STEEL WPL6 STANDARD WLD TEE   
24                                                                                                              6 X 3 CARBON STEEL WPL6 SCHEDULE 160 WLD CONCENTRIC REDUCER   

   CATEGORY                TYPE PRIMARY_SIZE REDUCING_SIZE LENGTH  \
0   FITTING  CONCENTRIC REDUCER            2           0.5    NAN   
1   FITTING                 TEE            6             3    NAN   
2   FITTING                 TEE            6             3    NAN   
3   FITTING                 TEE            6             3    NAN   
4   FITTING                 TEE            6             3    NAN   
5   FITTING                 TEE          6.0           3.0    NAN   
6   FITTING        STRAIGHT TEE          6.0           3.0    NAN   
7   FITTING                 TEE            6             3    NAN   
8   FITTING                 TEE            6           NAN    NAN   
9   FITTING                 TEE            6           NAN    NAN   
10  FITTING                 TEE            3           NAN    NAN   
11  FITTING            WELD TEE            3           NAN    NAN   
12  FITTING                 TEE          6.0           3.0    NAN   
13  FITTING                 TEE          6.0           3.0    NAN   
14  FITTING                 TEE            6             3    NAN   
15  FITTING                 TEE          3.0           NAN    NAN   
16  FITTING                 TEE            3           1.5    NAN   
17  FITTING                 TEE            1           NAN    NAN   
18  FITTING                 TEE            6             2    NAN   
19  FITTING                 TEE            6             2    NAN   
20  FITTING                 TEE            6             3    NAN   
21  FITTING                 TEE            6             4    NAN   
22  FITTING                 TEE            6           NAN    NAN   
23  FITTING                 TEE            6             4    NAN   
24  FITTING  CONCENTRIC REDUCER            6             3    NAN   

      MATERIAL_NAME MATERIAL_SPECIFICATION MATERIAL_GRADE  ...  \
0      CARBON STEEL              ASTM A234            WPB  ...   
1      CARBON STEEL                   WPL6            NAN  ...   
2      CARBON STEEL                    NAN            NAN  ...   
3      CARBON STEEL                    NAN            NAN  ...   
4      CARBON STEEL                    NAN            NAN  ...   
5      CARBON STEEL                   WPL6            NAN  ...   
6      CARBON STEEL                   WPL6            NAN  ...   
7   STAINLESS STEEL                   A403            WPW  ...   
8      CARBON STEEL                   WPL6            NAN  ...   
9      CARBON STEEL                   WPL6            NAN  ...   
10     CARBON STEEL                   WPL6            NAN  ...   
11     CARBON STEEL                   WPL6            NAN  ...   
12     CARBON STEEL                    NAN            NAN  ...   
13     CARBON STEEL                    NAN            NAN  ...   
14     CARBON STEEL                    NAN            NAN  ...   
15     CARBON STEEL                   WPL6            NAN  ...   
16     CARBON STEEL                   WPL6            NAN  ...   
17     CARBON STEEL                   WPL6            NAN  ...   
18     CARBON STEEL                    NAN            NAN  ...   
19     CARBON STEEL                    NAN            NAN  ...   
20     CARBON STEEL                    NAN            Y52  ...   
21  STAINLESS STEEL                   A403            WPW  ...   
22  STAINLESS STEEL                   A403            WPW  ...   
23     CARBON STEEL                   WPL6            NAN  ...   
24     CARBON STEEL                   WPL6            NAN  ...   

   PRIMARY_SCHEDULE REDUCING_SCHEDULE MANUFACTURING_PROCESS END_FINISH  \
0                XH               NAN              SEAMLESS    BEVELED   
1               STD               NAN                WELDED        NAN   
2               STD               NAN                WELDED        NAN   
3               STD               NAN                WELDED        NAN   
4               STD               NAN                WELDED        NAN   
5          STANDARD               NAN                  WELD        NAN   
6          STANDARD               NAN                WELDED        NAN   
7                40               NAN                   NAN        NAN   
8               STD               NAN                   NAN        NAN   
9               STD               NAN                   NAN        NAN   
10              STD               NAN                   NAN        NAN   
11              STD               NAN                   NAN        NAN   
12         STANDARD               NAN                  WELD        NAN   
13         STANDARD               NAN                   NAN        NAN   
14              STD               NAN                WELDED        NAN   
15         STANDARD               NAN                WELDED        NAN   
16              STD               NAN                WELDED        NAN   
17              STD               NAN                   NAN         BW   
18              STD               NAN                  WELD        NAN   
19              STD               NAN                WELDED        NAN   
20              STD               NAN                WELDED        NAN   
21               40               NAN                   NAN        NAN   
22               40               NAN                   NAN        NAN   
23              STD               NAN                WELDED        NAN   
24              160               NAN                  WELD        NAN   

   END_CONNECTIONS TRIM MISCELLANEOUS CONFIDENCE     id     score  
0          BW X BW  NAN      MSS SP95       0.95  23585  0.793720  
1              NAN  NAN           NAN       0.85  28257  0.787889  
2              NAN  NAN           NAN       0.80  28260  0.784041  
3              NAN  NAN           NAN       0.80  28256  0.777840  
4              NAN  NAN           NAN       0.80  28255  0.777840  
5              NAN  NAN           NAN       0.90  43161  0.777782  
6              NAN  NAN           NAN       0.90  43162  0.777782  
7              NAN  NAN           NAN       0.95  40897  0.769309  
8              NAN  NAN           NAN       0.85  28237  0.764698  
9              NAN  NAN           NAN       0.80  28236  0.764698  
10             NAN  NAN           NAN       0.85  28090  0.763340  
11             NAN  NAN           NAN       0.85  28453  0.763340  
12             NAN  NAN           NAN       0.80  43158  0.759104  
13       BUTT WELD  NAN           NAN       0.80  43157  0.759104  
14             NAN  NAN           NAN       0.80  28254  0.759104  
15             NAN  NAN           NAN       0.80  42991  0.753806  
16             NAN  NAN           NAN       0.85  28100  0.752035  
17             NAN  NAN           NAN       0.85  27742  0.750906  
18             NAN  NAN           NAN       0.80  28248  0.749232  
19             NAN  NAN           NAN       0.80  28249  0.749232  
20             NAN  NAN           NAN       0.85  28258  0.748779  
21             NAN  NAN           NAN       0.90  40919  0.748023  
22             NAN  NAN           NAN       0.90  40889  0.746583  
23             NAN  NAN           NAN       0.85  28267  0.746331  
24             NAN  NAN           NAN       0.95  23498  0.746141  

[25 rows x 21 columns]",19,NOT BAD
45,"GASKET, SPIRAL WOUND, 6"" PIPE, 150 LB, 316 SS WINDING, GRAFOIL, W/ INNER RING",6 150 WRI 316 FG 316 IR GASKET *Z,True,45,21,3.3445796000000882,"       ID                                       DESCRIPTION CATEGORY  \
0   12424                  6 150 316 FG SPIRAL WOUND GASKET   GASKET   
1    2187                     6 150 304 SPIRAL WOUND GASKET   GASKET   
2   12423                  6 150 304 FG SPIRAL WOUND GASKET   GASKET   
3   11972          6 150 316 L STAINLESS STEEL WOUND GASKET   GASKET   
4   11950                6 150 316 SPIRAL GASKET WITH GRAPH   GASKET   
5   11948  6 150 304 SPIRAL GASKET GRAPH STAINLESS STEEL IR   GASKET   
6    4889               6 1500 316 SPIRAL GASKET WITH GRAPH   GASKET   
7    2085                6 150 304 SPIRAL GASKET WITH GRAPH   GASKET   
8   11949               6 150 304 SPIRAL GASKET WITH TEFLON   GASKET   
9    3963                  6 300 316 FG SPIRAL WOUND GASKET   GASKET   
10  11990                  6 150 316 IR GRAPH SPIRAL GASKET   GASKET   
11   5077               6 1500 304 SPIRAL GASKET WITH GRAPH   GASKET   
12  11947                      6 150 304 SPIRAL FLEX GASKET   GASKET   
13  11962                  1 150 316 FG SPIRAL WOUND GASKET   GASKET   
14  43466                    6 150 WRI 316 FG 316 IR GASKET   GASKET   
15  43465                    6 150 WRI 316 FG 316 IR GASKET   GASKET   
16  12406                    16 150 304 SPIRAL WOUND GASKET   GASKET   
17  12402              1-0.5 150 316 FG SPIRAL WOUND GASKET   GASKET   
18   2175                 16 150 304 FG SPIRAL WOUND GASKET   GASKET   
19  12410                  2 150 316 FG SPIRAL WOUND GASKET   GASKET   
20   6911                  3 150 316 FG SPIRAL WOUND GASKET   GASKET   
21  43488                 6 150 WRI 316 FG 316 IR GASKET *Z   GASKET   
22    227                 6 150 WRI 316 FG 316 IR GASKET *Z   GASKET   
23  19820                1 3-600 316 FG SPIRAL WOUND GASKET   GASKET   
24   2072            1-0.5 150 316 SPIRAL GASKET WITH GRAPH   GASKET   

            TYPE PRIMARY_SIZE REDUCING_SIZE LENGTH        MATERIAL_NAME  \
0   SPIRAL WOUND            6           NAN    NAN      STAINLESS STEEL   
1   SPIRAL WOUND            6           NAN    NAN      STAINLESS STEEL   
2   SPIRAL WOUND            6           NAN    NAN      STAINLESS STEEL   
3   SPIRAL WOUND            6           NAN    NAN      STAINLESS STEEL   
4         SPIRAL            6           NAN    NAN      STAINLESS STEEL   
5         SPIRAL            6           NAN    NAN      STAINLESS STEEL   
6         SPIRAL            6           NAN    NAN                  316   
7         SPIRAL            6           NAN    NAN      STAINLESS STEEL   
8         SPIRAL            6           NAN    NAN      STAINLESS STEEL   
9   SPIRAL WOUND            6           NAN    NAN      STAINLESS STEEL   
10  SPIRAL WOUND            6           NAN    NAN      STAINLESS STEEL   
11        SPIRAL            6           NAN    NAN      STAINLESS STEEL   
12        SPIRAL            6           NAN    NAN      STAINLESS STEEL   
13  SPIRAL WOUND            1           NAN    NAN      STAINLESS STEEL   
14  SPIRAL WOUND          6.0           NAN    NAN      STAINLESS STEEL   
15  SPIRAL WOUND          6.0           NAN    NAN      STAINLESS STEEL   
16  SPIRAL WOUND           16           NAN    NAN      STAINLESS STEEL   
17  SPIRAL WOUND          1.5           NAN    NAN      STAINLESS STEEL   
18  SPIRAL WOUND           16           NAN    NAN      STAINLESS STEEL   
19  SPIRAL WOUND            2           NAN    NAN      STAINLESS STEEL   
20  SPIRAL WOUND            3           NAN    NAN                  316   
21  SPIRAL WOUND          6.0           NAN    NAN      STAINLESS STEEL   
22          RING            6           NAN    NAN  316 STAINLESS STEEL   
23  SPIRAL WOUND            1           NAN    NAN      STAINLESS STEEL   
24        SPIRAL          1.5           NAN    NAN      STAINLESS STEEL   

   MATERIAL_SPECIFICATION MATERIAL_GRADE  ... PRIMARY_SCHEDULE  \
0                     316            NAN  ...              NAN   
1                     304            NAN  ...              NAN   
2                     304            NAN  ...              NAN   
3                    316L            NAN  ...              NAN   
4                     316            NAN  ...              NAN   
5                     304            NAN  ...              NAN   
6                     NAN            NAN  ...              NAN   
7                     304            NAN  ...              NAN   
8                     304            NAN  ...              NAN   
9                     316            NAN  ...              NAN   
10                    316            NAN  ...              NAN   
11                    304            NAN  ...              NAN   
12                    304            NAN  ...              NAN   
13                    316            NAN  ...              NAN   
14                    NAN            316  ...              NAN   
15                    NAN            316  ...              NAN   
16                    304            NAN  ...              NAN   
17                    316            NAN  ...              NAN   
18                    304            NAN  ...              NAN   
19                    316            NAN  ...              NAN   
20                    NAN            NAN  ...              NAN   
21                    NAN            316  ...              NAN   
22                    NAN            NAN  ...              NAN   
23                    316            NAN  ...              NAN   
24                    316            NAN  ...              NAN   

   REDUCING_SCHEDULE MANUFACTURING_PROCESS END_FINISH END_CONNECTIONS    TRIM  \
0                NAN                   NAN        NAN             NAN     NAN   
1                NAN                   NAN        NAN             NAN     NAN   
2                NAN                   NAN        NAN             NAN     NAN   
3                NAN                   NAN        NAN             NAN     NAN   
4                NAN                   NAN        NAN             NAN     NAN   
5                NAN                   NAN        NAN             NAN     NAN   
6                NAN                   NAN        NAN             NAN     NAN   
7                NAN                   NAN        NAN             NAN     NAN   
8                NAN                   NAN        NAN             NAN  TEFLON   
9                NAN                   NAN        NAN             NAN     NAN   
10               NAN                   NAN        NAN             NAN     NAN   
11               NAN                   NAN        NAN             NAN     NAN   
12               NAN                  FLEX        NAN             NAN     NAN   
13               NAN                   NAN        NAN             NAN     NAN   
14               NAN                   NAN        NAN             NAN     316   
15               NAN                   NAN        NAN             NAN     316   
16               NAN                   NAN        NAN             NAN     NAN   
17               NAN                   NAN        NAN             NAN     NAN   
18               NAN                   NAN         FG             NAN     NAN   
19               NAN                   NAN        NAN             NAN     NAN   
20               NAN                   NAN         FG             NAN     NAN   
21               NAN                   NAN        NAN             NAN     316   
22               NAN                FORGED        NAN             NAN     NAN   
23               NAN                   NAN        NAN             NAN     NAN   
24               NAN                   NAN        NAN             NAN     NAN   

          MISCELLANEOUS CONFIDENCE     id     score  
0                    FG       0.90  12424  0.890584  
1                   NAN       0.95   2187  0.885680  
2                    FG       0.95  12423  0.883291  
3                   NAN       0.95  11972  0.880533  
4         WITH GRAPHITE       0.90  11950  0.873211  
5   GRAPHITE INNER RING       0.95  11948  0.862588  
6       GRAPHITE FILLER       0.90   4889  0.861710  
7         WITH GRAPHITE       0.95   2085  0.858311  
8                   NAN       0.90  11949  0.856873  
9                    FG       0.95   3963  0.848486  
10             IR GRAPH       0.90  11990  0.846502  
11        WITH GRAPHITE       0.95   5077  0.846060  
12                  NAN       0.95  11947  0.843260  
13                   FG       0.95  11962  0.839272  
14                   IR       0.90  43466  0.832635  
15                   IR       0.90  43465  0.832635  
16                  NAN       0.95  12406  0.832626  
17                   FG       0.95  12402  0.832577  
18                  NAN       0.90   2175  0.832443  
19                   FG       0.95  12410  0.830841  
20                  NAN       0.90   6911  0.827689  
21                   IR       0.90  43488  0.827686  
22                   IR       0.85    227  0.827686  
23                   FG       0.95  19820  0.827005  
24        WITH GRAPHITE       0.90   2072  0.825735  

[25 rows x 21 columns]",17,NOT BAD
46,"2 45 DEGREE LONG RADIUS ELBOW , ASME B16.9 , BEVELED END , ASTM A420 GRADE WPL6 , TYPE S S-STD",2 CARBON STEEL WPL6 STANDARD WELD 45 ELBOW,True,46,5,6.6455044000001635,"       ID                                                DESCRIPTION CATEGORY  \
0   24765      2 CARBON STEEL WPL6 STANDARD WLD LONG RADIUS 90 ELBOW  FITTING   
1   24764      2 CARBON STEEL WPL6 STANDARD WLD LONG RADIUS 90 ELBOW  FITTING   
2   42866     2 CARBON STEEL WPL6 STANDARD WELD LONG RADIUS 90 ELBOW  FITTING   
3   24517  2 CARBON STEEL WPL6 SCHEDULE 160 LONG RADIUS 45 WLD ELBOW  FITTING   
4   24516  2 CARBON STEEL WPL6 SCHEDULE 160 LONG RADIUS 45 WLD ELBOW  FITTING   
5   42861                 2 CARBON STEEL WPL6 STANDARD WELD 45 ELBOW  FITTING   
6   22420                  2 CARBON STEEL WPL6 STANDARD WLD 45 ELBOW  FITTING   
7   24777  2 X 1 CARBON STEEL WPL6 STANDARD WLD LONG RADIUS 90 ELBOW  FITTING   
8   24797  2-0.5 CARBON STEEL WPL6 STANDARD WLD LONG RADIUS 90 ELBOW  FITTING   
9   24796  2-0.5 CARBON STEEL WPL6 STANDARD WLD LONG RADIUS 90 ELBOW  FITTING   
10  22510                           6 CS STD A420 WPL6 WELD 45 ELBOW  FITTING   
11  24620      1 CARBON STEEL WPL6 STANDARD WLD LONG RADIUS 90 ELBOW  FITTING   
12  24619      1 CARBON STEEL WPL6 STANDARD WLD LONG RADIUS 90 ELBOW  FITTING   
13  24489  1 CARBON STEEL WPL6 SCHEDULE 160 WLD LONG RADIUS 45 ELBOW  FITTING   
14  24762  2 CARBON STEEL WPL6 SCHEDULE 160 WLD LONG RADIUS 90 ELBOW  FITTING   
15  24763  2 CARBON STEEL WPL6 SCHEDULE 160 WLD LONG RADIUS 90 ELBOW  FITTING   
16  24916      6 CARBON STEEL WPL6 STANDARD WLD LONG RADIUS 90 ELBOW  FITTING   
17  24915      6 CARBON STEEL WPL6 STANDARD WLD LONG RADIUS 90 ELBOW  FITTING   
18  22350                  1 CARBON STEEL WPL6 STANDARD WLD 45 ELBOW  FITTING   
19  24785     20 CARBON STEEL WPL6 STANDARD WLD LONG RADIUS 90 ELBOW  FITTING   
20  24760   2 CARBON STEEL WPL6 EXTRA HEAVY WLD LONG RADIUS 90 ELBOW  FITTING   
21  24761   2 CARBON STEEL WPL6 EXTRA HEAVY WLD LONG RADIUS 90 ELBOW  FITTING   
22  24927                        6 CS STD A420 WPL6 WELD LR 90 ELBOW  FITTING   
23  43107     6 CARBON STEEL WPL6 STANDARD WELD LONG RADIUS 90 ELBOW  FITTING   
24  43108     6 CARBON STEEL WPL6 STANDARD WELD LONG RADIUS 90 ELBOW  FITTING   

                    TYPE PRIMARY_SIZE REDUCING_SIZE LENGTH MATERIAL_NAME  \
0     LR 90 DEGREE ELBOW            2           NAN    NAN  CARBON STEEL   
1     LR 90 DEGREE ELBOW            2           NAN    NAN  CARBON STEEL   
2   LONG RADIUS 90 ELBOW          2.0           NAN    NAN  CARBON STEEL   
3     LR 45 DEGREE ELBOW            2           NAN    NAN  CARBON STEEL   
4     LR 45 DEGREE ELBOW            2           NAN    NAN  CARBON STEEL   
5        45 DEGREE ELBOW          2.0           NAN    NAN  CARBON STEEL   
6        45 DEGREE ELBOW            2           NAN    NAN  CARBON STEEL   
7     LR 90 DEGREE ELBOW            2             1    NAN  CARBON STEEL   
8     LR 90 DEGREE ELBOW          2.5           NAN    NAN  CARBON STEEL   
9     LR 90 DEGREE ELBOW          2.5           NAN    NAN  CARBON STEEL   
10       45 DEGREE ELBOW            6           NAN    NAN  CARBON STEEL   
11    LR 90 DEGREE ELBOW            1           NAN    NAN  CARBON STEEL   
12    LR 90 DEGREE ELBOW            1           NAN    NAN  CARBON STEEL   
13    LR 45 DEGREE ELBOW            1           NAN    NAN  CARBON STEEL   
14    LR 90 DEGREE ELBOW            2           NAN    NAN  CARBON STEEL   
15    LR 90 DEGREE ELBOW            2           NAN    NAN  CARBON STEEL   
16    LR 90 DEGREE ELBOW            6           NAN    NAN  CARBON STEEL   
17    LR 90 DEGREE ELBOW            6           NAN    NAN  CARBON STEEL   
18       45 DEGREE ELBOW            1           NAN    NAN  CARBON STEEL   
19    LR 90 DEGREE ELBOW           20           NAN    NAN  CARBON STEEL   
20    LR 90 DEGREE ELBOW            2           NAN    NAN  CARBON STEEL   
21    LR 90 DEGREE ELBOW            2           NAN    NAN  CARBON STEEL   
22    LR 90 DEGREE ELBOW            6           NAN    NAN  CARBON STEEL   
23  LONG RADIUS 90 ELBOW          6.0           NAN    NAN  CARBON STEEL   
24  LONG RADIUS 90 ELBOW          6.0           NAN    NAN  CARBON STEEL   

   MATERIAL_SPECIFICATION MATERIAL_GRADE  ... PRIMARY_SCHEDULE  \
0                    WPL6            NAN  ...              STD   
1                    WPL6            NAN  ...              STD   
2                    WPL6            NAN  ...         STANDARD   
3                    WPL6            NAN  ...              160   
4                    WPL6            NAN  ...              160   
5                    WPL6            NAN  ...         STANDARD   
6                    WPL6            NAN  ...              STD   
7                    WPL6            NAN  ...              STD   
8                    WPL6            NAN  ...              STD   
9                    WPL6            NAN  ...              STD   
10                   A420           WPL6  ...              STD   
11                   WPL6            NAN  ...              STD   
12                   WPL6            NAN  ...              STD   
13                   WPL6            NAN  ...              160   
14                   WPL6            NAN  ...              160   
15                   WPL6            NAN  ...              160   
16                   WPL6            NAN  ...              STD   
17                   WPL6            NAN  ...              STD   
18                   WPL6            NAN  ...              STD   
19                   WPL6            NAN  ...              STD   
20                   WPL6            NAN  ...               XH   
21                   WPL6            NAN  ...               XH   
22                   A420           WPL6  ...              STD   
23                   WPL6            NAN  ...         STANDARD   
24                   WPL6            NAN  ...         STANDARD   

   REDUCING_SCHEDULE MANUFACTURING_PROCESS END_FINISH END_CONNECTIONS TRIM  \
0                NAN                   NAN         BW             NAN  NAN   
1                NAN                WELDED        NAN             NAN  NAN   
2                NAN                  WELD        NAN             NAN  NAN   
3                NAN                   NAN        NAN             NAN  NAN   
4                NAN                   NAN        NAN             NAN  NAN   
5                NAN                  WELD        NAN             NAN  NAN   
6                NAN                WELDED        NAN             NAN  NAN   
7                NAN                   NAN        NAN             NAN  NAN   
8                NAN                   NAN        NAN             NAN  NAN   
9                NAN                   NAN        NAN             NAN  NAN   
10               NAN                  WELD        NAN             NAN  NAN   
11               NAN                   NAN        NAN              BW  NAN   
12               NAN                   NAN        NAN              BW  NAN   
13               NAN                   NAN       WELD              BW  NAN   
14               NAN                   NAN       WELD             NAN  NAN   
15               NAN                   NAN       WELD             NAN  NAN   
16               NAN                   NAN         BW             NAN  NAN   
17               NAN                WELDED        NAN             NAN  NAN   
18               NAN                   NAN         BW             NAN  NAN   
19               NAN                   NAN         BW             NAN  NAN   
20               NAN                  WELD        NAN             NAN  NAN   
21               NAN                  WELD        NAN             NAN  NAN   
22               NAN                WELDED        NAN             NAN  NAN   
23               NAN                WELDED        NAN             NAN  NAN   
24               NAN                  WELD        NAN             NAN  NAN   

   MISCELLANEOUS CONFIDENCE     id     score  
0            NAN       0.90  24765  0.862108  
1            NAN       0.90  24764  0.862108  
2            NAN       0.90  42866  0.860100  
3            NAN       0.95  24517  0.860036  
4            NAN       0.90  24516  0.860036  
5            NAN       0.80  42861  0.853091  
6            NAN       0.85  22420  0.852107  
7            NAN       0.90  24777  0.847846  
8            NAN       0.90  24797  0.846939  
9    LONG RADIUS       0.85  24796  0.846939  
10           NAN       0.90  22510  0.845827  
11           NAN       0.90  24620  0.845043  
12           NAN       0.90  24619  0.845043  
13           NAN       0.95  24489  0.838221  
14           NAN       0.90  24762  0.837801  
15           NAN       0.95  24763  0.837801  
16           NAN       0.90  24916  0.835373  
17           NAN       0.90  24915  0.835373  
18           NAN       0.85  22350  0.834679  
19           NAN       0.90  24785  0.834610  
20           NAN       0.90  24760  0.831585  
21           NAN       0.90  24761  0.831585  
22           NAN       0.85  24927  0.830793  
23   LONG RADIUS       0.90  43107  0.830658  
24           NAN       0.90  43108  0.830658  

[25 rows x 21 columns]",16,NOT BAD
47,"3 45 DEGREE LONG RADIUS ELBOW , ASME B16.9 , BEVELED END , ASTM A420 GRADE WPL6 , TYPE S S-STD",3 CARBON STEEL WPL6 STANDARD WELD 45 ELBOW,True,47,5,5.599616100000048,"       ID                                                   DESCRIPTION  \
0   24827         3 CARBON STEEL WPL6 STANDARD WLD LONG RADIUS 90 ELBOW   
1   24828         3 CARBON STEEL WPL6 STANDARD WLD LONG RADIUS 90 ELBOW   
2   42974        3 CARBON STEEL WPL6 STANDARD WELD LONG RADIUS 90 ELBOW   
3   42975        3 CARBON STEEL WPL6 STANDARD WELD LONG RADIUS 90 ELBOW   
4   22459                     3 CARBON STEEL WPL6 STANDARD WLD 45 ELBOW   
5   42970                    3 CARBON STEEL WPL6 STANDARD WELD 45 ELBOW   
6   24833                           3 CS STD A420 WPL6 WELD LR 90 ELBOW   
7   24824      3 CARBON STEEL WPL6 EXTRA HEAVY WLD LONG RADIUS 90 ELBOW   
8   24825      3 CARBON STEEL WPL6 EXTRA HEAVY WLD LONG RADIUS 90 ELBOW   
9   24826     3 CARBON STEEL WPL6 SCHEDULE 160 WLD LONG RADIUS 90 ELBOW   
10  24619         1 CARBON STEEL WPL6 STANDARD WLD LONG RADIUS 90 ELBOW   
11  24620         1 CARBON STEEL WPL6 STANDARD WLD LONG RADIUS 90 ELBOW   
12  27534                  3 CARBON STEEL WPL6 STANDARD WLD SR 90 ELBOW   
13  24765         2 CARBON STEEL WPL6 STANDARD WLD LONG RADIUS 90 ELBOW   
14  24764         2 CARBON STEEL WPL6 STANDARD WLD LONG RADIUS 90 ELBOW   
15  24916         6 CARBON STEEL WPL6 STANDARD WLD LONG RADIUS 90 ELBOW   
16  24915         6 CARBON STEEL WPL6 STANDARD WLD LONG RADIUS 90 ELBOW   
17  22510                              6 CS STD A420 WPL6 WELD 45 ELBOW   
18  25001  3 X 2 CARBON STEEL WPL6 EXTRA HEAVY WLD LONG RADIUS 90 ELBOW   
19  42973     3 CARBON STEEL WPL6 SCHEDULE XH WELD LONG RADIUS 90 ELBOW   
20  42866        2 CARBON STEEL WPL6 STANDARD WELD LONG RADIUS 90 ELBOW   
21  22350                     1 CARBON STEEL WPL6 STANDARD WLD 45 ELBOW   
22  43108        6 CARBON STEEL WPL6 STANDARD WELD LONG RADIUS 90 ELBOW   
23  43107        6 CARBON STEEL WPL6 STANDARD WELD LONG RADIUS 90 ELBOW   
24  22457                  3 CARBON STEEL WPL6 EXTRA HEAVY WLD 45 ELBOW   

   CATEGORY                  TYPE PRIMARY_SIZE REDUCING_SIZE LENGTH  \
0   FITTING    LR 90 DEGREE ELBOW            3           NAN    NAN   
1   FITTING    LR 90 DEGREE ELBOW            3           NAN    NAN   
2   FITTING  LONG RADIUS 90 ELBOW          3.0           NAN    NAN   
3   FITTING  LONG RADIUS 90 ELBOW          3.0           NAN    NAN   
4   FITTING       45 DEGREE ELBOW            3           NAN    NAN   
5   FITTING              45 ELBOW          3.0           NAN    NAN   
6   FITTING    LR 90 DEGREE ELBOW            3           NAN    NAN   
7   FITTING    LR 90 DEGREE ELBOW            3           NAN    NAN   
8   FITTING    LR 90 DEGREE ELBOW            3           NAN    NAN   
9   FITTING    LR 90 DEGREE ELBOW            3           NAN    NAN   
10  FITTING    LR 90 DEGREE ELBOW            1           NAN    NAN   
11  FITTING    LR 90 DEGREE ELBOW            1           NAN    NAN   
12  FITTING    SR 90 DEGREE ELBOW            3           NAN    NAN   
13  FITTING    LR 90 DEGREE ELBOW            2           NAN    NAN   
14  FITTING    LR 90 DEGREE ELBOW            2           NAN    NAN   
15  FITTING    LR 90 DEGREE ELBOW            6           NAN    NAN   
16  FITTING    LR 90 DEGREE ELBOW            6           NAN    NAN   
17  FITTING       45 DEGREE ELBOW            6           NAN    NAN   
18  FITTING           LR 90 ELBOW            3             2    NAN   
19  FITTING  LONG RADIUS 90 ELBOW          3.0           NAN    NAN   
20  FITTING  LONG RADIUS 90 ELBOW          2.0           NAN    NAN   
21  FITTING       45 DEGREE ELBOW            1           NAN    NAN   
22  FITTING  LONG RADIUS 90 ELBOW          6.0           NAN    NAN   
23  FITTING  LONG RADIUS 90 ELBOW          6.0           NAN    NAN   
24  FITTING       45 DEGREE ELBOW            3           NAN    NAN   

   MATERIAL_NAME MATERIAL_SPECIFICATION MATERIAL_GRADE  ... PRIMARY_SCHEDULE  \
0   CARBON STEEL                   WPL6            NAN  ...              STD   
1   CARBON STEEL                   WPL6            NAN  ...              STD   
2   CARBON STEEL                   WPL6            NAN  ...         STANDARD   
3   CARBON STEEL                    NAN           WPL6  ...         STANDARD   
4   CARBON STEEL                   WPL6            NAN  ...              STD   
5   CARBON STEEL                   WPL6            NAN  ...         STANDARD   
6   CARBON STEEL                   A420           WPL6  ...              STD   
7   CARBON STEEL                   WPL6            NAN  ...               XH   
8   CARBON STEEL                   WPL6            NAN  ...               XH   
9   CARBON STEEL                   WPL6            NAN  ...              160   
10  CARBON STEEL                   WPL6            NAN  ...              STD   
11  CARBON STEEL                   WPL6            NAN  ...              STD   
12  CARBON STEEL                   WPL6            NAN  ...              STD   
13  CARBON STEEL                   WPL6            NAN  ...              STD   
14  CARBON STEEL                   WPL6            NAN  ...              STD   
15  CARBON STEEL                   WPL6            NAN  ...              STD   
16  CARBON STEEL                   WPL6            NAN  ...              STD   
17  CARBON STEEL                   A420           WPL6  ...              STD   
18  CARBON STEEL                   WPL6            NAN  ...               XH   
19  CARBON STEEL                   WPL6            NAN  ...               XH   
20  CARBON STEEL                   WPL6            NAN  ...         STANDARD   
21  CARBON STEEL                   WPL6            NAN  ...              STD   
22  CARBON STEEL                   WPL6            NAN  ...         STANDARD   
23  CARBON STEEL                   WPL6            NAN  ...         STANDARD   
24  CARBON STEEL                   WPL6            NAN  ...               XH   

   REDUCING_SCHEDULE MANUFACTURING_PROCESS END_FINISH END_CONNECTIONS TRIM  \
0                NAN                   NAN        NAN             NAN  NAN   
1                NAN                   NAN         BW             NAN  NAN   
2                NAN                  WELD        NAN             NAN  NAN   
3                NAN                  WELD        NAN             NAN  NAN   
4                NAN                   NAN        NAN             NAN  NAN   
5                NAN                  WELD        NAN             NAN  NAN   
6                NAN                WELDED        NAN             NAN  NAN   
7                NAN                  WELD        NAN             NAN  NAN   
8                NAN                WELDED        NAN             NAN  NAN   
9                NAN                   NAN       WELD             NAN  NAN   
10               NAN                   NAN        NAN              BW  NAN   
11               NAN                   NAN        NAN              BW  NAN   
12               NAN                   NAN        NAN             NAN  NAN   
13               NAN                   NAN         BW             NAN  NAN   
14               NAN                WELDED        NAN             NAN  NAN   
15               NAN                   NAN         BW             NAN  NAN   
16               NAN                WELDED        NAN             NAN  NAN   
17               NAN                  WELD        NAN             NAN  NAN   
18               NAN                   NAN        NAN             NAN  NAN   
19               NAN                  WELD        NAN             NAN  NAN   
20               NAN                  WELD        NAN             NAN  NAN   
21               NAN                   NAN         BW             NAN  NAN   
22               NAN                  WELD        NAN             NAN  NAN   
23               NAN                WELDED        NAN             NAN  NAN   
24               NAN                  WELD        NAN             NAN  NAN   

   MISCELLANEOUS CONFIDENCE     id     score  
0            NAN       0.90  24827  0.870947  
1            NAN       0.90  24828  0.870947  
2            NAN       0.90  42974  0.868423  
3            NAN       0.80  42975  0.868423  
4           WELD       0.85  22459  0.857698  
5            NAN       0.90  42970  0.857456  
6            NAN       0.85  24833  0.849055  
7            NAN       0.85  24824  0.842058  
8    LONG RADIUS       0.90  24825  0.842058  
9            NAN       0.95  24826  0.841692  
10           NAN       0.90  24619  0.839575  
11           NAN       0.90  24620  0.839575  
12           NAN       0.90  27534  0.830895  
13           NAN       0.90  24765  0.830812  
14           NAN       0.90  24764  0.830812  
15           NAN       0.90  24916  0.830024  
16           NAN       0.90  24915  0.830024  
17           NAN       0.90  22510  0.826044  
18   LONG RADIUS       0.90  25001  0.826024  
19           NAN       0.90  42973  0.825209  
20           NAN       0.90  42866  0.824861  
21           NAN       0.85  22350  0.822979  
22           NAN       0.90  43108  0.822176  
23   LONG RADIUS       0.90  43107  0.822176  
24           NAN       0.90  22457  0.821405  

[25 rows x 21 columns]",17,NOT BAD
48,"12"" ELBOW 45D, LR, BW, ASME 16.9, WROUGHT STEEL, ASTM/ASME A/SA-234-WPB, SCH.STD",12 CARBON STEEL STANDARD WELD 45 ELBOW,True,48,10,6.906599299999925,"       ID                                               DESCRIPTION CATEGORY  \
0   22380                     12 CARBON STEEL STANDARD WLD 45 ELBOW  FITTING   
1   22379                     12 CARBON STEEL STANDARD WLD 45 ELBOW  FITTING   
2   36614   12 STAINLESS STEEL SCHEDULE 80 304L LR 45 ELBOW A403WPW  FITTING   
3   22386                                   12 CS STD WELD 45 ELBOW  FITTING   
4   24700                                12 CS STD WELD LR 90 ELBOW  FITTING   
5   30202                             12 STANDARD WLD 45 ELBOW LRES  FITTING   
6   24502                  12 CARBON STEEL STANDARD 3R WLD 45 ELBOW  FITTING   
7   36611   12 STAINLESS STEEL SCHEDULE 40 304L LR 45 ELBOW A403WPW  FITTING   
8   36608   12 STAINLESS STEEL SCHEDULE 10 304L LR 45 ELBOW A403WPW  FITTING   
9   36607   12 STAINLESS STEEL SCHEDULE 10 304L LR 45 ELBOW A403WPW  FITTING   
10  42774                    12 CARBON STEEL STANDARD WELD 45 ELBOW  FITTING   
11  24701                                 12 CS STD WLD LR 90 ELBOW  FITTING   
12  22383                12 CARBON STEEL WPL6 STANDARD WLD 45 ELBOW  FITTING   
13  22382                12 CARBON STEEL WPL6 STANDARD WLD 45 ELBOW  FITTING   
14  42760               12 CARBON STEEL WPL6 STANDARD WELD 45 ELBOW  FITTING   
15  42759               12 CARBON STEEL WPL6 STANDARD WELD 45 ELBOW  FITTING   
16  36612  12 STAINLESS STEEL SCHEDULE 40 316 L LR 45 ELBOW A403WPW  FITTING   
17  37128   12 STAINLESS STEEL SCHEDULE 80 304L LR 90 ELBOW A403WPW  FITTING   
18  36609  12 STAINLESS STEEL SCHEDULE 10 316 L LR 45 ELBOW A403WPW  FITTING   
19  36610  12 STAINLESS STEEL SCHEDULE 10 316 L LR 45 ELBOW A403WPW  FITTING   
20  36613     12 STAINLESS STEEL SCHEDULE 40 316LR 45 ELBOW A403WPW  FITTING   
21  27485                  12 CARBON STEEL STANDARD WLD SR 90 ELBOW  FITTING   
22  27486                  12 CARBON STEEL STANDARD WLD SR 90 ELBOW  FITTING   
23  36851   12 STAINLESS STEEL SCHEDULE 40 304L LR 90 ELBOW A403WPW  FITTING   
24  24685                  12 CARBON STEEL STANDARD 3R 90 WLD ELBOW  FITTING   

                  TYPE PRIMARY_SIZE REDUCING_SIZE LENGTH    MATERIAL_NAME  \
0      45 DEGREE ELBOW           12           NAN    NAN     CARBON STEEL   
1      45 DEGREE ELBOW           12           NAN    NAN     CARBON STEEL   
2   LR 45 DEGREE ELBOW           12           NAN    NAN  STAINLESS STEEL   
3      45 DEGREE ELBOW           12           NAN    NAN     CARBON STEEL   
4   LR 90 DEGREE ELBOW           12           NAN    NAN     CARBON STEEL   
5      45 DEGREE ELBOW           12           NAN    NAN              NAN   
6   LR 45 DEGREE ELBOW           12           NAN    NAN     CARBON STEEL   
7   LR 45 DEGREE ELBOW           12           NAN    NAN  STAINLESS STEEL   
8   LR 45 DEGREE ELBOW           12           NAN    NAN  STAINLESS STEEL   
9   LR 45 DEGREE ELBOW           12           NAN    NAN  STAINLESS STEEL   
10            45 ELBOW         12.0           NAN    NAN     CARBON STEEL   
11  LR 90 DEGREE ELBOW           12           NAN    NAN     CARBON STEEL   
12     45 DEGREE ELBOW           12           NAN    NAN     CARBON STEEL   
13     45 DEGREE ELBOW           12           NAN    NAN     CARBON STEEL   
14     ELBOW 45 DEGREE         12.0           NAN    NAN     CARBON STEEL   
15            45 ELBOW         12.0           NAN    NAN     CARBON STEEL   
16  LR 45 DEGREE ELBOW           12           NAN    NAN  STAINLESS STEEL   
17         LR 90 ELBOW           12           NAN    NAN  STAINLESS STEEL   
18  LR 45 DEGREE ELBOW           12           NAN    NAN  STAINLESS STEEL   
19  LR 45 DEGREE ELBOW           12           NAN    NAN  STAINLESS STEEL   
20  LR 45 DEGREE ELBOW           12           NAN    NAN  STAINLESS STEEL   
21  SR 90 DEGREE ELBOW           12           NAN    NAN     CARBON STEEL   
22  SR 90 DEGREE ELBOW           12           NAN    NAN     CARBON STEEL   
23  LR 90 DEGREE ELBOW           12           NAN    NAN  STAINLESS STEEL   
24  LR 90 DEGREE ELBOW           12           NAN    NAN     CARBON STEEL   

   MATERIAL_SPECIFICATION MATERIAL_GRADE  ... PRIMARY_SCHEDULE  \
0                     NAN            NAN  ...              STD   
1                     NAN            NAN  ...              STD   
2                    A403            WPW  ...               80   
3                     NAN            NAN  ...              STD   
4                     NAN            NAN  ...              STD   
5                     NAN            NAN  ...              STD   
6                     NAN            NAN  ...              STD   
7                    A403         WP304L  ...               40   
8                    A403            WPW  ...               10   
9                    A403            WPW  ...               10   
10                    NAN            NAN  ...         STANDARD   
11                    NAN            NAN  ...              STD   
12                   WPL6            NAN  ...              STD   
13                   WPL6            NAN  ...              STD   
14                   WPL6            NAN  ...         STANDARD   
15                   WPL6            NAN  ...         STANDARD   
16                   A403            WPW  ...               40   
17                   A403            WPW  ...               80   
18                   A403         WP316L  ...               10   
19                   A403         WP316L  ...               10   
20                   A403            WPW  ...               40   
21                    NAN            NAN  ...              STD   
22                    NAN            NAN  ...              STD   
23                   A403            WPW  ...               40   
24                    NAN            NAN  ...              STD   

   REDUCING_SCHEDULE MANUFACTURING_PROCESS END_FINISH END_CONNECTIONS TRIM  \
0                NAN                WELDED        NAN             NAN  NAN   
1                NAN                WELDED        NAN             NAN  NAN   
2                NAN                   NAN        NAN             NAN  NAN   
3                NAN                WELDED        NAN             NAN  NAN   
4                NAN                   NAN         BW             NAN  NAN   
5                NAN                  WELD        NAN             NAN  NAN   
6                NAN                   NAN         BW             NAN  NAN   
7                NAN                   NAN        NAN             NAN  NAN   
8                NAN                   NAN        NAN             NAN  NAN   
9                NAN                   NAN        NAN             NAN  NAN   
10               NAN                  WELD        NAN             NAN  NAN   
11               NAN                   NAN         BW             NAN  NAN   
12               NAN                   NAN       WELD             NAN  NAN   
13               NAN                   NAN         BW             NAN  NAN   
14               NAN                WELDED        NAN             NAN  NAN   
15               NAN                  WELD        NAN             NAN  NAN   
16               NAN                   NAN        NAN             NAN  NAN   
17               NAN                   NAN        NAN             NAN  NAN   
18               NAN                   NAN        NAN             NAN  NAN   
19               NAN                   NAN        NAN             NAN  NAN   
20               NAN                   NAN        NAN             NAN  NAN   
21               NAN                WELDED        NAN             NAN  NAN   
22               NAN                   NAN        NAN             NAN  NAN   
23               NAN                   NAN        NAN             NAN  NAN   
24               NAN                   NAN         BW             NAN  NAN   

   MISCELLANEOUS CONFIDENCE     id     score  
0            NAN       0.80  22380  0.833664  
1            NAN       0.80  22379  0.833664  
2            NAN       0.95  36614  0.829986  
3            NAN       0.80  22386  0.827520  
4            NAN       0.80  24700  0.827006  
5   LOW RESIDUAL       0.80  30202  0.825779  
6            NAN       0.80  24502  0.823796  
7            NAN       0.95  36611  0.820873  
8            NAN       0.95  36608  0.818411  
9            NAN       0.95  36607  0.818411  
10           NAN       0.80  42774  0.817193  
11           NAN       0.80  24701  0.816003  
12           NAN       0.85  22383  0.813734  
13           NAN       0.85  22382  0.813734  
14           NAN       0.80  42760  0.813414  
15           NAN       0.80  42759  0.813414  
16           NAN       0.95  36612  0.812760  
17           NAN       0.95  37128  0.812432  
18           NAN       0.90  36609  0.809826  
19           NAN       0.95  36610  0.809826  
20           NAN       0.90  36613  0.809619  
21           NAN       0.80  27485  0.807391  
22           NAN       0.85  27486  0.807391  
23          304L       0.95  36851  0.805863  
24           NAN       0.85  24685  0.804413  

[25 rows x 21 columns]",13,NOT BAD
49,"6X6X4 REDUCING TEE , ASME B16.9 , BEVELED END , ASTM A234 GRADE WPB , TYPE S",6 X 6 X 4 CARBON STEEL STANDARD WELD TEE,True,49,45,5.093021700000008,"       ID  \
0   23585   
1   28267   
2   40919   
3   28257   
4   28236   
5   28237   
6   43161   
7   43162   
8   40897   
9   40889   
10  43165   
11  43166   
12  28272   
13  28260   
14  28264   
15  28265   
16  43124   
17  40893   
18  40894   
19  40892   
20  28266   
21  28256   
22  28255   
23  27742   
24  23584   

                                                                                                                                                                DESCRIPTION  \
0   FITTG REDUCER CONCENTRIC SWAGE BUTT WELDG XSTRONG SEAMLESS CARBON STEEL ASTM A234 GRADE WPB MSS SP95 THIS FITTG IS TO BE BEVELED ON BOTH ENDS FOR BUTT WELDG CONNECTION   
1                                                                                                                              6 X 6 X 4 CARBON STEEL WPL6 STANDARD WLD TEE   
2                                                                                                                   6 X 6 X 4 STAINLESS STEEL SCHEDULE 40 316 L TEE A403WPW   
3                                                                                                                              6 X 6 X 3 CARBON STEEL WPL6 STANDARD WLD TEE   
4                                                                                                                                      6 CARBON STEEL WPL6 STANDARD WLD TEE   
5                                                                                                                                      6 CARBON STEEL WPL6 STANDARD WLD TEE   
6                                                                                                                             6 X 6 X 3 CARBON STEEL WPL6 STANDARD WELD TEE   
7                                                                                                                             6 X 6 X 3 CARBON STEEL WPL6 STANDARD WELD TEE   
8                                                                                                                       6 X 3 STAINLESS STEEL SCHEDULE 40 316 L TEE A403WPW   
9                                                                                                                            6 STAINLESS STEEL SCHEDULE 40 304L TEE A403WPW   
10                                                                                                                            6 X 6 X 4 CARBON STEEL WPL6 STANDARD WELD TEE   
11                                                                                                                            6 X 6 X 4 CARBON STEEL WPL6 STANDARD WELD TEE   
12                                                                                                                                                6 X 6 X 4 CS STD WELD TEE   
13                                                                                                                                                6 X 6 X 3 CS STD WELD TEE   
14                                                                                                                                  6 X 6 X 4 CARBON STEEL STANDARD WLD TEE   
15                                                                                                                                  6 X 6 X 4 CARBON STEEL STANDARD WLD TEE   
16                                                                                                                                    6 CARBON STEEL WPL6 STANDARD WELD TEE   
17                                                                                                                          6 STAINLESS STEEL SCHEDULE 40 316 L TEE A403WPW   
18                                                                                                                          6 STAINLESS STEEL SCHEDULE 40 316 L TEE A403WPW   
19                                                                                                                          6 STAINLESS STEEL SCHEDULE 40 316 L TEE A403WPW   
20                                                                                                                          6 X 6 X 4 CARBON STEEL WPL6 EXTRA HEAVY WLD TEE   
21                                                                                                                                  6 X 6 X 3 CARBON STEEL STANDARD WLD TEE   
22                                                                                                                                  6 X 6 X 3 CARBON STEEL STANDARD WLD TEE   
23                                                                                                                                     1 CARBON STEEL WPL6 STANDARD WLD TEE   
24                                                               FITTG REDUCER CONCENTRIC SWAGE BUTT WELDG X PLA XSTRONG SEAMLESS CARBON STEEL ASTM A234 GRADE WPB MSS SP95   

   CATEGORY                TYPE PRIMARY_SIZE REDUCING_SIZE LENGTH  \
0   FITTING  CONCENTRIC REDUCER            2           0.5    NAN   
1   FITTING                 TEE            6             4    NAN   
2   FITTING                 TEE            6             4    NAN   
3   FITTING                 TEE            6             3    NAN   
4   FITTING                 TEE            6           NAN    NAN   
5   FITTING                 TEE            6           NAN    NAN   
6   FITTING                 TEE          6.0           3.0    NAN   
7   FITTING        STRAIGHT TEE          6.0           3.0    NAN   
8   FITTING                 TEE            6             3    NAN   
9   FITTING                 TEE            6           NAN    NAN   
10  FITTING                 TEE          6.0           4.0    NAN   
11  FITTING                 TEE          6.0           4.0    NAN   
12  FITTING                 TEE            6             4    NAN   
13  FITTING                 TEE            6             3    NAN   
14  FITTING                 TEE            6             4    NAN   
15  FITTING                 TEE            6             4    NAN   
16  FITTING                 TEE          6.0           NAN    NAN   
17  FITTING                 TEE            6           NAN    NAN   
18  FITTING                 TEE            6           NAN    NAN   
19  FITTING                 TEE            6           NAN    NAN   
20  FITTING                 TEE            6             4    NAN   
21  FITTING                 TEE            6             3    NAN   
22  FITTING                 TEE            6             3    NAN   
23  FITTING                 TEE            1           NAN    NAN   
24  FITTING  CONCENTRIC REDUCER            4             2    NAN   

      MATERIAL_NAME MATERIAL_SPECIFICATION MATERIAL_GRADE  ...  \
0      CARBON STEEL              ASTM A234            WPB  ...   
1      CARBON STEEL                   WPL6            NAN  ...   
2   STAINLESS STEEL                   A403            WPW  ...   
3      CARBON STEEL                   WPL6            NAN  ...   
4      CARBON STEEL                   WPL6            NAN  ...   
5      CARBON STEEL                   WPL6            NAN  ...   
6      CARBON STEEL                   WPL6            NAN  ...   
7      CARBON STEEL                   WPL6            NAN  ...   
8   STAINLESS STEEL                   A403            WPW  ...   
9   STAINLESS STEEL                   A403            WPW  ...   
10     CARBON STEEL                   WPL6            NAN  ...   
11     CARBON STEEL                    NAN           WPL6  ...   
12     CARBON STEEL                    NAN            NAN  ...   
13     CARBON STEEL                    NAN            NAN  ...   
14     CARBON STEEL                    NAN            NAN  ...   
15     CARBON STEEL                    NAN            NAN  ...   
16     CARBON STEEL                   WPL6            NAN  ...   
17  STAINLESS STEEL                   A403            WPW  ...   
18  STAINLESS STEEL                   A403            WPW  ...   
19  STAINLESS STEEL                   A403         WP316L  ...   
20     CARBON STEEL                   WPL6            NAN  ...   
21     CARBON STEEL                    NAN            NAN  ...   
22     CARBON STEEL                    NAN            NAN  ...   
23     CARBON STEEL                   WPL6            NAN  ...   
24     CARBON STEEL                   A234            WPB  ...   

   PRIMARY_SCHEDULE REDUCING_SCHEDULE MANUFACTURING_PROCESS END_FINISH  \
0                XH               NAN              SEAMLESS    BEVELED   
1               STD               NAN                WELDED        NAN   
2                40               NAN                   NAN        NAN   
3               STD               NAN                WELDED        NAN   
4               STD               NAN                   NAN        NAN   
5               STD               NAN                   NAN        NAN   
6          STANDARD               NAN                  WELD        NAN   
7          STANDARD               NAN                WELDED        NAN   
8                40               NAN                   NAN        NAN   
9                40               NAN                   NAN        NAN   
10         STANDARD               NAN                  WELD        NAN   
11         STANDARD               NAN                  WELD        NAN   
12              STD               NAN                WELDED        NAN   
13              STD               NAN                WELDED        NAN   
14              STD               NAN                WELDED        NAN   
15              STD               NAN                  WELD        NAN   
16         STANDARD               NAN                WELDED        NAN   
17               40               NAN                   NAN        NAN   
18               40               NAN                   NAN        NAN   
19               40               NAN                   NAN        NAN   
20               XH               NAN                  WELD        NAN   
21              STD               NAN                WELDED        NAN   
22              STD               NAN                WELDED        NAN   
23              STD               NAN                   NAN         BW   
24               XH                XH              SEAMLESS        NAN   

   END_CONNECTIONS TRIM MISCELLANEOUS CONFIDENCE     id     score  
0          BW X BW  NAN      MSS SP95       0.95  23585  0.793849  
1              NAN  NAN           NAN       0.85  28267  0.770908  
2              NAN  NAN           NAN       0.90  40919  0.768996  
3              NAN  NAN           NAN       0.85  28257  0.764980  
4              NAN  NAN           NAN       0.80  28236  0.762951  
5              NAN  NAN           NAN       0.85  28237  0.762951  
6              NAN  NAN           NAN       0.90  43161  0.757311  
7              NAN  NAN           NAN       0.90  43162  0.757311  
8              NAN  NAN           NAN       0.95  40897  0.757087  
9              NAN  NAN           NAN       0.90  40889  0.757037  
10             NAN  NAN           NAN       0.90  43165  0.756835  
11             NAN  NAN           NAN       0.80  43166  0.756835  
12             NAN  NAN           NAN       0.80  28272  0.756479  
13             NAN  NAN           NAN       0.80  28260  0.756098  
14             NAN  NAN           NAN       0.85  28264  0.753395  
15             NAN  NAN           NAN       0.80  28265  0.753395  
16             NAN  NAN           NAN       0.80  43124  0.748258  
17             NAN  NAN           NAN       0.90  40893  0.747364  
18             NAN  NAN           NAN       0.90  40894  0.747364  
19             NAN  NAN           NAN       0.90  40892  0.747364  
20             NAN  NAN           NAN       0.90  28266  0.745908  
21             NAN  NAN           NAN       0.80  28256  0.745395  
22             NAN  NAN           NAN       0.80  28255  0.745395  
23             NAN  NAN           NAN       0.85  27742  0.744473  
24         SW X BW  NAN      MSS SP95       0.95  23584  0.744294  

[25 rows x 21 columns]",15,NOT BAD
50,"16 45 DEGREE LONG RADIUS ELBOW , ASME B16.9 , BEVELED END , ASTM A420 GRADE WPL6 , TYPE S S-XS",16 CARBON STEEL WPL6 SCHEDULE XH WELD 45 ELBOW,True,50,18,4.056088000000045,"       ID                                                        DESCRIPTION  \
0   24489          1 CARBON STEEL WPL6 SCHEDULE 160 WLD LONG RADIUS 45 ELBOW   
1   24516          2 CARBON STEEL WPL6 SCHEDULE 160 LONG RADIUS 45 WLD ELBOW   
2   24517          2 CARBON STEEL WPL6 SCHEDULE 160 LONG RADIUS 45 WLD ELBOW   
3   24725             16 CARBON STEEL WPL6 STANDARD WLD LONG RADIUS 90 ELBOW   
4   42816            16 CARBON STEEL WPL6 STANDARD WELD LONG RADIUS 90 ELBOW   
5   24618          1 CARBON STEEL WPL6 SCHEDULE 160 WLD LONG RADIUS 90 ELBOW   
6   24617          1 CARBON STEEL WPL6 SCHEDULE 160 WLD LONG RADIUS 90 ELBOW   
7   42817         16 CARBON STEEL WPL6 SCHEDULE XH WELD LONG RADIUS 90 ELBOW   
8   24724          16 CARBON STEEL WPL6 EXTRA HEAVY WLD LONG RADIUS 90 ELBOW   
9   24763          2 CARBON STEEL WPL6 SCHEDULE 160 WLD LONG RADIUS 90 ELBOW   
10  24762          2 CARBON STEEL WPL6 SCHEDULE 160 WLD LONG RADIUS 90 ELBOW   
11  24914          6 CARBON STEEL WPL6 SCHEDULE 160 WLD LONG RADIUS 90 ELBOW   
12  43105         6 CARBON STEEL WPL6 SCHEDULE 160 WELD LONG RADIUS 90 ELBOW   
13  22401                         16 CARBON STEEL WPL6 STANDARD WLD 45 ELBOW   
14  42813                        16 CARBON STEEL WPL6 STANDARD WELD 45 ELBOW   
15  24542          4 CARBON STEEL WPL6 SCHEDULE 160 WLD LONG RADIUS 45 ELBOW   
16  24619              1 CARBON STEEL WPL6 STANDARD WLD LONG RADIUS 90 ELBOW   
17  24620              1 CARBON STEEL WPL6 STANDARD WLD LONG RADIUS 90 ELBOW   
18  42814                     16 CARBON STEEL WPL6 SCHEDULE XH WELD 45 ELBOW   
19  24771                       2 CS SCHEDULE 160 A420 WPL6 WELD LR 90 ELBOW   
20  42812  16 STAINLESS STEEL SCHEDULE 40S 304L LONG RADIUS 45 ELBOW A403WPW   
21  22510                                   6 CS STD A420 WPL6 WELD 45 ELBOW   
22  24487               1 CARBON STEEL SCHEDULE 160 WLD LONG RADIUS 45 ELBOW   
23  24488               1 CARBON STEEL SCHEDULE 160 WLD LONG RADIUS 45 ELBOW   
24  24915              6 CARBON STEEL WPL6 STANDARD WLD LONG RADIUS 90 ELBOW   

   CATEGORY                  TYPE PRIMARY_SIZE REDUCING_SIZE LENGTH  \
0   FITTING    LR 45 DEGREE ELBOW            1           NAN    NAN   
1   FITTING    LR 45 DEGREE ELBOW            2           NAN    NAN   
2   FITTING    LR 45 DEGREE ELBOW            2           NAN    NAN   
3   FITTING    LR 90 DEGREE ELBOW           16           NAN    NAN   
4   FITTING  LONG RADIUS 90 ELBOW         16.0           NAN    NAN   
5   FITTING    LR 90 DEGREE ELBOW            1           NAN    NAN   
6   FITTING    LR 90 DEGREE ELBOW            1           NAN    NAN   
7   FITTING  LONG RADIUS 90 ELBOW         16.0           NAN    NAN   
8   FITTING    LR 90 DEGREE ELBOW           16           NAN    NAN   
9   FITTING    LR 90 DEGREE ELBOW            2           NAN    NAN   
10  FITTING    LR 90 DEGREE ELBOW            2           NAN    NAN   
11  FITTING    LR 90 DEGREE ELBOW            6           NAN    NAN   
12  FITTING  LONG RADIUS 90 ELBOW          6.0           NAN    NAN   
13  FITTING       45 DEGREE ELBOW           16           NAN    NAN   
14  FITTING              45 ELBOW         16.0           NAN    NAN   
15  FITTING    LR 45 DEGREE ELBOW            4           NAN    NAN   
16  FITTING    LR 90 DEGREE ELBOW            1           NAN    NAN   
17  FITTING    LR 90 DEGREE ELBOW            1           NAN    NAN   
18  FITTING       45 DEGREE ELBOW         16.0           NAN    NAN   
19  FITTING    LR 90 DEGREE ELBOW            2           NAN    NAN   
20  FITTING  LONG RADIUS 45 ELBOW         16.0           NAN    NAN   
21  FITTING       45 DEGREE ELBOW            6           NAN    NAN   
22  FITTING    LR 45 DEGREE ELBOW            1           NAN    NAN   
23  FITTING    LR 45 DEGREE ELBOW            1           NAN    NAN   
24  FITTING    LR 90 DEGREE ELBOW            6           NAN    NAN   

      MATERIAL_NAME MATERIAL_SPECIFICATION MATERIAL_GRADE  ...  \
0      CARBON STEEL                   WPL6            NAN  ...   
1      CARBON STEEL                   WPL6            NAN  ...   
2      CARBON STEEL                   WPL6            NAN  ...   
3      CARBON STEEL                   WPL6            NAN  ...   
4      CARBON STEEL                   WPL6            NAN  ...   
5      CARBON STEEL                   WPL6            NAN  ...   
6      CARBON STEEL                   WPL6            NAN  ...   
7      CARBON STEEL                   WPL6            NAN  ...   
8      CARBON STEEL                   WPL6            NAN  ...   
9      CARBON STEEL                   WPL6            NAN  ...   
10     CARBON STEEL                   WPL6            NAN  ...   
11     CARBON STEEL                   WPL6            NAN  ...   
12     CARBON STEEL                   WPL6            NAN  ...   
13     CARBON STEEL                   WPL6            NAN  ...   
14     CARBON STEEL                    NAN           WPL6  ...   
15     CARBON STEEL                   WPL6            NAN  ...   
16     CARBON STEEL                   WPL6            NAN  ...   
17     CARBON STEEL                   WPL6            NAN  ...   
18     CARBON STEEL                   WPL6            NAN  ...   
19     CARBON STEEL                   A420           WPL6  ...   
20  STAINLESS STEEL                   A403            WPW  ...   
21     CARBON STEEL                   A420           WPL6  ...   
22     CARBON STEEL                    NAN            NAN  ...   
23     CARBON STEEL                    NAN            NAN  ...   
24     CARBON STEEL                   WPL6            NAN  ...   

   PRIMARY_SCHEDULE REDUCING_SCHEDULE MANUFACTURING_PROCESS END_FINISH  \
0               160               NAN                   NAN       WELD   
1               160               NAN                   NAN        NAN   
2               160               NAN                   NAN        NAN   
3               STD               NAN                   NAN         BW   
4          STANDARD               NAN                  WELD        NAN   
5               160               NAN                   NAN       WELD   
6               160               NAN                   NAN       WELD   
7                XH               NAN                  WELD        NAN   
8                XH               NAN                   NAN        NAN   
9               160               NAN                   NAN       WELD   
10              160               NAN                   NAN       WELD   
11              160               NAN                  WELD        NAN   
12              160               NAN                  WELD        NAN   
13              STD               NAN                   NAN        NAN   
14         STANDARD               NAN                  WELD        NAN   
15              160               NAN                   NAN       WELD   
16              STD               NAN                   NAN        NAN   
17              STD               NAN                   NAN        NAN   
18               XH               NAN                  WELD        NAN   
19              160               NAN                  WELD        NAN   
20              40S               NAN                   NAN        NAN   
21              STD               NAN                  WELD        NAN   
22              160               NAN                   NAN       WELD   
23              160               NAN                   NAN       WELD   
24              STD               NAN                WELDED        NAN   

   END_CONNECTIONS TRIM MISCELLANEOUS CONFIDENCE     id     score  
0               BW  NAN           NAN       0.95  24489  0.855997  
1              NAN  NAN           NAN       0.90  24516  0.850007  
2              NAN  NAN           NAN       0.95  24517  0.850007  
3              NAN  NAN           NAN       0.90  24725  0.843266  
4              NAN  NAN           NAN       0.90  42816  0.838314  
5               BW  NAN           NAN       0.95  24618  0.836901  
6               BW  NAN           NAN       0.90  24617  0.836901  
7              NAN  NAN           NAN       0.90  42817  0.832451  
8              NAN  NAN           NAN       0.90  24724  0.827762  
9              NAN  NAN           NAN       0.95  24763  0.827718  
10             NAN  NAN           NAN       0.90  24762  0.827718  
11             NAN  NAN           NAN       0.90  24914  0.826493  
12       BUTT WELD  NAN           NAN       0.90  43105  0.825224  
13              BW  NAN           NAN       0.85  22401  0.824767  
14             NAN  NAN           NAN       0.80  42813  0.823353  
15             NAN  NAN           NAN       0.90  24542  0.821893  
16              BW  NAN           NAN       0.90  24619  0.817009  
17              BW  NAN           NAN       0.90  24620  0.817009  
18             NAN  NAN           NAN       0.90  42814  0.816691  
19             NAN  NAN           NAN       0.90  24771  0.813720  
20             NAN  NAN          304L       0.90  42812  0.812041  
21             NAN  NAN           NAN       0.90  22510  0.811581  
22              BW  NAN           NAN       0.85  24487  0.809554  
23              BW  NAN           NAN       0.85  24488  0.809554  
24             NAN  NAN           NAN       0.90  24915  0.809435  

[25 rows x 21 columns]",24,NOT BAD
51,"12 45 DEGREE LONG RADIUS ELBOW , ASME B16.9 , BEVELED END , ASTM A420 GRADE WPL6 , TYPE S S-STD",12 CARBON STEEL WPL6 STANDARD WELD 45 ELBOW,True,51,4,5.032332300000007,"       ID                                                        DESCRIPTION  \
0   24690             12 CARBON STEEL WPL6 STANDARD WLD LONG RADIUS 90 ELBOW   
1   24689             12 CARBON STEEL WPL6 STANDARD WLD LONG RADIUS 90 ELBOW   
2   22382                         12 CARBON STEEL WPL6 STANDARD WLD 45 ELBOW   
3   22383                         12 CARBON STEEL WPL6 STANDARD WLD 45 ELBOW   
4   42759                        12 CARBON STEEL WPL6 STANDARD WELD 45 ELBOW   
5   42760                        12 CARBON STEEL WPL6 STANDARD WELD 45 ELBOW   
6   24688          12 CARBON STEEL WPL6 EXTRA HEAVY WLD LONG RADIUS 90 ELBOW   
7   24619              1 CARBON STEEL WPL6 STANDARD WLD LONG RADIUS 90 ELBOW   
8   24620              1 CARBON STEEL WPL6 STANDARD WLD LONG RADIUS 90 ELBOW   
9   42758   12 STAINLESS STEEL SCHEDULE 40 304L LONG RADIUS 45 ELBOW A403WPW   
10  22381                      12 CARBON STEEL WPL6 EXTRA HEAVY WLD 45 ELBOW   
11  24765              2 CARBON STEEL WPL6 STANDARD WLD LONG RADIUS 90 ELBOW   
12  24764              2 CARBON STEEL WPL6 STANDARD WLD LONG RADIUS 90 ELBOW   
13  24725             16 CARBON STEEL WPL6 STANDARD WLD LONG RADIUS 90 ELBOW   
14  24976                  12 CARBON STEEL STANDARD WLD LONG RADIUS 90 ELBOW   
15  22350                          1 CARBON STEEL WPL6 STANDARD WLD 45 ELBOW   
16  24915              6 CARBON STEEL WPL6 STANDARD WLD LONG RADIUS 90 ELBOW   
17  24916              6 CARBON STEEL WPL6 STANDARD WLD LONG RADIUS 90 ELBOW   
18  42866             2 CARBON STEEL WPL6 STANDARD WELD LONG RADIUS 90 ELBOW   
19  24777          2 X 1 CARBON STEEL WPL6 STANDARD WLD LONG RADIUS 90 ELBOW   
20  24714             14 CARBON STEEL WPL6 STANDARD WLD LONG RADIUS 90 ELBOW   
21  42763  12 STAINLESS STEEL SCHEDULE 40S 304L LONG RADIUS 90 ELBOW A403WPW   
22  22510                                   6 CS STD A420 WPL6 WELD 45 ELBOW   
23  24682                       12 CARBON STEEL S20 WLD LONG RADIUS 90 ELBOW   
24  24686                 12 CARBON STEEL STANDARD WELD LONG RADIUS 90 ELBOW   

   CATEGORY                  TYPE PRIMARY_SIZE REDUCING_SIZE LENGTH  \
0   FITTING    LR 90 DEGREE ELBOW           12           NAN    NAN   
1   FITTING    LR 90 DEGREE ELBOW           12           NAN    NAN   
2   FITTING       45 DEGREE ELBOW           12           NAN    NAN   
3   FITTING       45 DEGREE ELBOW           12           NAN    NAN   
4   FITTING              45 ELBOW         12.0           NAN    NAN   
5   FITTING       ELBOW 45 DEGREE         12.0           NAN    NAN   
6   FITTING    LR 90 DEGREE ELBOW           12           NAN    NAN   
7   FITTING    LR 90 DEGREE ELBOW            1           NAN    NAN   
8   FITTING    LR 90 DEGREE ELBOW            1           NAN    NAN   
9   FITTING  LONG RADIUS 45 ELBOW         12.0           NAN    NAN   
10  FITTING       45 DEGREE ELBOW           12           NAN    NAN   
11  FITTING    LR 90 DEGREE ELBOW            2           NAN    NAN   
12  FITTING    LR 90 DEGREE ELBOW            2           NAN    NAN   
13  FITTING    LR 90 DEGREE ELBOW           16           NAN    NAN   
14  FITTING           LR 90 ELBOW           12           NAN    NAN   
15  FITTING       45 DEGREE ELBOW            1           NAN    NAN   
16  FITTING    LR 90 DEGREE ELBOW            6           NAN    NAN   
17  FITTING    LR 90 DEGREE ELBOW            6           NAN    NAN   
18  FITTING  LONG RADIUS 90 ELBOW          2.0           NAN    NAN   
19  FITTING    LR 90 DEGREE ELBOW            2             1    NAN   
20  FITTING    LR 90 DEGREE ELBOW           14           NAN    NAN   
21  FITTING  LONG RADIUS 90 ELBOW         12.0           NAN    NAN   
22  FITTING       45 DEGREE ELBOW            6           NAN    NAN   
23  FITTING    LR 90 DEGREE ELBOW           12           NAN    NAN   
24  FITTING    LR 90 DEGREE ELBOW           12           NAN    NAN   

      MATERIAL_NAME MATERIAL_SPECIFICATION MATERIAL_GRADE  ...  \
0      CARBON STEEL                   WPL6            NAN  ...   
1      CARBON STEEL                   WPL6            NAN  ...   
2      CARBON STEEL                   WPL6            NAN  ...   
3      CARBON STEEL                   WPL6            NAN  ...   
4      CARBON STEEL                   WPL6            NAN  ...   
5      CARBON STEEL                   WPL6            NAN  ...   
6      CARBON STEEL                   WPL6            NAN  ...   
7      CARBON STEEL                   WPL6            NAN  ...   
8      CARBON STEEL                   WPL6            NAN  ...   
9   STAINLESS STEEL                   A403            WPW  ...   
10     CARBON STEEL                    NAN           WPL6  ...   
11     CARBON STEEL                   WPL6            NAN  ...   
12     CARBON STEEL                   WPL6            NAN  ...   
13     CARBON STEEL                   WPL6            NAN  ...   
14     CARBON STEEL                    NAN            NAN  ...   
15     CARBON STEEL                   WPL6            NAN  ...   
16     CARBON STEEL                   WPL6            NAN  ...   
17     CARBON STEEL                   WPL6            NAN  ...   
18     CARBON STEEL                   WPL6            NAN  ...   
19     CARBON STEEL                   WPL6            NAN  ...   
20     CARBON STEEL                   WPL6            NAN  ...   
21  STAINLESS STEEL                   A403            WPW  ...   
22     CARBON STEEL                   A420           WPL6  ...   
23     CARBON STEEL                    NAN            NAN  ...   
24     CARBON STEEL                    NAN            NAN  ...   

   PRIMARY_SCHEDULE REDUCING_SCHEDULE MANUFACTURING_PROCESS END_FINISH  \
0               STD               NAN                   NAN         BW   
1               STD               NAN                   NAN         BW   
2               STD               NAN                   NAN         BW   
3               STD               NAN                   NAN       WELD   
4          STANDARD               NAN                  WELD        NAN   
5          STANDARD               NAN                WELDED        NAN   
6                XH               NAN                  WELD        NAN   
7               STD               NAN                   NAN        NAN   
8               STD               NAN                   NAN        NAN   
9                40               NAN                   NAN        NAN   
10               XS               NAN                WELDED        NAN   
11              STD               NAN                   NAN         BW   
12              STD               NAN                WELDED        NAN   
13              STD               NAN                   NAN         BW   
14              STD               NAN                WELDED        NAN   
15              STD               NAN                   NAN         BW   
16              STD               NAN                WELDED        NAN   
17              STD               NAN                   NAN         BW   
18         STANDARD               NAN                  WELD        NAN   
19              STD               NAN                   NAN        NAN   
20              STD               NAN                   NAN        NAN   
21              40S               NAN                   NAN        NAN   
22              STD               NAN                  WELD        NAN   
23              S20               NAN                   NAN       WELD   
24              STD               NAN                WELDED        NAN   

   END_CONNECTIONS TRIM MISCELLANEOUS CONFIDENCE     id     score  
0              NAN  NAN           NAN       0.90  24690  0.860977  
1              NAN  NAN           NAN       0.90  24689  0.860977  
2              NAN  NAN           NAN       0.85  22382  0.847495  
3              NAN  NAN           NAN       0.85  22383  0.847495  
4              NAN  NAN           NAN       0.80  42759  0.844254  
5              NAN  NAN           NAN       0.80  42760  0.844254  
6              NAN  NAN           NAN       0.95  24688  0.835956  
7               BW  NAN           NAN       0.90  24619  0.820724  
8               BW  NAN           NAN       0.90  24620  0.820724  
9              NAN  NAN           NAN       0.90  42758  0.816364  
10             NAN  NAN           NAN       0.85  22381  0.811024  
11             NAN  NAN           NAN       0.90  24765  0.810090  
12             NAN  NAN           NAN       0.90  24764  0.810090  
13             NAN  NAN           NAN       0.90  24725  0.806435  
14             NAN  NAN           NAN       0.80  24976  0.806035  
15             NAN  NAN           NAN       0.85  22350  0.805965  
16             NAN  NAN           NAN       0.90  24915  0.805440  
17             NAN  NAN           NAN       0.90  24916  0.805440  
18             NAN  NAN           NAN       0.90  42866  0.803328  
19             NAN  NAN           NAN       0.90  24777  0.803210  
20             NAN  NAN           NAN       0.85  24714  0.800654  
21             NAN  NAN          304L       0.90  42763  0.800584  
22             NAN  NAN           NAN       0.90  22510  0.799672  
23             NAN  NAN           NAN       0.85  24682  0.798589  
24             NAN  NAN           NAN       0.85  24686  0.798409  

[25 rows x 21 columns]",12,NOT BAD
52,"14"" PIPE, ASTM A53, GRADE B, CS BLK, ERW, SCH.STD",14 BLACK PLAIN END A53B STANDARD ELECTRIC RESISTANCE WELDED DRL PIPE,True,52,6,6.167984599999954,"       ID  \
0   26640   
1   26638   
2   26639   
3   26637   
4   26636   
5   26635   
6   42807   
7   26634   
8   28548   
9   26632   
10  26633   
11   2715   
12  26620   
13  43716   
14  26627   
15  26626   
16  26625   
17  26615   
18  26613   
19  26614   
20  27351   
21  26624   
22  26621   
23  26623   
24  26622   

                                                             DESCRIPTION  \
0                          14 BLACK PLAIN END A53B STANDARD ERW SRL PIPE   
1                          14 BLACK PLAIN END A53B STANDARD ERW SRL PIPE   
2                          14 BLACK PLAIN END A53B STANDARD ERW SRL PIPE   
3         14 BLACK PLAIN END A53B STANDARD ERW DOUBLE RANDOM LENGTH PIPE   
4         14 BLACK PLAIN END A53B STANDARD ERW DOUBLE RANDOM LENGTH PIPE   
5         14 BLACK PLAIN END A53B STANDARD ERW DOUBLE RANDOM LENGTH PIPE   
6   14 BLACK PLAIN END A53B STANDARD ELECTRIC RESISTANCE WELDED DRL PIPE   
7                       14 BLACK PLAIN END A53B EXTRA HEAVY ERW SRL PIPE   
8                     14 GALVANIZED PLAIN END A53B STANDARD ERW SRL PIPE   
9      14 BLACK PLAIN END A53B EXTRA HEAVY ERW DOUBLE RANDOM LENGTH PIPE   
10     14 BLACK PLAIN END A53B EXTRA HEAVY ERW DOUBLE RANDOM LENGTH PIPE   
11                             14 BLACK PLAIN END A53B 250 ERW 20FT PIPE   
12                           14 BLACK PLAIN END A106B STANDARD PIPE LRES   
13                   14 BLACK PLAIN END A106B STANDARD SEAMLESS SRL PIPE   
14                   14 BLACK PLAIN END A106B STANDARD SEAMLESS SRL PIPE   
15                   14 BLACK PLAIN END A106B STANDARD SEAMLESS SRL PIPE   
16                   14 BLACK PLAIN END A106B STANDARD SEAMLESS SRL PIPE   
17                14 BLACK PLAIN END A106B EXTRA HEAVY SEAMLESS SRL PIPE   
18                14 BLACK PLAIN END A106B EXTRA HEAVY SEAMLESS SRL PIPE   
19                14 BLACK PLAIN END A106B EXTRA HEAVY SEAMLESS SRL PIPE   
20                        14 BLACK PLAIN END A106B T80 SEAMLESS SRL PIPE   
21  14 BLACK PLAIN END A106B STANDARD SEAMLESS DOUBLE RANDOM LENGTH PIPE   
22  14 BLACK PLAIN END A106B STANDARD SEAMLESS DOUBLE RANDOM LENGTH PIPE   
23  14 BLACK PLAIN END A106B STANDARD SEAMLESS DOUBLE RANDOM LENGTH PIPE   
24  14 BLACK PLAIN END A106B STANDARD SEAMLESS DOUBLE RANDOM LENGTH PIPE   

   CATEGORY            TYPE PRIMARY_SIZE REDUCING_SIZE LENGTH MATERIAL_NAME  \
0      PIPE            PIPE           14           NAN    SRL  CARBON STEEL   
1      PIPE            PIPE           14           NAN    NAN  CARBON STEEL   
2      PIPE            PIPE           14           NAN    NAN  CARBON STEEL   
3      PIPE            PIPE           14           NAN    NAN  CARBON STEEL   
4      PIPE            PIPE           14           NAN    NAN  CARBON STEEL   
5      PIPE            PIPE           14           NAN    NAN  CARBON STEEL   
6      PIPE        ERW PIPE         14.0           NAN    NAN  CARBON STEEL   
7      PIPE            PIPE           14           NAN    NAN  CARBON STEEL   
8      PIPE  PLAIN END PIPE           14           NAN    NAN  CARBON STEEL   
9      PIPE            PIPE           14           NAN    NAN  CARBON STEEL   
10     PIPE            PIPE           14           NAN    NAN  CARBON STEEL   
11     PIPE            PIPE           14           NAN     20  CARBON STEEL   
12     PIPE            PIPE           14           NAN    NAN  CARBON STEEL   
13     PIPE   SEAMLESS PIPE         14.0           NAN    NAN  CARBON STEEL   
14     PIPE            PIPE           14           NAN    NAN  CARBON STEEL   
15     PIPE            PIPE           14           NAN    NAN  CARBON STEEL   
16     PIPE            PIPE           14           NAN    NAN  CARBON STEEL   
17     PIPE            PIPE           14           NAN    NAN  CARBON STEEL   
18     PIPE            PIPE           14           NAN    NAN  CARBON STEEL   
19     PIPE            PIPE           14           NAN    NAN  CARBON STEEL   
20     PIPE  PLAIN END PIPE           14           NAN    NAN  CARBON STEEL   
21     PIPE            PIPE           14           NAN    NAN  CARBON STEEL   
22     PIPE            PIPE           14           NAN    NAN  CARBON STEEL   
23     PIPE            PIPE           14           NAN    NAN  CARBON STEEL   
24     PIPE            PIPE           14           NAN    NAN  CARBON STEEL   

   MATERIAL_SPECIFICATION MATERIAL_GRADE  ... PRIMARY_SCHEDULE  \
0                     A53              B  ...              STD   
1                     A53              B  ...              STD   
2                     A53              B  ...              STD   
3                     A53              B  ...              STD   
4                     A53              B  ...              STD   
5                     A53              B  ...              STD   
6                     A53              B  ...         STANDARD   
7                     A53              B  ...               XH   
8                     A53              B  ...              STD   
9                     A53              B  ...               XH   
10                    A53              B  ...               XH   
11                    A53              B  ...              NAN   
12                   A106              B  ...              STD   
13                   A106              B  ...         STANDARD   
14                   A106              B  ...              STD   
15                   A106              B  ...              STD   
16                   A106              B  ...              STD   
17                   A106              B  ...               XH   
18                   A106              B  ...               XH   
19                   A106              B  ...               XH   
20                   A106              B  ...               80   
21                   A106              B  ...              STD   
22                   A106              B  ...              STD   
23                   A106              B  ...              STD   
24                   A106              B  ...              STD   

   REDUCING_SCHEDULE MANUFACTURING_PROCESS  END_FINISH END_CONNECTIONS TRIM  \
0                NAN                   ERW          PE             NAN  NAN   
1                NAN                   ERW          PE             NAN  NAN   
2                NAN                   ERW          PE             NAN  NAN   
3                NAN                   ERW   PLAIN END             NAN  NAN   
4                NAN                   ERW   PLAIN END             NAN  NAN   
5                NAN                   ERW   PLAIN END             NAN  NAN   
6                NAN                   ERW         NAN       PLAIN END  NAN   
7                NAN                   ERW          PE             NAN  NAN   
8                NAN                   ERW  GALVANIZED              PE  NAN   
9                NAN                   ERW   PLAIN END             NAN  NAN   
10               NAN                   ERW   PLAIN END             NAN  NAN   
11               NAN                   ERW          PE             NAN  NAN   
12               NAN                   NAN   PLAIN END              PE  NAN   
13               NAN              SEAMLESS   PLAIN END              PE  NAN   
14               NAN              SEAMLESS   PLAIN END             NAN  NAN   
15               NAN                  SMLS          PE             NAN  NAN   
16               NAN                  SMLS          PE             NAN  NAN   
17               NAN              SEAMLESS   PLAIN END             NAN  NAN   
18               NAN              SEAMLESS   PLAIN END             NAN  NAN   
19               NAN              SEAMLESS   PLAIN END             NAN  NAN   
20               NAN              SEAMLESS   PLAIN END             NAN  NAN   
21               NAN                  SMLS          PE             NAN  NAN   
22               NAN                  SMLS          PE             NAN  NAN   
23               NAN                  SMLS          PE             NAN  NAN   
24               NAN                  SMLS          PE              PE  NAN   

          MISCELLANEOUS CONFIDENCE     id     score  
0                 BLACK       0.95  26640  0.865928  
1   BLACK PLAIN END SRL       0.95  26638  0.865928  
2                   SRL       0.95  26639  0.865928  
3                 BLACK       0.95  26637  0.851631  
4                 BLACK       0.95  26636  0.851631  
5                 BLACK       0.95  26635  0.851631  
6                   DRL       0.90  42807  0.843581  
7                   SRL       0.95  26634  0.842570  
8                   SRL       0.95  28548  0.838341  
9                 BLACK       0.95  26632  0.833115  
10                  DRL       0.95  26633  0.833115  
11                BLACK       0.90   2715  0.825979  
12         LOW RESIDUAL       0.90  26620  0.804994  
13                BLACK       0.90  43716  0.798572  
14            SRL BLACK       0.95  26627  0.798572  
15                  SRL       0.95  26626  0.798572  
16                  SRL       0.95  26625  0.798572  
17                  SRL       0.95  26615  0.790269  
18                  SRL       0.95  26613  0.790269  
19                  SRL       0.95  26614  0.790269  
20            BLACK SRL       0.90  27351  0.769127  
21                BLACK       0.90  26624  0.769002  
22                BLACK       0.95  26621  0.769002  
23                BLACK       0.90  26623  0.769002  
24                BLACK       0.95  26622  0.769002  

[25 rows x 21 columns]",16,NOT BAD
53,"OUTLET, PIPE, WELDOLET, 8"" RUN, 4"", WELD NECK BRANCH, SCH STD, SA105",8 X 4 FORGED STEEL SCHEDULE STANDARD WELDOLET FOR 10-INCH PIPE,True,53,0,6.929080200000044,"       ID                                                     DESCRIPTION  \
0   43703  8 X 4 FORGED STEEL SCHEDULE STANDARD WELDOLET FOR 10-INCH PIPE   
1   41321                   10 - 8 X 4 STAINLESS STEEL 316 L STD WELDOLET   
2   41323            10 - 8 X 4 STAINLESS STEEL SCHEDULE 40 304L WELDOLET   
3   28462                     10 - 8 X 4 FORGED STEEL STD WEIGHT WELDOLET   
4   41322           10 - 8 X 4 STAINLESS STEEL SCHEDULE 10 316 L WELDOLET   
5   42293                          8 X 4 FORGED STEEL STD WEIGHT WELDOLET   
6   41461                4 X 1 STAINLESS STEEL SCHEDULE 80 316 L WELDOLET   
7   31214                                 8 X 4 STANDARD BUTTWELD ELBOLET   
8   41490         8 - 3 X 1-0.5 STAINLESS STEEL SCHEDULE 80 304L WELDOLET   
9   41493     8 - 3-0.5 X 1-0.5 STAINLESS STEEL SCHEDULE 40 304L WELDOLET   
10  43702  8 X 3 FORGED STEEL SCHEDULE STANDARD WELDOLET FOR 14-INCH PIPE   
11  41374                24 X 8 STAINLESS STEEL SCHEDULE 40 304L WELDOLET   
12  28309                                       8 X 8 X 4 CS STD WELD TEE   
13  28308                                       8 X 8 X 4 CS STD WELD TEE   
14  41492        8 - 3 X 1-0.5 STAINLESS STEEL SCHEDULE 80 316 L WELDOLET   
15  41494    8 - 3-0.5 X 1-0.5 STAINLESS STEEL SCHEDULE 40 316 L WELDOLET   
16  42297                          8 X 8 FORGED STEEL STD WEIGHT WELDOLET   
17  40950             8 X 8 X 4 STAINLESS STEEL SCHEDULE 10 304L WELD TEE   
18  28303                    8 X 8 X 4 CARBON STEEL WPL6 STANDARD WLD TEE   
19  41347            16 - 8 X 2 STAINLESS STEEL SCHEDULE 40 304L WELDOLET   
20  41343            14 - 8 X 3 STAINLESS STEEL SCHEDULE 40 304L WELDOLET   
21  28300                         8 X 8 X 4 CARBON STEEL STANDARD WLD TEE   
22  28301                         8 X 8 X 4 CARBON STEEL STANDARD WLD TEE   
23  41498                 8 X 6 STAINLESS STEEL SCHEDULE 10 304L WELDOLET   
24  25027            8 X 4 CARBON STEEL STANDARD WLD LONG RADIUS 90 ELBOW   

   CATEGORY         TYPE PRIMARY_SIZE REDUCING_SIZE LENGTH    MATERIAL_NAME  \
0   FITTING     WELDOLET          8.0           4.0    NAN     CARBON STEEL   
1   FITTING     WELDOLET            8             4    NAN  STAINLESS STEEL   
2   FITTING     WELDOLET            8             4    NAN  STAINLESS STEEL   
3   FITTING     WELDOLET            8             4    NAN     CARBON STEEL   
4   FITTING     WELDOLET            8             4    NAN  STAINLESS STEEL   
5   FITTING     WELDOLET            8             4    NAN            STEEL   
6   FITTING     WELDOLET            4             1    NAN  STAINLESS STEEL   
7   FITTING      ELBOLET            8             4    NAN              NAN   
8   FITTING     WELDOLET            3           1.5    NAN  STAINLESS STEEL   
9   FITTING     WELDOLET          3.5           1.5    NAN  STAINLESS STEEL   
10  FITTING     WELDOLET          8.0           3.0    NAN     CARBON STEEL   
11  FITTING     WELDOLET           24             8    NAN  STAINLESS STEEL   
12  FITTING          TEE            8             4    NAN     CARBON STEEL   
13  FITTING          TEE            8             4    NAN     CARBON STEEL   
14  FITTING     WELDOLET            3           1.5    NAN  STAINLESS STEEL   
15  FITTING     WELDOLET          3.5           1.5    NAN  STAINLESS STEEL   
16  FITTING     WELDOLET            8             8    NAN            STEEL   
17  FITTING          TEE            8             4    NAN  STAINLESS STEEL   
18  FITTING          TEE            8             4    NAN     CARBON STEEL   
19  FITTING     WELDOLET            8             2    NAN  STAINLESS STEEL   
20  FITTING     WELDOLET            8             3    NAN  STAINLESS STEEL   
21  FITTING          TEE            8             4    NAN     CARBON STEEL   
22  FITTING          TEE            8             4    NAN     CARBON STEEL   
23  FITTING     WELDOLET            8             6    NAN  STAINLESS STEEL   
24  FITTING  LR 90 ELBOW            8             4    NAN     CARBON STEEL   

   MATERIAL_SPECIFICATION MATERIAL_GRADE  ... PRIMARY_SCHEDULE  \
0                     NAN            NAN  ...         STANDARD   
1                     NAN           316L  ...              STD   
2                     NAN           304L  ...               40   
3                     NAN            NAN  ...              STD   
4                     NAN           316L  ...               10   
5                     NAN            NAN  ...              STD   
6                     NAN           316L  ...               80   
7                     NAN            NAN  ...              STD   
8                     NAN           304L  ...               80   
9                     NAN           304L  ...               40   
10                    NAN            NAN  ...         STANDARD   
11                    NAN           304L  ...               40   
12                    NAN            NAN  ...              STD   
13                    NAN            NAN  ...              STD   
14                    NAN           316L  ...               80   
15                    NAN           316L  ...               40   
16                    NAN            NAN  ...              STD   
17                    NAN           304L  ...               10   
18                   WPL6            NAN  ...              STD   
19                    NAN           304L  ...               40   
20                    NAN           304L  ...               40   
21                    NAN            NAN  ...              STD   
22                    NAN            NAN  ...              STD   
23                    NAN           304L  ...               10   
24                    NAN            NAN  ...              STD   

   REDUCING_SCHEDULE MANUFACTURING_PROCESS END_FINISH END_CONNECTIONS TRIM  \
0                NAN                FORGED        NAN             NAN  NAN   
1                NAN                   NAN        NAN             NAN  NAN   
2                NAN                   NAN        NAN             NAN  NAN   
3                NAN                FORGED        NAN             NAN  NAN   
4                NAN                   NAN        NAN             NAN  NAN   
5                NAN                FORGED        NAN             NAN  NAN   
6                NAN                   NAN        NAN             NAN  NAN   
7                NAN                   NAN         BW             NAN  NAN   
8                NAN                   NAN        NAN             NAN  NAN   
9                NAN                   NAN        NAN             NAN  NAN   
10               NAN                FORGED        NAN             NAN  NAN   
11               NAN                   NAN        NAN             NAN  NAN   
12               NAN                WELDED        NAN             NAN  NAN   
13               NAN                WELDED        NAN             NAN  NAN   
14               NAN                   NAN        NAN             NAN  NAN   
15               NAN                   NAN        NAN             NAN  NAN   
16               NAN                FORGED        NAN             NAN  NAN   
17               NAN                  WELD        NAN             NAN  NAN   
18               NAN                WELDED        NAN             NAN  NAN   
19               NAN                   NAN        NAN             NAN  NAN   
20               NAN                   NAN        NAN             NAN  NAN   
21               NAN                WELDED        NAN             NAN  NAN   
22               NAN                WELDED        NAN             NAN  NAN   
23               NAN                   NAN        NAN             NAN  NAN   
24               NAN                WELDED        NAN             NAN  NAN   

       MISCELLANEOUS CONFIDENCE     id     score  
0   FOR 10-INCH PIPE       0.80  43703  0.781870  
1   FOR 10-INCH PIPE       0.85  41321  0.757344  
2   FOR 10-INCH PIPE       0.85  41323  0.757079  
3   FOR 10-INCH PIPE       0.80  28462  0.747415  
4   FOR 10-INCH PIPE       0.90  41322  0.746166  
5                NAN       0.85  42293  0.745556  
6                NAN       0.90  41461  0.734022  
7                NAN       0.80  31214  0.722693  
8                NAN       0.90  41490  0.716076  
9                NAN       0.90  41493  0.710503  
10  FOR 14-INCH PIPE       0.80  43702  0.709731  
11               NAN       0.90  41374  0.708027  
12               NAN       0.85  28309  0.703343  
13               NAN       0.80  28308  0.703343  
14               NAN       0.90  41492  0.703236  
15               NAN       0.90  41494  0.701429  
16               NAN       0.80  42297  0.696734  
17               NAN       0.90  40950  0.696205  
18               NAN       0.85  28303  0.695471  
19  FOR 16-INCH PIPE       0.85  41347  0.694813  
20  FOR 14-INCH PIPE       0.85  41343  0.693876  
21               NAN       0.80  28300  0.692740  
22               NAN       0.85  28301  0.692740  
23               NAN       0.90  41498  0.691647  
24               NAN       0.85  25027  0.691612  

[25 rows x 21 columns]",13,NOT BAD
54,"FLANGE:RF WN,8IN,150LB,STD,A105B",8 CARBON STEEL 150 STANDARD RAISED FACE WELD NECK FLANGE A105N,True,54,1,4.289645800000017,"       ID                                                     DESCRIPTION  \
0   12366                8 STAINLESS STEEL 304L 150 STANDARD RF WN FLANGE   
1   43392  8 CARBON STEEL 150 STANDARD RAISED FACE WELD NECK FLANGE A105N   
2   43391  8 CARBON STEEL 150 STANDARD RAISED FACE WELD NECK FLANGE A105N   
3   43403  8 CARBON STEEL 150 STANDARD RAISED FACE WELD NECK FLANGE A105N   
4   11702               8 STAINLESS STEEL 316 L 150 STANDARD RF WN FLANGE   
5   12365                     8 STAINLESS STEEL 304L 150 S10 RF WN FLANGE   
6   12396          8 STAINLESS STEEL 304L 150 STANDARD RF WELDNECK FLANGE   
7   11706               8 STAINLESS STEEL 304L 150 STD RF WELDNECK FLANGE   
8   12339                    8 STAINLESS STEEL 316 L 150 S10 RF WN FLANGE   
9   11696                      8 STAINLESS STEEL 304L 150 XH RF WN FLANGE   
10  43414             8 CARBON STEEL 150 RAISED FACE SLIP-ON FLANGE A105N   
11  43348               8 CARBON STEEL 150 RAISED FACE BLIND FLANGE A105N   
12  43700          8 CARBON STEEL 150 STANDARD FLAT FACE WELD NECK FLANGE   
13   7612           8 CARBON STEEL 150 STANDARD FLAT FACE WELDNECK FLANGE   
14   8976           8 CARBON STEEL 150 STANDARD FLAT FACE WELDNECK FLANGE   
15  11704              8 STAINLESS STEEL 316 L 150 STD RF WELDNECK FLANGE   
16   9817                                        8 A20 150 RF BLND FLANGE   
17  11694       8 STAINLESS STEEL 304L 150 SCHEDULE 10 RF WELDNECK FLANGE   
18  12337       8 STAINLESS STEEL 304L 150 SCHEDULE 10 RF WELDNECK FLANGE   
19    997         8 CARBON STEEL 150 STANDARD RAISED FACE WELDNECK FLANGE   
20   9180         8 CARBON STEEL 150 STANDARD RAISED FACE WELDNECK FLANGE   
21    998         8 CARBON STEEL 150 STANDARD RAISED FACE WELDNECK FLANGE   
22    872         8 CARBON STEEL 150 STANDARD RAISED FACE WELDNECK FLANGE   
23   9104         8 CARBON STEEL 150 STANDARD RAISED FACE WELDNECK FLANGE   
24  43203        8 CARBON STEEL 150 STANDARD RAISED FACE WELD NECK FLANGE   

   CATEGORY                          TYPE PRIMARY_SIZE REDUCING_SIZE LENGTH  \
0    FLANGE                     WELD NECK            8           NAN    NAN   
1    FLANGE                     WELD NECK          8.0           NAN    NAN   
2    FLANGE                     WELD NECK          8.0           NAN    NAN   
3    FLANGE                     WELD NECK          8.0           NAN    NAN   
4    FLANGE  RAISED FACE WELD NECK FLANGE            8           NAN    NAN   
5    FLANGE                     WELD NECK            8           NAN    NAN   
6    FLANGE         RAISED FACE WELD NECK            8           NAN    NAN   
7    FLANGE         RAISED FACE WELD NECK            8           NAN    NAN   
8    FLANGE              WELD NECK FLANGE            8           NAN    NAN   
9    FLANGE  RAISED FACE WELD NECK FLANGE            8           NAN    NAN   
10   FLANGE                       SLIP ON          8.0           NAN    NAN   
11   FLANGE                         BLIND          8.0           NAN    NAN   
12   FLANGE                     WELD NECK          8.0           NAN    NAN   
13   FLANGE    FLAT FACE WELD NECK FLANGE            8           NAN    NAN   
14   FLANGE                     WELD NECK            8           NAN    NAN   
15   FLANGE  RAISED FACE WELD NECK FLANGE            8           NAN    NAN   
16   FLANGE                  BLIND FLANGE            8           NAN    NAN   
17   FLANGE  RAISED FACE WELD NECK FLANGE            8           NAN    NAN   
18   FLANGE              WELD NECK FLANGE            8           NAN    NAN   
19   FLANGE                     WELD NECK            8           NAN    NAN   
20   FLANGE                     WELD NECK            8           NAN    NAN   
21   FLANGE                     WELD NECK            8           NAN    NAN   
22   FLANGE  RAISED FACE WELD NECK FLANGE            8           NAN    NAN   
23   FLANGE              WELD NECK FLANGE            8           NAN    NAN   
24   FLANGE                     WELD NECK          8.0           NAN    NAN   

      MATERIAL_NAME MATERIAL_SPECIFICATION MATERIAL_GRADE  ...  \
0   STAINLESS STEEL                   304L            NAN  ...   
1      CARBON STEEL                   A105              N  ...   
2      CARBON STEEL                   A105              N  ...   
3      CARBON STEEL                   A105              N  ...   
4   STAINLESS STEEL                    NAN           316L  ...   
5   STAINLESS STEEL                   304L            NAN  ...   
6   STAINLESS STEEL                   304L            NAN  ...   
7   STAINLESS STEEL                   304L            NAN  ...   
8   STAINLESS STEEL                    NAN           316L  ...   
9   STAINLESS STEEL                   304L            NAN  ...   
10     CARBON STEEL                   A105              N  ...   
11     CARBON STEEL                   A105              N  ...   
12     CARBON STEEL                    NAN            NAN  ...   
13     CARBON STEEL                    NAN            NAN  ...   
14     CARBON STEEL                    NAN            NAN  ...   
15  STAINLESS STEEL                   316L            NAN  ...   
16              NAN                    A20            NAN  ...   
17  STAINLESS STEEL                   304L            NAN  ...   
18  STAINLESS STEEL                   304L            NAN  ...   
19     CARBON STEEL                    NAN            NAN  ...   
20     CARBON STEEL                    NAN            NAN  ...   
21     CARBON STEEL                    NAN            NAN  ...   
22     CARBON STEEL                    NAN            NAN  ...   
23     CARBON STEEL                  A105N            NAN  ...   
24     CARBON STEEL                    NAN            NAN  ...   

   PRIMARY_SCHEDULE REDUCING_SCHEDULE MANUFACTURING_PROCESS   END_FINISH  \
0               STD               NAN                   NAN          NAN   
1          STANDARD               NAN                   NAN  RAISED FACE   
2               NAN               NAN                   NAN  RAISED FACE   
3          STANDARD               NAN                   NAN  RAISED FACE   
4               STD               NAN                   NAN          NAN   
5                10               NAN                   NAN  RAISED FACE   
6               STD               NAN                   NAN          NAN   
7               STD               NAN                   NAN          NAN   
8                10               NAN                   NAN  RAISED FACE   
9                XH               NAN                   NAN          NAN   
10              NAN               NAN                   NAN  RAISED FACE   
11              NAN               NAN                   NAN  RAISED FACE   
12         STANDARD               NAN                   NAN    FLAT FACE   
13              STD               NAN                   NAN          NAN   
14              STD               NAN                   NAN    FLAT FACE   
15              STD               NAN                   NAN          NAN   
16              NAN               NAN                   NAN  RAISED FACE   
17               10               NAN                   NAN          NAN   
18               10               NAN                   NAN  RAISED FACE   
19              STD               NAN                   NAN          NAN   
20              STD               NAN                   NAN          NAN   
21              STD               NAN                   NAN          NAN   
22              STD               NAN                   NAN          NAN   
23              STD               NAN                   NAN          NAN   
24         STANDARD               NAN                   NAN  RAISED FACE   

   END_CONNECTIONS TRIM MISCELLANEOUS CONFIDENCE     id     score  
0              NAN  NAN   RAISED FACE       0.95  12366  0.853831  
1              NAN  NAN           NAN       0.90  43392  0.847873  
2              NAN  NAN      STANDARD       1.00  43391  0.847873  
3              NAN  NAN           NAN       1.00  43403  0.847873  
4              NAN  NAN           NAN       0.95  11702  0.835322  
5              NAN  NAN           NAN       0.95  12365  0.834918  
6              NAN  NAN           NAN       0.95  12396  0.822556  
7              NAN  NAN           NAN       0.95  11706  0.820327  
8              NAN  NAN           NAN       0.95  12339  0.815316  
9              NAN  NAN           NAN       0.95  11696  0.811898  
10             NAN  NAN           NAN       1.00  43414  0.808685  
11             NAN  NAN           NAN       0.90  43348  0.803952  
12             NAN  NAN           NAN       0.90  43700  0.802348  
13             NAN  NAN           NAN       0.85   7612  0.802038  
14             NAN  NAN           NAN       0.90   8976  0.802038  
15             NAN  NAN           NAN       0.95  11704  0.799222  
16             NAN  NAN           NAN       0.90   9817  0.797499  
17             NAN  NAN           NAN       0.95  11694  0.795455  
18             NAN  NAN           NAN       0.95  12337  0.795455  
19             NAN  NAN   RAISED FACE       0.90    997  0.793086  
20             NAN  NAN   RAISED FACE       0.90   9180  0.793086  
21             NAN  NAN   RAISED FACE       0.90    998  0.793086  
22             NAN  NAN           NAN       0.90    872  0.793086  
23             NAN  NAN   RAISED FACE       0.95   9104  0.793086  
24             NAN  NAN           NAN       0.90  43203  0.791754  

[25 rows x 21 columns]",14,NOT BAD
55,"2 90 DEGREE LONG RADIUS ELBOW , ASME B16.9 , BEVELED END , ASTM A234 GRADE WPB , TYPE S S-80",2 CARBON STEEL SCHEDULE XH WELD LONG RADIUS 90 ELBOW,True,55,189,6.370957500000031,"       ID  \
0   24775   
1   36914   
2   36918   
3   36919   
4   24937   
5   24987   
6   24759   
7   24779   
8   42866   
9   24944   
10  24945   
11  24764   
12  24765   
13  24758   
14  42761   
15  39984   
16  39983   
17  24763   
18  24762   
19  24943   
20  37130   
21  36902   
22  36903   
23  36901   
24  24682   

                                                             DESCRIPTION  \
0   2 STANDARD WPB GALVANIZED CARBON STEEL BUTTWELD LONG RADIUS 90 ELBOW   
1                 2 STAINLESS STEEL SCHEDULE 80 304L LR 90 ELBOW A403WPW   
2                2 STAINLESS STEEL SCHEDULE 80 316 L LR 90 ELBOW A403WPW   
3                2 STAINLESS STEEL SCHEDULE 80 316 L LR 90 ELBOW A403WPW   
4                          8 CARBON STEEL S120 LONG RADIUS 90 WELD ELBOW   
5                       2 CARBON STEEL STANDARD WLD LONG RADIUS 90 ELBOW   
6                       2 CARBON STEEL STANDARD WLD LONG RADIUS 90 ELBOW   
7                   20 CARBON STEEL SCHEDULE 80 WLD LONG RADIUS 90 ELBOW   
8                 2 CARBON STEEL WPL6 STANDARD WELD LONG RADIUS 90 ELBOW   
9                  8 CARBON STEEL WPL6 STANDARD WLD LONG RADIUS 90 ELBOW   
10                 8 CARBON STEEL WPL6 STANDARD WLD LONG RADIUS 90 ELBOW   
11                 2 CARBON STEEL WPL6 STANDARD WLD LONG RADIUS 90 ELBOW   
12                 2 CARBON STEEL WPL6 STANDARD WLD LONG RADIUS 90 ELBOW   
13                     2 CARBON STEEL STANDARD WELD LONG RADIUS 90 ELBOW   
14                       12 CRMLY T80 WP11 SEAMLESS LONG RADIUS 90 ELBOW   
15                2 STAINLESS STEEL SCHEDULE 40 304L SR 90 ELBOW A403WPW   
16                2 STAINLESS STEEL SCHEDULE 40 304L SR 90 ELBOW A403WPW   
17             2 CARBON STEEL WPL6 SCHEDULE 160 WLD LONG RADIUS 90 ELBOW   
18             2 CARBON STEEL WPL6 SCHEDULE 160 WLD LONG RADIUS 90 ELBOW   
19             8 CARBON STEEL WPL6 SCHEDULE 160 WLD LONG RADIUS 90 ELBOW   
20                2 STAINLESS STEEL SCHEDULE 40 304L LR 90 ELBOW A403WPW   
21                2 STAINLESS STEEL SCHEDULE 40 304L LR 90 ELBOW A403WPW   
22                2 STAINLESS STEEL SCHEDULE 40 304L LR 90 ELBOW A403WPW   
23                2 STAINLESS STEEL SCHEDULE 40 304L LR 90 ELBOW A403WPW   
24                          12 CARBON STEEL S20 WLD LONG RADIUS 90 ELBOW   

   CATEGORY                         TYPE PRIMARY_SIZE REDUCING_SIZE LENGTH  \
0   FITTING           LR 90 DEGREE ELBOW            2           NAN    NAN   
1   FITTING           LR 90 DEGREE ELBOW            2           NAN    NAN   
2   FITTING           LR 90 DEGREE ELBOW            2           NAN    NAN   
3   FITTING           LR 90 DEGREE ELBOW            2           NAN    NAN   
4   FITTING           LR 90 DEGREE ELBOW            8           NAN    NAN   
5   FITTING                  LR 90 ELBOW            2           NAN    NAN   
6   FITTING           LR 90 DEGREE ELBOW            2           NAN    NAN   
7   FITTING           LR 90 DEGREE ELBOW           20           NAN    NAN   
8   FITTING         LONG RADIUS 90 ELBOW          2.0           NAN    NAN   
9   FITTING           LR 90 DEGREE ELBOW            8           NAN    NAN   
10  FITTING           LR 90 DEGREE ELBOW            8           NAN    NAN   
11  FITTING           LR 90 DEGREE ELBOW            2           NAN    NAN   
12  FITTING           LR 90 DEGREE ELBOW            2           NAN    NAN   
13  FITTING           LR 90 DEGREE ELBOW            2           NAN    NAN   
14  FITTING  90 DEGREE LONG RADIUS ELBOW         12.0           NAN    NAN   
15  FITTING           SR 90 DEGREE ELBOW            2           NAN    NAN   
16  FITTING           SR 90 DEGREE ELBOW            2           NAN    NAN   
17  FITTING           LR 90 DEGREE ELBOW            2           NAN    NAN   
18  FITTING           LR 90 DEGREE ELBOW            2           NAN    NAN   
19  FITTING           LR 90 DEGREE ELBOW            8           NAN    NAN   
20  FITTING                  LR 90 ELBOW            2           NAN    NAN   
21  FITTING           LR 90 DEGREE ELBOW            2           NAN    NAN   
22  FITTING           LR 90 DEGREE ELBOW            2           NAN    NAN   
23  FITTING           LR 90 DEGREE ELBOW            2           NAN    NAN   
24  FITTING           LR 90 DEGREE ELBOW           12           NAN    NAN   

      MATERIAL_NAME MATERIAL_SPECIFICATION MATERIAL_GRADE  ...  \
0      CARBON STEEL                    WPB            NAN  ...   
1   STAINLESS STEEL                   A403         WP304L  ...   
2   STAINLESS STEEL                   A403            WPW  ...   
3   STAINLESS STEEL                   A403            WPW  ...   
4      CARBON STEEL                    NAN            NAN  ...   
5      CARBON STEEL                    NAN            NAN  ...   
6      CARBON STEEL                    NAN            NAN  ...   
7      CARBON STEEL                    NAN            NAN  ...   
8      CARBON STEEL                   WPL6            NAN  ...   
9      CARBON STEEL                   WPL6            NAN  ...   
10     CARBON STEEL                   WPL6            NAN  ...   
11     CARBON STEEL                   WPL6            NAN  ...   
12     CARBON STEEL                   WPL6            NAN  ...   
13     CARBON STEEL                    NAN            NAN  ...   
14      CHROME MOLY                   WP11            T80  ...   
15  STAINLESS STEEL                   A403            WPW  ...   
16  STAINLESS STEEL                   A403            WPW  ...   
17     CARBON STEEL                   WPL6            NAN  ...   
18     CARBON STEEL                   WPL6            NAN  ...   
19     CARBON STEEL                   WPL6            NAN  ...   
20  STAINLESS STEEL                   A403            WPW  ...   
21  STAINLESS STEEL                   A403            WPW  ...   
22  STAINLESS STEEL                   A403            WPW  ...   
23  STAINLESS STEEL                   A403            WPW  ...   
24     CARBON STEEL                    NAN            NAN  ...   

   PRIMARY_SCHEDULE REDUCING_SCHEDULE MANUFACTURING_PROCESS  END_FINISH  \
0               STD               NAN                   NAN  GALVANIZED   
1                80               NAN                   NAN         NAN   
2                80               NAN                   NAN         NAN   
3                80               NAN                   NAN         NAN   
4               120               NAN                   NAN         NAN   
5               STD               NAN                WELDED         NAN   
6               STD               NAN                WELDED         NAN   
7                80               NAN                WELDED         NAN   
8          STANDARD               NAN                  WELD         NAN   
9               STD               NAN                   NAN          BW   
10              STD               NAN                   NAN          BW   
11              STD               NAN                WELDED         NAN   
12              STD               NAN                   NAN          BW   
13              STD               NAN                WELDED         NAN   
14              NAN               NAN              SEAMLESS         NAN   
15               40               NAN                   NAN         NAN   
16               40               NAN                   NAN         NAN   
17              160               NAN                   NAN        WELD   
18              160               NAN                   NAN        WELD   
19              160               NAN                   NAN        WELD   
20               40               NAN                   NAN         NAN   
21               40               NAN                   NAN         NAN   
22               40               NAN                   NAN         NAN   
23               40               NAN                   NAN         NAN   
24              S20               NAN                   NAN        WELD   

   END_CONNECTIONS TRIM MISCELLANEOUS CONFIDENCE     id     score  
0               BW  NAN           NAN       0.90  24775  0.809984  
1              NAN  NAN           NAN       0.95  36914  0.803887  
2              NAN  NAN           NAN       0.95  36918  0.787261  
3              NAN  NAN           NAN       0.95  36919  0.787261  
4              NAN  NAN           NAN       0.80  24937  0.786043  
5              NAN  NAN           NAN       0.85  24987  0.783190  
6              NAN  NAN           NAN       0.85  24759  0.783190  
7              NAN  NAN           NAN       0.80  24779  0.780444  
8              NAN  NAN           NAN       0.90  42866  0.777278  
9              NAN  NAN           NAN       0.90  24944  0.776336  
10             NAN  NAN   LONG RADIUS       0.90  24945  0.776336  
11             NAN  NAN           NAN       0.90  24764  0.776291  
12             NAN  NAN           NAN       0.90  24765  0.776291  
13             NAN  NAN           NAN       0.80  24758  0.774790  
14             NAN  NAN           NAN       0.90  42761  0.774344  
15             NAN  NAN           NAN       0.95  39984  0.773038  
16             NAN  NAN           NAN       0.95  39983  0.773038  
17             NAN  NAN           NAN       0.95  24763  0.770350  
18             NAN  NAN           NAN       0.90  24762  0.770350  
19             NAN  NAN           NAN       0.90  24943  0.768950  
20             NAN  NAN           NAN       0.95  37130  0.768776  
21             NAN  NAN           NAN       0.95  36902  0.768776  
22             NAN  NAN           NAN       0.95  36903  0.768776  
23             NAN  NAN           NAN       0.95  36901  0.768776  
24             NAN  NAN           NAN       0.85  24682  0.768687  

[25 rows x 21 columns]",12,NOT BAD
56,"24"" ELBOW 90D, LR, BW, ASME 16.9, WROUGHT STEEL, ASTM/ASME A/SA-234-WPB, SCH.STD",24 CARBON STEEL STANDARD WELD LONG RADIUS 90 ELBOW,True,56,5,6.069757299999992,"       ID                                                DESCRIPTION CATEGORY  \
0   36947    24 STAINLESS STEEL SCHEDULE 80 304L LR 90 ELBOW A403WPW  FITTING   
1   27525                   24 CARBON STEEL STANDARD WLD SR 90 ELBOW  FITTING   
2   24801          24 CARBON STEEL STANDARD WLD LONG RADIUS 90 ELBOW  FITTING   
3   24802          24 CARBON STEEL STANDARD WLD LONG RADIUS 90 ELBOW  FITTING   
4   31961                           24 STANDARD WLD LR 90 ELBOW LRES  FITTING   
5   42949         24 CARBON STEEL STANDARD WELD LONG RADIUS 90 ELBOW  FITTING   
6   24800         24 CARBON STEEL STANDARD WELD LONG RADIUS 90 ELBOW  FITTING   
7   43671         24 CARBON STEEL STANDARD WELD LONG RADIUS 90 ELBOW  FITTING   
8   36944    24 STAINLESS STEEL SCHEDULE 10 304L LR 90 ELBOW A403WPW  FITTING   
9   27524                  24 CARBON STEEL STANDARD WELD SR 90 ELBOW  FITTING   
10  36946  24 STAINLESS STEEL SCHEDULE 10S .250 304L LR 90 ELBOW WPW  FITTING   
11  24812                       24 CS T40 A420 WPL6 WELD LR 90 ELBOW  FITTING   
12  27526              24 CARBON STEEL WPL6 STANDARD WLD SR 90 ELBOW  FITTING   
13  36945   24 STAINLESS STEEL SCHEDULE 10 316 L LR 90 ELBOW A403WPW  FITTING   
14  42939    24 CARBON STEEL WPL6 STANDARD WELD LONG RADIUS 90 ELBOW  FITTING   
15  42938    24 CARBON STEEL WPL6 STANDARD WELD LONG RADIUS 90 ELBOW  FITTING   
16  24805     24 CARBON STEEL WPL6 STANDARD WLD LONG RADIUS 90 ELBOW  FITTING   
17  22444                      24 CARBON STEEL STANDARD WLD 45 ELBOW  FITTING   
18  24811                         24 CS EXTRA HEAVY WELD LR 90 ELBOW  FITTING   
19  36654    24 STAINLESS STEEL SCHEDULE 40 304L LR 45 ELBOW A403WPW  FITTING   
20  39992    24 STAINLESS STEEL SCHEDULE 10 304L SR 90 ELBOW A403WPW  FITTING   
21  24813                                 24 CS T40 WELD LR 90 ELBOW  FITTING   
22  36948                    24 STAINLESS STEEL STD 304L LR 90 ELBOW  FITTING   
23  24798       24 CARBON STEEL EXTRA HEAVY WLD LONG RADIUS 90 ELBOW  FITTING   
24  24799       24 CARBON STEEL EXTRA HEAVY WLD LONG RADIUS 90 ELBOW  FITTING   

                    TYPE PRIMARY_SIZE REDUCING_SIZE LENGTH    MATERIAL_NAME  \
0     LR 90 DEGREE ELBOW           24           NAN    NAN  STAINLESS STEEL   
1     SR 90 DEGREE ELBOW           24           NAN    NAN     CARBON STEEL   
2     LR 90 DEGREE ELBOW           24           NAN    NAN     CARBON STEEL   
3     LR 90 DEGREE ELBOW           24           NAN    NAN     CARBON STEEL   
4     LR 90 DEGREE ELBOW           24           NAN    NAN              NAN   
5   LONG RADIUS 90 ELBOW         24.0           NAN    NAN     CARBON STEEL   
6     LR 90 DEGREE ELBOW           24           NAN    NAN     CARBON STEEL   
7   LONG RADIUS 90 ELBOW         24.0           NAN    NAN     CARBON STEEL   
8     LR 90 DEGREE ELBOW           24           NAN    NAN  STAINLESS STEEL   
9     SR 90 DEGREE ELBOW           24           NAN    NAN     CARBON STEEL   
10    LR 90 DEGREE ELBOW           24           NAN    NAN  STAINLESS STEEL   
11    LR 90 DEGREE ELBOW           24           NAN    NAN     CARBON STEEL   
12    SR 90 DEGREE ELBOW           24           NAN    NAN     CARBON STEEL   
13    LR 90 DEGREE ELBOW           24           NAN    NAN  STAINLESS STEEL   
14  LONG RADIUS 90 ELBOW         24.0           NAN    NAN     CARBON STEEL   
15  LONG RADIUS 90 ELBOW         24.0           NAN    NAN     CARBON STEEL   
16    LR 90 DEGREE ELBOW           24           NAN    NAN     CARBON STEEL   
17       45 DEGREE ELBOW           24           NAN    NAN     CARBON STEEL   
18    LR 90 DEGREE ELBOW           24           NAN    NAN     CARBON STEEL   
19    LR 45 DEGREE ELBOW           24           NAN    NAN  STAINLESS STEEL   
20    SR 90 DEGREE ELBOW           24           NAN    NAN  STAINLESS STEEL   
21    LR 90 DEGREE ELBOW           24           NAN    NAN     CARBON STEEL   
22    LR 90 DEGREE ELBOW           24           NAN    NAN  STAINLESS STEEL   
23    LR 90 DEGREE ELBOW           24           NAN    NAN     CARBON STEEL   
24    LR 90 DEGREE ELBOW           24           NAN    NAN     CARBON STEEL   

   MATERIAL_SPECIFICATION MATERIAL_GRADE  ... PRIMARY_SCHEDULE  \
0                    A403            WPW  ...               80   
1                     NAN            NAN  ...              STD   
2                     NAN            NAN  ...              STD   
3                     NAN            NAN  ...              STD   
4                     NAN            NAN  ...              STD   
5                     NAN            NAN  ...         STANDARD   
6                     NAN            NAN  ...              STD   
7                     NAN            NAN  ...         STANDARD   
8                    A403            WPW  ...               10   
9                     NAN            NAN  ...              STD   
10                   304L            WPW  ...              10S   
11                   A420           WPL6  ...              T40   
12                   WPL6            NAN  ...              STD   
13                   A403            WPW  ...               10   
14                   WPL6            NAN  ...         STANDARD   
15                   WPL6            NAN  ...         STANDARD   
16                   WPL6            NAN  ...              STD   
17                    NAN            NAN  ...              STD   
18                    NAN            NAN  ...               XH   
19                   A403            WPW  ...               40   
20                   A403            WPW  ...               10   
21                    NAN            NAN  ...               40   
22                   304L            NAN  ...              STD   
23                    NAN            NAN  ...               XH   
24                    NAN            NAN  ...               XH   

   REDUCING_SCHEDULE MANUFACTURING_PROCESS END_FINISH END_CONNECTIONS TRIM  \
0                NAN                   NAN        NAN             NAN  NAN   
1                NAN                  WELD        NAN             NAN  NAN   
2                NAN                WELDED        NAN             NAN  NAN   
3                NAN                  WELD        NAN             NAN  NAN   
4                NAN                  WELD        NAN             NAN  NAN   
5                NAN                  WELD        NAN             NAN  NAN   
6                NAN                WELDED        NAN             NAN  NAN   
7                NAN                   NAN        NAN       BUTT WELD  NAN   
8                NAN                   NAN        NAN             NAN  NAN   
9                NAN                WELDED        NAN             NAN  NAN   
10               NAN                   NAN        NAN             NAN  NAN   
11               NAN                   NAN       WELD             NAN  NAN   
12               NAN                WELDED        NAN             NAN  NAN   
13               NAN                   NAN        NAN             NAN  NAN   
14               NAN                   NAN        NAN       BUTT WELD  NAN   
15               NAN                WELDED        NAN       BUTT WELD  NAN   
16               NAN                  WELD        NAN             NAN  NAN   
17               NAN                WELDED        NAN             NAN  NAN   
18               NAN                  WELD        NAN             NAN  NAN   
19               NAN                   NAN        NAN             NAN  NAN   
20               NAN                   NAN        NAN             NAN  NAN   
21               NAN                  WELD        NAN             NAN  NAN   
22               NAN                   NAN        NAN             NAN  NAN   
23               NAN                   NAN        NAN             NAN  NAN   
24               NAN                  WELD        NAN             NAN  NAN   

   MISCELLANEOUS CONFIDENCE     id     score  
0            NAN       0.95  36947  0.851728  
1            NAN       0.80  27525  0.846296  
2            NAN       0.85  24801  0.840013  
3            NAN       0.80  24802  0.840013  
4   LOW RESIDUAL       0.80  31961  0.839919  
5            NAN       0.80  42949  0.833269  
6            NAN       0.80  24800  0.833269  
7            NAN       0.80  43671  0.833269  
8            NAN       0.95  36944  0.831024  
9            NAN       0.80  27524  0.829809  
10           NAN       0.90  36946  0.828544  
11           NAN       0.95  24812  0.824937  
12           NAN       0.85  27526  0.824327  
13           NAN       0.95  36945  0.824175  
14           NAN       0.90  42939  0.823497  
15           NAN       0.90  42938  0.823497  
16           NAN       0.90  24805  0.822810  
17           NAN       0.80  22444  0.820530  
18           NAN       0.80  24811  0.819476  
19           NAN       0.90  36654  0.818142  
20           NAN       0.95  39992  0.817548  
21           NAN       0.85  24813  0.816673  
22           NAN       0.85  36948  0.815213  
23           NAN       0.80  24798  0.814338  
24           NAN       0.85  24799  0.814338  

[25 rows x 21 columns]",15,NOT BAD
57,"VALVE, GATE, 1"", SOCKET WELD X THREADED, 800 LB, 316 SS, NACE","1"" 800 GATE VALVE FORGED STEEL REDUCED PORT BOLTED BONNET SOCKETWELD X THREADED TRIM12",True,57,30,4.3359833999998045,"       ID  \
0   20914   
1   43875   
2   20855   
3   20854   
4   43870   
5   20913   
6   20890   
7   21058   
8   20944   
9    4711   
10  20852   
11  19534   
12  43854   
13  20853   
14  20889   
15  20943   
16  20857   
17  20881   
18  20927   
19  20856   
20  20926   
21  20858   
22  20888   
23  20892   
24  20987   

                                                                                                    DESCRIPTION  \
0                            1-0.5 316 SS 800 REDUCED PORT BOLTED BONNET SOCKETXTHREADED TRIM12 GATE VALVE NACE   
1          0.5"" 800 GATE VALVE 316 STAINLESS STEEL REDUCED PORT BOLTED BONNET SOCKETWELD X THREADED TRIM12 NACE   
2                                1 316 SS 800 REDUCED PORT BOLTED BONNET SOCKETXTHREADED TRIM16 GATE VALVE NACE   
3                                1 316 SS 800 REDUCED PORT BOLTED BONNET SOCKETXTHREADED TRIM12 GATE VALVE NACE   
4                                                             1"" 800 GATE VALVE STAINLESS STEEL SOCKETWELD OS&Y   
5                                1-0.5 316 SS 800 REDUCED PORT BOLTED BONNET SOCKET WELD TRIM16 GATE VALVE NACE   
6                              0.5 316 SS 800 REDUCED PORT BOLTED BONNET SOCKETXTHREADED TRIM16 GATE VALVE NACE   
7                                                          1 FORGED STEEL 800 SOCKET WELD X FPT NACE GATE VALVE   
8                             0.75 316 SS 800 REDUCED PORT BOLTED BONNET SOCKETXTHREADED TRIM16 GATE VALVE NACE   
9                                1-0.5 316 SS 800 REDUCED PORT BOLTED BONNET SOCKET WELD TRIM12 GATE VALVE NACE   
10                                   1 316 SS 800 REDUCED PORT BOLTED BONNET SOCKET WELD TRIM12 GATE VALVE NACE   
11                                                      1 STAINLESS STEEL 600 THREADED X SOCKET WELD GATE VALVE   
12                          1"" 800 GATE VALVE FORGED STEEL FULL PORT BOLTED BONNET SOCKETWELD X THREADED TRIM 8   
13                                   1 316 SS 800 REDUCED PORT BOLTED BONNET SOCKET WELD TRIM16 GATE VALVE NACE   
14                             0.5 316 SS 800 REDUCED PORT BOLTED BONNET SOCKETXTHREADED TRIM12 GATE VALVE NACE   
15                            0.75 316 SS 800 REDUCED PORT BOLTED BONNET SOCKETXTHREADED TRIM12 GATE VALVE NACE   
16                                      1 316 SS 800 REDUCED PORT BOLTED BONNET THREADED TRIM16 GATE VALVE NACE   
17                                         1 STAINLESS STEEL 316 800 SOCKET WELD OUTSIDE STEM & YOKE GATE VALVE   
18                                   2 316 SS 800 REDUCED PORT BOLTED BONNET SOCKET WELD TRIM16 GATE VALVE NACE   
19                                      1 316 SS 800 REDUCED PORT BOLTED BONNET THREADED TRIM12 GATE VALVE NACE   
20                                   2 316 SS 800 REDUCED PORT BOLTED BONNET SOCKET WELD TRIM12 GATE VALVE NACE   
21  1 316 STAINLESS STEEL 800 REDUCED PORT BOLTED BONNET MALE THREADED X FEMALE THREADED TRIM12 GATE VALVE NACE   
22                                 0.5 316 SS 800 REDUCED PORT BOLTED BONNET SOCKET WELD TRIM16 GATE VALVE NACE   
23                                    0.5 316 SS 800 REDUCED PORT BOLTED BONNET THREADED TRIM16 GATE VALVE NACE   
24                                      2 316 SS 800 REDUCED PORT BOLTED BONNET THREADED TRIM12 GATE VALVE NACE   

   CATEGORY        TYPE PRIMARY_SIZE REDUCING_SIZE LENGTH    MATERIAL_NAME  \
0     VALVE        GATE          1.5           NAN    NAN  STAINLESS STEEL   
1     VALVE  GATE VALVE          0.5           NAN    NAN  STAINLESS STEEL   
2     VALVE        GATE            1           NAN    NAN  STAINLESS STEEL   
3     VALVE        GATE            1           NAN    NAN  STAINLESS STEEL   
4     VALVE  GATE VALVE          1.0           NAN    NAN  STAINLESS STEEL   
5     VALVE        GATE          1.5           NAN    NAN  STAINLESS STEEL   
6     VALVE        GATE          0.5           NAN    NAN  STAINLESS STEEL   
7     VALVE        GATE            1           NAN    NAN            STEEL   
8     VALVE        GATE         0.75           NAN    NAN  STAINLESS STEEL   
9     VALVE        GATE          1.5           NAN    NAN  STAINLESS STEEL   
10    VALVE        GATE            1           NAN    NAN  STAINLESS STEEL   
11    VALVE        GATE            1           NAN    NAN  STAINLESS STEEL   
12    VALVE  GATE VALVE          1.0           NAN    NAN     CARBON STEEL   
13    VALVE        GATE            1           NAN    NAN  STAINLESS STEEL   
14    VALVE        GATE          0.5           NAN    NAN  STAINLESS STEEL   
15    VALVE        GATE         0.75           NAN    NAN  STAINLESS STEEL   
16    VALVE        GATE            1           NAN    NAN  STAINLESS STEEL   
17    VALVE        GATE            1           NAN    NAN  STAINLESS STEEL   
18    VALVE        GATE            2           NAN    NAN  STAINLESS STEEL   
19    VALVE        GATE            1           NAN    NAN  STAINLESS STEEL   
20    VALVE        GATE            2           NAN    NAN  STAINLESS STEEL   
21    VALVE        GATE            1           NAN    NAN  STAINLESS STEEL   
22    VALVE        GATE          0.5           NAN    NAN  STAINLESS STEEL   
23    VALVE        GATE          0.5           NAN    NAN  STAINLESS STEEL   
24    VALVE  GATE VALVE            2           NAN    NAN  STAINLESS STEEL   

   MATERIAL_SPECIFICATION MATERIAL_GRADE  ... PRIMARY_SCHEDULE  \
0                     NAN            316  ...              NAN   
1                     NAN            316  ...              NAN   
2                     NAN            316  ...              NAN   
3                     316            NAN  ...              NAN   
4                     NAN            NAN  ...              NAN   
5                     NAN            316  ...              NAN   
6                     NAN            316  ...              NAN   
7                     NAN            NAN  ...              NAN   
8                     NAN            316  ...              NAN   
9                     NAN            316  ...              NAN   
10                    NAN            316  ...              NAN   
11                    NAN            NAN  ...              NAN   
12                    NAN            NAN  ...              NAN   
13                    NAN            316  ...              NAN   
14                    NAN            316  ...              NAN   
15                    NAN            316  ...              NAN   
16                    NAN            316  ...              NAN   
17                    NAN            316  ...              NAN   
18                    NAN            316  ...              NAN   
19                    NAN            316  ...              NAN   
20                    NAN            316  ...              NAN   
21                    NAN            316  ...              NAN   
22                    NAN            316  ...              NAN   
23                    NAN            316  ...              NAN   
24                    NAN            316  ...              NAN   

   REDUCING_SCHEDULE MANUFACTURING_PROCESS    END_FINISH  \
0                NAN                   NAN           NAN   
1                NAN                   NAN           NAN   
2                NAN                   NAN  REDUCED PORT   
3                NAN                   NAN  REDUCED PORT   
4                NAN                   NAN           NAN   
5                NAN                   NAN           NAN   
6                NAN                   NAN  REDUCED PORT   
7                NAN                FORGED          NACE   
8                NAN                   NAN  REDUCED PORT   
9                NAN                   NAN           NAN   
10               NAN                   NAN  REDUCED PORT   
11               NAN                   NAN           NAN   
12               NAN                FORGED           NAN   
13               NAN                   NAN  REDUCED PORT   
14               NAN                   NAN  REDUCED PORT   
15               NAN                   NAN  REDUCED PORT   
16               NAN                   NAN  REDUCED PORT   
17               NAN                   NAN           NAN   
18               NAN                   NAN  REDUCED PORT   
19               NAN                   NAN  REDUCED PORT   
20               NAN                   NAN  REDUCED PORT   
21               NAN                   NAN  REDUCED PORT   
22               NAN                   NAN  REDUCED PORT   
23               NAN                   NAN      THREADED   
24               NAN                   NAN      THREADED   

                    END_CONNECTIONS  TRIM                      MISCELLANEOUS  \
0                          SW X THD    12    REDUCED PORT BOLTED BONNET NACE   
1                          SW X THD    12  REDUCED PORT, BOLTED BONNET, NACE   
2                          SW X THD    16                 BOLTED BONNET NACE   
3                          SW X THD    12                 BOLTED BONNET NACE   
4                       SOCKET WELD  OS&Y                                NAN   
5                                SW    16    REDUCED PORT BOLTED BONNET NACE   
6                          SW X THD    16                 BOLTED BONNET NACE   
7                         SW X FNPT   NAN                                NAN   
8                          SW X THD    16                 BOLTED BONNET NACE   
9                                SW    12    REDUCED PORT BOLTED BONNET NACE   
10                               SW    12                 BOLTED BONNET NACE   
11                         THD X SW   NAN                                NAN   
12                         SW X THD     8            FULL PORT BOLTED BONNET   
13                               SW    16                 BOLTED BONNET NACE   
14                         SW X THD    12                 BOLTED BONNET NACE   
15                         SW X THD    12                 BOLTED BONNET NACE   
16                              THD    16                 BOLTED BONNET NACE   
17                               SW  OS&Y                                NAN   
18                               SW    16                 BOLTED BONNET NACE   
19                         THREADED    12                 BOLTED BONNET NACE   
20                               SW    12                 BOLTED BONNET NACE   
21  MALE THREADED X FEMALE THREADED    12                 BOLTED BONNET NACE   
22                               SW    16                 BOLTED BONNET NACE   
23                              NAN    16    REDUCED PORT BOLTED BONNET NACE   
24                              NAN    12    REDUCED PORT BOLTED BONNET NACE   

   CONFIDENCE     id     score  
0        0.90  20914  0.850147  
1        0.90  43875  0.848253  
2        0.95  20855  0.846350  
3        0.95  20854  0.844553  
4        0.90  43870  0.840164  
5        0.90  20913  0.835744  
6        0.95  20890  0.834380  
7        0.90  21058  0.833776  
8        0.95  20944  0.833592  
9        0.90   4711  0.833468  
10       0.95  20852  0.833116  
11       0.85  19534  0.832484  
12       0.90  43854  0.831837  
13       0.95  20853  0.831717  
14       0.95  20889  0.831265  
15       0.95  20943  0.831138  
16       0.95  20857  0.828334  
17       0.95  20881  0.825553  
18       0.95  20927  0.825015  
19       0.95  20856  0.824799  
20       0.95  20926  0.824316  
21       0.95  20858  0.821706  
22       0.95  20888  0.818132  
23       0.95  20892  0.817320  
24       0.90  20987  0.817027  

[25 rows x 21 columns]",14,NOT BAD
58,"20"" ELBOW 90D, LR, BW, ASME 16.9, WROUGHT STEEL, ASTM/ASME A/SA-234-WPB, SCH.STD",20 CARBON STEEL STANDARD WELD LONG RADIUS 90 ELBOW,True,58,6,6.165435200000047,"       ID                                                 DESCRIPTION  \
0   27516                    20 CARBON STEEL STANDARD WLD SR 90 ELBOW   
1   27518                                  20 CS STD WELD SR 90 ELBOW   
2   31956                            20 STANDARD WLD LR 90 ELBOW LRES   
3   24990           20 CARBON STEEL STANDARD WLD LONG RADIUS 90 ELBOW   
4   24782           20 CARBON STEEL STANDARD WLD LONG RADIUS 90 ELBOW   
5   27515                   20 CARBON STEEL STANDARD WELD SR 90 ELBOW   
6   24781          20 CARBON STEEL STANDARD WELD LONG RADIUS 90 ELBOW   
7   42926          20 CARBON STEEL STANDARD WELD LONG RADIUS 90 ELBOW   
8   24780          20 CARBON STEEL STANDARD WELD LONG RADIUS 90 ELBOW   
9   36928     20 STAINLESS STEEL SCHEDULE 40 304L LR 90 ELBOW A403WPW   
10  36929     20 STAINLESS STEEL SCHEDULE 40 304L LR 90 ELBOW A403WPW   
11  27517               20 CARBON STEEL WPL6 STANDARD WLD SR 90 ELBOW   
12  36926   20 STAINLESS STEEL SCHEDULE 10S .218 304L LR 90 ELBOW WPW   
13  36927  20 STAINLESS STEEL SCHEDULE 10S .218 316 L LR 90 ELBOW WPW   
14  24785      20 CARBON STEEL WPL6 STANDARD WLD LONG RADIUS 90 ELBOW   
15  22430                       20 CARBON STEEL STANDARD WLD 45 ELBOW   
16  36925     20 STAINLESS STEEL SCHEDULE 10 304L LR 90 ELBOW A403WPW   
17  24991     20 X 16 CARBON STEEL STANDARD WELD LONG RADIUS 90 ELBOW   
18  24791                        20 CS T40 A420 WPL6 WELD LR 90 ELBOW   
19  24779        20 CARBON STEEL SCHEDULE 80 WLD LONG RADIUS 90 ELBOW   
20  24790                          20 CS EXTRA HEAVY WELD LR 90 ELBOW   
21  27514                 20 CARBON STEEL EXTRA HEAVY WLD SR 90 ELBOW   
22  24989        20 CARBON STEEL EXTRA HEAVY WLD LONG RADIUS 90 ELBOW   
23  24784   20 CARBON STEEL WPL6 EXTRA HEAVY WLD LONG RADIUS 90 ELBOW   
24  22432                  20 CARBON STEEL WPL6 STANDARD WLD 45 ELBOW   

   CATEGORY                  TYPE PRIMARY_SIZE REDUCING_SIZE LENGTH  \
0   FITTING    SR 90 DEGREE ELBOW           20           NAN    NAN   
1   FITTING    SR 90 DEGREE ELBOW           20           NAN    NAN   
2   FITTING    LR 90 DEGREE ELBOW           20           NAN    NAN   
3   FITTING           LR 90 ELBOW           20           NAN    NAN   
4   FITTING    LR 90 DEGREE ELBOW           20           NAN    NAN   
5   FITTING    SR 90 DEGREE ELBOW           20           NAN    NAN   
6   FITTING    LR 90 DEGREE ELBOW           20           NAN    NAN   
7   FITTING  LONG RADIUS 90 ELBOW         20.0           NAN    NAN   
8   FITTING    LR 90 DEGREE ELBOW           20           NAN    NAN   
9   FITTING    LR 90 DEGREE ELBOW           20           NAN    NAN   
10  FITTING    LR 90 DEGREE ELBOW           20           NAN    NAN   
11  FITTING    SR 90 DEGREE ELBOW           20           NAN    NAN   
12  FITTING    LR 90 DEGREE ELBOW           20           NAN    NAN   
13  FITTING    LR 90 DEGREE ELBOW           20           NAN    NAN   
14  FITTING    LR 90 DEGREE ELBOW           20           NAN    NAN   
15  FITTING       45 DEGREE ELBOW           20           NAN    NAN   
16  FITTING    LR 90 DEGREE ELBOW           20           NAN    NAN   
17  FITTING           LR 90 ELBOW           20            16    NAN   
18  FITTING    LR 90 DEGREE ELBOW           20           NAN    NAN   
19  FITTING    LR 90 DEGREE ELBOW           20           NAN    NAN   
20  FITTING    LR 90 DEGREE ELBOW           20           NAN    NAN   
21  FITTING    SR 90 DEGREE ELBOW           20           NAN    NAN   
22  FITTING           LR 90 ELBOW           20           NAN    NAN   
23  FITTING    LR 90 DEGREE ELBOW           20           NAN    NAN   
24  FITTING       45 DEGREE ELBOW           20           NAN    NAN   

      MATERIAL_NAME MATERIAL_SPECIFICATION MATERIAL_GRADE  ...  \
0      CARBON STEEL                    NAN            NAN  ...   
1      CARBON STEEL                    NAN            NAN  ...   
2               NAN                    NAN            NAN  ...   
3      CARBON STEEL                    NAN            NAN  ...   
4      CARBON STEEL                    NAN            NAN  ...   
5      CARBON STEEL                    NAN            NAN  ...   
6      CARBON STEEL                    NAN            NAN  ...   
7      CARBON STEEL                    NAN            NAN  ...   
8      CARBON STEEL                    NAN            NAN  ...   
9   STAINLESS STEEL                   A403            WPW  ...   
10  STAINLESS STEEL                   A403            WPW  ...   
11     CARBON STEEL                   WPL6            NAN  ...   
12  STAINLESS STEEL                   304L            WPW  ...   
13  STAINLESS STEEL                    WPW           316L  ...   
14     CARBON STEEL                   WPL6            NAN  ...   
15     CARBON STEEL                    NAN            NAN  ...   
16  STAINLESS STEEL                   A403            WPW  ...   
17     CARBON STEEL                    NAN            NAN  ...   
18     CARBON STEEL                   A420           WPL6  ...   
19     CARBON STEEL                    NAN            NAN  ...   
20     CARBON STEEL                    NAN            NAN  ...   
21     CARBON STEEL                    NAN            NAN  ...   
22     CARBON STEEL                    NAN            NAN  ...   
23     CARBON STEEL                   WPL6            NAN  ...   
24     CARBON STEEL                   WPL6            NAN  ...   

   PRIMARY_SCHEDULE REDUCING_SCHEDULE MANUFACTURING_PROCESS END_FINISH  \
0               STD               NAN                WELDED        NAN   
1               STD               NAN                   NAN        NAN   
2               STD               NAN                  WELD        NAN   
3               STD               NAN                  WELD        NAN   
4               STD               NAN                WELDED        NAN   
5               STD               NAN                WELDED        NAN   
6               STD               NAN                   NAN         BW   
7          STANDARD               NAN                   NAN        NAN   
8               STD               NAN                WELDED        NAN   
9                40               NAN                   NAN        NAN   
10               40               NAN                   NAN        NAN   
11              STD               NAN                WELDED        NAN   
12              10S               NAN                   NAN        NAN   
13              10S               NAN                   NAN        NAN   
14              STD               NAN                   NAN         BW   
15              STD               NAN                WELDED        NAN   
16               10               NAN                   NAN        NAN   
17              STD               NAN                WELDED        NAN   
18               40               NAN                   NAN       WELD   
19               80               NAN                WELDED        NAN   
20               XH               NAN                WELDED        NAN   
21               XH               NAN                   NAN        NAN   
22               XH               NAN                   NAN        NAN   
23               XH               NAN                  WELD        NAN   
24              STD               NAN                   NAN         BW   

   END_CONNECTIONS TRIM MISCELLANEOUS CONFIDENCE     id     score  
0              NAN  NAN           NAN       0.80  27516  0.840145  
1              NAN  NAN           NAN       0.80  27518  0.833101  
2              NAN  NAN  LOW RESIDUAL       0.80  31956  0.830392  
3              NAN  NAN           NAN       0.80  24990  0.830143  
4              NAN  NAN           NAN       0.80  24782  0.830143  
5              NAN  NAN           NAN       0.85  27515  0.823844  
6              NAN  NAN           NAN       0.80  24781  0.823257  
7        BUTT WELD  NAN           NAN       0.80  42926  0.823257  
8              NAN  NAN           NAN       0.85  24780  0.823257  
9              NAN  NAN           NAN       0.90  36928  0.822677  
10             NAN  NAN           NAN       0.95  36929  0.822677  
11             NAN  NAN           NAN       0.85  27517  0.819634  
12             NAN  NAN         0.218       0.90  36926  0.818899  
13             NAN  NAN         0.218       0.90  36927  0.816787  
14             NAN  NAN           NAN       0.90  24785  0.815693  
15             NAN  NAN           NAN       0.80  22430  0.815344  
16             NAN  NAN           NAN       0.95  36925  0.815258  
17             NAN  NAN           NAN       0.85  24991  0.815188  
18             NAN  NAN           NAN       0.95  24791  0.812572  
19             NAN  NAN           NAN       0.80  24779  0.810115  
20             NAN  NAN           NAN       0.85  24790  0.809512  
21             NAN  NAN           NAN       0.80  27514  0.808099  
22             NAN  NAN          WELD       0.80  24989  0.803872  
23             NAN  NAN           NAN       0.90  24784  0.803033  
24             NAN  NAN           NAN       0.85  22432  0.802658  

[25 rows x 21 columns]",13,NOT BAD
59,"16"" ELBOW 90D, LR, BW, ASME 16.9, WROUGHT STEEL, ASTM/ASME A/SA-234-WPB, SCH.STD",16 CARBON STEEL STANDARD WELD LONG RADIUS 90 ELBOW,True,59,11,6.030308200000036,"       ID                                                 DESCRIPTION  \
0   27496                    16 CARBON STEEL STANDARD WLD SR 90 ELBOW   
1   27497                    16 CARBON STEEL STANDARD WLD SR 90 ELBOW   
2   27501                                  16 CS STD WELD SR 90 ELBOW   
3   36872    16 STAINLESS STEEL SCHEDULE 40 316 L LR 90 ELBOW A403WPW   
4   31948                            16 STANDARD WLD LR 90 ELBOW LRES   
5   24981           16 CARBON STEEL STANDARD WLD LONG RADIUS 90 ELBOW   
6   24723           16 CARBON STEEL STANDARD WLD LONG RADIUS 90 ELBOW   
7   22532                    16 CARBON STEEL STANDARD 3R 90 WLD ELBOW   
8   24623                                   1 CS S160 WLD LR 90 ELBOW   
9   36871  16 STAINLESS STEEL SCHEDULE 10S .188 316 L LR 90 ELBOW WPW   
10  36870   16 STAINLESS STEEL SCHEDULE 10S .188 304L LR 90 ELBOW WPW   
11  24722          16 CARBON STEEL STANDARD WELD LONG RADIUS 90 ELBOW   
12  42831          16 CARBON STEEL STANDARD WELD LONG RADIUS 90 ELBOW   
13  24721          16 CARBON STEEL STANDARD WELD LONG RADIUS 90 ELBOW   
14  42815          16 CARBON STEEL STANDARD WELD LONG RADIUS 90 ELBOW   
15  36867            16 STAINLESS STEEL S40S 304L LR 90 ELBOW A403WPW   
16  24609        1 CARBON STEEL SCHEDULE 160 WLD LONG RADIUS 90 ELBOW   
17  24610        1 CARBON STEEL SCHEDULE 160 WLD LONG RADIUS 90 ELBOW   
18  24771                2 CS SCHEDULE 160 A420 WPL6 WELD LR 90 ELBOW   
19  36869    16 STAINLESS STEEL SCHEDULE 10 316 L LR 90 ELBOW A403WPW   
20  36868     16 STAINLESS STEEL SCHEDULE 10 304L LR 90 ELBOW A403WPW   
21  27495                   16 CARBON STEEL STANDARD WELD SR 90 ELBOW   
22  24719        16 CARBON STEEL SCHEDULE 80 WLD LONG RADIUS 90 ELBOW   
23  24720        16 CARBON STEEL SCHEDULE 80 WLD LONG RADIUS 90 ELBOW   
24  27567                 2 CARBON STEEL SCHEDULE 160 WLD SR 90 ELBOW   

   CATEGORY                  TYPE PRIMARY_SIZE REDUCING_SIZE LENGTH  \
0   FITTING    SR 90 DEGREE ELBOW           16           NAN    NAN   
1   FITTING    SR 90 DEGREE ELBOW           16           NAN    NAN   
2   FITTING    SR 90 DEGREE ELBOW           16           NAN    NAN   
3   FITTING    LR 90 DEGREE ELBOW           16           NAN    NAN   
4   FITTING    LR 90 DEGREE ELBOW           16           NAN    NAN   
5   FITTING           LR 90 ELBOW           16           NAN    NAN   
6   FITTING    LR 90 DEGREE ELBOW           16           NAN    NAN   
7   FITTING       90 DEGREE ELBOW           16           NAN    NAN   
8   FITTING    LR 90 DEGREE ELBOW            1           NAN    NAN   
9   FITTING    LR 90 DEGREE ELBOW           16           NAN    NAN   
10  FITTING    LR 90 DEGREE ELBOW           16           NAN    NAN   
11  FITTING    LR 90 DEGREE ELBOW           16           NAN    NAN   
12  FITTING  LONG RADIUS 90 ELBOW         16.0           NAN    NAN   
13  FITTING    LR 90 DEGREE ELBOW           16           NAN    NAN   
14  FITTING  LONG RADIUS 90 ELBOW         16.0           NAN    NAN   
15  FITTING    LR 90 DEGREE ELBOW           16           NAN    NAN   
16  FITTING    LR 90 DEGREE ELBOW            1           NAN    NAN   
17  FITTING    LR 90 DEGREE ELBOW            1           NAN    NAN   
18  FITTING    LR 90 DEGREE ELBOW            2           NAN    NAN   
19  FITTING    LR 90 DEGREE ELBOW           16           NAN    NAN   
20  FITTING    LR 90 DEGREE ELBOW           16           NAN    NAN   
21  FITTING    SR 90 DEGREE ELBOW           16           NAN    NAN   
22  FITTING    LR 90 DEGREE ELBOW           16           NAN    NAN   
23  FITTING    LR 90 DEGREE ELBOW           16           NAN    NAN   
24  FITTING           SR 90 ELBOW            2           NAN    NAN   

      MATERIAL_NAME MATERIAL_SPECIFICATION MATERIAL_GRADE  ...  \
0      CARBON STEEL                    NAN            NAN  ...   
1      CARBON STEEL                    NAN            NAN  ...   
2      CARBON STEEL                    NAN            NAN  ...   
3   STAINLESS STEEL                   A403            WPW  ...   
4               NAN                    NAN            NAN  ...   
5      CARBON STEEL                    NAN            NAN  ...   
6      CARBON STEEL                    NAN            NAN  ...   
7      CARBON STEEL                    NAN            NAN  ...   
8      CARBON STEEL                    NAN            NAN  ...   
9   STAINLESS STEEL                    WPW           316L  ...   
10  STAINLESS STEEL                   304L            WPW  ...   
11     CARBON STEEL                    NAN            NAN  ...   
12     CARBON STEEL                    NAN            NAN  ...   
13     CARBON STEEL                    NAN            NAN  ...   
14     CARBON STEEL                    NAN            NAN  ...   
15  STAINLESS STEEL                   A403            WPW  ...   
16     CARBON STEEL                    NAN            NAN  ...   
17     CARBON STEEL                    NAN            NAN  ...   
18     CARBON STEEL                   A420           WPL6  ...   
19  STAINLESS STEEL                   A403            WPW  ...   
20  STAINLESS STEEL                   A403            WPW  ...   
21     CARBON STEEL                    NAN            NAN  ...   
22     CARBON STEEL                    NAN            NAN  ...   
23     CARBON STEEL                    NAN            NAN  ...   
24     CARBON STEEL                    NAN            NAN  ...   

   PRIMARY_SCHEDULE REDUCING_SCHEDULE MANUFACTURING_PROCESS END_FINISH  \
0               STD               NAN                WELDED        NAN   
1               STD               NAN                WELDED        NAN   
2               STD               NAN                WELDED        NAN   
3                40               NAN                   NAN        NAN   
4               STD               NAN                   NAN       WELD   
5               STD               NAN                  WELD        NAN   
6               STD               NAN                   NAN         BW   
7               STD               NAN                   NAN         BW   
8               160               NAN                   NAN       WELD   
9               10S               NAN                   NAN        NAN   
10              10S               NAN                   NAN        NAN   
11              STD               NAN                   NAN         BW   
12         STANDARD               NAN                   NAN        NAN   
13              STD               NAN                   NAN         BW   
14         STANDARD               NAN                   NAN  BUTT WELD   
15              40S               NAN                   NAN        NAN   
16              160               NAN                   NAN       WELD   
17              160               NAN                   NAN         BW   
18              160               NAN                  WELD        NAN   
19               10               NAN                   NAN        NAN   
20               10               NAN                   NAN        NAN   
21              STD               NAN                WELDED        NAN   
22               80               NAN                   NAN       WELD   
23               80               NAN                   NAN       WELD   
24              160               NAN                   NAN       WELD   

   END_CONNECTIONS TRIM MISCELLANEOUS CONFIDENCE     id     score  
0              NAN  NAN           NAN       0.80  27496  0.831401  
1              NAN  NAN           NAN       0.80  27497  0.831401  
2              NAN  NAN           NAN       0.85  27501  0.828588  
3              NAN  NAN           NAN       0.95  36872  0.827366  
4              NAN  NAN  LOW RESIDUAL       0.80  31948  0.826681  
5              NAN  NAN           NAN       0.80  24981  0.826167  
6              NAN  NAN           NAN       0.80  24723  0.826167  
7              NAN  NAN            3R       0.80  22532  0.825173  
8               BW  NAN           NAN       0.85  24623  0.824953  
9              NAN  NAN         0.188       0.90  36871  0.821698  
10             NAN  NAN         0.188       0.90  36870  0.820476  
11             NAN  NAN           NAN       0.85  24722  0.819690  
12       BUTT WELD  NAN           NAN       0.80  42831  0.819690  
13             NAN  NAN           NAN       0.85  24721  0.819690  
14             NAN  NAN           NAN       0.80  42815  0.819690  
15             NAN  NAN           NAN       0.95  36867  0.818539  
16              BW  NAN           NAN       0.85  24609  0.818433  
17             NAN  NAN           NAN       0.85  24610  0.818433  
18             NAN  NAN           NAN       0.90  24771  0.817483  
19             NAN  NAN           NAN       0.95  36869  0.817018  
20             NAN  NAN           NAN       0.95  36868  0.816916  
21             NAN  NAN           NAN       0.85  27495  0.815229  
22             NAN  NAN           NAN       0.85  24719  0.809596  
23             NAN  NAN           NAN       0.85  24720  0.809596  
24             NAN  NAN           NAN       0.85  27567  0.809564  

[25 rows x 21 columns]",21,NOT BAD
60,"1 PIPE , ASME B36.10 , PLAIN END , ASTM A335-P11 , SEAMLESS S-160","1"" PIPE CRMLY P11 SCHEDULE 160 SA335 SEAMLESS",True,60,2,3.3667709000001196,"       ID                                              DESCRIPTION CATEGORY  \
0   28770                  1-0.5 CRMLY P11 S160 A335 SEAMLESS PIPE     PIPE   
1   28814                     1 CRMLY P11 S160 SA335 SEAMLESS PIPE     PIPE   
2   42637            1"" PIPE CRMLY P11 SCHEDULE 160 SA335 SEAMLESS     PIPE   
3   42883             2 CRMLY P11 SCHEDULE 160 SA335 SEAMLESS PIPE     PIPE   
4   28830          3 CHROMOLY P11 SCHEDULE 160 SA335 SEAMLESS PIPE     PIPE   
5   28781                     2 CRMLY P11 S160 SA335 SEAMLESS PIPE     PIPE   
6   28778                    14 CRMLY P11 S160 SA335 SEAMLESS PIPE     PIPE   
7   28815              1 CRMLY P11 SCHEDULE 80 SA335 SEAMLESS PIPE     PIPE   
8   28792                  0.75 CRMLY P11 S160 SA335 SEAMLESS PIPE     PIPE   
9   26314           1 BLACK PLAIN END A106B S160 SEAMLESS SRL PIPE     PIPE   
10  26315           1 BLACK PLAIN END A106B S160 SEAMLESS SRL PIPE     PIPE   
11  26316           1 BLACK PLAIN END A106B S160 SEAMLESS SRL PIPE     PIPE   
12  43116              6 CRMLY P11 SCHEDULE 80 SA335 SEAMLESS PIPE     PIPE   
13  42885              2 CRMLY P11 SCHEDULE 80 SA335 SEAMLESS PIPE     PIPE   
14  26308            1 BLACK PLAIN END A106 S160 SEAMLESS SRL PIPE     PIPE   
15  42884              2 CRMLY P11 SCHEDULE 40 SA335 SEAMLESS PIPE     PIPE   
16  28808              2 CRMLY P11 SCHEDULE 40 SA335 SEAMLESS PIPE     PIPE   
17  42672          1-0.5 CRMLY P11 SCHEDULE 80 SA335 SEAMLESS PIPE     PIPE   
18  42986              3 CRMLY P11 SCHEDULE 80 SA335 SEAMLESS PIPE     PIPE   
19  43706  1"" PIPE BLACK A106B SCHEDULE 160 SEAMLESS SRL PLAIN END     PIPE   
20  26313                   1 BLACK PLAIN END A106B S160 PIPE LRES     PIPE   
21  42633             1"" PIPE BLACK A333 GR6 SCHEDULE 160 SEAMLESS     PIPE   
22  42987              3 CRMLY P11 SCHEDULE 40 SA335 SEAMLESS PIPE     PIPE   
23  26735           2 BLACK PLAIN END A106B S160 SEAMLESS SRL PIPE     PIPE   
24  27354           2 BLACK PLAIN END A106B S160 SEAMLESS SRL PIPE     PIPE   

              TYPE PRIMARY_SIZE REDUCING_SIZE LENGTH      MATERIAL_NAME  \
0             PIPE          1.5           NAN    NAN        CHROME MOLY   
1             PIPE            1           NAN    NAN  CHROME MOLYBDENUM   
2    SEAMLESS PIPE          1.0           NAN    NAN        CHROME MOLY   
3    SEAMLESS PIPE          2.0           NAN    NAN        CHROME MOLY   
4             PIPE            3           NAN    NAN           CHROMOLY   
5             PIPE            2           NAN    NAN        CHROME MOLY   
6             PIPE           14           NAN    NAN        CHROME MOLY   
7             PIPE            1           NAN    NAN  CHROME MOLYBDENUM   
8             PIPE         0.75           NAN    NAN        CHROME MOLY   
9             PIPE            1           NAN    NAN       CARBON STEEL   
10            PIPE            1           NAN    NAN       CARBON STEEL   
11            PIPE            1           NAN    NAN       CARBON STEEL   
12   SEAMLESS PIPE          6.0           NAN    NAN        CHROME MOLY   
13   SEAMLESS PIPE          2.0           NAN    NAN        CHROME MOLY   
14            PIPE            1           NAN    NAN       CARBON STEEL   
15   SEAMLESS PIPE          2.0           NAN    NAN        CHROME MOLY   
16   SEAMLESS PIPE            2           NAN    NAN        CHROME MOLY   
17   SEAMLESS PIPE          1.5           NAN    NAN        CHROME MOLY   
18   SEAMLESS PIPE          3.0           NAN    NAN        CHROME MOLY   
19   PIPE SEAMLESS          1.0           NAN    NAN       CARBON STEEL   
20            PIPE            1           NAN    NAN       CARBON STEEL   
21   SEAMLESS PIPE          1.0           NAN    NAN       CARBON STEEL   
22   SEAMLESS PIPE          3.0           NAN    NAN        CHROME MOLY   
23            PIPE            2           NAN    NAN       CARBON STEEL   
24  PLAIN END PIPE            2           NAN    NAN       CARBON STEEL   

   MATERIAL_SPECIFICATION MATERIAL_GRADE  ... PRIMARY_SCHEDULE  \
0                    A335            P11  ...              160   
1                   SA335            P11  ...              160   
2                   SA335            P11  ...              160   
3                   SA335            P11  ...              160   
4                   SA335            P11  ...              160   
5                   SA335            P11  ...              160   
6                   SA335            P11  ...              160   
7                   SA335            P11  ...               80   
8                   SA335            P11  ...              160   
9                    A106              B  ...              160   
10                   A106              B  ...              160   
11                   A106              B  ...              160   
12                  SA335            P11  ...               80   
13                  SA335            P11  ...               80   
14                   A106            NAN  ...              160   
15                  SA335            P11  ...               40   
16                  SA335            P11  ...               40   
17                  SA335            P11  ...               80   
18                  SA335            P11  ...               80   
19                   A106              B  ...              160   
20                   A106              B  ...              160   
21                   A333            GR6  ...              160   
22                  SA335            P11  ...               40   
23                   A106              B  ...              160   
24                   A106              B  ...              160   

   REDUCING_SCHEDULE MANUFACTURING_PROCESS END_FINISH END_CONNECTIONS TRIM  \
0                NAN              SEAMLESS        NAN             NAN  NAN   
1                NAN              SEAMLESS        NAN             NAN  NAN   
2                NAN              SEAMLESS        NAN             NAN  NAN   
3                NAN              SEAMLESS        NAN             NAN  NAN   
4                NAN              SEAMLESS        NAN             NAN  NAN   
5                NAN              SEAMLESS        NAN             NAN  NAN   
6                NAN              SEAMLESS        NAN             NAN  NAN   
7                NAN              SEAMLESS        NAN             NAN  NAN   
8                NAN              SEAMLESS        NAN             NAN  NAN   
9                NAN              SEAMLESS  PLAIN END             NAN  NAN   
10               NAN              SEAMLESS  PLAIN END             NAN  NAN   
11               NAN              SEAMLESS  PLAIN END             NAN  NAN   
12               NAN              SEAMLESS        NAN             NAN  NAN   
13               NAN              SEAMLESS        NAN             NAN  NAN   
14               NAN              SEAMLESS  PLAIN END             NAN  NAN   
15               NAN              SEAMLESS        NAN             NAN  NAN   
16               NAN              SEAMLESS        NAN             NAN  NAN   
17               NAN              SEAMLESS        NAN             NAN  NAN   
18               NAN              SEAMLESS        NAN             NAN  NAN   
19               NAN              SEAMLESS      BLACK       PLAIN END  NAN   
20               NAN                   NAN  PLAIN END             NAN  NAN   
21               NAN              SEAMLESS      BLACK             NAN  NAN   
22               NAN              SEAMLESS        NAN             NAN  NAN   
23               NAN              SEAMLESS  PLAIN END             NAN  NAN   
24               NAN              SEAMLESS  PLAIN END             NAN  NAN   

   MISCELLANEOUS CONFIDENCE     id     score  
0            NAN       0.95  28770  0.840224  
1            NAN       0.95  28814  0.831665  
2            NAN       0.90  42637  0.828362  
3            NAN       0.90  42883  0.828288  
4            NAN       0.90  28830  0.827338  
5            NAN       0.90  28781  0.818745  
6            NAN       0.90  28778  0.796979  
7            NAN       0.95  28815  0.792860  
8            NAN       0.90  28792  0.786764  
9          BLACK       0.95  26314  0.786391  
10         BLACK       0.95  26315  0.786391  
11         BLACK       0.95  26316  0.786391  
12           NAN       0.90  43116  0.784110  
13           NAN       0.90  42885  0.780388  
14         BLACK       0.95  26308  0.780274  
15           NAN       0.90  42884  0.773967  
16           NAN       0.90  28808  0.773967  
17           NAN       0.90  42672  0.772047  
18           NAN       0.90  42986  0.770328  
19           SRL       0.90  43706  0.769784  
20  LOW RESIDUAL       0.90  26313  0.765193  
21           NAN       0.90  42633  0.764068  
22           NAN       0.90  42987  0.762937  
23           SRL       0.95  26735  0.759740  
24     BLACK SRL       0.95  27354  0.759740  

[25 rows x 21 columns]",27,BAD
61,"10 TEE , ASME B16.9 , BEVELED END , ASTM A420 GRADE WPL6 , TYPE S S-80",10 CARBON STEEL WPL6 SCHEDULE XH WELD TEE,True,61,20,2.921757800000023,"       ID                                                DESCRIPTION CATEGORY  \
0   27777                               10 CS STD A420 WPL6 WELD TEE  FITTING   
1   27791             10 X 10 X 6 CARBON STEEL WPL6 STANDARD WLD TEE  FITTING   
2   27771                      10 CARBON STEEL WPL6 STANDARD WLD TEE  FITTING   
3   28447                      10 CARBON STEEL WPL6 STANDARD WLD TEE  FITTING   
4   42745            10 X 10 X 6 CARBON STEEL WPL6 STANDARD WELD TEE  FITTING   
5   42744            10 X 10 X 6 CARBON STEEL WPL6 STANDARD WELD TEE  FITTING   
6   42743            10 X 10 X 6 CARBON STEEL WPL6 STANDARD WELD TEE  FITTING   
7   27799             10 X 10 X 8 CARBON STEEL WPL6 STANDARD WLD TEE  FITTING   
8   27770                   10 CARBON STEEL WPL6 EXTRA HEAVY WLD TEE  FITTING   
9   27784             10 X 10 X 4 CARBON STEEL WPL6 STANDARD WLD TEE  FITTING   
10  42748            10 X 10 X 8 CARBON STEEL WPL6 STANDARD WELD TEE  FITTING   
11  42749            10 X 10 X 8 CARBON STEEL WPL6 STANDARD WELD TEE  FITTING   
12  42750            10 X 10 X 8 CARBON STEEL WPL6 STANDARD WELD TEE  FITTING   
13  42738            10 X 10 X 4 CARBON STEEL WPL6 STANDARD WELD TEE  FITTING   
14  42739            10 X 10 X 4 CARBON STEEL WPL6 STANDARD WELD TEE  FITTING   
15  42740            10 X 10 X 4 CARBON STEEL WPL6 STANDARD WELD TEE  FITTING   
16  27918            16 X 16 X 10 CARBON STEEL WPL6 STANDARD WLD TEE  FITTING   
17  40523  10 X 10 X 6 STAINLESS STEEL SCHEDULE 40 316 L TEE A403WPW  FITTING   
18  40519  10 X 10 X 6 STAINLESS STEEL SCHEDULE 10 316 L TEE A403WPW  FITTING   
19  27383                  10 X 10 X 6 CARBON STEEL STANDARD WLD TEE  FITTING   
20  42722                  10 CARBON STEEL WPL6 SCHEDULE XH WELD TEE  FITTING   
21  42742                10X6 S10S 304 STAINLESS STEEL BUTT WELD TEE  FITTING   
22  42741                10X6 S10S 304 STAINLESS STEEL BUTT WELD TEE  FITTING   
23  27742                       1 CARBON STEEL WPL6 STANDARD WLD TEE  FITTING   
24  40528                                    10X6 S10S 304 SS BW TEE  FITTING   

            TYPE PRIMARY_SIZE REDUCING_SIZE LENGTH    MATERIAL_NAME  \
0            TEE           10           NAN    NAN     CARBON STEEL   
1            TEE           10             6    NAN     CARBON STEEL   
2            TEE           10           NAN    NAN     CARBON STEEL   
3       WELD TEE           10           NAN    NAN     CARBON STEEL   
4            TEE         10.0           6.0    NAN     CARBON STEEL   
5   REDUCING TEE         10.0           6.0    NAN     CARBON STEEL   
6            TEE         10.0           6.0    NAN     CARBON STEEL   
7            TEE           10             8    NAN     CARBON STEEL   
8            TEE           10           NAN    NAN     CARBON STEEL   
9            TEE           10             4    NAN     CARBON STEEL   
10           TEE         10.0           8.0    NAN     CARBON STEEL   
11  REDUCING TEE         10.0           8.0    NAN     CARBON STEEL   
12           TEE         10.0           8.0    NAN     CARBON STEEL   
13           TEE         10.0           4.0    NAN     CARBON STEEL   
14           TEE         10.0           4.0    NAN     CARBON STEEL   
15  REDUCING TEE         10.0           4.0    NAN     CARBON STEEL   
16           TEE           16            10    NAN     CARBON STEEL   
17           TEE           10             6    NAN  STAINLESS STEEL   
18           TEE           10             6    NAN  STAINLESS STEEL   
19  REDUCING TEE           10             6    NAN     CARBON STEEL   
20           TEE         10.0           NAN    NAN     CARBON STEEL   
21  REDUCING TEE         10.0           6.0    NAN  STAINLESS STEEL   
22  REDUCING TEE         10.0           6.0    NAN  STAINLESS STEEL   
23           TEE            1           NAN    NAN     CARBON STEEL   
24           TEE           10             6    NAN  STAINLESS STEEL   

   MATERIAL_SPECIFICATION MATERIAL_GRADE  ... PRIMARY_SCHEDULE  \
0                    A420           WPL6  ...              STD   
1                    WPL6            NAN  ...              STD   
2                    WPL6            NAN  ...              STD   
3                    WPL6            NAN  ...              STD   
4                    WPL6            NAN  ...         STANDARD   
5                    WPL6            NAN  ...         STANDARD   
6                    WPL6            NAN  ...         STANDARD   
7                    WPL6            NAN  ...              STD   
8                    WPL6            NAN  ...               XH   
9                    WPL6            NAN  ...              STD   
10                   WPL6            NAN  ...         STANDARD   
11                   WPL6            NAN  ...         STANDARD   
12                   WPL6            NAN  ...         STANDARD   
13                   WPL6            NAN  ...         STANDARD   
14                   WPL6            NAN  ...         STANDARD   
15                   WPL6            NAN  ...         STANDARD   
16                   WPL6            NAN  ...              STD   
17                   A403            WPW  ...               40   
18                   A403            WPW  ...               10   
19                    NAN            NAN  ...              STD   
20                    NAN           WPL6  ...               XH   
21                    NAN            304  ...              10S   
22                    NAN            304  ...              10S   
23                   WPL6            NAN  ...              STD   
24                    NAN            304  ...              10S   

   REDUCING_SCHEDULE MANUFACTURING_PROCESS END_FINISH END_CONNECTIONS TRIM  \
0                NAN                   NAN        NAN             NAN  NAN   
1                NAN                   NAN         BW             NAN  NAN   
2                NAN                   NAN        NAN             NAN  NAN   
3                NAN                   NAN        NAN             NAN  NAN   
4                NAN                  WELD        NAN             NAN  NAN   
5                NAN                   NAN        NAN             NAN  NAN   
6                NAN                WELDED        NAN             NAN  NAN   
7                NAN                   NAN         BW             NAN  NAN   
8                NAN                WELDED        NAN             NAN  NAN   
9                NAN                WELDED        NAN             NAN  NAN   
10               NAN                  WELD        NAN             NAN  NAN   
11               NAN                   NAN        NAN       BUTT WELD  NAN   
12               NAN                   NAN        NAN       BUTT WELD  NAN   
13               NAN                  WELD        NAN             NAN  NAN   
14               NAN                WELDED        NAN             NAN  NAN   
15               NAN                   NAN        NAN       BUTT WELD  NAN   
16               NAN                WELDED        NAN             NAN  NAN   
17               NAN                   NAN        NAN             NAN  NAN   
18               NAN                   NAN        NAN             NAN  NAN   
19               NAN                WELDED        NAN             NAN  NAN   
20               NAN                  WELD        NAN             NAN  NAN   
21               NAN                   NAN        NAN       BUTT WELD  NAN   
22               10S                   NAN        NAN       BUTT WELD  NAN   
23               NAN                   NAN         BW             NAN  NAN   
24               NAN                   NAN  BUTT WELD             NAN  NAN   

   MISCELLANEOUS CONFIDENCE     id     score  
0            NAN       0.85  27777  0.852872  
1            NAN       0.85  27791  0.844518  
2            NAN       0.85  27771  0.840930  
3            NAN       0.85  28447  0.840930  
4            NAN       0.80  42745  0.830497  
5            NAN       0.80  42744  0.830497  
6            NAN       0.80  42743  0.830497  
7            NAN       0.85  27799  0.830482  
8            NAN       0.85  27770  0.817593  
9            NAN       0.85  27784  0.816769  
10           NAN       0.90  42748  0.814489  
11           NAN       0.90  42749  0.814489  
12           NAN       0.90  42750  0.814489  
13           NAN       0.80  42738  0.801042  
14           NAN       0.90  42739  0.801042  
15           NAN       0.90  42740  0.801042  
16           NAN       0.85  27918  0.799464  
17           NAN       0.90  40523  0.796109  
18           NAN       0.95  40519  0.794318  
19           NAN       0.80  27383  0.791133  
20           NAN       0.80  42722  0.790643  
21           NAN       0.90  42742  0.790412  
22           NAN       0.90  42741  0.790412  
23           NAN       0.85  27742  0.787809  
24           NAN       0.85  40528  0.786455  

[25 rows x 21 columns]",64,BAD
62,"ELBOW,PIPE:2IN,90DEG,LR,SCH80,A234WPB",2 CARBON STEEL SCHEDULE XH WELD LONG RADIUS 90 ELBOW,True,62,259,5.913506699999971,"       ID  \
0   29862   
1   36914   
2   24775   
3   21452   
4   24994   
5   24772   
6   36918   
7   36919   
8   24987   
9   24759   
10  28846   
11  36915   
12  36916   
13  36917   
14  36902   
15  37130   
16  36903   
17  36901   
18  21451   
19  42553   
20  24841   
21  24957   
22  24779   
23  24758   
24  36920   

                                                             DESCRIPTION  \
0                                2 INCY SCHEDULE 80 825 WELD LR 90 ELBOW   
1                 2 STAINLESS STEEL SCHEDULE 80 304L LR 90 ELBOW A403WPW   
2   2 STANDARD WPB GALVANIZED CARBON STEEL BUTTWELD LONG RADIUS 90 ELBOW   
3                                    2 SCHEDULE 80 2205 WELD LR 90 ELBOW   
4                                          2-0.5 CS STD WELD LR 90 ELBOW   
5                                              2 CS STD WELD LR 90 ELBOW   
6                2 STAINLESS STEEL SCHEDULE 80 316 L LR 90 ELBOW A403WPW   
7                2 STAINLESS STEEL SCHEDULE 80 316 L LR 90 ELBOW A403WPW   
8                       2 CARBON STEEL STANDARD WLD LONG RADIUS 90 ELBOW   
9                       2 CARBON STEEL STANDARD WLD LONG RADIUS 90 ELBOW   
10                               2 CPVC SCHEDULE 80 SLIP X SLIP 90 ELBOW   
11                   2 STAINLESS STEEL SCHEDULE 80 304L SMLS LR 90 ELBOW   
12                   2 STAINLESS STEEL SCHEDULE 80 304L SMLS LR 90 ELBOW   
13                   2 STAINLESS STEEL SCHEDULE 80 304L SMLS LR 90 ELBOW   
14                2 STAINLESS STEEL SCHEDULE 40 304L LR 90 ELBOW A403WPW   
15                2 STAINLESS STEEL SCHEDULE 40 304L LR 90 ELBOW A403WPW   
16                2 STAINLESS STEEL SCHEDULE 40 304L LR 90 ELBOW A403WPW   
17                2 STAINLESS STEEL SCHEDULE 40 304L LR 90 ELBOW A403WPW   
18                                   2 SCHEDULE 40 2205 WELD LR 90 ELBOW   
19                      2 IPS SDR9 PC200 22-0.5 ELBOW 2 PIECE FABRICATED   
20                                         3 X 2 CS STD WELD LR 90 ELBOW   
21                                   8 CS STD A420 WPL6 WELD LR 90 ELBOW   
22                  20 CARBON STEEL SCHEDULE 80 WLD LONG RADIUS 90 ELBOW   
23                     2 CARBON STEEL STANDARD WELD LONG RADIUS 90 ELBOW   
24                  2 STAINLESS STEEL SCHEDULE 80 316 L SMLS LR 90 ELBOW   

   CATEGORY                 TYPE PRIMARY_SIZE REDUCING_SIZE LENGTH  \
0   FITTING   LR 90 DEGREE ELBOW            2           NAN    NAN   
1   FITTING   LR 90 DEGREE ELBOW            2           NAN    NAN   
2   FITTING   LR 90 DEGREE ELBOW            2           NAN    NAN   
3   FITTING   LR 90 DEGREE ELBOW            2           NAN    NAN   
4   FITTING          LR 90 ELBOW          2.5           NAN    NAN   
5   FITTING   LR 90 DEGREE ELBOW            2           NAN    NAN   
6   FITTING   LR 90 DEGREE ELBOW            2           NAN    NAN   
7   FITTING   LR 90 DEGREE ELBOW            2           NAN    NAN   
8   FITTING          LR 90 ELBOW            2           NAN    NAN   
9   FITTING   LR 90 DEGREE ELBOW            2           NAN    NAN   
10  FITTING      90 DEGREE ELBOW            2           NAN    NAN   
11  FITTING   LR 90 DEGREE ELBOW            2           NAN    NAN   
12  FITTING   LR 90 DEGREE ELBOW            2           NAN    NAN   
13  FITTING   LR 90 DEGREE ELBOW            2           NAN    NAN   
14  FITTING   LR 90 DEGREE ELBOW            2           NAN    NAN   
15  FITTING          LR 90 ELBOW            2           NAN    NAN   
16  FITTING   LR 90 DEGREE ELBOW            2           NAN    NAN   
17  FITTING   LR 90 DEGREE ELBOW            2           NAN    NAN   
18  FITTING   LR 90 DEGREE ELBOW            2           NAN    NAN   
19  FITTING  22-0.5 DEGREE ELBOW            2           NAN    NAN   
20  FITTING   LR 90 DEGREE ELBOW            3             2    NAN   
21  FITTING   LR 90 DEGREE ELBOW            8           NAN    NAN   
22  FITTING   LR 90 DEGREE ELBOW           20           NAN    NAN   
23  FITTING   LR 90 DEGREE ELBOW            2           NAN    NAN   
24  FITTING   LR 90 DEGREE ELBOW            2           NAN    NAN   

      MATERIAL_NAME MATERIAL_SPECIFICATION MATERIAL_GRADE  ...  \
0           INCONEL                    825            NAN  ...   
1   STAINLESS STEEL                   A403         WP304L  ...   
2      CARBON STEEL                    WPB            NAN  ...   
3              2205                    NAN            NAN  ...   
4      CARBON STEEL                    NAN            NAN  ...   
5      CARBON STEEL                    NAN            NAN  ...   
6   STAINLESS STEEL                   A403            WPW  ...   
7   STAINLESS STEEL                   A403            WPW  ...   
8      CARBON STEEL                    NAN            NAN  ...   
9      CARBON STEEL                    NAN            NAN  ...   
10             CPVC                    NAN            NAN  ...   
11  STAINLESS STEEL                    NAN           304L  ...   
12  STAINLESS STEEL                   304L            NAN  ...   
13  STAINLESS STEEL                   304L            NAN  ...   
14  STAINLESS STEEL                   A403            WPW  ...   
15  STAINLESS STEEL                   A403            WPW  ...   
16  STAINLESS STEEL                   A403            WPW  ...   
17  STAINLESS STEEL                   A403            WPW  ...   
18             2205                    NAN            NAN  ...   
19             IRON                    NAN            NAN  ...   
20     CARBON STEEL                    NAN            NAN  ...   
21     CARBON STEEL                   A420           WPL6  ...   
22     CARBON STEEL                    NAN            NAN  ...   
23     CARBON STEEL                    NAN            NAN  ...   
24  STAINLESS STEEL                    NAN           316L  ...   

   PRIMARY_SCHEDULE REDUCING_SCHEDULE MANUFACTURING_PROCESS  END_FINISH  \
0                80               NAN                   NAN        WELD   
1                80               NAN                   NAN         NAN   
2               STD               NAN                   NAN  GALVANIZED   
3                80               NAN                  WELD         NAN   
4               STD               NAN                  WELD         NAN   
5               STD               NAN                WELDED         NAN   
6                80               NAN                   NAN         NAN   
7                80               NAN                   NAN         NAN   
8               STD               NAN                WELDED         NAN   
9               STD               NAN                WELDED         NAN   
10               80               NAN                   NAN         NAN   
11               80               NAN              SEAMLESS         NAN   
12               80               NAN              SEAMLESS         NAN   
13               80               NAN              SEAMLESS         NAN   
14               40               NAN                   NAN         NAN   
15               40               NAN                   NAN         NAN   
16               40               NAN                   NAN         NAN   
17               40               NAN                   NAN         NAN   
18               40               NAN                   NAN          BW   
19             SDR9               NAN            FABRICATED         NAN   
20              STD               NAN                   NAN          BW   
21              STD               NAN                  WELD         NAN   
22               80               NAN                WELDED         NAN   
23              STD               NAN                WELDED         NAN   
24               80               NAN              SEAMLESS         NAN   

   END_CONNECTIONS TRIM MISCELLANEOUS CONFIDENCE     id     score  
0              NAN  NAN           NAN       0.85  29862  0.827105  
1              NAN  NAN           NAN       0.95  36914  0.826062  
2               BW  NAN           NAN       0.90  24775  0.822295  
3              NAN  NAN           NAN       0.85  21452  0.821829  
4              NAN  NAN           NAN       0.80  24994  0.817082  
5              NAN  NAN           NAN       0.80  24772  0.814003  
6              NAN  NAN           NAN       0.95  36918  0.808958  
7              NAN  NAN           NAN       0.95  36919  0.808958  
8              NAN  NAN           NAN       0.85  24987  0.807942  
9              NAN  NAN           NAN       0.85  24759  0.807942  
10     SLIP X SLIP  NAN           NAN       0.95  28846  0.805621  
11             NAN  NAN           NAN       0.90  36915  0.804598  
12             NAN  NAN           NAN       0.95  36916  0.804598  
13             NAN  NAN           NAN       0.95  36917  0.804598  
14             NAN  NAN           NAN       0.95  36902  0.800557  
15             NAN  NAN           NAN       0.95  37130  0.800557  
16             NAN  NAN           NAN       0.95  36903  0.800557  
17             NAN  NAN           NAN       0.95  36901  0.800557  
18             NAN  NAN           NAN       0.85  21451  0.798120  
19             NAN  NAN       2-PIECE       0.80  42553  0.796979  
20             NAN  NAN           NAN       0.80  24841  0.796041  
21             NAN  NAN           NAN       0.90  24957  0.795415  
22             NAN  NAN           NAN       0.80  24779  0.794757  
23             NAN  NAN           NAN       0.80  24758  0.794122  
24             NAN  NAN           NAN       0.90  36920  0.793989  

[25 rows x 21 columns]",73,BAD
63,"6"" ELBOW 90D, SR, BW, ASME 16.28, WROUGHT STEEL, ASTM/ASME A/SA-234-WPB, SCH.STD",6 CARBON STEEL STANDARD WELD SHORT RADIUS 90 ELBOW,True,63,9,6.341544300000123,"       ID                                                DESCRIPTION CATEGORY  \
0   27554                    6 CARBON STEEL STANDARD WLD SR 90 ELBOW  FITTING   
1   27553                    6 CARBON STEEL STANDARD WLD SR 90 ELBOW  FITTING   
2   27557                                  6 CS STD WELD SR 90 ELBOW  FITTING   
3   27555               6 CARBON STEEL WPL6 STANDARD WLD SR 90 ELBOW  FITTING   
4   30269                                     6 STD 3R 90 WELD ELBOW  FITTING   
5   24909                    6 CARBON STEEL STANDARD 3R 90 WLD ELBOW  FITTING   
6   22295                    6 CARBON STEEL STANDARD 3R 90 WLD ELBOW  FITTING   
7   27552                   6 CARBON STEEL STANDARD WELD SR 90 ELBOW  FITTING   
8   24927                        6 CS STD A420 WPL6 WELD LR 90 ELBOW  FITTING   
9   43134         6 CARBON STEEL STANDARD WELD SHORT RADIUS 90 ELBOW  FITTING   
10  27466               1 CARBON STEEL WPL6 STANDARD WLD SR 90 ELBOW  FITTING   
11  22500                       6 CARBON STEEL STANDARD WLD 45 ELBOW  FITTING   
12  22501                       6 CARBON STEEL STANDARD WLD 45 ELBOW  FITTING   
13  22504                  6 CARBON STEEL WPL6 STANDARD WLD 45 ELBOW  FITTING   
14  22505                  6 CARBON STEEL WPL6 STANDARD WLD 45 ELBOW  FITTING   
15  24915      6 CARBON STEEL WPL6 STANDARD WLD LONG RADIUS 90 ELBOW  FITTING   
16  24916      6 CARBON STEEL WPL6 STANDARD WLD LONG RADIUS 90 ELBOW  FITTING   
17  24928                                  6 CS STD WELD LR 90 ELBOW  FITTING   
18  24911           6 CARBON STEEL STANDARD WLD LONG RADIUS 90 ELBOW  FITTING   
19  43107     6 CARBON STEEL WPL6 STANDARD WELD LONG RADIUS 90 ELBOW  FITTING   
20  43108     6 CARBON STEEL WPL6 STANDARD WELD LONG RADIUS 90 ELBOW  FITTING   
21  24914  6 CARBON STEEL WPL6 SCHEDULE 160 WLD LONG RADIUS 90 ELBOW  FITTING   
22  24910          6 CARBON STEEL STANDARD WELD LONG RADIUS 90 ELBOW  FITTING   
23  43689          6 CARBON STEEL STANDARD WELD LONG RADIUS 90 ELBOW  FITTING   
24  43309          6 CARBON STEEL STANDARD WELD LONG RADIUS 90 ELBOW  FITTING   

                     TYPE PRIMARY_SIZE REDUCING_SIZE LENGTH MATERIAL_NAME  \
0      SR 90 DEGREE ELBOW            6           NAN    NAN  CARBON STEEL   
1      SR 90 DEGREE ELBOW            6           NAN    NAN  CARBON STEEL   
2      SR 90 DEGREE ELBOW            6           NAN    NAN  CARBON STEEL   
3      SR 90 DEGREE ELBOW            6           NAN    NAN  CARBON STEEL   
4         90 DEGREE ELBOW            6           NAN    NAN           NAN   
5      LR 90 DEGREE ELBOW            6           NAN    NAN  CARBON STEEL   
6      3R 90 DEGREE ELBOW            6           NAN    NAN  CARBON STEEL   
7      SR 90 DEGREE ELBOW            6           NAN    NAN  CARBON STEEL   
8      LR 90 DEGREE ELBOW            6           NAN    NAN  CARBON STEEL   
9   SHORT RADIUS 90 ELBOW          6.0           NAN    NAN  CARBON STEEL   
10     SR 90 DEGREE ELBOW            1           NAN    NAN  CARBON STEEL   
11        45 DEGREE ELBOW            6           NAN    NAN  CARBON STEEL   
12        45 DEGREE ELBOW            6           NAN    NAN  CARBON STEEL   
13        45 DEGREE ELBOW            6           NAN    NAN  CARBON STEEL   
14        45 DEGREE ELBOW            6           NAN    NAN  CARBON STEEL   
15     LR 90 DEGREE ELBOW            6           NAN    NAN  CARBON STEEL   
16     LR 90 DEGREE ELBOW            6           NAN    NAN  CARBON STEEL   
17     LR 90 DEGREE ELBOW            6           NAN    NAN  CARBON STEEL   
18     LR 90 DEGREE ELBOW            6           NAN    NAN  CARBON STEEL   
19   LONG RADIUS 90 ELBOW          6.0           NAN    NAN  CARBON STEEL   
20   LONG RADIUS 90 ELBOW          6.0           NAN    NAN  CARBON STEEL   
21     LR 90 DEGREE ELBOW            6           NAN    NAN  CARBON STEEL   
22     LR 90 DEGREE ELBOW            6           NAN    NAN  CARBON STEEL   
23   LONG RADIUS 90 ELBOW          6.0           NAN    NAN  CARBON STEEL   
24   LONG RADIUS 90 ELBOW          6.0           NAN    NAN  CARBON STEEL   

   MATERIAL_SPECIFICATION MATERIAL_GRADE  ... PRIMARY_SCHEDULE  \
0                     NAN            NAN  ...              STD   
1                     NAN            NAN  ...              STD   
2                     NAN            NAN  ...              STD   
3                    WPL6            NAN  ...              STD   
4                     NAN            NAN  ...              STD   
5                     NAN            NAN  ...              STD   
6                     NAN            NAN  ...              STD   
7                     NAN            NAN  ...              STD   
8                    A420           WPL6  ...              STD   
9                     NAN            NAN  ...         STANDARD   
10                   WPL6            NAN  ...              STD   
11                    NAN            NAN  ...              STD   
12                    NAN            NAN  ...              STD   
13                   WPL6            NAN  ...              STD   
14                   WPL6            NAN  ...              STD   
15                   WPL6            NAN  ...              STD   
16                   WPL6            NAN  ...              STD   
17                    NAN            NAN  ...              STD   
18                    NAN            NAN  ...              STD   
19                   WPL6            NAN  ...         STANDARD   
20                   WPL6            NAN  ...         STANDARD   
21                   WPL6            NAN  ...              160   
22                    NAN            NAN  ...              STD   
23                    NAN            NAN  ...         STANDARD   
24                    NAN            NAN  ...         STANDARD   

   REDUCING_SCHEDULE MANUFACTURING_PROCESS END_FINISH END_CONNECTIONS TRIM  \
0                NAN                   NAN        NAN             NAN  NAN   
1                NAN                WELDED        NAN             NAN  NAN   
2                NAN                   NAN        NAN             NAN  NAN   
3                NAN                   NAN        NAN             NAN  NAN   
4                NAN                   NAN        NAN             NAN  NAN   
5                NAN                   NAN        NAN             NAN  NAN   
6                NAN                   NAN        NAN             NAN  NAN   
7                NAN                WELDED        NAN             NAN  NAN   
8                NAN                WELDED        NAN             NAN  NAN   
9                NAN                  WELD        NAN             NAN  NAN   
10               NAN                   NAN        NAN              BW  NAN   
11               NAN                   NAN       WELD             NAN  NAN   
12               NAN                   NAN        NAN             NAN  NAN   
13               NAN                WELDED        NAN             NAN  NAN   
14               NAN                   NAN       WELD             NAN  NAN   
15               NAN                WELDED        NAN             NAN  NAN   
16               NAN                   NAN         BW             NAN  NAN   
17               NAN                WELDED        NAN             NAN  NAN   
18               NAN                   NAN         BW             NAN  NAN   
19               NAN                WELDED        NAN             NAN  NAN   
20               NAN                  WELD        NAN             NAN  NAN   
21               NAN                  WELD        NAN             NAN  NAN   
22               NAN                WELDED        NAN             NAN  NAN   
23               NAN                  WELD        NAN       BUTT WELD  NAN   
24               NAN                   NAN         BW       BUTT WELD  NAN   

   MISCELLANEOUS CONFIDENCE     id     score  
0            NAN       0.80  27554  0.825033  
1            NAN       0.85  27553  0.825033  
2            NAN       0.80  27557  0.822348  
3            NAN       0.85  27555  0.821507  
4             3R       0.80  30269  0.820591  
5            NAN       0.80  24909  0.818650  
6            NAN       0.80  22295  0.818650  
7            NAN       0.80  27552  0.817771  
8            NAN       0.85  24927  0.817005  
9   SHORT RADIUS       0.80  43134  0.809449  
10           NAN       0.90  27466  0.807429  
11           NAN       0.80  22500  0.805315  
12           NAN       0.80  22501  0.805315  
13           NAN       0.85  22504  0.803927  
14           NAN       0.80  22505  0.803927  
15           NAN       0.90  24915  0.803408  
16           NAN       0.90  24916  0.803408  
17           NAN       0.80  24928  0.803308  
18           NAN       0.80  24911  0.802921  
19   LONG RADIUS       0.90  43107  0.802393  
20           NAN       0.90  43108  0.802393  
21           NAN       0.90  24914  0.801612  
22           NAN       0.85  24910  0.801442  
23           NAN       0.80  43689  0.801442  
24           NAN       0.80  43309  0.801442  

[25 rows x 21 columns]",35,BAD
64,"2 45 DEGREE LONG RADIUS ELBOW , ASME B16.9 , BEVELED END , ASTM A420 GRADE WPL6 , TYPE W S-XS",2 CARBON STEEL WPL6 SCHEDULE XH WELD 45 ELBOW,True,64,21,6.532690199999934,"       ID                                                DESCRIPTION CATEGORY  \
0   24765      2 CARBON STEEL WPL6 STANDARD WLD LONG RADIUS 90 ELBOW  FITTING   
1   24764      2 CARBON STEEL WPL6 STANDARD WLD LONG RADIUS 90 ELBOW  FITTING   
2   24517  2 CARBON STEEL WPL6 SCHEDULE 160 LONG RADIUS 45 WLD ELBOW  FITTING   
3   24516  2 CARBON STEEL WPL6 SCHEDULE 160 LONG RADIUS 45 WLD ELBOW  FITTING   
4   42866     2 CARBON STEEL WPL6 STANDARD WELD LONG RADIUS 90 ELBOW  FITTING   
5   24777  2 X 1 CARBON STEEL WPL6 STANDARD WLD LONG RADIUS 90 ELBOW  FITTING   
6   42861                 2 CARBON STEEL WPL6 STANDARD WELD 45 ELBOW  FITTING   
7   22420                  2 CARBON STEEL WPL6 STANDARD WLD 45 ELBOW  FITTING   
8   24619      1 CARBON STEEL WPL6 STANDARD WLD LONG RADIUS 90 ELBOW  FITTING   
9   24620      1 CARBON STEEL WPL6 STANDARD WLD LONG RADIUS 90 ELBOW  FITTING   
10  24796  2-0.5 CARBON STEEL WPL6 STANDARD WLD LONG RADIUS 90 ELBOW  FITTING   
11  24797  2-0.5 CARBON STEEL WPL6 STANDARD WLD LONG RADIUS 90 ELBOW  FITTING   
12  22510                           6 CS STD A420 WPL6 WELD 45 ELBOW  FITTING   
13  24489  1 CARBON STEEL WPL6 SCHEDULE 160 WLD LONG RADIUS 45 ELBOW  FITTING   
14  24760   2 CARBON STEEL WPL6 EXTRA HEAVY WLD LONG RADIUS 90 ELBOW  FITTING   
15  24761   2 CARBON STEEL WPL6 EXTRA HEAVY WLD LONG RADIUS 90 ELBOW  FITTING   
16  24762  2 CARBON STEEL WPL6 SCHEDULE 160 WLD LONG RADIUS 90 ELBOW  FITTING   
17  24763  2 CARBON STEEL WPL6 SCHEDULE 160 WLD LONG RADIUS 90 ELBOW  FITTING   
18  24915      6 CARBON STEEL WPL6 STANDARD WLD LONG RADIUS 90 ELBOW  FITTING   
19  24916      6 CARBON STEEL WPL6 STANDARD WLD LONG RADIUS 90 ELBOW  FITTING   
20  24785     20 CARBON STEEL WPL6 STANDARD WLD LONG RADIUS 90 ELBOW  FITTING   
21  42860              2 CARBON STEEL WPL6 SCHEDULE XH WELD 45 ELBOW  FITTING   
22  42862              2 CARBON STEEL WPL6 SCHEDULE XH WELD 45 ELBOW  FITTING   
23  22350                  1 CARBON STEEL WPL6 STANDARD WLD 45 ELBOW  FITTING   
24  43108     6 CARBON STEEL WPL6 STANDARD WELD LONG RADIUS 90 ELBOW  FITTING   

                    TYPE PRIMARY_SIZE REDUCING_SIZE LENGTH MATERIAL_NAME  \
0     LR 90 DEGREE ELBOW            2           NAN    NAN  CARBON STEEL   
1     LR 90 DEGREE ELBOW            2           NAN    NAN  CARBON STEEL   
2     LR 45 DEGREE ELBOW            2           NAN    NAN  CARBON STEEL   
3     LR 45 DEGREE ELBOW            2           NAN    NAN  CARBON STEEL   
4   LONG RADIUS 90 ELBOW          2.0           NAN    NAN  CARBON STEEL   
5     LR 90 DEGREE ELBOW            2             1    NAN  CARBON STEEL   
6        45 DEGREE ELBOW          2.0           NAN    NAN  CARBON STEEL   
7        45 DEGREE ELBOW            2           NAN    NAN  CARBON STEEL   
8     LR 90 DEGREE ELBOW            1           NAN    NAN  CARBON STEEL   
9     LR 90 DEGREE ELBOW            1           NAN    NAN  CARBON STEEL   
10    LR 90 DEGREE ELBOW          2.5           NAN    NAN  CARBON STEEL   
11    LR 90 DEGREE ELBOW          2.5           NAN    NAN  CARBON STEEL   
12       45 DEGREE ELBOW            6           NAN    NAN  CARBON STEEL   
13    LR 45 DEGREE ELBOW            1           NAN    NAN  CARBON STEEL   
14    LR 90 DEGREE ELBOW            2           NAN    NAN  CARBON STEEL   
15    LR 90 DEGREE ELBOW            2           NAN    NAN  CARBON STEEL   
16    LR 90 DEGREE ELBOW            2           NAN    NAN  CARBON STEEL   
17    LR 90 DEGREE ELBOW            2           NAN    NAN  CARBON STEEL   
18    LR 90 DEGREE ELBOW            6           NAN    NAN  CARBON STEEL   
19    LR 90 DEGREE ELBOW            6           NAN    NAN  CARBON STEEL   
20    LR 90 DEGREE ELBOW           20           NAN    NAN  CARBON STEEL   
21              45 ELBOW          2.0           NAN    NAN  CARBON STEEL   
22       45 DEGREE ELBOW          2.0           NAN    NAN  CARBON STEEL   
23       45 DEGREE ELBOW            1           NAN    NAN  CARBON STEEL   
24  LONG RADIUS 90 ELBOW          6.0           NAN    NAN  CARBON STEEL   

   MATERIAL_SPECIFICATION MATERIAL_GRADE  ... PRIMARY_SCHEDULE  \
0                    WPL6            NAN  ...              STD   
1                    WPL6            NAN  ...              STD   
2                    WPL6            NAN  ...              160   
3                    WPL6            NAN  ...              160   
4                    WPL6            NAN  ...         STANDARD   
5                    WPL6            NAN  ...              STD   
6                    WPL6            NAN  ...         STANDARD   
7                    WPL6            NAN  ...              STD   
8                    WPL6            NAN  ...              STD   
9                    WPL6            NAN  ...              STD   
10                   WPL6            NAN  ...              STD   
11                   WPL6            NAN  ...              STD   
12                   A420           WPL6  ...              STD   
13                   WPL6            NAN  ...              160   
14                   WPL6            NAN  ...               XH   
15                   WPL6            NAN  ...               XH   
16                   WPL6            NAN  ...              160   
17                   WPL6            NAN  ...              160   
18                   WPL6            NAN  ...              STD   
19                   WPL6            NAN  ...              STD   
20                   WPL6            NAN  ...              STD   
21                   WPL6            NAN  ...               XH   
22                   WPL6            NAN  ...               XH   
23                   WPL6            NAN  ...              STD   
24                   WPL6            NAN  ...         STANDARD   

   REDUCING_SCHEDULE MANUFACTURING_PROCESS END_FINISH END_CONNECTIONS TRIM  \
0                NAN                   NAN         BW             NAN  NAN   
1                NAN                WELDED        NAN             NAN  NAN   
2                NAN                   NAN        NAN             NAN  NAN   
3                NAN                   NAN        NAN             NAN  NAN   
4                NAN                  WELD        NAN             NAN  NAN   
5                NAN                   NAN        NAN             NAN  NAN   
6                NAN                  WELD        NAN             NAN  NAN   
7                NAN                WELDED        NAN             NAN  NAN   
8                NAN                   NAN        NAN              BW  NAN   
9                NAN                   NAN        NAN              BW  NAN   
10               NAN                   NAN        NAN             NAN  NAN   
11               NAN                   NAN        NAN             NAN  NAN   
12               NAN                  WELD        NAN             NAN  NAN   
13               NAN                   NAN       WELD              BW  NAN   
14               NAN                  WELD        NAN             NAN  NAN   
15               NAN                  WELD        NAN             NAN  NAN   
16               NAN                   NAN       WELD             NAN  NAN   
17               NAN                   NAN       WELD             NAN  NAN   
18               NAN                WELDED        NAN             NAN  NAN   
19               NAN                   NAN         BW             NAN  NAN   
20               NAN                   NAN         BW             NAN  NAN   
21               NAN                  WELD        NAN             NAN  NAN   
22               NAN                  WELD        NAN             NAN  NAN   
23               NAN                   NAN         BW             NAN  NAN   
24               NAN                  WELD        NAN             NAN  NAN   

   MISCELLANEOUS CONFIDENCE     id     score  
0            NAN       0.90  24765  0.850454  
1            NAN       0.90  24764  0.850454  
2            NAN       0.95  24517  0.849626  
3            NAN       0.90  24516  0.849626  
4            NAN       0.90  42866  0.848500  
5            NAN       0.90  24777  0.839896  
6            NAN       0.80  42861  0.838744  
7            NAN       0.85  22420  0.838324  
8            NAN       0.90  24619  0.834973  
9            NAN       0.90  24620  0.834973  
10   LONG RADIUS       0.85  24796  0.834164  
11           NAN       0.90  24797  0.834164  
12           NAN       0.90  22510  0.832614  
13           NAN       0.95  24489  0.830707  
14           NAN       0.90  24760  0.829675  
15           NAN       0.90  24761  0.829675  
16           NAN       0.90  24762  0.829032  
17           NAN       0.95  24763  0.829032  
18           NAN       0.90  24915  0.825699  
19           NAN       0.90  24916  0.825699  
20           NAN       0.90  24785  0.824034  
21           NAN       0.80  42860  0.822608  
22           NAN       0.90  42862  0.822608  
23           NAN       0.85  22350  0.822606  
24           NAN       0.90  43108  0.821569  

[25 rows x 21 columns]",36,BAD
65,"NIPPLE, SWAGE, SEAMLESS, 4"" X 2"", THREADED, SCH XH, ZINC COATED",4 X 2 GALVANIZED SCHEDULE XH CONCENTRIC SOCKETWELD SWAGE THREADED BOTH ENDS,True,65,2,2.150311800000054,"       ID  \
0   43640   
1   43630   
2   43614   
3   29196   
4   29195   
5   42078   
6   42077   
7   29197   
8   33342   
9   42082   
10  26227   
11  33353   
12  29194   
13  43627   
14  43578   
15  29269   
16  38800   
17  27652   
18  26256   
19  26251   
20  33358   
21  43570   
22  33405   
23  26257   
24  33388   

                                                                    DESCRIPTION  \
0                             2 X 4 GALVANIZED SCHEDULE XH SEAMLESS A106 NIPPLE   
1                                  2 X 4 BLACK SCHEDULE XH SEAMLESS A106 NIPPLE   
2   4 X 2 GALVANIZED SCHEDULE XH CONCENTRIC SOCKETWELD SWAGE THREADED BOTH ENDS   
3              4 X 2 GALVANIZED EXTRA HEAVY CONCENTRIC SWAGE THREADED BOTH ENDS   
4              4 X 2 GALVANIZED EXTRA HEAVY CONCENTRIC SWAGE THREADED BOTH ENDS   
5                                                 4 X 4 GALVANIZED STEEL NIPPLE   
6                                                 4 X 4 GALVANIZED STEEL NIPPLE   
7                 4 X 2 GALVANIZED STANDARD CONCENTRIC SWAGE THREADED BOTH ENDS   
8       2 X 1 GALVANIZED EXTRA HEAVY CONCENTRIC SWAGE NIPPLE THREADED BOTH ENDS   
9                                               4X4-0.5 GALVANIZED STEEL NIPPLE   
10                        4 X 4 BLACK SCHEDULE 40 STEEL NIPPLE GROOVED X THREAD   
11    2 X 0.5 GALVANIZED EXTRA HEAVY CONCENTRIC SWAGE NIPPLE THREADED BOTH ENDS   
12        4 X 1-0.25 GALVANIZED EXTRA HEAVY CONCENTRIC SWAGE THREADED BOTH ENDS   
13                             1-0.5 X 4 BLACK SCHEDULE XH SEAMLESS A106 NIPPLE   
14                              0.75 X 4 BLACK SCHEDULE XH SEAMLESS A106 NIPPLE   
15  2 X 1-0.5 GALVANIZED EXTRA HEAVY CONCENTRIC SWAGE NIPPLE THREADED BOTH ENDS   
16                                4 X 4 STAINLESS STEEL SCHEDULE 40 304L NIPPLE   
17        1-0.25 X 0.5 CARBON STEEL EXTRA HEAVY THREADED BOTH ENDS SWAGE NIPPLE   
18                                                4 X 8 GALVANIZED STEEL NIPPLE   
19                            4 X 6 GALVANIZED EXTRA HEAVY SEAMLESS A106 NIPPLE   
20                     2 X 0.5 SCHEDULE 80 SWAGE NIPPLE THREADED BOTH ENDS LRES   
21                             2 X 2-0.5 BLACK SCHEDULE XH SEAMLESS A106 NIPPLE   
22                4 X 3 SCHEDULE 160 CONCENTRIC SWAGE NIPPLE THREADED BOTH ENDS   
23                              4 X 9 BLACK SCHEDULE 40 NIPPLE THREADED ONE END   
24            0.75 X 0.5 GALVANIZED EXTRA HEAVY THREADED BOTH ENDS SWAGE NIPPLE   

   CATEGORY                TYPE PRIMARY_SIZE REDUCING_SIZE LENGTH  \
0      PIPE              NIPPLE          2.0           4.0    NAN   
1      PIPE              NIPPLE          2.0           4.0    NAN   
2   FITTING  CONCENTRIC REDUCER          4.0           2.0    NAN   
3   FITTING    CONCENTRIC SWAGE            4             2    NAN   
4   FITTING    CONCENTRIC SWAGE            4             2    NAN   
5   FITTING              NIPPLE            4           NAN      4   
6   FITTING              NIPPLE            4           NAN      4   
7   FITTING    CONCENTRIC SWAGE            4             2    NAN   
8   FITTING        SWAGE NIPPLE            2             1    NAN   
9   FITTING              NIPPLE            4           NAN    4.5   
10  FITTING              NIPPLE            4           NAN      4   
11  FITTING        SWAGE NIPPLE            2           0.5    NAN   
12  FITTING    CONCENTRIC SWAGE            4          1.25    NAN   
13     PIPE              NIPPLE          1.5           4.0    NAN   
14     PIPE              NIPPLE         0.75           NAN    4.0   
15  FITTING        SWAGE NIPPLE            2           1.5    NAN   
16  FITTING              NIPPLE            4           NAN    NAN   
17  FITTING        SWAGE NIPPLE         1.25           0.5    NAN   
18  FITTING              NIPPLE            4           NAN      8   
19  FITTING              NIPPLE            4             6    NAN   
20  FITTING        SWAGE NIPPLE            2           0.5    NAN   
21     PIPE              NIPPLE          2.0           2.5    NAN   
22  FITTING        SWAGE NIPPLE            4             3    NAN   
23  FITTING              NIPPLE            4           NAN      9   
24  FITTING        SWAGE NIPPLE         0.75           0.5    NAN   

      MATERIAL_NAME MATERIAL_SPECIFICATION MATERIAL_GRADE  ...  \
0      CARBON STEEL                   A106            NAN  ...   
1      CARBON STEEL                   A106            NAN  ...   
2               NAN                    NAN            NAN  ...   
3        GALVANIZED                    NAN            NAN  ...   
4        GALVANIZED                    NAN            NAN  ...   
5             STEEL                    NAN            NAN  ...   
6             STEEL                    NAN            NAN  ...   
7        GALVANIZED                    NAN            NAN  ...   
8               NAN                    NAN            NAN  ...   
9             STEEL                    NAN            NAN  ...   
10     CARBON STEEL                    NAN            NAN  ...   
11              NAN                    NAN            NAN  ...   
12       GALVANIZED                    NAN            NAN  ...   
13     CARBON STEEL                   A106            NAN  ...   
14     CARBON STEEL                   A106            NAN  ...   
15       GALVANIZED                    NAN            NAN  ...   
16  STAINLESS STEEL                    NAN           304L  ...   
17     CARBON STEEL                    NAN            NAN  ...   
18     CARBON STEEL                    NAN            NAN  ...   
19     CARBON STEEL                   A106            NAN  ...   
20              NAN                    NAN            NAN  ...   
21     CARBON STEEL                   A106            NAN  ...   
22              NAN                    NAN            NAN  ...   
23     CARBON STEEL                    NAN            NAN  ...   
24              NAN                    NAN            NAN  ...   

   PRIMARY_SCHEDULE REDUCING_SCHEDULE MANUFACTURING_PROCESS    END_FINISH  \
0       EXTRA HEAVY               NAN              SEAMLESS    GALVANIZED   
1       EXTRA HEAVY               NAN              SEAMLESS           NAN   
2                XH               NAN                   NAN    GALVANIZED   
3                XH               NAN                   NAN           NAN   
4                XH               NAN                   NAN           THD   
5               NAN               NAN                   NAN    GALVANIZED   
6               NAN               NAN                   NAN    GALVANIZED   
7               STD               NAN                   NAN           NAN   
8                XH               NAN                   NAN           NAN   
9               NAN               NAN                   NAN    GALVANIZED   
10               40               NAN                   NAN         BLACK   
11               XH               NAN                   NAN    GALVANIZED   
12               XH               NAN                   NAN           NAN   
13      EXTRA HEAVY               NAN              SEAMLESS           NAN   
14      EXTRA HEAVY               NAN              SEAMLESS           NAN   
15               XH               NAN                   NAN           NAN   
16               40               NAN                   NAN           NAN   
17               XH               NAN                   NAN           NAN   
18              NAN               NAN                   NAN    GALVANIZED   
19               XH               NAN              SEAMLESS           NAN   
20               80               NAN                   NAN  LOW RESIDUAL   
21      EXTRA HEAVY               NAN              SEAMLESS         BLACK   
22              160               NAN                   NAN           NAN   
23               40               NAN                   NAN           NAN   
24               XH               NAN                   NAN    GALVANIZED   

   END_CONNECTIONS TRIM          MISCELLANEOUS CONFIDENCE     id     score  
0              NAN  NAN                    NAN       0.80  43640  0.825511  
1              NAN  NAN                  BLACK       0.80  43630  0.801257  
2              THD  NAN       SOCKETWELD SWAGE       0.80  43614  0.783950  
3         SW X THD  NAN                    NAN       0.80  29196  0.783670  
4        THD X THD  NAN             SOCKETWELD       0.80  29195  0.783670  
5              NAN  NAN                    NAN       0.80  42078  0.774061  
6              NAN  NAN                    NAN       0.80  42077  0.774061  
7        THD X THD  NAN             SOCKETWELD       0.80  29197  0.773822  
8        THD X THD  NAN             GALVANIZED       0.80  33342  0.769223  
9              NAN  NAN                    NAN       0.80  42082  0.768633  
10   GROOVED X THD  NAN                    NAN       0.80  26227  0.760198  
11        SW X THD  NAN                    NAN       0.80  33353  0.757627  
12       THD X THD  NAN                    NAN       0.90  29194  0.756183  
13             NAN  NAN                  BLACK       0.80  43627  0.755043  
14             NAN  NAN                  BLACK       0.90  43578  0.754691  
15       THD X THD  NAN  CONCENTRIC SOCKETWELD       0.80  29269  0.752164  
16             NAN  NAN                    NAN       0.80  38800  0.751225  
17        THD X SW  NAN                    NAN       0.85  27652  0.750318  
18             NAN  NAN                    NAN       0.85  26256  0.750061  
19             NAN  NAN             GALVANIZED       0.90  26251  0.749724  
20       THD X THD  NAN             SOCKETWELD       0.80  33358  0.747425  
21             NAN  NAN                    NAN       0.80  43570  0.744059  
22       THD X THD  NAN  CONCENTRIC SOCKETWELD       0.80  33405  0.743540  
23        THD X PE  NAN                  BLACK       0.80  26257  0.742561  
24        THD X SW  NAN                    NAN       0.85  33388  0.742016  

[25 rows x 21 columns]",35,BAD
66,"6"" TRIMMED ELBOW 90D, LR, BW, ASME 16.9, WROUGHT STEEL, ASTM/ASME A/SA-234-WPB, SCH.STD (60.00)",6 CARBON STEEL STANDARD WELD LONG RADIUS 90 ELBOW,True,66,29,5.963576099999955,"       ID                                                 DESCRIPTION  \
0   24927                         6 CS STD A420 WPL6 WELD LR 90 ELBOW   
1   22295                     6 CARBON STEEL STANDARD 3R 90 WLD ELBOW   
2   24909                     6 CARBON STEEL STANDARD 3R 90 WLD ELBOW   
3   24914   6 CARBON STEEL WPL6 SCHEDULE 160 WLD LONG RADIUS 90 ELBOW   
4   24916       6 CARBON STEEL WPL6 STANDARD WLD LONG RADIUS 90 ELBOW   
5   24915       6 CARBON STEEL WPL6 STANDARD WLD LONG RADIUS 90 ELBOW   
6   37081      6 STAINLESS STEEL SCHEDULE 80 304L LR 90 ELBOW A403WPW   
7   24911            6 CARBON STEEL STANDARD WLD LONG RADIUS 90 ELBOW   
8   24932                               6 X 3 CS STD WELD LR 90 ELBOW   
9   27553                     6 CARBON STEEL STANDARD WLD SR 90 ELBOW   
10  27554                     6 CARBON STEEL STANDARD WLD SR 90 ELBOW   
11  43105  6 CARBON STEEL WPL6 SCHEDULE 160 WELD LONG RADIUS 90 ELBOW   
12  27555                6 CARBON STEEL WPL6 STANDARD WLD SR 90 ELBOW   
13  37077     6 STAINLESS STEEL SCHEDULE 40 316 L LR 90 ELBOW A403WPW   
14  37076     6 STAINLESS STEEL SCHEDULE 40 316 L LR 90 ELBOW A403WPW   
15  37075     6 STAINLESS STEEL SCHEDULE 40 316 L LR 90 ELBOW A403WPW   
16  43107      6 CARBON STEEL WPL6 STANDARD WELD LONG RADIUS 90 ELBOW   
17  43108      6 CARBON STEEL WPL6 STANDARD WELD LONG RADIUS 90 ELBOW   
18  24928                                   6 CS STD WELD LR 90 ELBOW   
19  37138      6 STAINLESS STEEL SCHEDULE 40 304L LR 90 ELBOW A403WPW   
20  37070      6 STAINLESS STEEL SCHEDULE 40 304L LR 90 ELBOW A403WPW   
21  37071      6 STAINLESS STEEL SCHEDULE 40 304L LR 90 ELBOW A403WPW   
22  30269                                      6 STD 3R 90 WELD ELBOW   
23   4467                     6 INCL SCHEDULE 80 600 WELD LR 90 ELBOW   
24  24617   1 CARBON STEEL WPL6 SCHEDULE 160 WLD LONG RADIUS 90 ELBOW   

   CATEGORY                  TYPE PRIMARY_SIZE REDUCING_SIZE LENGTH  \
0   FITTING    LR 90 DEGREE ELBOW            6           NAN    NAN   
1   FITTING    3R 90 DEGREE ELBOW            6           NAN    NAN   
2   FITTING    LR 90 DEGREE ELBOW            6           NAN    NAN   
3   FITTING    LR 90 DEGREE ELBOW            6           NAN    NAN   
4   FITTING    LR 90 DEGREE ELBOW            6           NAN    NAN   
5   FITTING    LR 90 DEGREE ELBOW            6           NAN    NAN   
6   FITTING    LR 90 DEGREE ELBOW            6           NAN    NAN   
7   FITTING    LR 90 DEGREE ELBOW            6           NAN    NAN   
8   FITTING    LR 90 DEGREE ELBOW            6             3    NAN   
9   FITTING    SR 90 DEGREE ELBOW            6           NAN    NAN   
10  FITTING    SR 90 DEGREE ELBOW            6           NAN    NAN   
11  FITTING  LONG RADIUS 90 ELBOW          6.0           NAN    NAN   
12  FITTING    SR 90 DEGREE ELBOW            6           NAN    NAN   
13  FITTING    LR 90 DEGREE ELBOW            6           NAN    NAN   
14  FITTING    LR 90 DEGREE ELBOW            6           NAN    NAN   
15  FITTING    LR 90 DEGREE ELBOW            6           NAN    NAN   
16  FITTING  LONG RADIUS 90 ELBOW          6.0           NAN    NAN   
17  FITTING  LONG RADIUS 90 ELBOW          6.0           NAN    NAN   
18  FITTING    LR 90 DEGREE ELBOW            6           NAN    NAN   
19  FITTING           LR 90 ELBOW            6           NAN    NAN   
20  FITTING    LR 90 DEGREE ELBOW            6           NAN    NAN   
21  FITTING    LR 90 DEGREE ELBOW            6           NAN    NAN   
22  FITTING       90 DEGREE ELBOW            6           NAN    NAN   
23  FITTING    LR 90 DEGREE ELBOW            6           NAN    NAN   
24  FITTING    LR 90 DEGREE ELBOW            1           NAN    NAN   

      MATERIAL_NAME MATERIAL_SPECIFICATION MATERIAL_GRADE  ...  \
0      CARBON STEEL                   A420           WPL6  ...   
1      CARBON STEEL                    NAN            NAN  ...   
2      CARBON STEEL                    NAN            NAN  ...   
3      CARBON STEEL                   WPL6            NAN  ...   
4      CARBON STEEL                   WPL6            NAN  ...   
5      CARBON STEEL                   WPL6            NAN  ...   
6   STAINLESS STEEL                   A403            WPW  ...   
7      CARBON STEEL                    NAN            NAN  ...   
8      CARBON STEEL                    NAN            NAN  ...   
9      CARBON STEEL                    NAN            NAN  ...   
10     CARBON STEEL                    NAN            NAN  ...   
11     CARBON STEEL                   WPL6            NAN  ...   
12     CARBON STEEL                   WPL6            NAN  ...   
13  STAINLESS STEEL                   A403            WPW  ...   
14  STAINLESS STEEL                   A403            WPW  ...   
15  STAINLESS STEEL                   A403            WPW  ...   
16     CARBON STEEL                   WPL6            NAN  ...   
17     CARBON STEEL                   WPL6            NAN  ...   
18     CARBON STEEL                    NAN            NAN  ...   
19  STAINLESS STEEL                   A403            WPW  ...   
20  STAINLESS STEEL                   A403            WPW  ...   
21  STAINLESS STEEL                   A403            WPW  ...   
22              NAN                    NAN            NAN  ...   
23              NAN                    NAN            NAN  ...   
24     CARBON STEEL                   WPL6            NAN  ...   

   PRIMARY_SCHEDULE REDUCING_SCHEDULE MANUFACTURING_PROCESS END_FINISH  \
0               STD               NAN                WELDED        NAN   
1               STD               NAN                   NAN        NAN   
2               STD               NAN                   NAN        NAN   
3               160               NAN                  WELD        NAN   
4               STD               NAN                   NAN         BW   
5               STD               NAN                WELDED        NAN   
6                80               NAN                   NAN        NAN   
7               STD               NAN                   NAN         BW   
8               STD               NAN                WELDED         BW   
9               STD               NAN                WELDED        NAN   
10              STD               NAN                   NAN        NAN   
11              160               NAN                  WELD        NAN   
12              STD               NAN                   NAN        NAN   
13               40               NAN                   NAN        NAN   
14               40               NAN                   NAN        NAN   
15               40               NAN                   NAN        NAN   
16         STANDARD               NAN                WELDED        NAN   
17         STANDARD               NAN                  WELD        NAN   
18              STD               NAN                WELDED        NAN   
19               40               NAN                   NAN        NAN   
20               40               NAN                   NAN        NAN   
21               40               NAN                   NAN        NAN   
22              STD               NAN                   NAN        NAN   
23               80               NAN                   NAN       WELD   
24              160               NAN                   NAN       WELD   

   END_CONNECTIONS TRIM MISCELLANEOUS CONFIDENCE     id     score  
0              NAN  NAN           NAN       0.85  24927  0.837377  
1              NAN  NAN           NAN       0.80  22295  0.833997  
2              NAN  NAN           NAN       0.80  24909  0.833997  
3              NAN  NAN           NAN       0.90  24914  0.833529  
4              NAN  NAN           NAN       0.90  24916  0.830045  
5              NAN  NAN           NAN       0.90  24915  0.830045  
6              NAN  NAN           NAN       0.95  37081  0.828593  
7              NAN  NAN           NAN       0.80  24911  0.827636  
8              NAN  NAN           NAN       0.80  24932  0.827559  
9              NAN  NAN           NAN       0.85  27553  0.826521  
10             NAN  NAN           NAN       0.80  27554  0.826521  
11       BUTT WELD  NAN           NAN       0.90  43105  0.826492  
12             NAN  NAN           NAN       0.85  27555  0.826326  
13             NAN  NAN           NAN       0.95  37077  0.823642  
14             NAN  NAN           NAN       0.95  37076  0.823642  
15             NAN  NAN           NAN       0.90  37075  0.823642  
16             NAN  NAN   LONG RADIUS       0.90  43107  0.823245  
17             NAN  NAN           NAN       0.90  43108  0.823245  
18             NAN  NAN           NAN       0.80  24928  0.823197  
19             NAN  NAN           NAN       0.95  37138  0.822720  
20             NAN  NAN           NAN       0.95  37070  0.822720  
21             NAN  NAN           NAN       0.95  37071  0.822720  
22             NAN  NAN            3R       0.80  30269  0.822651  
23             NAN  NAN           NAN       0.80   4467  0.820649  
24              BW  NAN           NAN       0.90  24617  0.819818  

[25 rows x 21 columns]",98,BAD
67,"FLANGE:RF SW,1IN,300LB,XH,A105B","1"" 300 SOCKETWELD FLANGE A105 CARBON STEEL SCHEDULE XH RAISED FACE",True,67,0,4.968322799999896,"       ID  \
0   43397   
1   43356   
2    3126   
3   43361   
4   43406   
5   43359   
6   15491   
7   15438   
8   43355   
9   43354   
10  15686   
11  15421   
12  11540   
13  43352   
14  43357   
15  14325   
16  11508   
17  11378   
18  11529   
19  43405   
20  43358   
21  42655   
22  15524   
23  43404   
24  43334   

                                                               DESCRIPTION  \
0       1"" 300 SOCKETWELD FLANGE A105 CARBON STEEL SCHEDULE XH RAISED FACE   
1       1"" 300 SOCKETWELD FLANGE A105 CARBON STEEL SCHEDULE XH RAISED FACE   
2                                       1-0.5 CS 300 XXH RF SW FLANGE LRES   
3   1-0.5 CARBON STEEL 300 SCHEDULE XH RAISED FACE SOCKETWELD FLANGE A105N   
4   1-0.5 CARBON STEEL 300 SCHEDULE XH RAISED FACE SOCKETWELD FLANGE A105N   
5   1-0.5 CARBON STEEL 300 SCHEDULE XH RAISED FACE SOCKETWELD FLANGE A105N   
6                               1 STAINLESS STEEL 304L 300 XH RF WN FLANGE   
7                        1-0.5 STAINLESS STEEL 304L 300 XH RF SWEAT FLANGE   
8       1"" 150 SOCKETWELD FLANGE A105 CARBON STEEL SCHEDULE XH RAISED FACE   
9       1"" 150 SOCKETWELD FLANGE A105 CARBON STEEL SCHEDULE XH RAISED FACE   
10                           1 STAINLESS STEEL 304L 300 XH RF SWEAT FLANGE   
11                             1 STAINLESS STEEL 304L 300 STD RF SW FLANGE   
12                          1-0.5 STAINLESS STEEL 304L 150 XH RF WN FLANGE   
13      1"" 600 SOCKETWELD FLANGE A105 CARBON STEEL SCHEDULE XH RAISED FACE   
14      1"" 600 SOCKETWELD FLANGE A105 CARBON STEEL SCHEDULE XH RAISED FACE   
15                                  1-0.5 CS 300 XXH RAISED FACE SW FLANGE   
16                              1 STAINLESS STEEL 304L 150 XH RF WN FLANGE   
17                       1-0.5 STAINLESS STEEL 304L 150 XH RF SWEAT FLANGE   
18                             10 STAINLESS STEEL 304L 150 XH RF WN FLANGE   
19    0.5 CARBON STEEL 300 SCHEDULE XH RAISED FACE SOCKETWELD FLANGE A105N   
20    0.5 CARBON STEEL 300 SCHEDULE XH RAISED FACE SOCKETWELD FLANGE A105N   
21           1"" 300 SOCKETWELD FLANGE CARBON STEEL SCHEDULE XH RAISED FACE   
22                         1-0.5 STAINLESS STEEL 316 L 300 XH RF WN FLANGE   
23                       1"" 300 BLIND FLANGE A105 CARBON STEEL RAISED FACE   
24                       1"" 300 BLIND FLANGE A105 CARBON STEEL RAISED FACE   

   CATEGORY                           TYPE PRIMARY_SIZE REDUCING_SIZE LENGTH  \
0    FLANGE                    SOCKET WELD          1.0           NAN    NAN   
1    FLANGE                    SOCKET WELD          1.0           NAN    NAN   
2    FLANGE  RAISED FACE SOCKETWELD FLANGE          1.5           NAN    NAN   
3    FLANGE                    SOCKET WELD          1.5           NAN    NAN   
4    FLANGE                    SOCKET WELD          1.5           NAN    NAN   
5    FLANGE                    SOCKET WELD          1.5           NAN    NAN   
6    FLANGE   RAISED FACE WELD NECK FLANGE            1           NAN    NAN   
7    FLANGE  RAISED FACE SOCKETWELD FLANGE          1.5           NAN    NAN   
8    FLANGE                    SOCKET WELD          1.0           NAN    NAN   
9    FLANGE                    SOCKET WELD          1.0           NAN    NAN   
10   FLANGE             SOCKET WELD FLANGE            1           NAN    NAN   
11   FLANGE  RAISED FACE SOCKETWELD FLANGE            1           NAN    NAN   
12   FLANGE   RAISED FACE WELD NECK FLANGE          1.5           NAN    NAN   
13   FLANGE                    SOCKET WELD          1.0           NAN    NAN   
14   FLANGE                    SOCKET WELD          1.0           NAN    NAN   
15   FLANGE  RAISED FACE SOCKETWELD FLANGE          1.5           NAN    NAN   
16   FLANGE   RAISED FACE WELD NECK FLANGE            1           NAN    NAN   
17   FLANGE  RAISED FACE SOCKETWELD FLANGE          1.5           NAN    NAN   
18   FLANGE   RAISED FACE WELD NECK FLANGE           10           NAN    NAN   
19   FLANGE                    SOCKET WELD          0.5           NAN    NAN   
20   FLANGE                    SOCKET WELD          0.5           NAN    NAN   
21   FLANGE                    SOCKET WELD          1.0           NAN    NAN   
22   FLANGE   RAISED FACE WELD NECK FLANGE          1.5           NAN    NAN   
23   FLANGE                          BLIND          1.0           NAN    NAN   
24   FLANGE                          BLIND          1.0           NAN    NAN   

      MATERIAL_NAME MATERIAL_SPECIFICATION MATERIAL_GRADE  ...  \
0      CARBON STEEL                   A105            NAN  ...   
1      CARBON STEEL                   A105            NAN  ...   
2      CARBON STEEL                    NAN            NAN  ...   
3      CARBON STEEL                   A105              N  ...   
4      CARBON STEEL                   A105              N  ...   
5      CARBON STEEL                   A105              N  ...   
6   STAINLESS STEEL                   304L            NAN  ...   
7   STAINLESS STEEL                   304L            NAN  ...   
8      CARBON STEEL                   A105            NAN  ...   
9      CARBON STEEL                   A105            NAN  ...   
10  STAINLESS STEEL                   304L            NAN  ...   
11  STAINLESS STEEL                   304L            NAN  ...   
12  STAINLESS STEEL                   304L            NAN  ...   
13     CARBON STEEL                   A105            NAN  ...   
14     CARBON STEEL                   A105            NAN  ...   
15     CARBON STEEL                    NAN            NAN  ...   
16  STAINLESS STEEL                   304L            NAN  ...   
17  STAINLESS STEEL                   304L            NAN  ...   
18  STAINLESS STEEL                   304L            NAN  ...   
19     CARBON STEEL                   A105              N  ...   
20     CARBON STEEL                   A105              N  ...   
21     CARBON STEEL                    NAN            NAN  ...   
22  STAINLESS STEEL                    NAN           316L  ...   
23     CARBON STEEL                   A105            NAN  ...   
24     CARBON STEEL                   A105            NAN  ...   

   PRIMARY_SCHEDULE REDUCING_SCHEDULE MANUFACTURING_PROCESS   END_FINISH  \
0                XH               NAN                   NAN  RAISED FACE   
1                XH               NAN                   NAN  RAISED FACE   
2               XXH               NAN                   NAN  RAISED FACE   
3                XH               NAN                   NAN  RAISED FACE   
4                XH               NAN                   NAN  RAISED FACE   
5                XH               NAN                   NAN  RAISED FACE   
6                XH               NAN                   NAN  RAISED FACE   
7                XH               NAN                   NAN  RAISED FACE   
8                XH               NAN                   NAN  RAISED FACE   
9       EXTRA HEAVY               NAN                   NAN  RAISED FACE   
10               XH               NAN                   NAN  RAISED FACE   
11              STD               NAN                   NAN          NAN   
12               XH               NAN                   NAN  RAISED FACE   
13      EXTRA HEAVY               NAN                   NAN  RAISED FACE   
14      EXTRA HEAVY               NAN                   NAN  RAISED FACE   
15              XXH               NAN                   NAN          NAN   
16               XH               NAN                   NAN  RAISED FACE   
17               XH               NAN                   NAN          NAN   
18               XH               NAN                   NAN  RAISED FACE   
19               XH               NAN                   NAN  RAISED FACE   
20               XH               NAN                   NAN  RAISED FACE   
21               XH               NAN                   NAN  RAISED FACE   
22               XH               NAN                   NAN           RF   
23              NAN               NAN                   NAN  RAISED FACE   
24              NAN               NAN                   NAN  RAISED FACE   

   END_CONNECTIONS TRIM MISCELLANEOUS CONFIDENCE     id     score  
0      SOCKET WELD  NAN           NAN       0.90  43397  0.828991  
1      SOCKET WELD  NAN           NAN       0.90  43356  0.828991  
2               SW  NAN  LOW RESIDUAL       0.90   3126  0.796423  
3      SOCKET WELD  NAN           NAN       0.90  43361  0.791381  
4      SOCKET WELD  NAN           NAN       0.90  43406  0.791381  
5      SOCKET WELD  NAN           NAN       0.90  43359  0.791381  
6              NAN  NAN           NAN       0.95  15491  0.782971  
7       SOCKETWELD  NAN           NAN       0.95  15438  0.781599  
8      SOCKET WELD  NAN           NAN       0.90  43355  0.781287  
9      SOCKET WELD  NAN           NAN       0.90  43354  0.781287  
10              SW  NAN           NAN       0.95  15686  0.779044  
11              SW  NAN           NAN       0.95  15421  0.777773  
12             NAN  NAN           NAN       0.95  11540  0.776172  
13     SOCKET WELD  NAN           NAN       0.90  43352  0.775171  
14     SOCKET WELD  NAN           NAN       0.90  43357  0.775171  
15              SW  NAN           NAN       0.90  14325  0.771205  
16             NAN  NAN           NAN       0.95  11508  0.769037  
17              SW  NAN           NAN       0.95  11378  0.768310  
18             NAN  NAN           NAN       0.95  11529  0.765598  
19     SOCKET WELD  NAN           NAN       0.90  43405  0.764779  
20     SOCKET WELD  NAN           NAN       0.90  43358  0.764779  
21     SOCKET WELD  NAN           NAN       0.90  42655  0.763402  
22             NAN  NAN           NAN       0.90  15524  0.763296  
23             NAN  NAN           NAN       1.00  43404  0.760901  
24             NAN  NAN           NAN       1.00  43334  0.760901  

[25 rows x 21 columns]",30,BAD
68,"2 45 DEGREE LONG RADIUS ELBOW , ASME B16.9 , BEVELED END , ASTM A420 GRADE WPL6 , TYPE S S-80",2 CARBON STEEL WPL6 SCHEDULE XH WELD 45 ELBOW,True,68,95,6.005457699999852,"       ID                                                DESCRIPTION CATEGORY  \
0   24517  2 CARBON STEEL WPL6 SCHEDULE 160 LONG RADIUS 45 WLD ELBOW  FITTING   
1   24516  2 CARBON STEEL WPL6 SCHEDULE 160 LONG RADIUS 45 WLD ELBOW  FITTING   
2   24765      2 CARBON STEEL WPL6 STANDARD WLD LONG RADIUS 90 ELBOW  FITTING   
3   24764      2 CARBON STEEL WPL6 STANDARD WLD LONG RADIUS 90 ELBOW  FITTING   
4   42866     2 CARBON STEEL WPL6 STANDARD WELD LONG RADIUS 90 ELBOW  FITTING   
5   24620      1 CARBON STEEL WPL6 STANDARD WLD LONG RADIUS 90 ELBOW  FITTING   
6   24619      1 CARBON STEEL WPL6 STANDARD WLD LONG RADIUS 90 ELBOW  FITTING   
7   24762  2 CARBON STEEL WPL6 SCHEDULE 160 WLD LONG RADIUS 90 ELBOW  FITTING   
8   24763  2 CARBON STEEL WPL6 SCHEDULE 160 WLD LONG RADIUS 90 ELBOW  FITTING   
9   24777  2 X 1 CARBON STEEL WPL6 STANDARD WLD LONG RADIUS 90 ELBOW  FITTING   
10  24797  2-0.5 CARBON STEEL WPL6 STANDARD WLD LONG RADIUS 90 ELBOW  FITTING   
11  24796  2-0.5 CARBON STEEL WPL6 STANDARD WLD LONG RADIUS 90 ELBOW  FITTING   
12  24489  1 CARBON STEEL WPL6 SCHEDULE 160 WLD LONG RADIUS 45 ELBOW  FITTING   
13  42861                 2 CARBON STEEL WPL6 STANDARD WELD 45 ELBOW  FITTING   
14  24761   2 CARBON STEEL WPL6 EXTRA HEAVY WLD LONG RADIUS 90 ELBOW  FITTING   
15  24760   2 CARBON STEEL WPL6 EXTRA HEAVY WLD LONG RADIUS 90 ELBOW  FITTING   
16  22420                  2 CARBON STEEL WPL6 STANDARD WLD 45 ELBOW  FITTING   
17  24915      6 CARBON STEEL WPL6 STANDARD WLD LONG RADIUS 90 ELBOW  FITTING   
18  24916      6 CARBON STEEL WPL6 STANDARD WLD LONG RADIUS 90 ELBOW  FITTING   
19  22510                           6 CS STD A420 WPL6 WELD 45 ELBOW  FITTING   
20  24785     20 CARBON STEEL WPL6 STANDARD WLD LONG RADIUS 90 ELBOW  FITTING   
21  43108     6 CARBON STEEL WPL6 STANDARD WELD LONG RADIUS 90 ELBOW  FITTING   
22  43107     6 CARBON STEEL WPL6 STANDARD WELD LONG RADIUS 90 ELBOW  FITTING   
23  27511               2 CARBON STEEL WPL6 STANDARD WLD SR 90 ELBOW  FITTING   
24  24927                        6 CS STD A420 WPL6 WELD LR 90 ELBOW  FITTING   

                    TYPE PRIMARY_SIZE REDUCING_SIZE LENGTH MATERIAL_NAME  \
0     LR 45 DEGREE ELBOW            2           NAN    NAN  CARBON STEEL   
1     LR 45 DEGREE ELBOW            2           NAN    NAN  CARBON STEEL   
2     LR 90 DEGREE ELBOW            2           NAN    NAN  CARBON STEEL   
3     LR 90 DEGREE ELBOW            2           NAN    NAN  CARBON STEEL   
4   LONG RADIUS 90 ELBOW          2.0           NAN    NAN  CARBON STEEL   
5     LR 90 DEGREE ELBOW            1           NAN    NAN  CARBON STEEL   
6     LR 90 DEGREE ELBOW            1           NAN    NAN  CARBON STEEL   
7     LR 90 DEGREE ELBOW            2           NAN    NAN  CARBON STEEL   
8     LR 90 DEGREE ELBOW            2           NAN    NAN  CARBON STEEL   
9     LR 90 DEGREE ELBOW            2             1    NAN  CARBON STEEL   
10    LR 90 DEGREE ELBOW          2.5           NAN    NAN  CARBON STEEL   
11    LR 90 DEGREE ELBOW          2.5           NAN    NAN  CARBON STEEL   
12    LR 45 DEGREE ELBOW            1           NAN    NAN  CARBON STEEL   
13       45 DEGREE ELBOW          2.0           NAN    NAN  CARBON STEEL   
14    LR 90 DEGREE ELBOW            2           NAN    NAN  CARBON STEEL   
15    LR 90 DEGREE ELBOW            2           NAN    NAN  CARBON STEEL   
16       45 DEGREE ELBOW            2           NAN    NAN  CARBON STEEL   
17    LR 90 DEGREE ELBOW            6           NAN    NAN  CARBON STEEL   
18    LR 90 DEGREE ELBOW            6           NAN    NAN  CARBON STEEL   
19       45 DEGREE ELBOW            6           NAN    NAN  CARBON STEEL   
20    LR 90 DEGREE ELBOW           20           NAN    NAN  CARBON STEEL   
21  LONG RADIUS 90 ELBOW          6.0           NAN    NAN  CARBON STEEL   
22  LONG RADIUS 90 ELBOW          6.0           NAN    NAN  CARBON STEEL   
23    SR 90 DEGREE ELBOW            2           NAN    NAN  CARBON STEEL   
24    LR 90 DEGREE ELBOW            6           NAN    NAN  CARBON STEEL   

   MATERIAL_SPECIFICATION MATERIAL_GRADE  ... PRIMARY_SCHEDULE  \
0                    WPL6            NAN  ...              160   
1                    WPL6            NAN  ...              160   
2                    WPL6            NAN  ...              STD   
3                    WPL6            NAN  ...              STD   
4                    WPL6            NAN  ...         STANDARD   
5                    WPL6            NAN  ...              STD   
6                    WPL6            NAN  ...              STD   
7                    WPL6            NAN  ...              160   
8                    WPL6            NAN  ...              160   
9                    WPL6            NAN  ...              STD   
10                   WPL6            NAN  ...              STD   
11                   WPL6            NAN  ...              STD   
12                   WPL6            NAN  ...              160   
13                   WPL6            NAN  ...         STANDARD   
14                   WPL6            NAN  ...               XH   
15                   WPL6            NAN  ...               XH   
16                   WPL6            NAN  ...              STD   
17                   WPL6            NAN  ...              STD   
18                   WPL6            NAN  ...              STD   
19                   A420           WPL6  ...              STD   
20                   WPL6            NAN  ...              STD   
21                   WPL6            NAN  ...         STANDARD   
22                   WPL6            NAN  ...         STANDARD   
23                   WPL6            NAN  ...              STD   
24                   A420           WPL6  ...              STD   

   REDUCING_SCHEDULE MANUFACTURING_PROCESS END_FINISH END_CONNECTIONS TRIM  \
0                NAN                   NAN        NAN             NAN  NAN   
1                NAN                   NAN        NAN             NAN  NAN   
2                NAN                   NAN         BW             NAN  NAN   
3                NAN                WELDED        NAN             NAN  NAN   
4                NAN                  WELD        NAN             NAN  NAN   
5                NAN                   NAN        NAN              BW  NAN   
6                NAN                   NAN        NAN              BW  NAN   
7                NAN                   NAN       WELD             NAN  NAN   
8                NAN                   NAN       WELD             NAN  NAN   
9                NAN                   NAN        NAN             NAN  NAN   
10               NAN                   NAN        NAN             NAN  NAN   
11               NAN                   NAN        NAN             NAN  NAN   
12               NAN                   NAN       WELD              BW  NAN   
13               NAN                  WELD        NAN             NAN  NAN   
14               NAN                  WELD        NAN             NAN  NAN   
15               NAN                  WELD        NAN             NAN  NAN   
16               NAN                WELDED        NAN             NAN  NAN   
17               NAN                WELDED        NAN             NAN  NAN   
18               NAN                   NAN         BW             NAN  NAN   
19               NAN                  WELD        NAN             NAN  NAN   
20               NAN                   NAN         BW             NAN  NAN   
21               NAN                  WELD        NAN             NAN  NAN   
22               NAN                WELDED        NAN             NAN  NAN   
23               NAN                WELDED        NAN             NAN  NAN   
24               NAN                WELDED        NAN             NAN  NAN   

   MISCELLANEOUS CONFIDENCE     id     score  
0            NAN       0.95  24517  0.850174  
1            NAN       0.90  24516  0.850174  
2            NAN       0.90  24765  0.849023  
3            NAN       0.90  24764  0.849023  
4            NAN       0.90  42866  0.846549  
5            NAN       0.90  24620  0.835093  
6            NAN       0.90  24619  0.835093  
7            NAN       0.90  24762  0.833158  
8            NAN       0.95  24763  0.833158  
9            NAN       0.90  24777  0.833149  
10           NAN       0.90  24797  0.831076  
11   LONG RADIUS       0.85  24796  0.831076  
12           NAN       0.95  24489  0.830742  
13           NAN       0.80  42861  0.826485  
14           NAN       0.90  24761  0.826331  
15           NAN       0.90  24760  0.826331  
16           NAN       0.85  22420  0.826115  
17           NAN       0.90  24915  0.825538  
18           NAN       0.90  24916  0.825538  
19           NAN       0.90  22510  0.822481  
20           NAN       0.90  24785  0.822284  
21           NAN       0.90  43108  0.820499  
22   LONG RADIUS       0.90  43107  0.820499  
23           NAN       0.85  27511  0.818323  
24           NAN       0.85  24927  0.816303  

[25 rows x 21 columns]",50,BAD
69,"8 PIPE , ASME B36.19 , BEVELED END , ASTM A312 GRADE TP304/TP304L , 100% RADIOGRAPHY , ELECTRIC FUSION WELDED (EJ = 1.00) S-80S",8 STAINLESS STEEL SCHEDULE 80 304L A312 SEAMLESS PIPE,True,69,3,5.213757600000008,"       ID                                             DESCRIPTION CATEGORY  \
0   39682       8 STAINLESS STEEL SCHEDULE 80 304L A312 WELD PIPE     PIPE   
1   39684      8 STAINLESS STEEL SCHEDULE 80 316 L A312 WELD PIPE     PIPE   
2   39688       8 STAINLESS STEEL SCHEDULE 80 316L A312 WELD PIPE     PIPE   
3   43186   8 STAINLESS STEEL SCHEDULE 80 304L A312 SEAMLESS PIPE     PIPE   
4   39680   8 STAINLESS STEEL SCHEDULE 80 304L A312 SEAMLESS PIPE     PIPE   
5   39679   8 STAINLESS STEEL SCHEDULE 80 304L A312 SEAMLESS PIPE     PIPE   
6   39681   8 STAINLESS STEEL SCHEDULE 80 304L A312 SEAMLESS PIPE     PIPE   
7   41315       8 STAINLESS STEEL SCHEDULE 40 304L A312 WELD PIPE     PIPE   
8   39670       8 STAINLESS STEEL SCHEDULE 40 304L A312 WELD PIPE     PIPE   
9   39669       8 STAINLESS STEEL SCHEDULE 40 304L A312 WELD PIPE     PIPE   
10  43187       8 STAINLESS STEEL SCHEDULE 40 304L A312 WELD PIPE     PIPE   
11  39683  8 STAINLESS STEEL SCHEDULE 80 316 L A312 SEAMLESS PIPE     PIPE   
12  39180             18 STAINLESS STEEL S80S 304L A312 WELD PIPE     PIPE   
13  39687   8 STAINLESS STEEL SCHEDULE 80 316L A312 SEAMLESS PIPE     PIPE   
14  39686   8 STAINLESS STEEL SCHEDULE 80 316L A312 SEAMLESS PIPE     PIPE   
15  39685   8 STAINLESS STEEL SCHEDULE 80 316L A312 SEAMLESS PIPE     PIPE   
16  39672      8 STAINLESS STEEL SCHEDULE 40 316 L A312 WELD PIPE     PIPE   
17  39676       8 STAINLESS STEEL SCHEDULE 40 316L A312 WELD PIPE     PIPE   
18  39677       8 STAINLESS STEEL SCHEDULE 40 316L A312 WELD PIPE     PIPE   
19  39675       8 STAINLESS STEEL SCHEDULE 40 316L A312 WELD PIPE     PIPE   
20  38929       1 STAINLESS STEEL SCHEDULE 80 304L A312 WELD PIPE     PIPE   
21  41286       1 STAINLESS STEEL SCHEDULE 80 304L A312 WELD PIPE     PIPE   
22  38928       1 STAINLESS STEEL SCHEDULE 80 304L A312 WELD PIPE     PIPE   
23  39648               8 STAINLESS STEEL S20 304L A312 WELD PIPE     PIPE   
24  39654       8 STAINLESS STEEL SCHEDULE 10 304L A312 WELD PIPE     PIPE   

             TYPE PRIMARY_SIZE REDUCING_SIZE LENGTH    MATERIAL_NAME  \
0            PIPE            8           NAN    NAN  STAINLESS STEEL   
1            PIPE            8           NAN    NAN  STAINLESS STEEL   
2            PIPE            8           NAN    NAN  STAINLESS STEEL   
3   SEAMLESS PIPE          8.0           NAN    NAN  STAINLESS STEEL   
4            PIPE            8           NAN    NAN  STAINLESS STEEL   
5            PIPE            8           NAN    NAN  STAINLESS STEEL   
6            PIPE            8           NAN    NAN  STAINLESS STEEL   
7       WELD PIPE            8           NAN    NAN  STAINLESS STEEL   
8            PIPE            8           NAN    NAN  STAINLESS STEEL   
9            PIPE            8           NAN    NAN  STAINLESS STEEL   
10           PIPE          8.0           NAN    NAN  STAINLESS STEEL   
11           PIPE            8           NAN    NAN  STAINLESS STEEL   
12           PIPE           18           NAN    NAN  STAINLESS STEEL   
13           PIPE            8           NAN    NAN  STAINLESS STEEL   
14           PIPE            8           NAN    NAN  STAINLESS STEEL   
15           PIPE            8           NAN    NAN  STAINLESS STEEL   
16           PIPE            8           NAN    NAN  STAINLESS STEEL   
17           PIPE            8           NAN    NAN  STAINLESS STEEL   
18           PIPE            8           NAN    NAN  STAINLESS STEEL   
19           PIPE            8           NAN    NAN  STAINLESS STEEL   
20           PIPE            1           NAN    NAN  STAINLESS STEEL   
21      WELD PIPE            1           NAN    NAN  STAINLESS STEEL   
22           PIPE            1           NAN    NAN  STAINLESS STEEL   
23           PIPE            8           NAN    NAN  STAINLESS STEEL   
24           PIPE            8           NAN    NAN  STAINLESS STEEL   

   MATERIAL_SPECIFICATION MATERIAL_GRADE  ... PRIMARY_SCHEDULE  \
0                    A312           304L  ...               80   
1                    A312           316L  ...               80   
2                    A312           316L  ...               80   
3                    A312           304L  ...               80   
4                    A312           304L  ...               80   
5                    A312           304L  ...               80   
6                    A312           304L  ...               80   
7                    A312           304L  ...               40   
8                    A312           304L  ...               40   
9                    A312           304L  ...               40   
10                   A312           304L  ...               40   
11                   A312           316L  ...               80   
12                   A312           304L  ...              80S   
13                   A312           316L  ...               80   
14                   A312           316L  ...               80   
15                   A312           316L  ...               80   
16                   A312           316L  ...               40   
17                   A312           316L  ...               40   
18                   A312           316L  ...               40   
19                   A312           316L  ...               40   
20                   A312           304L  ...               80   
21                   A312           304L  ...               80   
22                   A312           304L  ...               80   
23                   A312           304L  ...              S20   
24                   A312           304L  ...               10   

   REDUCING_SCHEDULE MANUFACTURING_PROCESS END_FINISH END_CONNECTIONS TRIM  \
0                NAN                WELDED        NAN             NAN  NAN   
1                NAN                WELDED        NAN             NAN  NAN   
2                NAN                WELDED        NAN             NAN  NAN   
3                NAN                  SMLS        NAN             NAN  NAN   
4                NAN              SEAMLESS        NAN             NAN  NAN   
5                NAN              SEAMLESS        NAN             NAN  NAN   
6                NAN              SEAMLESS        NAN             NAN  NAN   
7                NAN                WELDED        NAN             NAN  NAN   
8                NAN                WELDED        NAN             NAN  NAN   
9                NAN                WELDED        NAN             NAN  NAN   
10               NAN                WELDED        NAN             NAN  NAN   
11               NAN              SEAMLESS        NAN             NAN  NAN   
12               NAN                WELDED        NAN             NAN  NAN   
13               NAN              SEAMLESS        NAN             NAN  NAN   
14               NAN              SEAMLESS        NAN             NAN  NAN   
15               NAN              SEAMLESS        NAN             NAN  NAN   
16               NAN                WELDED        NAN             NAN  NAN   
17               NAN                WELDED        NAN             NAN  NAN   
18               NAN                WELDED        NAN             NAN  NAN   
19               NAN                WELDED        NAN             NAN  NAN   
20               NAN                WELDED        NAN             NAN  NAN   
21               NAN                WELDED        NAN             NAN  NAN   
22               NAN                WELDED        NAN             NAN  NAN   
23               NAN                WELDED        NAN             NAN  NAN   
24               NAN                WELDED        NAN             NAN  NAN   

   MISCELLANEOUS CONFIDENCE     id     score  
0            NAN       0.90  39682  0.809642  
1            NAN       0.90  39684  0.802165  
2            NAN       0.90  39688  0.801252  
3            NAN       0.90  43186  0.792852  
4            NAN       0.95  39680  0.792852  
5            NAN       0.95  39679  0.792852  
6            NAN       0.90  39681  0.792852  
7            NAN       0.90  41315  0.786986  
8            NAN       0.90  39670  0.786986  
9            NAN       0.90  39669  0.786986  
10           NAN       0.90  43187  0.786986  
11           NAN       0.90  39683  0.784320  
12           NAN       0.90  39180  0.782898  
13           NAN       0.90  39687  0.782322  
14           NAN       0.95  39686  0.782322  
15           NAN       0.90  39685  0.782322  
16           NAN       0.90  39672  0.782279  
17           NAN       0.90  39676  0.781759  
18           NAN       0.90  39677  0.781759  
19           NAN       0.90  39675  0.781759  
20           NAN       0.90  38929  0.781050  
21           NAN       0.90  41286  0.781050  
22           NAN       0.90  38928  0.781050  
23           NAN       0.90  39648  0.772829  
24           NAN       0.90  39654  0.771018  

[25 rows x 21 columns]",96,BAD
70,"6"" PIPE, ASTM A53, GRADE B, CS BLK, ERW, SCH.STD",6 BLACK PLAIN END A53B SCHEDULE 40 ELECTRIC RESISTANCE WELDED DRL PIPE,True,70,11,6.390047599999889,"       ID  \
0   27213   
1   27212   
2   27209   
3   27577   
4   27210   
5   27203   
6   27211   
7   27207   
8   27206   
9   27205   
10  27208   
11  43142   
12  43141   
13  27204   
14  28552   
15  27219   
16  29261   
17  27218   
18  27162   
19  27194   
20  27215   
21  27192   
22  27191   
23  27193   
24  27367   

                                                               DESCRIPTION  \
0                          6 BLACK PLAIN END A53B SCHEDULE 80 ERW SRL PIPE   
1                          6 BLACK PLAIN END A53B SCHEDULE 80 ERW SRL PIPE   
2                          6 BLACK PLAIN END A53B SCHEDULE 40 ERW SRL PIPE   
3                          6 BLACK PLAIN END A53B SCHEDULE 40 ERW SRL PIPE   
4                          6 BLACK PLAIN END A53B SCHEDULE 40 ERW SRL PIPE   
5                              6 BLACK PLAIN END A53B SCHEDULE 10 ERW PIPE   
6         6 BLACK PLAIN END A53B SCHEDULE 80 ERW DOUBLE RANDOM LENGTH PIPE   
7         6 BLACK PLAIN END A53B SCHEDULE 40 ERW DOUBLE RANDOM LENGTH PIPE   
8         6 BLACK PLAIN END A53B SCHEDULE 40 ERW DOUBLE RANDOM LENGTH PIPE   
9         6 BLACK PLAIN END A53B SCHEDULE 40 ERW DOUBLE RANDOM LENGTH PIPE   
10        6 BLACK PLAIN END A53B SCHEDULE 40 ERW DOUBLE RANDOM LENGTH PIPE   
11  6 BLACK PLAIN END A53B SCHEDULE 40 ELECTRIC RESISTANCE WELDED DRL PIPE   
12  6 BLACK PLAIN END A53B SCHEDULE 40 ELECTRIC RESISTANCE WELDED DRL PIPE   
13    6 BLACK PLAIN END A53B SCHEDULE 40 ERW DOUBLE RANDOM LENGTH FBE PIPE   
14                    6 GALVANIZED PLAIN END A53B SCHEDULE 40 ERW SRL PIPE   
15                       6 BLACK ROLL GROOVE A53B SCHEDULE 40 ERW SRL PIPE   
16                            6 GALVANIZED PLAIN END A53A SCHEDULE 40 PIPE   
17                     6 BLACK PLAIN END API5LX52 SCHEDULE 40 ERW SRL PIPE   
18                              6 BLACK A333 GR6 SCHEDULE 40 SEAMLESS PIPE   
19                           6 BLACK PLAIN END A106B SCHEDULE 80 PIPE LRES   
20         6 BLACK PLAIN END API5LB STANDARD ERW DOUBLE RANDOM LENGTH PIPE   
21                   6 BLACK PLAIN END A106B SCHEDULE 40 SEAMLESS SRL PIPE   
22                   6 BLACK PLAIN END A106B SCHEDULE 40 SEAMLESS SRL PIPE   
23                   6 BLACK PLAIN END A106B SCHEDULE 40 SEAMLESS SRL PIPE   
24                   6 BLACK PLAIN END A106B SCHEDULE 40 SEAMLESS SRL PIPE   

   CATEGORY            TYPE PRIMARY_SIZE REDUCING_SIZE LENGTH MATERIAL_NAME  \
0      PIPE            PIPE            6           NAN    NAN  CARBON STEEL   
1      PIPE            PIPE            6           NAN    NAN  CARBON STEEL   
2      PIPE            PIPE            6           NAN    NAN  CARBON STEEL   
3      PIPE        STRAIGHT            6           NAN    NAN  CARBON STEEL   
4      PIPE            PIPE            6           NAN    NAN  CARBON STEEL   
5      PIPE            PIPE            6           NAN    NAN  CARBON STEEL   
6      PIPE            PIPE            6           NAN    NAN  CARBON STEEL   
7      PIPE            PIPE            6           NAN    NAN  CARBON STEEL   
8      PIPE            PIPE            6           NAN    NAN  CARBON STEEL   
9      PIPE            PIPE            6           NAN    NAN  CARBON STEEL   
10     PIPE            PIPE            6           NAN    NAN  CARBON STEEL   
11     PIPE        ERW PIPE          6.0           NAN    NAN  CARBON STEEL   
12     PIPE        ERW PIPE          6.0           NAN    NAN  CARBON STEEL   
13     PIPE            PIPE            6           NAN    NAN  CARBON STEEL   
14     PIPE  PLAIN END PIPE            6           NAN    NAN  CARBON STEEL   
15     PIPE            PIPE            6           NAN    NAN  CARBON STEEL   
16     PIPE            PIPE            6           NAN    NAN    GALVANIZED   
17     PIPE            PIPE            6           NAN    NAN  CARBON STEEL   
18     PIPE            PIPE            6           NAN    NAN  CARBON STEEL   
19     PIPE            PIPE            6           NAN    NAN  CARBON STEEL   
20     PIPE            PIPE            6           NAN    NAN  CARBON STEEL   
21     PIPE            PIPE            6           NAN    NAN  CARBON STEEL   
22     PIPE            PIPE            6           NAN    NAN  CARBON STEEL   
23     PIPE            PIPE            6           NAN    NAN  CARBON STEEL   
24     PIPE  PLAIN END PIPE            6           NAN    NAN  CARBON STEEL   

   MATERIAL_SPECIFICATION MATERIAL_GRADE  ... PRIMARY_SCHEDULE  \
0                     A53              B  ...               80   
1                     A53              B  ...               80   
2                     A53              B  ...               40   
3                     A53              B  ...               40   
4                     A53              B  ...               40   
5                     A53              B  ...               10   
6                     A53              B  ...               80   
7                     A53              B  ...               40   
8                     A53              B  ...               40   
9                     A53              B  ...               40   
10                    A53              B  ...               40   
11                    A53              B  ...               40   
12                    A53              B  ...               40   
13                    A53              B  ...               40   
14                    A53              B  ...               40   
15                    A53              B  ...               40   
16                   A53A            NAN  ...               40   
17                  API5L            X52  ...               40   
18                   A333              6  ...               40   
19                   A106              B  ...               80   
20                  API5L              B  ...              STD   
21                   A106              B  ...               40   
22                   A106              B  ...               40   
23                   A106              B  ...               40   
24                   A106              B  ...               40   

   REDUCING_SCHEDULE MANUFACTURING_PROCESS   END_FINISH END_CONNECTIONS TRIM  \
0                NAN                   ERW           PE             NAN  NAN   
1                NAN                   ERW    PLAIN END             NAN  NAN   
2                NAN                   ERW    PLAIN END             NAN  NAN   
3                NAN                   ERW           PE              PE  NAN   
4                NAN                   ERW    PLAIN END             NAN  NAN   
5                NAN                   ERW           PE         PE X PE  NAN   
6                NAN                   ERW    PLAIN END             NAN  NAN   
7                NAN                   ERW    PLAIN END             NAN  NAN   
8                NAN                   ERW    PLAIN END             NAN  NAN   
9                NAN                   ERW    PLAIN END             NAN  NAN   
10               NAN                   ERW           PE             NAN  NAN   
11               NAN                   ERW    PLAIN END              PE  NAN   
12               NAN                   ERW    PLAIN END              PE  NAN   
13               NAN                   ERW    PLAIN END             NAN  NAN   
14               NAN                   ERW   GALVANIZED              PE  NAN   
15               NAN                   ERW  ROLL GROOVE             NAN  NAN   
16               NAN                   NAN    PLAIN END             NAN  NAN   
17               NAN                   ERW    PLAIN END             NAN  NAN   
18               NAN              SEAMLESS          NAN             NAN  NAN   
19               NAN                   NAN    PLAIN END             NAN  NAN   
20               NAN                   ERW    PLAIN END             NAN  NAN   
21               NAN              SEAMLESS    PLAIN END             NAN  NAN   
22               NAN              SEAMLESS    PLAIN END             NAN  NAN   
23               NAN              SEAMLESS    PLAIN END             NAN  NAN   
24               NAN              SEAMLESS    PLAIN END             NAN  NAN   

          MISCELLANEOUS CONFIDENCE     id     score  
0   BLACK PLAIN END SRL       0.95  27213  0.828668  
1             BLACK SRL       0.95  27212  0.828668  
2             BLACK SRL       0.95  27209  0.826659  
3                 BLACK       0.95  27577  0.826659  
4             SRL BLACK       0.95  27210  0.826659  
5                 BLACK       0.95  27203  0.819102  
6                 BLACK       0.95  27211  0.816773  
7                 BLACK       0.95  27207  0.813204  
8                 BLACK       0.95  27206  0.813204  
9                 BLACK       0.95  27205  0.813204  
10                BLACK       0.95  27208  0.813204  
11                  DRL       0.90  43142  0.807482  
12                  DRL       0.90  43141  0.807482  
13              DRL FBE       0.90  27204  0.805285  
14                  SRL       0.95  28552  0.795860  
15                BLACK       0.95  27219  0.791163  
16                  NAN       0.85  29261  0.777659  
17                BLACK       0.95  27218  0.771358  
18                BLACK       0.90  27162  0.771156  
19         LOW RESIDUAL       0.90  27194  0.765908  
20                BLACK       0.90  27215  0.765799  
21                BLACK       0.95  27192  0.765105  
22                BLACK       0.95  27191  0.765105  
23                BLACK       0.95  27193  0.765105  
24            BLACK SRL       0.95  27367  0.765105  

[25 rows x 21 columns]",46,BAD
71,"UNION, PIPE, 1"", THREADED, GALVANIZED",LEAD LAW COMPLIANT 1 GALVANIZED MALLEABLE IRON 150 BRASS GROUND-JOINT UNION,True,71,34,2.7454968999998073,"       ID  \
0   43707   
1   43738   
2   18124   
3    6114   
4   18156   
5   26361   
6   26363   
7   18160   
8   18157   
9   18158   
10  18159   
11  26357   
12  26362   
13  26359   
14  18165   
15  16153   
16  18166   
17  26358   
18  43796   
19  16148   
20  16143   
21  16142   
22  28334   
23  26360   
24  18173   

                                                            DESCRIPTION  \
0      1"" PIPE GALVANIZED A106B SCHEDULE 80 SEAMLESS THREADED & COUPLED   
1      1"" PIPE GALVANIZED A106B SCHEDULE 80 SEAMLESS THREADED & COUPLED   
2                                  1 GALVANIZED 3000 THREAD STEEL UNION   
3               1 GALVANIZED FORGED STEEL 3000 THREAD BRASS STEEL UNION   
4                 1-0.5 GALVANIZED FORGED STEEL 3000 THREAD BRASS UNION   
5       1 GALVANIZED THREADED & COUPLED A106B SCHEDULE 80 SMLS SRL PIPE   
6                 1 GALVANIZED THREADED & COUPLED A53A SCHEDULE 80 PIPE   
7                 1-0.5 GALVANIZED FORGED STEEL 3000 THREAD STEEL UNION   
8                 1-0.5 GALVANIZED FORGED STEEL 3000 THREAD STEEL UNION   
9                 1-0.5 GALVANIZED FORGED STEEL 3000 THREAD STEEL UNION   
10                1-0.5 GALVANIZED FORGED STEEL 3000 THREAD STEEL UNION   
11             1 GALVANIZED THREADED & COUPLED A106B S160 SEAMLESS PIPE   
12                1 GALVANIZED THREADED & COUPLED A53A SCHEDULE 40 PIPE   
13      1 GALVANIZED THREADED & COUPLED A106B SCHEDULE 80 SEAMLESS PIPE   
14               1-0.25 GALVANIZED FORGED STEEL 3000 THREAD STEEL UNION   
15               1-0.25 GALVANIZED FORGED STEEL 3000 THREAD STEEL UNION   
16               1-0.25 GALVANIZED FORGED STEEL 3000 THREAD STEEL UNION   
17      1 GALVANIZED THREADED & COUPLED A106B SCHEDULE 40 SEAMLESS PIPE   
18                      1"" 3000 UNION FORGED STEEL THREADED STEEL STEEL   
19                0.125 GALVANIZED FORGED STEEL 3000 THREAD STEEL UNION   
20                    1 GALVANIZED FORGED STEEL 3000 THREAD STEEL UNION   
21                    1 GALVANIZED FORGED STEEL 3000 THREAD STEEL UNION   
22          1 GALVANIZED THREADED & COUPLED A53A SCHEDULE 40 STEEL PIPE   
23  1 GALVANIZED THREADED & COUPLED A106B SCHEDULE 80 SEAMLESS SRL PIPE   
24              2 GALVANIZED FORGED STEEL 3000 THREAD BRASS STEEL UNION   

   CATEGORY                  TYPE PRIMARY_SIZE REDUCING_SIZE LENGTH  \
0      PIPE         PIPE SEAMLESS          1.0           NAN    NAN   
1      PIPE     SEAMLESS THREADED          1.0           NAN    NAN   
2   FITTING                 UNION            1           NAN    NAN   
3   FITTING                 UNION            1           NAN    NAN   
4   FITTING                 UNION          1.5           NAN    NAN   
5      PIPE                  PIPE            1           NAN    NAN   
6      PIPE                  PIPE            1           NAN    NAN   
7   FITTING                 UNION          1.5           NAN    NAN   
8   FITTING                 UNION          1.5           NAN    NAN   
9   FITTING                 UNION          1.5           NAN    NAN   
10  FITTING                 UNION          1.5           NAN    NAN   
11     PIPE                  PIPE            1           NAN    NAN   
12     PIPE                  PIPE            1           NAN    NAN   
13     PIPE                  PIPE            1           NAN    NAN   
14  FITTING                 UNION         1.25           NAN    NAN   
15  FITTING                 UNION         1.25           NAN    NAN   
16  FITTING                 UNION         1.25           NAN    NAN   
17     PIPE                  PIPE            1           NAN    NAN   
18  FITTING                 UNION          1.0           NAN    NAN   
19  FITTING                 UNION        0.125           NAN    NAN   
20  FITTING                 UNION            1           NAN    NAN   
21  FITTING                 UNION            1           NAN    NAN   
22     PIPE  THREADED AND COUPLED            1           NAN    NAN   
23     PIPE                  PIPE            1           NAN    NAN   
24  FITTING                 UNION            2           NAN    NAN   

   MATERIAL_NAME MATERIAL_SPECIFICATION MATERIAL_GRADE  ... PRIMARY_SCHEDULE  \
0   CARBON STEEL                   A106              B  ...               80   
1   CARBON STEEL                   A106              B  ...               80   
2          STEEL                    NAN            NAN  ...              NAN   
3          STEEL                    NAN            NAN  ...              NAN   
4          STEEL                    NAN            NAN  ...              NAN   
5   CARBON STEEL                   A106              B  ...               80   
6   CARBON STEEL                    A53              A  ...               80   
7          STEEL                    NAN            NAN  ...              NAN   
8          STEEL                    NAN            NAN  ...              NAN   
9          STEEL                    NAN            NAN  ...              NAN   
10         STEEL                    NAN            NAN  ...              NAN   
11  CARBON STEEL                   A106              B  ...              160   
12  CARBON STEEL                    A53              A  ...               40   
13  CARBON STEEL                   A106              B  ...               80   
14         STEEL                    NAN            NAN  ...              NAN   
15  CARBON STEEL                    NAN            NAN  ...              NAN   
16         STEEL                    NAN            NAN  ...              NAN   
17  CARBON STEEL                   A106              B  ...               40   
18  CARBON STEEL                    NAN            NAN  ...              NAN   
19  CARBON STEEL                    NAN            NAN  ...              NAN   
20  CARBON STEEL                    NAN            NAN  ...              NAN   
21  CARBON STEEL                    NAN            NAN  ...              NAN   
22  CARBON STEEL                    A53              A  ...               40   
23  CARBON STEEL                   A106              B  ...               80   
24         STEEL                    NAN            NAN  ...              NAN   

   REDUCING_SCHEDULE MANUFACTURING_PROCESS  END_FINISH       END_CONNECTIONS  \
0                NAN              SEAMLESS  GALVANIZED              THREADED   
1                NAN              SEAMLESS  GALVANIZED              THREADED   
2                NAN                   NAN  GALVANIZED                   THD   
3                NAN                FORGED  GALVANIZED                   THD   
4                NAN                FORGED  GALVANIZED                   THD   
5                NAN              SEAMLESS  GALVANIZED  THREADED AND COUPLED   
6                NAN                   NAN  GALVANIZED                   THD   
7                NAN                FORGED  GALVANIZED                   THD   
8                NAN                FORGED  GALVANIZED                   THD   
9                NAN                FORGED  GALVANIZED                   THD   
10               NAN                FORGED  GALVANIZED                   THD   
11               NAN              SEAMLESS  GALVANIZED  THREADED AND COUPLED   
12               NAN                   NAN  GALVANIZED                   THD   
13               NAN              SEAMLESS  GALVANIZED                   THD   
14               NAN                FORGED  GALVANIZED                   THD   
15               NAN                FORGED  GALVANIZED                   THD   
16               NAN                FORGED  GALVANIZED                   THD   
17               NAN              SEAMLESS  GALVANIZED                   THD   
18               NAN                FORGED         NAN              THREADED   
19               NAN                FORGED  GALVANIZED                   THD   
20               NAN                FORGED  GALVANIZED                   THD   
21               NAN                FORGED  GALVANIZED                   THD   
22               NAN                   NAN  GALVANIZED                   THD   
23               NAN              SEAMLESS  GALVANIZED                   THD   
24               NAN                FORGED  GALVANIZED                   THD   

     TRIM MISCELLANEOUS CONFIDENCE     id     score  
0     NAN       COUPLED       0.90  43707  0.809869  
1     NAN       COUPLED       0.90  43738  0.809869  
2     NAN           NAN       0.85  18124  0.799245  
3   BRASS           NAN       0.85   6114  0.775243  
4   BRASS           NAN       0.90  18156  0.768920  
5     NAN           SRL       0.95  26361  0.765197  
6     NAN       COUPLED       0.90  26363  0.764825  
7     NAN           NAN       0.90  18160  0.763566  
8     NAN           NAN       0.90  18157  0.763566  
9     NAN           NAN       0.90  18158  0.763566  
10    NAN           NAN       0.90  18159  0.763566  
11    NAN           NAN       0.95  26357  0.762378  
12    NAN       COUPLED       0.90  26362  0.759507  
13    NAN       COUPLED       0.95  26359  0.759111  
14    NAN           NAN       0.90  18165  0.758473  
15    NAN           NAN       0.90  16153  0.758473  
16    NAN           NAN       0.90  18166  0.758473  
17    NAN       COUPLED       0.95  26358  0.756793  
18    NAN           NAN       0.80  43796  0.753798  
19    NAN           NAN       0.90  16148  0.751625  
20    NAN           NAN       0.90  16143  0.749524  
21    NAN           NAN       0.90  16142  0.749524  
22    NAN           NAN       0.90  28334  0.749000  
23    NAN       COUPLED       0.95  26360  0.748022  
24  BRASS           NAN       0.85  18173  0.739831  

[25 rows x 21 columns]",28,BAD
72,"3"" ELBOW 90D, LR, BW, ASME 16.9, WROUGHT STEEL, ASTM/ASME A/SA-234-WPB, SCH.STD",3 CARBON STEEL STANDARD WELD LONG RADIUS 90 ELBOW,True,72,9,6.397314400000141,"       ID                                                  DESCRIPTION  \
0   22293                      3 CARBON STEEL STANDARD 3R 90 WLD ELBOW   
1   22292                      3 CARBON STEEL STANDARD 3R 90 WLD ELBOW   
2   24999                                    3 CS STD WELD LR 90 ELBOW   
3   27531                      3 CARBON STEEL STANDARD WLD SR 90 ELBOW   
4   27532                      3 CARBON STEEL STANDARD WLD SR 90 ELBOW   
5   24834                                     3 CS STD WLD LR 90 ELBOW   
6   24832                               3 CS STD A420 WELD LR 90 ELBOW   
7   24833                          3 CS STD A420 WPL6 WELD LR 90 ELBOW   
8   24997             3 CARBON STEEL STANDARD WLD LONG RADIUS 90 ELBOW   
9   42996            3 CARBON STEEL STANDARD WELD LONG RADIUS 90 ELBOW   
10  43675            3 CARBON STEEL STANDARD WELD LONG RADIUS 90 ELBOW   
11  43674            3 CARBON STEEL STANDARD WELD LONG RADIUS 90 ELBOW   
12  24823            3 CARBON STEEL STANDARD WELD LONG RADIUS 90 ELBOW   
13  24841                                3 X 2 CS STD WELD LR 90 ELBOW   
14  36970       3 STAINLESS STEEL SCHEDULE 40 304L LR 90 ELBOW A403WPW   
15  36968       3 STAINLESS STEEL SCHEDULE 40 304L LR 90 ELBOW A403WPW   
16  36969       3 STAINLESS STEEL SCHEDULE 40 304L LR 90 ELBOW A403WPW   
17  36971       3 STAINLESS STEEL SCHEDULE 40 304L LR 90 ELBOW A403WPW   
18  22532                     16 CARBON STEEL STANDARD 3R 90 WLD ELBOW   
19  37013  3-0.5 STAINLESS STEEL SCHEDULE 40 316 L LR 90 ELBOW A403WPW   
20  42997           3 CARBON STEEL STANDARD WELD SHORT RADIUS 90 ELBOW   
21  24529                      3 CARBON STEEL STANDARD 3R 45 WLD ELBOW   
22  36957       3 STAINLESS STEEL SCHEDULE 10 304L LR 90 ELBOW A403WPW   
23  36955       3 STAINLESS STEEL SCHEDULE 10 304L LR 90 ELBOW A403WPW   
24  36956       3 STAINLESS STEEL SCHEDULE 10 304L LR 90 ELBOW A403WPW   

   CATEGORY                   TYPE PRIMARY_SIZE REDUCING_SIZE LENGTH  \
0   FITTING     3R 90 DEGREE ELBOW            3           NAN    NAN   
1   FITTING     3R 90 DEGREE ELBOW            3           NAN    NAN   
2   FITTING            LR 90 ELBOW            3           NAN    NAN   
3   FITTING     SR 90 DEGREE ELBOW            3           NAN    NAN   
4   FITTING     SR 90 DEGREE ELBOW            3           NAN    NAN   
5   FITTING     LR 90 DEGREE ELBOW            3           NAN    NAN   
6   FITTING     LR 90 DEGREE ELBOW            3           NAN    NAN   
7   FITTING     LR 90 DEGREE ELBOW            3           NAN    NAN   
8   FITTING            LR 90 ELBOW            3           NAN    NAN   
9   FITTING   LONG RADIUS 90 ELBOW          3.0           NAN    NAN   
10  FITTING   LONG RADIUS 90 ELBOW          3.0           NAN    NAN   
11  FITTING   LONG RADIUS 90 ELBOW          3.0           NAN    NAN   
12  FITTING     LR 90 DEGREE ELBOW            3           NAN    NAN   
13  FITTING     LR 90 DEGREE ELBOW            3             2    NAN   
14  FITTING     LR 90 DEGREE ELBOW            3           NAN    NAN   
15  FITTING     LR 90 DEGREE ELBOW            3           NAN    NAN   
16  FITTING     LR 90 DEGREE ELBOW            3           NAN    NAN   
17  FITTING     LR 90 DEGREE ELBOW            3           NAN    NAN   
18  FITTING        90 DEGREE ELBOW           16           NAN    NAN   
19  FITTING     LR 90 DEGREE ELBOW          3.5           NAN    NAN   
20  FITTING  SHORT RADIUS 90 ELBOW          3.0           NAN    NAN   
21  FITTING     LR 45 DEGREE ELBOW            3           NAN    NAN   
22  FITTING     LR 90 DEGREE ELBOW            3           NAN    NAN   
23  FITTING     LR 90 DEGREE ELBOW            3           NAN    NAN   
24  FITTING     LR 90 DEGREE ELBOW            3           NAN    NAN   

      MATERIAL_NAME MATERIAL_SPECIFICATION MATERIAL_GRADE  ...  \
0      CARBON STEEL                    NAN            NAN  ...   
1      CARBON STEEL                    NAN            NAN  ...   
2      CARBON STEEL                    NAN            NAN  ...   
3      CARBON STEEL                    NAN            NAN  ...   
4      CARBON STEEL                    NAN            NAN  ...   
5      CARBON STEEL                    NAN            NAN  ...   
6      CARBON STEEL                   A420            NAN  ...   
7      CARBON STEEL                   A420           WPL6  ...   
8      CARBON STEEL                    NAN            NAN  ...   
9      CARBON STEEL                    NAN            NAN  ...   
10     CARBON STEEL                    NAN            NAN  ...   
11     CARBON STEEL                    NAN            NAN  ...   
12     CARBON STEEL                    NAN            NAN  ...   
13     CARBON STEEL                    NAN            NAN  ...   
14  STAINLESS STEEL                   A403            WPW  ...   
15  STAINLESS STEEL                   A403         WP304L  ...   
16  STAINLESS STEEL                   A403            WPW  ...   
17  STAINLESS STEEL                   A403            WPW  ...   
18     CARBON STEEL                    NAN            NAN  ...   
19  STAINLESS STEEL                   A403            WPW  ...   
20     CARBON STEEL                    NAN            NAN  ...   
21     CARBON STEEL                    NAN            NAN  ...   
22  STAINLESS STEEL                   A403            WPW  ...   
23  STAINLESS STEEL                   A403            WPW  ...   
24  STAINLESS STEEL                   A403            WPW  ...   

   PRIMARY_SCHEDULE REDUCING_SCHEDULE MANUFACTURING_PROCESS END_FINISH  \
0               STD               NAN                   NAN         BW   
1               STD               NAN                   NAN        NAN   
2               STD               NAN                WELDED        NAN   
3               STD               NAN                WELDED        NAN   
4               STD               NAN                   NAN        NAN   
5               STD               NAN                WELDED        NAN   
6               STD               NAN                  WELD        NAN   
7               STD               NAN                WELDED        NAN   
8               STD               NAN                   NAN         BW   
9          STANDARD               NAN                WELDED        NAN   
10         STANDARD               NAN                WELDED        NAN   
11         STANDARD               NAN                  WELD        NAN   
12              STD               NAN                WELDED        NAN   
13              STD               NAN                   NAN         BW   
14               40               NAN                   NAN        NAN   
15               40               NAN                   NAN        NAN   
16               40               NAN                   NAN        NAN   
17               40               NAN                   NAN        NAN   
18              STD               NAN                   NAN         BW   
19               40               NAN                   NAN        NAN   
20         STANDARD               NAN                  WELD        NAN   
21              STD               NAN                   NAN        NAN   
22               10               NAN                   NAN        NAN   
23               10               NAN                   NAN        NAN   
24               10               NAN                   NAN        NAN   

   END_CONNECTIONS TRIM MISCELLANEOUS CONFIDENCE     id     score  
0              NAN  NAN           NAN       0.85  22293  0.850927  
1              NAN  NAN           NAN       0.80  22292  0.850927  
2              NAN  NAN           NAN       0.80  24999  0.840720  
3              NAN  NAN           NAN       0.80  27531  0.837633  
4              NAN  NAN           NAN       0.85  27532  0.837633  
5              NAN  NAN           NAN       0.80  24834  0.837398  
6              NAN  NAN           NAN       0.85  24832  0.832834  
7              NAN  NAN           NAN       0.85  24833  0.832166  
8              NAN  NAN           NAN       0.80  24997  0.830555  
9        BUTT WELD  NAN           NAN       0.80  42996  0.828792  
10             NAN  NAN           NAN       0.80  43675  0.828792  
11             NAN  NAN           NAN       0.80  43674  0.828792  
12             NAN  NAN           NAN       0.85  24823  0.828792  
13             NAN  NAN           NAN       0.80  24841  0.826215  
14             NAN  NAN           NAN       0.95  36970  0.825372  
15             NAN  NAN           NAN       0.95  36968  0.825372  
16             NAN  NAN           NAN       0.95  36969  0.825372  
17             NAN  NAN           NAN       0.95  36971  0.825372  
18             NAN  NAN            3R       0.80  22532  0.825176  
19             NAN  NAN           NAN       0.95  37013  0.822390  
20             NAN  NAN           NAN       0.80  42997  0.821816  
21             NAN  NAN           NAN       0.80  24529  0.819120  
22             NAN  NAN           NAN       0.95  36957  0.817975  
23             NAN  NAN           NAN       0.95  36955  0.817975  
24             NAN  NAN           NAN       0.95  36956  0.817975  

[25 rows x 21 columns]",41,BAD
73,"10 PIPE , ASME B36.10 , BEVELED END , ASTM A106-B , SMLS, 100% UT FOR PIPE S-STD",10 BLACK PLAIN END A106B SCHEDULE 40 SEAMLESS SRL PIPE,True,73,9,6.151320599999963,"       ID  \
0   26420   
1   26437   
2   26429   
3   26428   
4   26427   
5   26447   
6   26438   
7   26452   
8   26451   
9   42714   
10  43711   
11  26446   
12  27344   
13  28540   
14  27345   
15  26436   
16  26422   
17  26421   
18  26468   
19  26423   
20  27342   
21  42713   
22   4298   
23   4256   
24  26426   

                                                                DESCRIPTION  \
0                               10 BLACK PE A106B EXTRA HEAVY SMLS SRL PIPE   
1                           10 BLACK PLAIN END A106B S160 SEAMLESS SRL PIPE   
2                    10 BLACK PLAIN END A106B EXTRA HEAVY SEAMLESS SRL PIPE   
3                    10 BLACK PLAIN END A106B EXTRA HEAVY SEAMLESS SRL PIPE   
4                    10 BLACK PLAIN END A106B EXTRA HEAVY SEAMLESS SRL PIPE   
5                         10 BLACK PLAIN END A106B SCHEDULE 40 SRL FBE PIPE   
6                            10 BLACK PLAIN END A106B S60 SEAMLESS SRL PIPE   
7                            10 BLACK PLAIN END A106B T80 SEAMLESS SRL PIPE   
8                            10 BLACK PLAIN END A106B T80 SEAMLESS SRL PIPE   
9                    10 BLACK PLAIN END A106B SCHEDULE 40 SEAMLESS SRL PIPE   
10                   10 BLACK PLAIN END A106B SCHEDULE 40 SEAMLESS SRL PIPE   
11                   10 BLACK PLAIN END A106B SCHEDULE 40 SEAMLESS SRL PIPE   
12                   10 BLACK PLAIN END A106B SCHEDULE 40 SEAMLESS SRL PIPE   
13                   10 BLACK PLAIN END A106B SCHEDULE 40 SEAMLESS SRL PIPE   
14                   10 BLACK PLAIN END A106B SCHEDULE 40 SEAMLESS SRL PIPE   
15                          10 BLACK PLAIN END A106B S160 SEAMLESS PIPE SRL   
16                                     10 BLACK PE A106B S140 SMLS SRL PIPE   
17                                     10 BLACK PE A106B S120 SMLS SRL PIPE   
18                 10 GALVANIZED PLAIN END A106B STANDARD SEAMLESS SRL PIPE   
19                              10 BLACK PE A106B SCHEDULE 80 SMLS SRL PIPE   
20                    10 BLACK PLAIN END A106 SCHEDULE 80 SEAMLESS SRL PIPE   
21                   10 BLACK PLAIN END A106B SCHEDULE 40 SEAMLESS DRL PIPE   
22  10 BLACK PLAIN END A106B EXTRA HEAVY SEAMLESS DOUBLE RANDOM LENGTH PIPE   
23  10 BLACK PLAIN END A106B EXTRA HEAVY SEAMLESS DOUBLE RANDOM LENGTH PIPE   
24  10 BLACK PLAIN END A106B EXTRA HEAVY SEAMLESS DOUBLE RANDOM LENGTH PIPE   

   CATEGORY            TYPE PRIMARY_SIZE REDUCING_SIZE LENGTH MATERIAL_NAME  \
0      PIPE            PIPE           10           NAN    NAN  CARBON STEEL   
1      PIPE            PIPE           10           NAN    NAN  CARBON STEEL   
2      PIPE            PIPE           10           NAN    NAN  CARBON STEEL   
3      PIPE            PIPE           10           NAN    NAN  CARBON STEEL   
4      PIPE            PIPE           10           NAN    NAN  CARBON STEEL   
5      PIPE            PIPE           10           NAN    NAN  CARBON STEEL   
6      PIPE            PIPE           10           NAN    NAN  CARBON STEEL   
7      PIPE            PIPE           10           NAN    NAN  CARBON STEEL   
8      PIPE            PIPE           10           NAN    NAN  CARBON STEEL   
9      PIPE   SEAMLESS PIPE         10.0           NAN    NAN  CARBON STEEL   
10     PIPE   SEAMLESS PIPE         10.0           NAN    NAN  CARBON STEEL   
11     PIPE            PIPE           10           NAN    NAN  CARBON STEEL   
12     PIPE  PLAIN END PIPE           10           NAN    NAN  CARBON STEEL   
13     PIPE       PLAIN END           10           NAN    NAN  CARBON STEEL   
14     PIPE  PLAIN END PIPE           10           NAN    NAN  CARBON STEEL   
15     PIPE            PIPE           10           NAN    NAN  CARBON STEEL   
16     PIPE            PIPE           10           NAN    NAN  CARBON STEEL   
17     PIPE            PIPE           10           NAN    NAN  CARBON STEEL   
18     PIPE            PIPE           10           NAN    NAN  CARBON STEEL   
19     PIPE            PIPE           10           NAN    NAN  CARBON STEEL   
20     PIPE  PLAIN END PIPE           10           NAN    NAN  CARBON STEEL   
21     PIPE   SEAMLESS PIPE         10.0           NAN    NAN  CARBON STEEL   
22    VALVE           GLOBE            3           NAN    NAN  CARBON STEEL   
23    VALVE            GATE            6           NAN    NAN  CARBON STEEL   
24     PIPE            PIPE           10           NAN    NAN  CARBON STEEL   

   MATERIAL_SPECIFICATION MATERIAL_GRADE  ... PRIMARY_SCHEDULE  \
0                    A106              B  ...               XH   
1                    A106              B  ...              160   
2                    A106              B  ...               XH   
3                    A106              B  ...               XH   
4                    A106              B  ...               XH   
5                    A106              B  ...               40   
6                    A106              B  ...               60   
7                    A106              B  ...               80   
8                    A106              B  ...              T80   
9                    A106              B  ...               40   
10                   A106              B  ...               40   
11                   A106              B  ...               40   
12                   A106              B  ...               40   
13                   A106              B  ...               40   
14                   A106              B  ...               40   
15                   A106              B  ...              160   
16                   A106              B  ...              140   
17                   A106              B  ...              120   
18                   A106              B  ...              STD   
19                   A106              B  ...               80   
20                   A106            NAN  ...               80   
21                   A106              B  ...               40   
22                    NAN            NAN  ...              NAN   
23                    NAN            NAN  ...              NAN   
24                   A106              B  ...               XH   

   REDUCING_SCHEDULE MANUFACTURING_PROCESS  END_FINISH END_CONNECTIONS  TRIM  \
0                NAN              SEAMLESS       PLAIN              PE   NAN   
1                NAN              SEAMLESS   PLAIN END             NAN   NAN   
2                NAN              SEAMLESS   PLAIN END             NAN   NAN   
3                NAN              SEAMLESS   PLAIN END             NAN   NAN   
4                NAN              SEAMLESS   PLAIN END             NAN   NAN   
5                NAN                   NAN   PLAIN END             NAN   NAN   
6                NAN              SEAMLESS   PLAIN END             NAN   NAN   
7                NAN              SEAMLESS   PLAIN END             NAN   NAN   
8                NAN              SEAMLESS   PLAIN END             NAN   NAN   
9                NAN              SEAMLESS   PLAIN END              PE   NAN   
10               NAN              SEAMLESS   PLAIN END              PE   NAN   
11               NAN              SEAMLESS   PLAIN END             NAN   NAN   
12               NAN              SEAMLESS   PLAIN END             NAN   NAN   
13               NAN              SEAMLESS   PLAIN END             NAN   NAN   
14               NAN              SEAMLESS   PLAIN END             NAN   NAN   
15               NAN              SEAMLESS   PLAIN END             NAN   NAN   
16               NAN              SEAMLESS  PLAIN ENDS             NAN   NAN   
17               NAN              SEAMLESS  PLAIN ENDS             NAN   NAN   
18               NAN              SEAMLESS  GALVANIZED              PE   NAN   
19               NAN              SEAMLESS   PLAIN END             NAN   NAN   
20               NAN              SEAMLESS   PLAIN END             NAN   NAN   
21               NAN              SEAMLESS   PLAIN END              PE   NAN   
22               NAN                   NAN          RF         FLANGED  OS&Y   
23               NAN                   NAN          RF         FLANGED  OS&Y   
24               NAN              SEAMLESS   PLAIN END             NAN   NAN   

   MISCELLANEOUS CONFIDENCE     id     score  
0          BLACK       0.95  26420  0.769819  
1            SRL       0.95  26437  0.764646  
2            SRL       0.95  26429  0.763985  
3       BLACKSRL       0.95  26428  0.763985  
4      BLACK SRL       0.95  26427  0.763985  
5            FBE       0.90  26447  0.762182  
6      BLACK SRL       0.95  26438  0.757047  
7          BLACK       0.90  26452  0.755854  
8          BLACK       0.95  26451  0.755854  
9            SRL       0.90  42714  0.752596  
10           SRL       0.90  43711  0.752596  
11         BLACK       0.95  26446  0.752596  
12     BLACK SRL       0.95  27344  0.752596  
13         BLACK       0.95  28540  0.752596  
14     BLACK SRL       0.95  27345  0.752596  
15         BLACK       0.95  26436  0.749723  
16           SRL       0.95  26422  0.749316  
17     BLACK SRL       0.95  26421  0.745410  
18           SRL       0.95  26468  0.745201  
19     BLACK SRL       0.95  26423  0.742209  
20           SRL       0.90  27342  0.741619  
21           DRL       0.90  42713  0.741469  
22           NAN       0.90   4298  0.739993  
23           NAN       0.90   4256  0.739993  
24     BLACK DRL       0.95  26426  0.739993  

[25 rows x 21 columns]",39,BAD
74,"FLG,BLIND,4,300,A105",4 CARBON STEEL 300 RAISED FACE BLIND FLANGE A105N,True,74,247,4.013230999999905,"       ID                       DESCRIPTION CATEGORY  \
0   15033        4 300 HFN RF BLND LRES FLG   FLANGE   
1   14970      0.5 300 HFN RF BLND LRES FLG   FLANGE   
2    3712    1-0.5 300 HFN RF BLND LRES FLG   FLANGE   
3    9808        4 150 HFN RF BLND LRES FLG   FLANGE   
4   15032  0.75 300 HFN HH BLND LRES FLG *X   FLANGE   
5   15029     2 300 HFN HH BLND LRES FLG *X   FLANGE   
6   15026     1 300 HFN HH BLND LRES FLG *X   FLANGE   
7   15027       10 300 HFN RF BLND LRES FLG   FLANGE   
8    9809   0.5 150 HFN RF BLND LRES FLG *X   FLANGE   
9   14172           4 CS 300 RF HH BLND FLG   FLANGE   
10  13943          1-0.5 CS 300 RF BLND FLG   FLANGE   
11   3714     0.75 300 HFN RF BLND LRES FLG   FLANGE   
12   9812        3 150 HFN RF BLND LRES FLG   FLANGE   
13  15030        2 300 HFN RF BLND LRES FLG   FLANGE   
14   2941          2-0.5 CS 300 RF BLND FLG   FLANGE   
15  15028       14 300 HFN RF BLND LRES FLG   FLANGE   
16   3711        1 300 HFN RF BLND LRES FLG   FLANGE   
17  19419        4 600 HFN RF BLND LRES FLG   FLANGE   
18   7347           4 CS 150 RF HH BLND FLG   FLANGE   
19   3715        6 300 HFN RF BLND LRES FLG   FLANGE   
20   7235          1-0.5 CS 150 RF BLND FLG   FLANGE   
21  14013              4 CS 300 RF BLND FLG   FLANGE   
22  14226            0.5 CS 300 RF BLND FLG   FLANGE   
23   7220            0.5 CS 150 RF BLND FLG   FLANGE   
24  18708          1-0.5 CS 600 RF BLND FLG   FLANGE   

                        TYPE PRIMARY_SIZE REDUCING_SIZE LENGTH MATERIAL_NAME  \
0               BLIND FLANGE            4           NAN    NAN           NAN   
1               BLIND FLANGE          0.5           NAN    NAN  LOW RESIDUAL   
2               BLIND FLANGE          1.5           NAN    NAN           NAN   
3                      BLIND            4           NAN    NAN           NAN   
4               BLIND FLANGE         0.75           NAN    NAN           NAN   
5               BLIND FLANGE            2           NAN    NAN           NAN   
6               BLIND FLANGE            1           NAN    NAN           NAN   
7               BLIND FLANGE           10           NAN    NAN           NAN   
8               BLIND FLANGE          0.5           NAN    NAN           NAN   
9      HEX HEAD BLIND FLANGE            4           NAN    NAN  CARBON STEEL   
10              BLIND FLANGE          1.5           NAN    NAN  CARBON STEEL   
11              BLIND FLANGE         0.75           NAN    NAN           NAN   
12              BLIND FLANGE            3           NAN    NAN           NAN   
13              BLIND FLANGE            2           NAN    NAN           NAN   
14              BLIND FLANGE          2.5           NAN    NAN  CARBON STEEL   
15              BLIND FLANGE           14           NAN    NAN           NAN   
16              BLIND FLANGE            1           NAN    NAN           NAN   
17              BLIND FLANGE            4           NAN    NAN           NAN   
18              BLIND FLANGE            4           NAN    NAN  CARBON STEEL   
19              BLIND FLANGE            6           NAN    NAN           NAN   
20              BLIND FLANGE          1.5           NAN    NAN  CARBON STEEL   
21              BLIND FLANGE            4           NAN    NAN  CARBON STEEL   
22  RAISED FACE BLIND FLANGE          0.5           NAN    NAN  CARBON STEEL   
23              BLIND FLANGE          0.5           NAN    NAN  CARBON STEEL   
24              BLIND FLANGE          1.5           NAN    NAN  CARBON STEEL   

   MATERIAL_SPECIFICATION MATERIAL_GRADE  ... PRIMARY_SCHEDULE  \
0                     NAN            HFN  ...              NAN   
1                     NAN            NAN  ...              NAN   
2                     HFN            NAN  ...              NAN   
3                     HFN            NAN  ...              NAN   
4                     NAN            NAN  ...              NAN   
5                     NAN            NAN  ...              NAN   
6                     NAN             HH  ...              NAN   
7                     NAN            HFN  ...              NAN   
8                     NAN   LOW RESIDUAL  ...              NAN   
9                   A105N            NAN  ...              NAN   
10                  A105N            NAN  ...              NAN   
11                    NAN   LOW RESIDUAL  ...              NAN   
12                    NAN            HFN  ...              NAN   
13                    HFN            NAN  ...              NAN   
14                  A105N            NAN  ...              NAN   
15                    HFN            NAN  ...              NAN   
16                    NAN   LOW RESIDUAL  ...              NAN   
17                    HFN            NAN  ...              NAN   
18                  A105N            NAN  ...              NAN   
19                    HFN            NAN  ...              NAN   
20                  A105N            NAN  ...              NAN   
21                  A105N            NAN  ...              NAN   
22                  A105N            NAN  ...              NAN   
23                  A105N            NAN  ...              NAN   
24                  A105N            NAN  ...              NAN   

   REDUCING_SCHEDULE MANUFACTURING_PROCESS   END_FINISH END_CONNECTIONS TRIM  \
0                NAN                   NAN  RAISED FACE             NAN  NAN   
1                NAN                FORGED  RAISED FACE             NAN  NAN   
2                NAN                   NAN  RAISED FACE             NAN  NAN   
3                NAN                   NAN  RAISED FACE             NAN  NAN   
4                NAN                   NAN          NAN             NAN  NAN   
5                NAN                FORGED          NAN             NAN  NAN   
6                NAN                   HFN          NAN             NAN  NAN   
7                NAN                   NAN  RAISED FACE             NAN  NAN   
8                NAN                   NAN          NAN             NAN  NAN   
9                NAN                   NAN  RAISED FACE             NAN  NAN   
10               NAN                   NAN          NAN             NAN  NAN   
11               NAN                FORGED          NAN             NAN  NAN   
12               NAN                   NAN          NAN             NAN  NAN   
13               NAN                   NAN  RAISED FACE             NAN  NAN   
14               NAN                   NAN  RAISED FACE             NAN  NAN   
15               NAN                   NAN  RAISED FACE             NAN  NAN   
16               NAN                   NAN          NAN             NAN  NAN   
17               NAN                   NAN  RAISED FACE             NAN  NAN   
18               NAN                   NAN  RAISED FACE             NAN  NAN   
19               NAN                   NAN  RAISED FACE             NAN  NAN   
20               NAN                   NAN          NAN             NAN  NAN   
21               NAN                   NAN  RAISED FACE             NAN  NAN   
22               NAN                   NAN  RAISED FACE             NAN  NAN   
23               NAN                   NAN  RAISED FACE             NAN  NAN   
24               NAN                   NAN          NAN             NAN  NAN   

             MISCELLANEOUS CONFIDENCE     id     score  
0             LOW RESIDUAL       0.90  15033  0.736807  
1                      NAN       0.90  14970  0.731132  
2             LOW RESIDUAL       0.90   3712  0.730216  
3             LOW RESIDUAL       0.90   9808  0.724788  
4   HFN HH LOW RESIDUAL *X       0.80  15032  0.720262  
5          LOW RESIDUAL HH       0.80  15029  0.715526  
6          LOW RESIDUAL *X       0.85  15026  0.710304  
7             LOW RESIDUAL       0.85  15027  0.706953  
8                   HFN RF       0.85   9809  0.703908  
9                      NAN       0.95  14172  0.703205  
10                     NAN       0.95  13943  0.699782  
11         HFN RAISED FACE       0.85   3714  0.699399  
12            LOW RESIDUAL       0.85   9812  0.698306  
13            LOW RESIDUAL       0.90  15030  0.697845  
14                     NAN       0.95   2941  0.696773  
15            LOW RESIDUAL       0.90  15028  0.695515  
16         HFN RAISED FACE       0.90   3711  0.692854  
17            LOW RESIDUAL       0.90  19419  0.692537  
18                HEX HEAD       0.95   7347  0.687838  
19            LOW RESIDUAL       0.90   3715  0.685888  
20             RAISED FACE       1.00   7235  0.685450  
21                     NAN       1.00  14013  0.681696  
22                     NAN       0.95  14226  0.680992  
23                     NAN       1.00   7220  0.680892  
24             RAISED FACE       1.00  18708  0.680809  

[25 rows x 21 columns]",42,BAD
75,"3"" ELBOW 90D, SR, BW, ASME 16.28, WROUGHT STEEL, ASTM/ASME A/SA-234-WPB, SCH.STD",3 CARBON STEEL STANDARD WELD SHORT RADIUS 90 ELBOW,True,75,4,6.3352874000001975,"       ID                                             DESCRIPTION CATEGORY  \
0   22293                 3 CARBON STEEL STANDARD 3R 90 WLD ELBOW  FITTING   
1   22292                 3 CARBON STEEL STANDARD 3R 90 WLD ELBOW  FITTING   
2   27532                 3 CARBON STEEL STANDARD WLD SR 90 ELBOW  FITTING   
3   27531                 3 CARBON STEEL STANDARD WLD SR 90 ELBOW  FITTING   
4   42997      3 CARBON STEEL STANDARD WELD SHORT RADIUS 90 ELBOW  FITTING   
5   27536                               3 CS STD WELD SR 90 ELBOW  FITTING   
6   27568             3-0.5 CARBON STEEL STANDARD WLD SR 90 ELBOW  FITTING   
7   24529                 3 CARBON STEEL STANDARD 3R 45 WLD ELBOW  FITTING   
8   22455                    3 CARBON STEEL STANDARD WLD 45 ELBOW  FITTING   
9   22456                    3 CARBON STEEL STANDARD WLD 45 ELBOW  FITTING   
10  24823       3 CARBON STEEL STANDARD WELD LONG RADIUS 90 ELBOW  FITTING   
11  42996       3 CARBON STEEL STANDARD WELD LONG RADIUS 90 ELBOW  FITTING   
12  43675       3 CARBON STEEL STANDARD WELD LONG RADIUS 90 ELBOW  FITTING   
13  43674       3 CARBON STEEL STANDARD WELD LONG RADIUS 90 ELBOW  FITTING   
14  24997        3 CARBON STEEL STANDARD WLD LONG RADIUS 90 ELBOW  FITTING   
15  40003  3 STAINLESS STEEL SCHEDULE 40 304L SR 90 ELBOW A403WPW  FITTING   
16  40002  3 STAINLESS STEEL SCHEDULE 40 304L SR 90 ELBOW A403WPW  FITTING   
17  27530             3 CARBON STEEL SCHEDULE 160 WLD SR 90 ELBOW  FITTING   
18  27529             3 CARBON STEEL SCHEDULE 160 WLD SR 90 ELBOW  FITTING   
19  22532                16 CARBON STEEL STANDARD 3R 90 WLD ELBOW  FITTING   
20  24757                 2 CARBON STEEL STANDARD 3R 90 WLD ELBOW  FITTING   
21  24833                     3 CS STD A420 WPL6 WELD LR 90 ELBOW  FITTING   
22  22303              3 CARBON STEEL EXTRA HEAVY 3R 90 WLD ELBOW  FITTING   
23  22304              3 CARBON STEEL EXTRA HEAVY 3R 90 WLD ELBOW  FITTING   
24  24832                          3 CS STD A420 WELD LR 90 ELBOW  FITTING   

                     TYPE PRIMARY_SIZE REDUCING_SIZE LENGTH    MATERIAL_NAME  \
0      3R 90 DEGREE ELBOW            3           NAN    NAN     CARBON STEEL   
1      3R 90 DEGREE ELBOW            3           NAN    NAN     CARBON STEEL   
2      SR 90 DEGREE ELBOW            3           NAN    NAN     CARBON STEEL   
3      SR 90 DEGREE ELBOW            3           NAN    NAN     CARBON STEEL   
4   SHORT RADIUS 90 ELBOW          3.0           NAN    NAN     CARBON STEEL   
5      SR 90 DEGREE ELBOW            3           NAN    NAN     CARBON STEEL   
6             SR 90 ELBOW          3.5           NAN    NAN     CARBON STEEL   
7      LR 45 DEGREE ELBOW            3           NAN    NAN     CARBON STEEL   
8         45 DEGREE ELBOW            3           NAN    NAN     CARBON STEEL   
9         45 DEGREE ELBOW            3           NAN    NAN     CARBON STEEL   
10     LR 90 DEGREE ELBOW            3           NAN    NAN     CARBON STEEL   
11   LONG RADIUS 90 ELBOW          3.0           NAN    NAN     CARBON STEEL   
12   LONG RADIUS 90 ELBOW          3.0           NAN    NAN     CARBON STEEL   
13   LONG RADIUS 90 ELBOW          3.0           NAN    NAN     CARBON STEEL   
14            LR 90 ELBOW            3           NAN    NAN     CARBON STEEL   
15     SR 90 DEGREE ELBOW            3           NAN    NAN  STAINLESS STEEL   
16     SR 90 DEGREE ELBOW            3           NAN    NAN  STAINLESS STEEL   
17     SR 90 DEGREE ELBOW            3           NAN    NAN     CARBON STEEL   
18     SR 90 DEGREE ELBOW            3           NAN    NAN     CARBON STEEL   
19        90 DEGREE ELBOW           16           NAN    NAN     CARBON STEEL   
20     LR 90 DEGREE ELBOW            2           NAN    NAN     CARBON STEEL   
21     LR 90 DEGREE ELBOW            3           NAN    NAN     CARBON STEEL   
22            3R 90 ELBOW            3           NAN    NAN     CARBON STEEL   
23            3R 90 ELBOW            3           NAN    NAN     CARBON STEEL   
24     LR 90 DEGREE ELBOW            3           NAN    NAN     CARBON STEEL   

   MATERIAL_SPECIFICATION MATERIAL_GRADE  ... PRIMARY_SCHEDULE  \
0                     NAN            NAN  ...              STD   
1                     NAN            NAN  ...              STD   
2                     NAN            NAN  ...              STD   
3                     NAN            NAN  ...              STD   
4                     NAN            NAN  ...         STANDARD   
5                     NAN            NAN  ...              STD   
6                     NAN            NAN  ...              STD   
7                     NAN            NAN  ...              STD   
8                     NAN            NAN  ...              STD   
9                     NAN            NAN  ...              STD   
10                    NAN            NAN  ...              STD   
11                    NAN            NAN  ...         STANDARD   
12                    NAN            NAN  ...         STANDARD   
13                    NAN            NAN  ...         STANDARD   
14                    NAN            NAN  ...              STD   
15                   A403            WPW  ...               40   
16                   A403            WPW  ...               40   
17                    NAN            NAN  ...              160   
18                    NAN            NAN  ...              160   
19                    NAN            NAN  ...              STD   
20                    NAN            NAN  ...              STD   
21                   A420           WPL6  ...              STD   
22                    NAN            NAN  ...               XH   
23                    NAN            NAN  ...               XH   
24                   A420            NAN  ...              STD   

   REDUCING_SCHEDULE MANUFACTURING_PROCESS END_FINISH END_CONNECTIONS TRIM  \
0                NAN                   NAN         BW             NAN  NAN   
1                NAN                   NAN        NAN             NAN  NAN   
2                NAN                   NAN        NAN             NAN  NAN   
3                NAN                WELDED        NAN             NAN  NAN   
4                NAN                  WELD        NAN             NAN  NAN   
5                NAN                WELDED        NAN             NAN  NAN   
6                NAN                   NAN         BW             NAN  NAN   
7                NAN                   NAN        NAN             NAN  NAN   
8                NAN                   NAN        NAN            WELD  NAN   
9                NAN                WELDED        NAN             NAN  NAN   
10               NAN                WELDED        NAN             NAN  NAN   
11               NAN                WELDED        NAN       BUTT WELD  NAN   
12               NAN                WELDED        NAN             NAN  NAN   
13               NAN                  WELD        NAN             NAN  NAN   
14               NAN                   NAN         BW             NAN  NAN   
15               NAN                   NAN        NAN             NAN  NAN   
16               NAN                   NAN        NAN             NAN  NAN   
17               NAN                   NAN         BW             NAN  NAN   
18               NAN                   NAN       WELD             NAN  NAN   
19               NAN                   NAN         BW             NAN  NAN   
20               NAN                   NAN        NAN             NAN  NAN   
21               NAN                WELDED        NAN             NAN  NAN   
22               NAN                   NAN       WELD             NAN  NAN   
23               NAN                   NAN         BW             NAN  NAN   
24               NAN                  WELD        NAN             NAN  NAN   

   MISCELLANEOUS CONFIDENCE     id     score  
0            NAN       0.85  22293  0.837812  
1            NAN       0.80  22292  0.837812  
2            NAN       0.85  27532  0.831745  
3            NAN       0.80  27531  0.831745  
4            NAN       0.80  42997  0.820375  
5            NAN       0.80  27536  0.820305  
6            NAN       0.80  27568  0.812764  
7            NAN       0.80  24529  0.811103  
8            NAN       0.80  22455  0.809880  
9            NAN       0.80  22456  0.809880  
10           NAN       0.85  24823  0.808327  
11           NAN       0.80  42996  0.808327  
12           NAN       0.80  43675  0.808327  
13           NAN       0.80  43674  0.808327  
14           NAN       0.80  24997  0.806930  
15           NAN       0.95  40003  0.806173  
16           NAN       0.95  40002  0.806173  
17           NAN       0.80  27530  0.806068  
18           NAN       0.85  27529  0.806068  
19            3R       0.80  22532  0.805215  
20           NAN       0.80  24757  0.802991  
21           NAN       0.85  24833  0.800422  
22           NAN       0.85  22303  0.800389  
23           NAN       0.85  22304  0.800389  
24           NAN       0.85  24832  0.800031  

[25 rows x 21 columns]",29,BAD
76,"12"" ELBOW 90D, LR, BW, ASME 16.9, WROUGHT STEEL, ASTM/ASME A/SA-234-WPB, SCH.STD",12 CARBON STEEL STANDARD WELD LONG RADIUS 90 ELBOW,True,76,11,6.031629099999918,"       ID                                               DESCRIPTION CATEGORY  \
0   24700                                12 CS STD WELD LR 90 ELBOW  FITTING   
1   24701                                 12 CS STD WLD LR 90 ELBOW  FITTING   
2   37128   12 STAINLESS STEEL SCHEDULE 80 304L LR 90 ELBOW A403WPW  FITTING   
3   27486                  12 CARBON STEEL STANDARD WLD SR 90 ELBOW  FITTING   
4   27485                  12 CARBON STEEL STANDARD WLD SR 90 ELBOW  FITTING   
5   24685                  12 CARBON STEEL STANDARD 3R 90 WLD ELBOW  FITTING   
6   22530                  12 CARBON STEEL STANDARD 3R 90 WLD ELBOW  FITTING   
7   24976         12 CARBON STEEL STANDARD WLD LONG RADIUS 90 ELBOW  FITTING   
8   27487                                12 CS STD WELD SR 90 ELBOW  FITTING   
9   31944                          12 STANDARD WLD LR 90 ELBOW LRES  FITTING   
10  36851   12 STAINLESS STEEL SCHEDULE 40 304L LR 90 ELBOW A403WPW  FITTING   
11  42775        12 CARBON STEEL STANDARD WELD LONG RADIUS 90 ELBOW  FITTING   
12  24686        12 CARBON STEEL STANDARD WELD LONG RADIUS 90 ELBOW  FITTING   
13  36842   12 STAINLESS STEEL SCHEDULE 10 304L LR 90 ELBOW A403WPW  FITTING   
14  36843   12 STAINLESS STEEL SCHEDULE 10 304L LR 90 ELBOW A403WPW  FITTING   
15  36844   12 STAINLESS STEEL SCHEDULE 10 304L LR 90 ELBOW A403WPW  FITTING   
16  36841   12 STAINLESS STEEL SCHEDULE 10 304L LR 90 ELBOW A403WPW  FITTING   
17  27484                 12 CARBON STEEL STANDARD WELD SR 90 ELBOW  FITTING   
18  36854  12 STAINLESS STEEL SCHEDULE 40 316 L LR 90 ELBOW A403WPW  FITTING   
19  36853  12 STAINLESS STEEL SCHEDULE 40 316 L LR 90 ELBOW A403WPW  FITTING   
20  36849  12 STAINLESS STEEL SCHEDULE 10 316 L LR 90 ELBOW A403WPW  FITTING   
21  36847  12 STAINLESS STEEL SCHEDULE 10 316 L LR 90 ELBOW A403WPW  FITTING   
22  36848  12 STAINLESS STEEL SCHEDULE 10 316 L LR 90 ELBOW A403WPW  FITTING   
23  24698                               12 CS S120 WELD LR 90 ELBOW  FITTING   
24  22380                     12 CARBON STEEL STANDARD WLD 45 ELBOW  FITTING   

                    TYPE PRIMARY_SIZE REDUCING_SIZE LENGTH    MATERIAL_NAME  \
0     LR 90 DEGREE ELBOW           12           NAN    NAN     CARBON STEEL   
1     LR 90 DEGREE ELBOW           12           NAN    NAN     CARBON STEEL   
2            LR 90 ELBOW           12           NAN    NAN  STAINLESS STEEL   
3     SR 90 DEGREE ELBOW           12           NAN    NAN     CARBON STEEL   
4     SR 90 DEGREE ELBOW           12           NAN    NAN     CARBON STEEL   
5     LR 90 DEGREE ELBOW           12           NAN    NAN     CARBON STEEL   
6        90 DEGREE ELBOW           12           NAN    NAN     CARBON STEEL   
7            LR 90 ELBOW           12           NAN    NAN     CARBON STEEL   
8     SR 90 DEGREE ELBOW           12           NAN    NAN     CARBON STEEL   
9     LR 90 DEGREE ELBOW           12           NAN    NAN              NAN   
10    LR 90 DEGREE ELBOW           12           NAN    NAN  STAINLESS STEEL   
11  LONG RADIUS 90 ELBOW         12.0           NAN    NAN     CARBON STEEL   
12    LR 90 DEGREE ELBOW           12           NAN    NAN     CARBON STEEL   
13    LR 90 DEGREE ELBOW           12           NAN    NAN  STAINLESS STEEL   
14    LR 90 DEGREE ELBOW           12           NAN    NAN  STAINLESS STEEL   
15    LR 90 DEGREE ELBOW           12           NAN    NAN  STAINLESS STEEL   
16    LR 90 DEGREE ELBOW           12           NAN    NAN  STAINLESS STEEL   
17    SR 90 DEGREE ELBOW           12           NAN    NAN     CARBON STEEL   
18    LR 90 DEGREE ELBOW           12           NAN    NAN  STAINLESS STEEL   
19    LR 90 DEGREE ELBOW           12           NAN    NAN  STAINLESS STEEL   
20    LR 90 DEGREE ELBOW           12           NAN    NAN  STAINLESS STEEL   
21    LR 90 DEGREE ELBOW           12           NAN    NAN  STAINLESS STEEL   
22    LR 90 DEGREE ELBOW           12           NAN    NAN  STAINLESS STEEL   
23    LR 90 DEGREE ELBOW           12           NAN    NAN     CARBON STEEL   
24       45 DEGREE ELBOW           12           NAN    NAN     CARBON STEEL   

   MATERIAL_SPECIFICATION MATERIAL_GRADE  ... PRIMARY_SCHEDULE  \
0                     NAN            NAN  ...              STD   
1                     NAN            NAN  ...              STD   
2                    A403            WPW  ...               80   
3                     NAN            NAN  ...              STD   
4                     NAN            NAN  ...              STD   
5                     NAN            NAN  ...              STD   
6                     NAN            NAN  ...              STD   
7                     NAN            NAN  ...              STD   
8                     NAN            NAN  ...              STD   
9                     NAN            NAN  ...              STD   
10                   A403            WPW  ...               40   
11                    NAN            NAN  ...         STANDARD   
12                    NAN            NAN  ...              STD   
13                   A403            WPW  ...               10   
14                   A403            WPW  ...               10   
15                   A403            WPW  ...               10   
16                   A403            WPW  ...               10   
17                    NAN            NAN  ...              STD   
18                   A403            WPW  ...               40   
19                   A403            WPW  ...               40   
20                   A403            WPW  ...               10   
21                   A403            WPW  ...               10   
22                   A403            WPW  ...               10   
23                    NAN            NAN  ...              120   
24                    NAN            NAN  ...              STD   

   REDUCING_SCHEDULE MANUFACTURING_PROCESS END_FINISH END_CONNECTIONS TRIM  \
0                NAN                   NAN         BW             NAN  NAN   
1                NAN                   NAN         BW             NAN  NAN   
2                NAN                   NAN        NAN             NAN  NAN   
3                NAN                   NAN        NAN             NAN  NAN   
4                NAN                WELDED        NAN             NAN  NAN   
5                NAN                   NAN         BW             NAN  NAN   
6                NAN                   NAN        NAN             NAN  NAN   
7                NAN                WELDED        NAN             NAN  NAN   
8                NAN                   NAN        NAN             NAN  NAN   
9                NAN                  WELD        NAN             NAN  NAN   
10               NAN                   NAN        NAN             NAN  NAN   
11               NAN                   NAN        NAN              BW  NAN   
12               NAN                WELDED        NAN             NAN  NAN   
13               NAN                   NAN        NAN             NAN  NAN   
14               NAN                   NAN        NAN             NAN  NAN   
15               NAN                   NAN        NAN             NAN  NAN   
16               NAN                   NAN        NAN             NAN  NAN   
17               NAN                  WELD        NAN             NAN  NAN   
18               NAN                   NAN        NAN             NAN  NAN   
19               NAN                   NAN        NAN             NAN  NAN   
20               NAN                   NAN        NAN             NAN  NAN   
21               NAN                   NAN        NAN             NAN  NAN   
22               NAN                   NAN        NAN             NAN  NAN   
23               NAN                   NAN         BW             NAN  NAN   
24               NAN                WELDED        NAN             NAN  NAN   

   MISCELLANEOUS CONFIDENCE     id     score  
0            NAN       0.80  24700  0.854308  
1            NAN       0.80  24701  0.841406  
2            NAN       0.95  37128  0.835634  
3            NAN       0.85  27486  0.834186  
4            NAN       0.80  27485  0.834186  
5            NAN       0.85  24685  0.832956  
6             3R       0.80  22530  0.832956  
7            NAN       0.80  24976  0.827800  
8            NAN       0.80  27487  0.826525  
9   LOW RESIDUAL       0.85  31944  0.826256  
10          304L       0.95  36851  0.823864  
11           NAN       0.80  42775  0.819586  
12           NAN       0.85  24686  0.819586  
13           NAN       0.95  36842  0.819501  
14           NAN       0.95  36843  0.819501  
15           NAN       0.95  36844  0.819501  
16           NAN       0.95  36841  0.819501  
17           NAN       0.85  27484  0.818789  
18           NAN       0.95  36854  0.816891  
19           NAN       0.95  36853  0.816891  
20           NAN       0.95  36849  0.812348  
21           NAN       0.95  36847  0.812348  
22           NAN       0.95  36848  0.812348  
23           NAN       0.85  24698  0.811049  
24           NAN       0.80  22380  0.810460  

[25 rows x 21 columns]",40,BAD
77,"10"" TEE, BW, ASME 16.9, WROUGHT STEEL, ASTM/ASME A/SA-234-WPB, SCH.STD",10 CARBON STEEL STANDARD WELD TEE,True,77,3,6.521517599999925,"       ID                                                DESCRIPTION CATEGORY  \
0   27778                                         10 CS STD WELD TEE  FITTING   
1   27769                           10 CARBON STEEL STANDARD WLD TEE  FITTING   
2   27768                           10 CARBON STEEL STANDARD WLD TEE  FITTING   
3   43660                          10 CARBON STEEL STANDARD WELD TEE  FITTING   
4   42736                          10 CARBON STEEL STANDARD WELD TEE  FITTING   
5   43791                          10 CARBON STEEL STANDARD WELD TEE  FITTING   
6   40504            10 STAINLESS STEEL SCHEDULE 10 304L TEE A403WPW  FITTING   
7   42737   10 X 10 X 4 STAINLESS STEEL SCHEDULE 10 304L TEE A403WPW  FITTING   
8   40516   10 X 10 X 4 STAINLESS STEEL SCHEDULE 10 304L TEE A403WPW  FITTING   
9   27777                               10 CS STD A420 WPL6 WELD TEE  FITTING   
10  27794                                10 X 10 X 6 CS STD WELD TEE  FITTING   
11  27783                  10 X 10 X 4 CARBON STEEL STANDARD WLD TEE  FITTING   
12  27782                  10 X 10 X 4 CARBON STEEL STANDARD WLD TEE  FITTING   
13  27784             10 X 10 X 4 CARBON STEEL WPL6 STANDARD WLD TEE  FITTING   
14  40525   10 X 10 X 8 STAINLESS STEEL SCHEDULE 40 304L TEE A403WPW  FITTING   
15  27383                  10 X 10 X 6 CARBON STEEL STANDARD WLD TEE  FITTING   
16  27799             10 X 10 X 8 CARBON STEEL WPL6 STANDARD WLD TEE  FITTING   
17  27771                      10 CARBON STEEL WPL6 STANDARD WLD TEE  FITTING   
18  28447                      10 CARBON STEEL WPL6 STANDARD WLD TEE  FITTING   
19  42740            10 X 10 X 4 CARBON STEEL WPL6 STANDARD WELD TEE  FITTING   
20  42738            10 X 10 X 4 CARBON STEEL WPL6 STANDARD WELD TEE  FITTING   
21  42739            10 X 10 X 4 CARBON STEEL WPL6 STANDARD WELD TEE  FITTING   
22  27801                                10 X 10 X 8 CS STD WELD TEE  FITTING   
23  27787                                10 X 10 X 4 CS STD WELD TEE  FITTING   
24  40519  10 X 10 X 6 STAINLESS STEEL SCHEDULE 10 316 L TEE A403WPW  FITTING   

            TYPE PRIMARY_SIZE REDUCING_SIZE LENGTH    MATERIAL_NAME  \
0            TEE           10           NAN    NAN     CARBON STEEL   
1            TEE           10           NAN    NAN     CARBON STEEL   
2            TEE           10           NAN    NAN     CARBON STEEL   
3   STRAIGHT TEE         10.0           NAN    NAN     CARBON STEEL   
4   STRAIGHT TEE         10.0           NAN    NAN     CARBON STEEL   
5            TEE         10.0           NAN    NAN     CARBON STEEL   
6            TEE           10           NAN    NAN  STAINLESS STEEL   
7            TEE         10.0           4.0    NAN  STAINLESS STEEL   
8            TEE           10             4    NAN  STAINLESS STEEL   
9            TEE           10           NAN    NAN     CARBON STEEL   
10           TEE           10             6    NAN     CARBON STEEL   
11           TEE           10             4    NAN     CARBON STEEL   
12           TEE           10             4    NAN     CARBON STEEL   
13           TEE           10             4    NAN     CARBON STEEL   
14           TEE           10             8    NAN  STAINLESS STEEL   
15  REDUCING TEE           10             6    NAN     CARBON STEEL   
16           TEE           10             8    NAN     CARBON STEEL   
17           TEE           10           NAN    NAN     CARBON STEEL   
18      WELD TEE           10           NAN    NAN     CARBON STEEL   
19  REDUCING TEE         10.0           4.0    NAN     CARBON STEEL   
20           TEE         10.0           4.0    NAN     CARBON STEEL   
21           TEE         10.0           4.0    NAN     CARBON STEEL   
22           TEE           10             8    NAN     CARBON STEEL   
23           TEE           10             4    NAN     CARBON STEEL   
24           TEE           10             6    NAN  STAINLESS STEEL   

   MATERIAL_SPECIFICATION MATERIAL_GRADE  ... PRIMARY_SCHEDULE  \
0                     NAN            NAN  ...              STD   
1                     NAN            NAN  ...              STD   
2                     NAN            NAN  ...              STD   
3                     NAN            NAN  ...         STANDARD   
4                     NAN            NAN  ...         STANDARD   
5                     NAN            NAN  ...         STANDARD   
6                    A403            WPW  ...               10   
7                    A403            WPW  ...               10   
8                    A403            WPW  ...               10   
9                    A420           WPL6  ...              STD   
10                    NAN            NAN  ...              STD   
11                    NAN            NAN  ...              STD   
12                    NAN            NAN  ...              STD   
13                   WPL6            NAN  ...              STD   
14                   A403            WPW  ...               40   
15                    NAN            NAN  ...              STD   
16                   WPL6            NAN  ...              STD   
17                   WPL6            NAN  ...              STD   
18                   WPL6            NAN  ...              STD   
19                   WPL6            NAN  ...         STANDARD   
20                   WPL6            NAN  ...         STANDARD   
21                   WPL6            NAN  ...         STANDARD   
22                    NAN            NAN  ...              STD   
23                    NAN            NAN  ...              STD   
24                   A403            WPW  ...               10   

   REDUCING_SCHEDULE MANUFACTURING_PROCESS END_FINISH END_CONNECTIONS TRIM  \
0                NAN                WELDED        NAN             NAN  NAN   
1                NAN                WELDED        NAN             NAN  NAN   
2                NAN                WELDED        NAN             NAN  NAN   
3                NAN                   NAN        NAN       BUTT WELD  NAN   
4                NAN                   NAN        NAN       BUTT WELD  NAN   
5                NAN                  WELD        NAN             NAN  NAN   
6                NAN                   NAN        NAN             NAN  NAN   
7                NAN                   NAN        NAN             NAN  NAN   
8                NAN                   NAN        NAN             NAN  NAN   
9                NAN                   NAN        NAN             NAN  NAN   
10               NAN                WELDED        NAN             NAN  NAN   
11               NAN                WELDED        NAN             NAN  NAN   
12               NAN                WELDED        NAN             NAN  NAN   
13               NAN                WELDED        NAN             NAN  NAN   
14               NAN                   NAN        NAN             NAN  NAN   
15               NAN                WELDED        NAN             NAN  NAN   
16               NAN                   NAN         BW             NAN  NAN   
17               NAN                   NAN        NAN             NAN  NAN   
18               NAN                   NAN        NAN             NAN  NAN   
19               NAN                   NAN        NAN       BUTT WELD  NAN   
20               NAN                  WELD        NAN             NAN  NAN   
21               NAN                WELDED        NAN             NAN  NAN   
22               NAN                WELDED        NAN             NAN  NAN   
23               NAN                WELDED        NAN             NAN  NAN   
24               NAN                   NAN        NAN             NAN  NAN   

   MISCELLANEOUS CONFIDENCE     id     score  
0            NAN       0.80  27778  0.804927  
1            NAN       0.80  27769  0.802797  
2            NAN       0.80  27768  0.802797  
3            NAN       0.80  43660  0.798718  
4            NAN       0.80  42736  0.798718  
5            NAN       0.80  43791  0.798718  
6            NAN       0.90  40504  0.790064  
7            NAN       0.90  42737  0.789604  
8            NAN       0.90  40516  0.789604  
9            NAN       0.85  27777  0.788512  
10           NAN       0.80  27794  0.788218  
11           NAN       0.80  27783  0.787373  
12           NAN       0.80  27782  0.787373  
13           NAN       0.85  27784  0.786938  
14           NAN       0.95  40525  0.783577  
15           NAN       0.80  27383  0.782043  
16           NAN       0.85  27799  0.781852  
17           NAN       0.85  27771  0.780717  
18           NAN       0.85  28447  0.780717  
19           NAN       0.90  42740  0.780526  
20           NAN       0.80  42738  0.780526  
21           NAN       0.90  42739  0.780526  
22           NAN       0.80  27801  0.779951  
23           NAN       0.80  27787  0.779633  
24           NAN       0.95  40519  0.779006  

[25 rows x 21 columns]",40,BAD
78,"8"" ELBOW 90D, LR, BW, ASME 16.9, WROUGHT STEEL, ASTM/ASME A/SA-234-WPB, SCH.STD",8 CARBON STEEL STANDARD WELD LONG RADIUS 90 ELBOW,True,78,13,6.33288790000006,"       ID                                              DESCRIPTION CATEGORY  \
0   37113   8 STAINLESS STEEL SCHEDULE 80 304L LR 90 ELBOW A403WPW  FITTING   
1   24939                  8 CARBON STEEL STANDARD 3R 90 WLD ELBOW  FITTING   
2   24940                  8 CARBON STEEL STANDARD 3R 90 WLD ELBOW  FITTING   
3   24958                                8 CS STD WELD LR 90 ELBOW  FITTING   
4   24957                      8 CS STD A420 WPL6 WELD LR 90 ELBOW  FITTING   
5   27561                  8 CARBON STEEL STANDARD WLD SR 90 ELBOW  FITTING   
6   27562                  8 CARBON STEEL STANDARD WLD SR 90 ELBOW  FITTING   
7   24941         8 CARBON STEEL STANDARD WLD LONG RADIUS 90 ELBOW  FITTING   
8   37103   8 STAINLESS STEEL SCHEDULE 40 304L LR 90 ELBOW A403WPW  FITTING   
9   37104   8 STAINLESS STEEL SCHEDULE 40 304L LR 90 ELBOW A403WPW  FITTING   
10  25026                                 8 CS STD WLD LR 90 ELBOW  FITTING   
11  37108  8 STAINLESS STEEL SCHEDULE 40 316 L LR 90 ELBOW A403WPW  FITTING   
12  37109  8 STAINLESS STEEL SCHEDULE 40 316 L LR 90 ELBOW A403WPW  FITTING   
13  43199        8 CARBON STEEL STANDARD WELD LONG RADIUS 90 ELBOW  FITTING   
14  25023        8 CARBON STEEL STANDARD WELD LONG RADIUS 90 ELBOW  FITTING   
15  43311        8 CARBON STEEL STANDARD WELD LONG RADIUS 90 ELBOW  FITTING   
16  43175        8 CARBON STEEL STANDARD WELD LONG RADIUS 90 ELBOW  FITTING   
17  43698        8 CARBON STEEL STANDARD WELD LONG RADIUS 90 ELBOW  FITTING   
18  37093   8 STAINLESS STEEL SCHEDULE 10 304L LR 90 ELBOW A403WPW  FITTING   
19  37092   8 STAINLESS STEEL SCHEDULE 10 304L LR 90 ELBOW A403WPW  FITTING   
20  37090   8 STAINLESS STEEL SCHEDULE 10 304L LR 90 ELBOW A403WPW  FITTING   
21  37091   8 STAINLESS STEEL SCHEDULE 10 304L LR 90 ELBOW A403WPW  FITTING   
22  24944    8 CARBON STEEL WPL6 STANDARD WLD LONG RADIUS 90 ELBOW  FITTING   
23  24945    8 CARBON STEEL WPL6 STANDARD WLD LONG RADIUS 90 ELBOW  FITTING   
24  25028                            8 X 6 CS STD WELD LR 90 ELBOW  FITTING   

                    TYPE PRIMARY_SIZE REDUCING_SIZE LENGTH    MATERIAL_NAME  \
0     LR 90 DEGREE ELBOW            8           NAN    NAN  STAINLESS STEEL   
1     LR 90 DEGREE ELBOW            8           NAN    NAN     CARBON STEEL   
2     LR 90 DEGREE ELBOW            8           NAN    NAN     CARBON STEEL   
3     LR 90 DEGREE ELBOW            8           NAN    NAN     CARBON STEEL   
4     LR 90 DEGREE ELBOW            8           NAN    NAN     CARBON STEEL   
5     SR 90 DEGREE ELBOW            8           NAN    NAN     CARBON STEEL   
6     SR 90 DEGREE ELBOW            8           NAN    NAN     CARBON STEEL   
7     LR 90 DEGREE ELBOW            8           NAN    NAN     CARBON STEEL   
8     LR 90 DEGREE ELBOW            8           NAN    NAN  STAINLESS STEEL   
9     LR 90 DEGREE ELBOW            8           NAN    NAN  STAINLESS STEEL   
10           LR 90 ELBOW            8           NAN    NAN     CARBON STEEL   
11    LR 90 DEGREE ELBOW            8           NAN    NAN  STAINLESS STEEL   
12    LR 90 DEGREE ELBOW            8           NAN    NAN  STAINLESS STEEL   
13  LONG RADIUS 90 ELBOW          8.0           NAN    NAN     CARBON STEEL   
14           LR 90 ELBOW            8           NAN    NAN     CARBON STEEL   
15  LONG RADIUS 90 ELBOW          8.0           NAN    NAN     CARBON STEEL   
16  LONG RADIUS 90 ELBOW          8.0           NAN    NAN     CARBON STEEL   
17  LONG RADIUS 90 ELBOW          8.0           NAN    NAN     CARBON STEEL   
18    LR 90 DEGREE ELBOW            8           NAN    NAN  STAINLESS STEEL   
19    LR 90 DEGREE ELBOW            8           NAN    NAN  STAINLESS STEEL   
20    LR 90 DEGREE ELBOW            8           NAN    NAN  STAINLESS STEEL   
21    LR 90 DEGREE ELBOW            8           NAN    NAN  STAINLESS STEEL   
22    LR 90 DEGREE ELBOW            8           NAN    NAN     CARBON STEEL   
23    LR 90 DEGREE ELBOW            8           NAN    NAN     CARBON STEEL   
24           LR 90 ELBOW            8             6    NAN     CARBON STEEL   

   MATERIAL_SPECIFICATION MATERIAL_GRADE  ... PRIMARY_SCHEDULE  \
0                    A403            WPW  ...               80   
1                     NAN            NAN  ...              STD   
2                     NAN            NAN  ...              STD   
3                     NAN            NAN  ...              STD   
4                    A420           WPL6  ...              STD   
5                     NAN            NAN  ...              STD   
6                     NAN            NAN  ...              STD   
7                     NAN            NAN  ...              STD   
8                    A403            WPW  ...               40   
9                    A403            WPW  ...               40   
10                    NAN            NAN  ...              STD   
11                   A403            WPW  ...               40   
12                   A403            WPW  ...               40   
13                    NAN            NAN  ...         STANDARD   
14                    NAN            NAN  ...              STD   
15                    NAN            NAN  ...         STANDARD   
16                    NAN            NAN  ...         STANDARD   
17                    NAN            NAN  ...         STANDARD   
18                   A403            WPW  ...               10   
19                   A403            WPW  ...               10   
20                   A403            WPW  ...               10   
21                   A403            WPW  ...               10   
22                   WPL6            NAN  ...              STD   
23                   WPL6            NAN  ...              STD   
24                    NAN            NAN  ...              STD   

   REDUCING_SCHEDULE MANUFACTURING_PROCESS END_FINISH END_CONNECTIONS TRIM  \
0                NAN                   NAN        NAN             NAN  NAN   
1                NAN                   NAN        NAN             NAN  NAN   
2                NAN                   NAN        NAN             NAN  NAN   
3                NAN                WELDED        NAN             NAN  NAN   
4                NAN                  WELD        NAN             NAN  NAN   
5                NAN                   NAN        NAN             NAN  NAN   
6                NAN                WELDED        NAN             NAN  NAN   
7                NAN                WELDED        NAN             NAN  NAN   
8                NAN                   NAN        NAN             NAN  NAN   
9                NAN                   NAN        NAN             NAN  NAN   
10               NAN                WELDED        NAN             NAN  NAN   
11               NAN                   NAN        NAN             NAN  NAN   
12               NAN                   NAN        NAN             NAN  NAN   
13               NAN                   NAN        NAN       BUTT WELD  NAN   
14               NAN                WELDED        NAN             NAN  NAN   
15               NAN                   NAN        NAN       BUTT WELD  NAN   
16               NAN                  WELD        NAN             NAN  NAN   
17               NAN                   NAN        NAN       BUTT WELD  NAN   
18               NAN                   NAN        NAN             NAN  NAN   
19               NAN                   NAN        NAN             NAN  NAN   
20               NAN                   NAN        NAN             NAN  NAN   
21               NAN                   NAN        NAN             NAN  NAN   
22               NAN                   NAN         BW             NAN  NAN   
23               NAN                   NAN         BW             NAN  NAN   
24               NAN                  WELD        NAN             NAN  NAN   

   MISCELLANEOUS CONFIDENCE     id     score  
0            NAN       0.95  37113  0.845599  
1            NAN       0.80  24939  0.841133  
2            NAN       0.80  24940  0.841133  
3            NAN       0.80  24958  0.840954  
4            NAN       0.90  24957  0.837614  
5   SHORT RADIUS       0.80  27561  0.832956  
6            NAN       0.80  27562  0.832956  
7            NAN       0.80  24941  0.830588  
8            NAN       0.95  37103  0.830352  
9            NAN       0.95  37104  0.830352  
10           NAN       0.85  25026  0.829498  
11           NAN       0.95  37108  0.824732  
12           NAN       0.95  37109  0.824732  
13           NAN       0.80  43199  0.823355  
14           NAN       0.80  25023  0.823355  
15           NAN       0.80  43311  0.823355  
16           NAN       0.80  43175  0.823355  
17           NAN       0.90  43698  0.823355  
18           NAN       0.95  37093  0.822947  
19           NAN       0.95  37092  0.822947  
20           NAN       0.95  37090  0.822947  
21           NAN       0.95  37091  0.822947  
22           NAN       0.90  24944  0.821095  
23   LONG RADIUS       0.90  24945  0.821095  
24           NAN       0.80  25028  0.820811  

[25 rows x 21 columns]",37,BAD
79,"10 PIPE , ASME B36.10 , BEVELED END , ASTM A333-6 , ELECTRIC RESISTANCE WELDED (EJ = 0.85) S-STD",10 BLACK A333 GR6 SCHEDULE 40 SEAMLESS DRL PIPE,True,79,4,6.283376299999873,"       ID                                                       DESCRIPTION  \
0   26416                       10 BLACK A333 GR6 SCHEDULE 80 SEAMLESS PIPE   
1   26414                       10 BLACK A333 GR6 SCHEDULE 40 SEAMLESS PIPE   
2   26417                           10 BLACK A333 GR6 T80 SEAMLESS SRL PIPE   
3   26415                   10 BLACK A333 GR6 SCHEDULE 40 SEAMLESS SRL PIPE   
4   42716                   10 BLACK A333 GR6 SCHEDULE 40 SEAMLESS DRL PIPE   
5   42715                   10 BLACK A333 GR6 SCHEDULE 40 SEAMLESS DRL PIPE   
6   32454  10 BLACK A333 GR6 SCHEDULE 40 SEAMLESS DOUBLE RANDOM LENGTH PIPE   
7   26427            10 BLACK PLAIN END A106B EXTRA HEAVY SEAMLESS SRL PIPE   
8   26428            10 BLACK PLAIN END A106B EXTRA HEAVY SEAMLESS SRL PIPE   
9   26429            10 BLACK PLAIN END A106B EXTRA HEAVY SEAMLESS SRL PIPE   
10  26447                 10 BLACK PLAIN END A106B SCHEDULE 40 SRL FBE PIPE   
11  26455                  10 BLACK PLAIN END A53B EXTRA HEAVY ERW SRL PIPE   
12  26439                            10 BLACK PLAIN END A106B S80 PIPE LRES   
13  26437                   10 BLACK PLAIN END A106B S160 SEAMLESS SRL PIPE   
14  26438                    10 BLACK PLAIN END A106B S60 SEAMLESS SRL PIPE   
15  27794                                       10 X 10 X 6 CS STD WELD TEE   
16  26420                       10 BLACK PE A106B EXTRA HEAVY SMLS SRL PIPE   
17  39018                10 STAINLESS STEEL SCHEDULE 10 316L A312 WELD PIPE   
18  39016                10 STAINLESS STEEL SCHEDULE 10 316L A312 WELD PIPE   
19  39017                10 STAINLESS STEEL SCHEDULE 10 316L A312 WELD PIPE   
20  26461                  10 BLACK PLAIN END A53B SCHEDULE 40 ERW SRL PIPE   
21  26460                  10 BLACK PLAIN END A53B SCHEDULE 40 ERW SRL PIPE   
22  26453                             10 BLACK PLAIN END A106B XH PIPE LRES   
23  26451                    10 BLACK PLAIN END A106B T80 SEAMLESS SRL PIPE   
24  26452                    10 BLACK PLAIN END A106B T80 SEAMLESS SRL PIPE   

   CATEGORY           TYPE PRIMARY_SIZE REDUCING_SIZE LENGTH    MATERIAL_NAME  \
0      PIPE           PIPE           10           NAN    NAN     CARBON STEEL   
1      PIPE           PIPE           10           NAN    NAN     CARBON STEEL   
2      PIPE           PIPE           10           NAN    NAN     CARBON STEEL   
3      PIPE           PIPE           10           NAN    NAN     CARBON STEEL   
4      PIPE  SEAMLESS PIPE         10.0           NAN    NAN     CARBON STEEL   
5      PIPE  SEAMLESS PIPE         10.0           NAN    NAN     CARBON STEEL   
6      PIPE           PIPE           10           NAN    NAN              NAN   
7      PIPE           PIPE           10           NAN    NAN     CARBON STEEL   
8      PIPE           PIPE           10           NAN    NAN     CARBON STEEL   
9      PIPE           PIPE           10           NAN    NAN     CARBON STEEL   
10     PIPE           PIPE           10           NAN    NAN     CARBON STEEL   
11     PIPE           PIPE           10           NAN    NAN     CARBON STEEL   
12     PIPE           PIPE           10           NAN    NAN     CARBON STEEL   
13     PIPE           PIPE           10           NAN    NAN     CARBON STEEL   
14     PIPE           PIPE           10           NAN    NAN     CARBON STEEL   
15  FITTING            TEE           10             6    NAN     CARBON STEEL   
16     PIPE           PIPE           10           NAN    NAN     CARBON STEEL   
17     PIPE           PIPE           10           NAN    NAN  STAINLESS STEEL   
18     PIPE           PIPE           10           NAN    NAN  STAINLESS STEEL   
19     PIPE           PIPE           10           NAN    NAN  STAINLESS STEEL   
20     PIPE           PIPE           10           NAN    NAN     CARBON STEEL   
21     PIPE           PIPE           10           NAN    NAN     CARBON STEEL   
22     PIPE           PIPE           10           NAN    NAN     CARBON STEEL   
23     PIPE           PIPE           10           NAN    NAN     CARBON STEEL   
24     PIPE           PIPE           10           NAN    NAN     CARBON STEEL   

   MATERIAL_SPECIFICATION MATERIAL_GRADE  ... PRIMARY_SCHEDULE  \
0                    A333              6  ...               80   
1                    A333              6  ...               40   
2                    A333              6  ...              T80   
3                    A333              6  ...               40   
4                    A333            GR6  ...               40   
5                    A333            GR6  ...               40   
6                    A333              6  ...               40   
7                    A106              B  ...               XH   
8                    A106              B  ...               XH   
9                    A106              B  ...               XH   
10                   A106              B  ...               40   
11                    A53              B  ...               XH   
12                   A106              B  ...               80   
13                   A106              B  ...              160   
14                   A106              B  ...               60   
15                    NAN            NAN  ...              STD   
16                   A106              B  ...               XH   
17                   A312           316L  ...               10   
18                   A312           316L  ...               10   
19                   A312           316L  ...               10   
20                    A53              B  ...               40   
21                    A53              B  ...               40   
22                   A106              B  ...               XH   
23                   A106              B  ...              T80   
24                   A106              B  ...               80   

   REDUCING_SCHEDULE MANUFACTURING_PROCESS END_FINISH END_CONNECTIONS TRIM  \
0                NAN              SEAMLESS        NAN             NAN  NAN   
1                NAN              SEAMLESS        NAN             NAN  NAN   
2                NAN              SEAMLESS        SRL             NAN  NAN   
3                NAN              SEAMLESS        NAN             NAN  NAN   
4                NAN              SEAMLESS        DRL             NAN  NAN   
5                NAN              SEAMLESS        DRL             NAN  NAN   
6                NAN              SEAMLESS        DRL             NAN  NAN   
7                NAN              SEAMLESS  PLAIN END             NAN  NAN   
8                NAN              SEAMLESS  PLAIN END             NAN  NAN   
9                NAN              SEAMLESS  PLAIN END             NAN  NAN   
10               NAN                   NAN  PLAIN END             NAN  NAN   
11               NAN                   ERW         PE         PE X PE  NAN   
12               NAN                   NAN  PLAIN END             NAN  NAN   
13               NAN              SEAMLESS  PLAIN END             NAN  NAN   
14               NAN              SEAMLESS  PLAIN END             NAN  NAN   
15               NAN                WELDED        NAN             NAN  NAN   
16               NAN              SEAMLESS      PLAIN              PE  NAN   
17               NAN                WELDED        NAN             NAN  NAN   
18               NAN                WELDED        NAN             NAN  NAN   
19               NAN                WELDED        NAN             NAN  NAN   
20               NAN                   ERW         PE             NAN  NAN   
21               NAN                   ERW  PLAIN END             NAN  NAN   
22               NAN                   NAN  PLAIN END             NAN  NAN   
23               NAN              SEAMLESS  PLAIN END             NAN  NAN   
24               NAN              SEAMLESS  PLAIN END             NAN  NAN   

          MISCELLANEOUS CONFIDENCE     id     score  
0                 BLACK       0.90  26416  0.744565  
1                 BLACK       0.95  26414  0.733293  
2                 BLACK       0.95  26417  0.732878  
3                   SRL       0.95  26415  0.732866  
4                 BLACK       0.90  42716  0.728333  
5                 BLACK       0.90  42715  0.728333  
6                 BLACK       0.90  32454  0.726294  
7             BLACK SRL       0.95  26427  0.703102  
8              BLACKSRL       0.95  26428  0.703102  
9                   SRL       0.95  26429  0.703102  
10                  FBE       0.90  26447  0.698983  
11                  SRL       0.95  26455  0.696061  
12         LOW RESIDUAL       0.90  26439  0.695517  
13                  SRL       0.95  26437  0.692678  
14            BLACK SRL       0.95  26438  0.692351  
15                  NAN       0.80  27794  0.691525  
16                BLACK       0.95  26420  0.691200  
17                  NAN       0.90  39018  0.691040  
18                  NAN       0.90  39016  0.691040  
19                  NAN       0.90  39017  0.691040  
20  BLACK PLAIN END SRL       0.95  26461  0.688369  
21            BLACK SRL       0.95  26460  0.688369  
22         LOW RESIDUAL       0.90  26453  0.687170  
23                BLACK       0.95  26451  0.685575  
24                BLACK       0.90  26452  0.685575  

[25 rows x 21 columns]",69,BAD
80,"NIPPLE, SWAGE, CONCENTRIC, 3"" X 2"", BLE X TSE, SCH XH, CARBON STEEL, ASTM A234",3 X 2 BLACK SCHEDULE XH CONCENTRIC SOCKETWELD SWAGE BEVELED X THREADED,True,80,5,5.613181599999962,"       ID  \
0   43602   
1   33382   
2   26292   
3   43571   
4   43629   
5   43603   
6   43601   
7   35654   
8   35652   
9   35655   
10  29186   
11  35653   
12  23770   
13  43756   
14  43759   
15  35228   
16  35656   
17  30905   
18  30901   
19  23771   
20  25755   
21  25754   
22  43539   
23  43616   
24  25744   

                                                               DESCRIPTION  \
0   3 X 2 BLACK SCHEDULE XH CONCENTRIC SOCKETWELD SWAGE THREADED BOTH ENDS   
1                    3 X 2 SCHEDULE 80 SWAGE NIPPLE BEVELED BOTH ENDS LRES   
2                 2 X 3 BLACK SCHEDULE XH SEAMLESS NIPPLE THREADED ONE END   
3                             2 X 3 BLACK SCHEDULE XH SEAMLESS A106 NIPPLE   
4                             2 X 3 BLACK SCHEDULE XH SEAMLESS A106 NIPPLE   
5   3 X 2 BLACK SCHEDULE XH CONCENTRIC SOCKETWELD SWAGE BEVELED X THREADED   
6   3 X 2 BLACK SCHEDULE XH CONCENTRIC SOCKETWELD SWAGE BEVELED X THREADED   
7                     3 X 2 STAINLESS STEEL S40 316 L CONCENTRIC SWAGE BXP   
8                     3 X 2 STAINLESS STEEL S10 316 L CONCENTRIC SWAGE BBE   
9                     3 X 2 STAINLESS STEEL S80 316 L CONCENTRIC SWAGE BBE   
10        3 X 2 GALVANIZED SCHEDULE 40 CONCENTRIC SWAGE THREADED BOTH ENDS   
11                     3 X 2 STAINLESS STEEL S40 304L CONCENTRIC SWAGE BXP   
12                3 X 2 BLACK STANDARD CONCENTRIC SWAGE THREADED BOTH ENDS   
13                    3X2 CARBON STEEL SCHEDULE XH WELD CONCENTRIC REDUCER   
14                    3X2 CARBON STEEL SCHEDULE XH WELD CONCENTRIC REDUCER   
15                     3 X 2 STAINLESS STEEL S40 304L CONCENTRIC SWAGE TBE   
16                    3 X 2 STAINLESS STEEL S80 316 L CONCENTRIC SWAGE TBE   
17           3 X 2 GALVANIZED STANDARD CONCENTRIC SWAGE THREADED BOTH ENDS   
18            3 X 2 BLACK SCHEDULE 160 CONCENTRIC SWAGE THREADED BOTH ENDS   
19                     3 X 2-0.5 BLACK CONCENTRIC SWAGE THREADED BOTH ENDS   
20                                2 X 3-0.5 BLACK EXTRA HEAVY STEEL NIPPLE   
21                                2 X 3-0.5 BLACK EXTRA HEAVY STEEL NIPPLE   
22                            1 X 3 BLACK SCHEDULE XH SEAMLESS A106 NIPPLE   
23                            1 X 3 BLACK SCHEDULE XH SEAMLESS A106 NIPPLE   
24                                2 X 3 BLACK SCHEDULE 40 SMLS A106 NIPPLE   

   CATEGORY                TYPE PRIMARY_SIZE REDUCING_SIZE LENGTH  \
0   FITTING  CONCENTRIC REDUCER          3.0           2.0    NAN   
1   FITTING        SWAGE NIPPLE            3             2    NAN   
2   FITTING              NIPPLE            2             3    NAN   
3      PIPE              NIPPLE          2.0           3.0    NAN   
4      PIPE              NIPPLE          2.0           3.0    NAN   
5   FITTING  CONCENTRIC REDUCER          3.0           2.0    NAN   
6   FITTING  CONCENTRIC REDUCER          3.0           2.0    NAN   
7   FITTING    CONCENTRIC SWAGE            3             2    NAN   
8   FITTING    CONCENTRIC SWAGE            3             2    NAN   
9   FITTING    CONCENTRIC SWAGE            3             2    NAN   
10  FITTING    CONCENTRIC SWAGE            3             2    NAN   
11  FITTING    CONCENTRIC SWAGE            3             2    NAN   
12  FITTING    CONCENTRIC SWAGE            3             2    NAN   
13  FITTING  CONCENTRIC REDUCER          3.0           2.0    NAN   
14  FITTING  CONCENTRIC REDUCER          3.0           2.0    NAN   
15  FITTING  CONCENTRIC REDUCER            3             2    NAN   
16  FITTING    CONCENTRIC SWAGE            3             2    NAN   
17  FITTING    CONCENTRIC SWAGE            3             2    NAN   
18  FITTING    CONCENTRIC SWAGE            3             2    NAN   
19  FITTING    CONCENTRIC SWAGE            3           2.5    NAN   
20  FITTING              NIPPLE            2           3.5    NAN   
21  FITTING              NIPPLE            2           3.5    NAN   
22     PIPE              NIPPLE          1.0           NAN    3.0   
23     PIPE              NIPPLE          1.0           NAN    3.0   
24  FITTING              NIPPLE            2             3    NAN   

      MATERIAL_NAME MATERIAL_SPECIFICATION MATERIAL_GRADE  ...  \
0      CARBON STEEL                    NAN            NAN  ...   
1               NAN                    NAN            NAN  ...   
2      CARBON STEEL                    NAN            NAN  ...   
3      CARBON STEEL                   A106            NAN  ...   
4      CARBON STEEL                   A106            NAN  ...   
5      CARBON STEEL                    NAN            NAN  ...   
6      CARBON STEEL                    NAN            NAN  ...   
7   STAINLESS STEEL                    NAN           316L  ...   
8   STAINLESS STEEL                    NAN           316L  ...   
9   STAINLESS STEEL                    NAN           316L  ...   
10       GALVANIZED                    NAN            NAN  ...   
11  STAINLESS STEEL                    NAN           304L  ...   
12     CARBON STEEL                    NAN            NAN  ...   
13     CARBON STEEL                    NAN            NAN  ...   
14     CARBON STEEL                    NAN            NAN  ...   
15  STAINLESS STEEL                    NAN           304L  ...   
16  STAINLESS STEEL                    NAN           316L  ...   
17              NAN                    NAN            NAN  ...   
18              NAN                    NAN            NAN  ...   
19     CARBON STEEL                    NAN            NAN  ...   
20     CARBON STEEL                    NAN            NAN  ...   
21     CARBON STEEL                    NAN            NAN  ...   
22     CARBON STEEL                   A106            NAN  ...   
23     CARBON STEEL                   A106            NAN  ...   
24     CARBON STEEL                   A106            NAN  ...   

   PRIMARY_SCHEDULE REDUCING_SCHEDULE MANUFACTURING_PROCESS  \
0       EXTRA HEAVY               NAN                   NAN   
1                80               NAN                   NAN   
2                XH               NAN              SEAMLESS   
3       EXTRA HEAVY               NAN              SEAMLESS   
4       EXTRA HEAVY               NAN              SEAMLESS   
5                XH               NAN                   NAN   
6       EXTRA HEAVY               NAN                   NAN   
7                40               NAN                   NAN   
8                10               NAN                   NAN   
9                80               NAN                   NAN   
10               40               NAN                   NAN   
11               40               NAN                   NAN   
12              STD               NAN                   NAN   
13               XH               NAN                  WELD   
14               XH               NAN                  WELD   
15               40               NAN                   NAN   
16               80               NAN                   NAN   
17              STD               NAN                   NAN   
18              160               NAN                   NAN   
19              NAN               NAN                   NAN   
20               XH               NAN                   NAN   
21               XH               NAN                   NAN   
22               XH               NAN              SEAMLESS   
23      EXTRA HEAVY               NAN              SEAMLESS   
24               40               NAN              SEAMLESS   

           END_FINISH       END_CONNECTIONS TRIM MISCELLANEOUS CONFIDENCE  \
0                 NAN  SOCKET WELD,THREADED  NAN         SWAGE       0.80   
1   BEVELED BOTH ENDS                    SW  NAN  LOW RESIDUAL       0.85   
2                 NAN             THD X PLN  NAN         BLACK       0.85   
3                 NAN                   NAN  NAN         BLACK       0.80   
4                 NAN                   NAN  NAN         BLACK       0.80   
5             BEVELED              SW X THD  NAN         BLACK       0.80   
6             BEVELED              SW X THD  NAN         SWAGE       0.80   
7                 NAN                    SW  NAN           BXP       0.90   
8   BEVELED BOTH ENDS                    SW  NAN           NAN       0.90   
9   BEVELED BOTH ENDS                    SW  NAN           NAN       0.90   
10                NAN              SW X THD  NAN           NAN       0.85   
11                NAN                    SW  NAN           BXP       0.90   
12                NAN              SW X THD  NAN         BLACK       0.80   
13                NAN                   NAN  NAN           NAN       0.80   
14                NAN                   NAN  NAN           NAN       0.80   
15                NAN               SW X BW  NAN           NAN       0.85   
16                NAN               SW X BW  NAN           NAN       0.90   
17         GALVANIZED              SW X THD  NAN           NAN       0.80   
18                NAN             THD X THD  NAN         BLACK       0.90   
19              BLACK             THD X THD  NAN           NAN       0.80   
20                NAN                   NAN  NAN         BLACK       0.80   
21                NAN                   NAN  NAN         BLACK       0.80   
22                NAN                   NAN  NAN         BLACK       0.90   
23                NAN                   NAN  NAN         BLACK       0.90   
24                NAN                   NAN  NAN         BLACK       0.90   

       id     score  
0   43602  0.790278  
1   33382  0.786575  
2   26292  0.786234  
3   43571  0.782995  
4   43629  0.782995  
5   43603  0.772809  
6   43601  0.772809  
7   35654  0.759743  
8   35652  0.755870  
9   35655  0.754514  
10  29186  0.754451  
11  35653  0.754146  
12  23770  0.751225  
13  43756  0.750167  
14  43759  0.750167  
15  35228  0.749118  
16  35656  0.748001  
17  30905  0.747879  
18  30901  0.747526  
19  23771  0.745395  
20  25755  0.742951  
21  25754  0.742951  
22  43539  0.742607  
23  43616  0.742607  
24  25744  0.742510  

[25 rows x 21 columns]",152,TERRIBLE
81,"NIPPLE, SWAGE, CONCENTRIC, 3"" X 2"", THRD X BW, SCH XS, CARBON STEEL, A234",3 X 2 BLACK SCHEDULE XH CONCENTRIC SOCKETWELD SWAGE BEVELED X THREADED,True,81,14,6.468471299999919,"       ID  \
0   29186   
1   33382   
2   29187   
3   30905   
4   43602   
5   26292   
6   25745   
7   23771   
8   23770   
9   35654   
10  35653   
11  35658   
12  25744   
13  30904   
14  43603   
15  43601   
16  30901   
17  25743   
18  30907   
19  30906   
20  43571   
21  43629   
22  35655   
23  23333   
24  25858   

                                                               DESCRIPTION  \
0         3 X 2 GALVANIZED SCHEDULE 40 CONCENTRIC SWAGE THREADED BOTH ENDS   
1                    3 X 2 SCHEDULE 80 SWAGE NIPPLE BEVELED BOTH ENDS LRES   
2        3 X 2-0.5 GALVANIZED STANDARD CONCENTRIC SWAGE THREADED BOTH ENDS   
3            3 X 2 GALVANIZED STANDARD CONCENTRIC SWAGE THREADED BOTH ENDS   
4   3 X 2 BLACK SCHEDULE XH CONCENTRIC SOCKETWELD SWAGE THREADED BOTH ENDS   
5                 2 X 3 BLACK SCHEDULE XH SEAMLESS NIPPLE THREADED ONE END   
6                  2 X 3 BLACK SCHEDULE 40 SMLS A106 NIPPLE PLAIN X THREAD   
7                      3 X 2-0.5 BLACK CONCENTRIC SWAGE THREADED BOTH ENDS   
8                 3 X 2 BLACK STANDARD CONCENTRIC SWAGE THREADED BOTH ENDS   
9                     3 X 2 STAINLESS STEEL S40 316 L CONCENTRIC SWAGE BXP   
10                     3 X 2 STAINLESS STEEL S40 304L CONCENTRIC SWAGE BXP   
11   3 X 2 STAINLESS STEEL SCHEDULE 40 316 L CONC SWAGE THREADED BOTH ENDS   
12                                2 X 3 BLACK SCHEDULE 40 SMLS A106 NIPPLE   
13        3 X 2 GALVANIZED EXTRA HEAVY CONCENTRIC SWAGE THREADED BOTH ENDS   
14  3 X 2 BLACK SCHEDULE XH CONCENTRIC SOCKETWELD SWAGE BEVELED X THREADED   
15  3 X 2 BLACK SCHEDULE XH CONCENTRIC SOCKETWELD SWAGE BEVELED X THREADED   
16            3 X 2 BLACK SCHEDULE 160 CONCENTRIC SWAGE THREADED BOTH ENDS   
17                2 X 3 BLACK SCHEDULE 160 SMLS A106 NIPPLE PLAIN X THREAD   
18    3 X 2-0.5 GALVANIZED EXTRA HEAVY CONCENTRIC SWAGE THREADED BOTH ENDS   
19    3 X 2-0.5 GALVANIZED EXTRA HEAVY CONCENTRIC SWAGE THREADED BOTH ENDS   
20                            2 X 3 BLACK SCHEDULE XH SEAMLESS A106 NIPPLE   
21                            2 X 3 BLACK SCHEDULE XH SEAMLESS A106 NIPPLE   
22                    3 X 2 STAINLESS STEEL S80 316 L CONCENTRIC SWAGE BBE   
23               3 X 1-0.5 CARBON STEEL STD-XH CONCENTRIC REDUCER A234 WPB   
24                              2-0.5X3 BLACK SCHEDULE 40 SMLS A106 NIPPLE   

   CATEGORY                TYPE PRIMARY_SIZE REDUCING_SIZE LENGTH  \
0   FITTING    CONCENTRIC SWAGE            3             2    NAN   
1   FITTING        SWAGE NIPPLE            3             2    NAN   
2   FITTING    CONCENTRIC SWAGE            3           2.5    NAN   
3   FITTING    CONCENTRIC SWAGE            3             2    NAN   
4   FITTING  CONCENTRIC REDUCER          3.0           2.0    NAN   
5   FITTING              NIPPLE            2             3    NAN   
6   FITTING              NIPPLE            2             3    NAN   
7   FITTING    CONCENTRIC SWAGE            3           2.5    NAN   
8   FITTING    CONCENTRIC SWAGE            3             2    NAN   
9   FITTING    CONCENTRIC SWAGE            3             2    NAN   
10  FITTING    CONCENTRIC SWAGE            3             2    NAN   
11  FITTING    CONCENTRIC SWAGE            3             2    NAN   
12  FITTING              NIPPLE            2             3    NAN   
13  FITTING    CONCENTRIC SWAGE            3             2    NAN   
14  FITTING  CONCENTRIC REDUCER          3.0           2.0    NAN   
15  FITTING  CONCENTRIC REDUCER          3.0           2.0    NAN   
16  FITTING    CONCENTRIC SWAGE            3             2    NAN   
17  FITTING              NIPPLE            2             3    NAN   
18  FITTING    CONCENTRIC SWAGE            3           2.5    NAN   
19  FITTING    CONCENTRIC SWAGE            3           2.5    NAN   
20     PIPE              NIPPLE          2.0           3.0    NAN   
21     PIPE              NIPPLE          2.0           3.0    NAN   
22  FITTING    CONCENTRIC SWAGE            3             2    NAN   
23  FITTING  CONCENTRIC REDUCER            3           1.5    NAN   
24  FITTING              NIPPLE          2.5             3    NAN   

      MATERIAL_NAME MATERIAL_SPECIFICATION MATERIAL_GRADE  ...  \
0        GALVANIZED                    NAN            NAN  ...   
1               NAN                    NAN            NAN  ...   
2        GALVANIZED                    NAN            NAN  ...   
3               NAN                    NAN            NAN  ...   
4      CARBON STEEL                    NAN            NAN  ...   
5      CARBON STEEL                    NAN            NAN  ...   
6      CARBON STEEL                   A106            NAN  ...   
7      CARBON STEEL                    NAN            NAN  ...   
8      CARBON STEEL                    NAN            NAN  ...   
9   STAINLESS STEEL                    NAN           316L  ...   
10  STAINLESS STEEL                    NAN           304L  ...   
11  STAINLESS STEEL                    NAN           316L  ...   
12     CARBON STEEL                   A106            NAN  ...   
13              NAN                    NAN            NAN  ...   
14     CARBON STEEL                    NAN            NAN  ...   
15     CARBON STEEL                    NAN            NAN  ...   
16              NAN                    NAN            NAN  ...   
17     CARBON STEEL                   A106            NAN  ...   
18              NAN                    NAN            NAN  ...   
19              NAN                    NAN            NAN  ...   
20     CARBON STEEL                   A106            NAN  ...   
21     CARBON STEEL                   A106            NAN  ...   
22  STAINLESS STEEL                    NAN           316L  ...   
23     CARBON STEEL                   A234            WPB  ...   
24     CARBON STEEL                   A106            NAN  ...   

   PRIMARY_SCHEDULE REDUCING_SCHEDULE MANUFACTURING_PROCESS  \
0                40               NAN                   NAN   
1                80               NAN                   NAN   
2               STD               NAN                   NAN   
3               STD               NAN                   NAN   
4       EXTRA HEAVY               NAN                   NAN   
5                XH               NAN              SEAMLESS   
6                40               NAN              SEAMLESS   
7               NAN               NAN                   NAN   
8               STD               NAN                   NAN   
9                40               NAN                   NAN   
10               40               NAN                   NAN   
11               40               NAN                   NAN   
12               40               NAN              SEAMLESS   
13               XH               NAN                   NAN   
14               XH               NAN                   NAN   
15      EXTRA HEAVY               NAN                   NAN   
16              160               NAN                   NAN   
17              160               NAN              SEAMLESS   
18               XH               NAN                   NAN   
19               XH               NAN                   NAN   
20      EXTRA HEAVY               NAN              SEAMLESS   
21      EXTRA HEAVY               NAN              SEAMLESS   
22               80               NAN                   NAN   
23               XH               NAN                   NAN   
24               40               NAN              SEAMLESS   

           END_FINISH       END_CONNECTIONS TRIM MISCELLANEOUS CONFIDENCE  \
0                 NAN              SW X THD  NAN           NAN       0.85   
1   BEVELED BOTH ENDS                    SW  NAN  LOW RESIDUAL       0.85   
2                 NAN              SW X THD  NAN           NAN       0.80   
3          GALVANIZED              SW X THD  NAN           NAN       0.80   
4                 NAN  SOCKET WELD,THREADED  NAN         SWAGE       0.80   
5                 NAN             THD X PLN  NAN         BLACK       0.85   
6                 NAN           PLAIN X THD  NAN         BLACK       0.90   
7               BLACK             THD X THD  NAN           NAN       0.80   
8                 NAN              SW X THD  NAN         BLACK       0.80   
9                 NAN                    SW  NAN           BXP       0.90   
10                NAN                    SW  NAN           BXP       0.90   
11                NAN             THD X THD  NAN           NAN       0.90   
12                NAN                   NAN  NAN         BLACK       0.90   
13                NAN             THD X THD  NAN    GALVANIZED       0.80   
14            BEVELED              SW X THD  NAN         BLACK       0.80   
15            BEVELED              SW X THD  NAN         SWAGE       0.80   
16                NAN             THD X THD  NAN         BLACK       0.90   
17                NAN           PLAIN X THD  NAN         BLACK       0.90   
18         GALVANIZED              SW X THD  NAN           NAN       0.85   
19         GALVANIZED             THD X THD  NAN           NAN       0.85   
20                NAN                   NAN  NAN         BLACK       0.80   
21                NAN                   NAN  NAN         BLACK       0.80   
22  BEVELED BOTH ENDS                    SW  NAN           NAN       0.90   
23                NAN                   NAN  NAN           NAN       0.95   
24                NAN                   NAN  NAN         BLACK       0.90   

       id     score  
0   29186  0.789975  
1   33382  0.788720  
2   29187  0.781289  
3   30905  0.781006  
4   43602  0.776786  
5   26292  0.775380  
6   25745  0.773404  
7   23771  0.772063  
8   23770  0.769332  
9   35654  0.769080  
10  35653  0.767166  
11  35658  0.766147  
12  25744  0.762077  
13  30904  0.761745  
14  43603  0.759730  
15  43601  0.759730  
16  30901  0.759261  
17  25743  0.758431  
18  30907  0.757455  
19  30906  0.757455  
20  43571  0.756306  
21  43629  0.756306  
22  35655  0.754800  
23  23333  0.754747  
24  25858  0.754073  

[25 rows x 21 columns]",143,TERRIBLE
82,"24"" ELBOW 45D, LR, BW, ANSI B16.9, 304SS, SCH 10S",24 STAINLESS STEEL SCHEDULE 10 304L LONG RADIUS 45 A403CR,True,82,264,4.45010769999999,"       ID                                                         DESCRIPTION  \
0   36651             24 STAINLESS STEEL SCHEDULE 10 304L LR 45 ELBOW A403WPW   
1   36652           24 STAINLESS STEEL SCHEDULE 10S .250 304L LR 45 ELBOW WPW   
2   36944             24 STAINLESS STEEL SCHEDULE 10 304L LR 90 ELBOW A403WPW   
3   36653           24 STAINLESS STEEL SCHEDULE 10S 316 L LR 45 ELBOW A403WPW   
4   36946           24 STAINLESS STEEL SCHEDULE 10S .250 304L LR 90 ELBOW WPW   
5   36654             24 STAINLESS STEEL SCHEDULE 40 304L LR 45 ELBOW A403WPW   
6   36948                             24 STAINLESS STEEL STD 304L LR 90 ELBOW   
7   36945            24 STAINLESS STEEL SCHEDULE 10 316 L LR 90 ELBOW A403WPW   
8   39992             24 STAINLESS STEEL SCHEDULE 10 304L SR 90 ELBOW A403WPW   
9   36947             24 STAINLESS STEEL SCHEDULE 80 304L LR 90 ELBOW A403WPW   
10  42936  24 STAINLESS STEEL SCHEDULE 10S .250 304L LONG RADIUS 45 ELBOW WPW   
11  39993           24 STAINLESS STEEL SCHEDULE 10S .250 304L SR 90 ELBOW WPW   
12  39994          24 STAINLESS STEEL SCHEDULE 10S .250 316 L SR 90 ELBOW WPW   
13  36629              2 STAINLESS STEEL SCHEDULE 10 304L LR 45 ELBOW A403WPW   
14  36630              2 STAINLESS STEEL SCHEDULE 10 304L LR 45 ELBOW A403WPW   
15  36643           20 STAINLESS STEEL SCHEDULE 10S .218 304L LR 45 ELBOW WPW   
16  36565              1 STAINLESS STEEL SCHEDULE 10 304L LR 45 ELBOW A403WPW   
17  36566              1 STAINLESS STEEL SCHEDULE 10 304L LR 45 ELBOW A403WPW   
18  36583             10 STAINLESS STEEL SCHEDULE 10 304L LR 45 ELBOW A403WPW   
19  36581             10 STAINLESS STEEL SCHEDULE 10 304L LR 45 ELBOW A403WPW   
20  36582             10 STAINLESS STEEL SCHEDULE 10 304L LR 45 ELBOW A403WPW   
21  36678              4 STAINLESS STEEL SCHEDULE 10 304L LR 45 ELBOW A403WPW   
22  36677              4 STAINLESS STEEL SCHEDULE 10 304L LR 45 ELBOW A403WPW   
23  36676              4 STAINLESS STEEL SCHEDULE 10 304L LR 45 ELBOW A403WPW   
24  36587             10 STAINLESS STEEL SCHEDULE 40 304L LR 45 ELBOW A403WPW   

   CATEGORY                  TYPE PRIMARY_SIZE REDUCING_SIZE LENGTH  \
0   FITTING    LR 45 DEGREE ELBOW           24           NAN    NAN   
1   FITTING    LR 45 DEGREE ELBOW           24           NAN    NAN   
2   FITTING    LR 90 DEGREE ELBOW           24           NAN    NAN   
3   FITTING    LR 45 DEGREE ELBOW           24           NAN    NAN   
4   FITTING    LR 90 DEGREE ELBOW           24           NAN    NAN   
5   FITTING    LR 45 DEGREE ELBOW           24           NAN    NAN   
6   FITTING    LR 90 DEGREE ELBOW           24           NAN    NAN   
7   FITTING    LR 90 DEGREE ELBOW           24           NAN    NAN   
8   FITTING    SR 90 DEGREE ELBOW           24           NAN    NAN   
9   FITTING    LR 90 DEGREE ELBOW           24           NAN    NAN   
10  FITTING  LONG RADIUS 45 ELBOW         24.0           NAN    NAN   
11  FITTING    SR 90 DEGREE ELBOW           24           NAN    NAN   
12  FITTING    SR 90 DEGREE ELBOW           24           NAN    NAN   
13  FITTING    LR 45 DEGREE ELBOW            2           NAN    NAN   
14  FITTING    LR 45 DEGREE ELBOW            2           NAN    NAN   
15  FITTING    LR 45 DEGREE ELBOW           20           NAN    NAN   
16  FITTING    LR 45 DEGREE ELBOW            1           NAN    NAN   
17  FITTING    LR 45 DEGREE ELBOW            1           NAN    NAN   
18  FITTING    LR 45 DEGREE ELBOW           10           NAN    NAN   
19  FITTING    LR 45 DEGREE ELBOW           10           NAN    NAN   
20  FITTING    LR 45 DEGREE ELBOW           10           NAN    NAN   
21  FITTING    LR 45 DEGREE ELBOW            4           NAN    NAN   
22  FITTING    LR 45 DEGREE ELBOW            4           NAN    NAN   
23  FITTING    LR 45 DEGREE ELBOW            4           NAN    NAN   
24  FITTING    LR 45 DEGREE ELBOW           10           NAN    NAN   

      MATERIAL_NAME MATERIAL_SPECIFICATION MATERIAL_GRADE  ...  \
0   STAINLESS STEEL                   A403            WPW  ...   
1   STAINLESS STEEL                   304L            WPW  ...   
2   STAINLESS STEEL                   A403            WPW  ...   
3   STAINLESS STEEL                   A403            WPW  ...   
4   STAINLESS STEEL                   304L            WPW  ...   
5   STAINLESS STEEL                   A403            WPW  ...   
6   STAINLESS STEEL                   304L            NAN  ...   
7   STAINLESS STEEL                   A403            WPW  ...   
8   STAINLESS STEEL                   A403            WPW  ...   
9   STAINLESS STEEL                   A403            WPW  ...   
10  STAINLESS STEEL                    NAN           304L  ...   
11  STAINLESS STEEL                   304L            WPW  ...   
12  STAINLESS STEEL                   316L            WPW  ...   
13  STAINLESS STEEL                   A403            WPW  ...   
14  STAINLESS STEEL                   A403            WPW  ...   
15  STAINLESS STEEL                   304L            WPW  ...   
16  STAINLESS STEEL                   A403         WP304L  ...   
17  STAINLESS STEEL                   A403            WPW  ...   
18  STAINLESS STEEL                   A403            WPW  ...   
19  STAINLESS STEEL                   A403            WPW  ...   
20  STAINLESS STEEL                   A403            WPW  ...   
21  STAINLESS STEEL                   A403            WPW  ...   
22  STAINLESS STEEL                   A403            WPW  ...   
23  STAINLESS STEEL                   A403            WPW  ...   
24  STAINLESS STEEL                   A403            WPW  ...   

   PRIMARY_SCHEDULE REDUCING_SCHEDULE MANUFACTURING_PROCESS END_FINISH  \
0                10               NAN                   NAN        NAN   
1               10S               NAN                   NAN        NAN   
2                10               NAN                   NAN        NAN   
3               10S               NAN                   NAN        NAN   
4               10S               NAN                   NAN        NAN   
5                40               NAN                   NAN        NAN   
6               STD               NAN                   NAN        NAN   
7                10               NAN                   NAN        NAN   
8                10               NAN                   NAN        NAN   
9                80               NAN                   NAN        NAN   
10              10S               NAN                   NAN        WPW   
11              10S               NAN                   NAN        NAN   
12              10S               NAN                   NAN        NAN   
13               10               NAN                   NAN        NAN   
14               10               NAN                   NAN        NAN   
15              10S               NAN                   NAN        NAN   
16               10               NAN                   NAN        NAN   
17               10               NAN                   NAN        NAN   
18               10               NAN                   NAN        NAN   
19               10               NAN                   NAN        NAN   
20               10               NAN                   NAN        NAN   
21               10               NAN                   NAN        NAN   
22               10               NAN                   NAN        NAN   
23               10               NAN                   NAN        NAN   
24               40               NAN                   NAN        NAN   

   END_CONNECTIONS TRIM MISCELLANEOUS CONFIDENCE     id     score  
0              NAN  NAN           NAN       0.95  36651  0.904240  
1              NAN  NAN          0.25       0.90  36652  0.893636  
2              NAN  NAN           NAN       0.95  36944  0.891082  
3              NAN  NAN           NAN       0.95  36653  0.889033  
4              NAN  NAN           NAN       0.90  36946  0.886463  
5              NAN  NAN           NAN       0.90  36654  0.878553  
6              NAN  NAN           NAN       0.85  36948  0.872424  
7              NAN  NAN           NAN       0.95  36945  0.871472  
8              NAN  NAN           NAN       0.95  39992  0.869822  
9              NAN  NAN           NAN       0.95  36947  0.867965  
10             NAN  NAN           NAN       0.90  42936  0.867344  
11             NAN  NAN           NAN       0.90  39993  0.862528  
12             NAN  NAN           NAN       0.90  39994  0.848047  
13             NAN  NAN           NAN       0.95  36629  0.847771  
14             NAN  NAN           NAN       0.95  36630  0.847771  
15             NAN  NAN         0.218       0.95  36643  0.846159  
16             NAN  NAN           NAN       0.95  36565  0.844417  
17             NAN  NAN           NAN       0.95  36566  0.844417  
18             NAN  NAN           NAN       0.95  36583  0.842123  
19             NAN  NAN           NAN       0.95  36581  0.842123  
20             NAN  NAN           NAN       0.95  36582  0.842123  
21             NAN  NAN           NAN       0.95  36678  0.840660  
22             NAN  NAN           NAN       0.95  36677  0.840660  
23             NAN  NAN           NAN       0.95  36676  0.840660  
24             NAN  NAN           NAN       0.95  36587  0.839971  

[25 rows x 21 columns]",169,TERRIBLE
83,"NIPPLE, SWAGE, SEAMLESS, 2"" X 1"", THREADED, SCH XH, ZINC COATED",2 X 1 GALVANIZED SCHEDULE XH CONCENTRIC SOCKETWELD SWAGE THREADED BOTH ENDS,True,83,19,2.9702213000000484,"       ID  \
0   33342   
1   30944   
2   29269   
3   33349   
4   33340   
5   43570   
6   25734   
7   33353   
8   29200   
9   26292   
10  27651   
11  27652   
12  27654   
13  41986   
14  29283   
15  25727   
16  23697   
17  43585   
18  43560   
19  43609   
20  43643   
21  43639   
22  27653   
23  33356   
24  33358   

                                                                       DESCRIPTION  \
0          2 X 1 GALVANIZED EXTRA HEAVY CONCENTRIC SWAGE NIPPLE THREADED BOTH ENDS   
1     2 X 1-0.25 GALVANIZED EXTRA HEAVY CONCENTRIC SWAGE NIPPLE THREADED BOTH ENDS   
2      2 X 1-0.5 GALVANIZED EXTRA HEAVY CONCENTRIC SWAGE NIPPLE THREADED BOTH ENDS   
3                          2 X 1 SCHEDULE 160 SWAGE NIPPLE THREADED BOTH ENDS LRES   
4     1-0.25 X 1 GALVANIZED EXTRA HEAVY CONCENTRIC SWAGE NIPPLE THREADED BOTH ENDS   
5                                 2 X 2-0.5 BLACK SCHEDULE XH SEAMLESS A106 NIPPLE   
6                            2 X 2-0.5 GALVANIZED EXTRA HEAVY SEAMLESS A106 NIPPLE   
7        2 X 0.5 GALVANIZED EXTRA HEAVY CONCENTRIC SWAGE NIPPLE THREADED BOTH ENDS   
8       2 X 0.75 GALVANIZED EXTRA HEAVY CONCENTRIC SWAGE NIPPLE THREADED BOTH ENDS   
9                         2 X 3 BLACK SCHEDULE XH SEAMLESS NIPPLE THREADED ONE END   
10  1-0.25 X 1 SCHEDULE 80 GALVANIZED CARBON STEEL SWAGE NIPPLE THREADED BOTH ENDS   
11           1-0.25 X 0.5 CARBON STEEL EXTRA HEAVY THREADED BOTH ENDS SWAGE NIPPLE   
12              2 X 1-0.5 EXTRA HEAVY BLACK CONCENTRIC SWAGE NIPPLE PLAIN X THREAD   
13                                               2 X 2-0.5 GALVANIZED STEEL NIPPLE   
14                                               2 X 2-0.5 GALVANIZED STEEL NIPPLE   
15                   2 X 2-0.5 BLACK EXTRA HEAVY SMLS A106 NIPPLE THREADED ONE END   
16                      2 X 1 GALVANIZED EXTRA HEAVY CONC SWAGE THREADED BOTH ENDS   
17                                0.375 X 2 BLACK SCHEDULE XH SEAMLESS A106 NIPPLE   
18                                 0.25 X 2 BLACK SCHEDULE XH SEAMLESS A106 NIPPLE   
19     2 X 1 GALVANIZED SCHEDULE XH CONCENTRIC SOCKETWELD SWAGE THREADED BOTH ENDS   
20                               2 X 6 GALVANIZED SCHEDULE XH SEAMLESS A106 NIPPLE   
21                             0.5 X 2 GALVANIZED SCHEDULE XH SEAMLESS A106 NIPPLE   
22                          2 X 1 BLACK EXTRA HEAVY SWAGE NIPPLE BEVELED BOTH ENDS   
23                       2 X 0.5 SCHEDULE 160 SWAGE NIPPLE THREADED BOTH ENDS LRES   
24                        2 X 0.5 SCHEDULE 80 SWAGE NIPPLE THREADED BOTH ENDS LRES   

   CATEGORY                     TYPE PRIMARY_SIZE REDUCING_SIZE LENGTH  \
0   FITTING             SWAGE NIPPLE            2             1    NAN   
1   FITTING  CONCENTRIC SWAGE NIPPLE            2          1.25    NAN   
2   FITTING             SWAGE NIPPLE            2           1.5    NAN   
3   FITTING             SWAGE NIPPLE            2             1    NAN   
4   FITTING             SWAGE NIPPLE         1.25             1    NAN   
5      PIPE                   NIPPLE          2.0           2.5    NAN   
6   FITTING                   NIPPLE            2           2.5    NAN   
7   FITTING             SWAGE NIPPLE            2           0.5    NAN   
8   FITTING  CONCENTRIC SWAGE NIPPLE            2          0.75    NAN   
9   FITTING                   NIPPLE            2             3    NAN   
10  FITTING             SWAGE NIPPLE         1.25             1    NAN   
11  FITTING             SWAGE NIPPLE         1.25           0.5    NAN   
12  FITTING             SWAGE NIPPLE            2           1.5    NAN   
13  FITTING                   NIPPLE            2           2.5    NAN   
14  FITTING                   NIPPLE            2           2.5    NAN   
15  FITTING                   NIPPLE            2           2.5    NAN   
16  FITTING         CONCENTRIC SWAGE            2             1    NAN   
17     PIPE                   NIPPLE        0.375           NAN    2.0   
18     PIPE                   NIPPLE         0.25           NAN    2.0   
19  FITTING       CONCENTRIC REDUCER          2.0           1.0    NAN   
20     PIPE                   NIPPLE          2.0           NAN    6.0   
21     PIPE                   NIPPLE          0.5           2.0    NAN   
22  FITTING             SWAGE NIPPLE            2             1    NAN   
23  FITTING             SWAGE NIPPLE            2           0.5    NAN   
24  FITTING             SWAGE NIPPLE            2           0.5    NAN   

       MATERIAL_NAME MATERIAL_SPECIFICATION MATERIAL_GRADE  ...  \
0                NAN                    NAN            NAN  ...   
1                NAN                    NAN            NAN  ...   
2         GALVANIZED                    NAN            NAN  ...   
3                NAN                    NAN            NAN  ...   
4                NAN                    NAN            NAN  ...   
5       CARBON STEEL                   A106            NAN  ...   
6       CARBON STEEL                   A106            NAN  ...   
7                NAN                    NAN            NAN  ...   
8         GALVANIZED                    NAN            NAN  ...   
9       CARBON STEEL                    NAN            NAN  ...   
10      CARBON STEEL                    NAN            NAN  ...   
11      CARBON STEEL                    NAN            NAN  ...   
12      CARBON STEEL                    NAN            NAN  ...   
13             STEEL                    NAN            NAN  ...   
14  GALVANIZED STEEL                    NAN            NAN  ...   
15      CARBON STEEL                   A106            NAN  ...   
16      CARBON STEEL                    NAN            NAN  ...   
17      CARBON STEEL                   A106            NAN  ...   
18      CARBON STEEL                   A106            NAN  ...   
19               NAN                    NAN            NAN  ...   
20      CARBON STEEL                   A106            NAN  ...   
21      CARBON STEEL                   A106            NAN  ...   
22      CARBON STEEL                    NAN            NAN  ...   
23               NAN                    NAN            NAN  ...   
24               NAN                    NAN            NAN  ...   

   PRIMARY_SCHEDULE REDUCING_SCHEDULE MANUFACTURING_PROCESS  \
0                XH               NAN                   NAN   
1                XH               NAN                   NAN   
2                XH               NAN                   NAN   
3               160               NAN                   NAN   
4                XH               NAN                   NAN   
5       EXTRA HEAVY               NAN              SEAMLESS   
6                XH               NAN              SEAMLESS   
7                XH               NAN                   NAN   
8                XH               NAN                   NAN   
9                XH               NAN              SEAMLESS   
10               80               NAN                   NAN   
11               XH               NAN                   NAN   
12               XH               NAN                   NAN   
13              NAN               NAN                   NAN   
14              NAN               NAN                   NAN   
15               XH               NAN              SEAMLESS   
16               XH               NAN                   NAN   
17      EXTRA HEAVY               NAN              SEAMLESS   
18      EXTRA HEAVY               NAN              SEAMLESS   
19               XH               NAN                   NAN   
20      EXTRA HEAVY               NAN              SEAMLESS   
21      EXTRA HEAVY               NAN              SEAMLESS   
22               XH               NAN                   NAN   
23              160               NAN                   NAN   
24               80               NAN                   NAN   

           END_FINISH END_CONNECTIONS TRIM          MISCELLANEOUS CONFIDENCE  \
0                 NAN       THD X THD  NAN             GALVANIZED       0.80   
1          GALVANIZED        SW X THD  NAN                    NAN       0.85   
2                 NAN       THD X THD  NAN  CONCENTRIC SOCKETWELD       0.80   
3                 NAN       THD X THD  NAN           LOW RESIDUAL       0.80   
4          GALVANIZED       THD X THD  NAN  CONCENTRIC SOCKETWELD       0.80   
5               BLACK             NAN  NAN                    NAN       0.80   
6          GALVANIZED             NAN  NAN                    NAN       0.90   
7          GALVANIZED        SW X THD  NAN                    NAN       0.80   
8                 THD       THD X THD  NAN                    NAN       0.85   
9                 NAN       THD X PLN  NAN                  BLACK       0.85   
10         GALVANIZED        SW X THD  NAN                    NAN       0.85   
11                NAN        THD X SW  NAN                    NAN       0.85   
12              BLACK        SW X THD  NAN             CONCENTRIC       0.85   
13         GALVANIZED             NAN  NAN                    NAN       0.80   
14                NAN             NAN  NAN                    NAN       0.80   
15                NAN        THD X PE  NAN                  BLACK       0.85   
16         GALVANIZED       THD X THD  NAN                    NAN       0.80   
17                NAN             NAN  NAN                  BLACK       0.90   
18                NAN             NAN  NAN                  BLACK       0.90   
19         GALVANIZED       THD X THD  NAN       SOCKETWELD SWAGE       0.80   
20         GALVANIZED             NAN  NAN                    NAN       0.90   
21         GALVANIZED             NAN  NAN                    NAN       0.90   
22  BEVELED BOTH ENDS              SW  NAN                  BLACK       0.85   
23                NAN       THD X THD  NAN           LOW RESIDUAL       0.80   
24       LOW RESIDUAL       THD X THD  NAN             SOCKETWELD       0.80   

       id     score  
0   33342  0.833753  
1   30944  0.812756  
2   29269  0.800743  
3   33349  0.797481  
4   33340  0.794389  
5   43570  0.791026  
6   25734  0.790526  
7   33353  0.783306  
8   29200  0.780872  
9   26292  0.779776  
10  27651  0.779241  
11  27652  0.779215  
12  27654  0.778681  
13  41986  0.774854  
14  29283  0.774854  
15  25727  0.773467  
16  23697  0.773310  
17  43585  0.771129  
18  43560  0.771006  
19  43609  0.769980  
20  43643  0.769306  
21  43639  0.769258  
22  27653  0.768784  
23  33356  0.767907  
24  33358  0.767427  

[25 rows x 21 columns]",161,TERRIBLE
84,"6X3 CONCENTRIC REDUCER , ASME B16.9 , BEVELED END , ASTM A403 GRADE WP316/WP316L , TYPE S S-10S",6 X 3 STAINLESS STEEL SCHEDULE 10 316L SEAMLESS CONCENTRIC,True,84,153,5.05041099999994,"       ID                                                  DESCRIPTION  \
0   35383         6 X 3 STAINLESS STEEL SCHEDULE 10 316 L CONC REDUCER   
1   35382         6 X 3 STAINLESS STEEL SCHEDULE 10 316 L CONC REDUCER   
2   35384         6 X 3 STAINLESS STEEL SCHEDULE 10 316 L CONC REDUCER   
3   35393         6 X 3 STAINLESS STEEL SCHEDULE 40 316 L CONC REDUCER   
4   35395         6 X 3 STAINLESS STEEL SCHEDULE 40 316 L CONC REDUCER   
5   35394         6 X 3 STAINLESS STEEL SCHEDULE 40 316 L CONC REDUCER   
6   36127  6 X 3 STAINLESS STEEL SCHEDULE 10 316 L ECC REDUCER A403WPW   
7   35379          6 X 3 STAINLESS STEEL SCHEDULE 10 304L CONC REDUCER   
8   35378          6 X 3 STAINLESS STEEL SCHEDULE 10 304L CONC REDUCER   
9   35380          6 X 3 STAINLESS STEEL SCHEDULE 10 304L CONC REDUCER   
10  36128     6 X 3 STAINLESS STEEL SCHEDULE 10 316 L SMLS ECC REDUCER   
11  35388          6 X 3 STAINLESS STEEL SCHEDULE 40 304L CONC REDUCER   
12  35387          6 X 3 STAINLESS STEEL SCHEDULE 40 304L CONC REDUCER   
13  35389          6 X 3 STAINLESS STEEL SCHEDULE 40 304L CONC REDUCER   
14  36126          6 X 3 STAINLESS STEEL SCHEDULE 10 316 L ECC REDUCER   
15  36133          6 X 3 STAINLESS STEEL SCHEDULE 40 316 L ECC REDUCER   
16  36132          6 X 3 STAINLESS STEEL SCHEDULE 40 316 L ECC REDUCER   
17  34934        10 X 6 STAINLESS STEEL SCHEDULE 40 316 L CONC REDUCER   
18  34936        10 X 6 STAINLESS STEEL SCHEDULE 40 316 L CONC REDUCER   
19  34935        10 X 6 STAINLESS STEEL SCHEDULE 40 316 L CONC REDUCER   
20  36134     6 X 3 STAINLESS STEEL SCHEDULE 40 316 L SMLS ECC REDUCER   
21  35209     3 X 1-0.5 STAINLESS STEEL SCHEDULE 10 316 L CONC REDUCER   
22  35210     3 X 1-0.5 STAINLESS STEEL SCHEDULE 10 316 L CONC REDUCER   
23  35199         3 X 1 STAINLESS STEEL SCHEDULE 10 316 L CONC REDUCER   
24  35200         3 X 1 STAINLESS STEEL SCHEDULE 10 316 L CONC REDUCER   

   CATEGORY                TYPE PRIMARY_SIZE REDUCING_SIZE LENGTH  \
0   FITTING  CONCENTRIC REDUCER            6             3    NAN   
1   FITTING  CONCENTRIC REDUCER            6             3    NAN   
2   FITTING  CONCENTRIC REDUCER            6             3    NAN   
3   FITTING  CONCENTRIC REDUCER            6             3    NAN   
4   FITTING  CONCENTRIC REDUCER            6             3    NAN   
5   FITTING  CONCENTRIC REDUCER            6             3    NAN   
6   FITTING   ECCENTRIC REDUCER            6             3    NAN   
7   FITTING  CONCENTRIC REDUCER            6             3    NAN   
8   FITTING  CONCENTRIC REDUCER            6             3    NAN   
9   FITTING  CONCENTRIC REDUCER            6             3    NAN   
10  FITTING   ECCENTRIC REDUCER            6             3    NAN   
11  FITTING  CONCENTRIC REDUCER            6             3    NAN   
12  FITTING  CONCENTRIC REDUCER            6             3    NAN   
13  FITTING  CONCENTRIC REDUCER            6             3    NAN   
14  FITTING   ECCENTRIC REDUCER            6             3    NAN   
15  FITTING   ECCENTRIC REDUCER            6             3    NAN   
16  FITTING   ECCENTRIC REDUCER            6             3    NAN   
17  FITTING  CONCENTRIC REDUCER           10             6    NAN   
18  FITTING  CONCENTRIC REDUCER           10             6    NAN   
19  FITTING  CONCENTRIC REDUCER           10             6    NAN   
20  FITTING   ECCENTRIC REDUCER            6             3    NAN   
21  FITTING  CONCENTRIC REDUCER            3           1.5    NAN   
22  FITTING  CONCENTRIC REDUCER            3           1.5    NAN   
23  FITTING  CONCENTRIC REDUCER            3             1    NAN   
24  FITTING  CONCENTRIC REDUCER            3             1    NAN   

      MATERIAL_NAME MATERIAL_SPECIFICATION MATERIAL_GRADE  ...  \
0   STAINLESS STEEL                    NAN           316L  ...   
1   STAINLESS STEEL                    NAN           316L  ...   
2   STAINLESS STEEL                    NAN           316L  ...   
3   STAINLESS STEEL                    NAN           316L  ...   
4   STAINLESS STEEL                    NAN           316L  ...   
5   STAINLESS STEEL                    NAN           316L  ...   
6   STAINLESS STEEL                   A403            WPW  ...   
7   STAINLESS STEEL                    NAN           304L  ...   
8   STAINLESS STEEL                    NAN           304L  ...   
9   STAINLESS STEEL                    NAN           304L  ...   
10  STAINLESS STEEL                    NAN           316L  ...   
11  STAINLESS STEEL                    NAN           304L  ...   
12  STAINLESS STEEL                    NAN           304L  ...   
13  STAINLESS STEEL                    NAN           304L  ...   
14  STAINLESS STEEL                    NAN           316L  ...   
15  STAINLESS STEEL                    NAN           316L  ...   
16  STAINLESS STEEL                    NAN           316L  ...   
17  STAINLESS STEEL                    NAN           316L  ...   
18  STAINLESS STEEL                    NAN           316L  ...   
19  STAINLESS STEEL                    NAN           316L  ...   
20  STAINLESS STEEL                    NAN           316L  ...   
21  STAINLESS STEEL                    NAN           316L  ...   
22  STAINLESS STEEL                    NAN           316L  ...   
23  STAINLESS STEEL                    NAN           316L  ...   
24  STAINLESS STEEL                    NAN           316L  ...   

   PRIMARY_SCHEDULE REDUCING_SCHEDULE MANUFACTURING_PROCESS END_FINISH  \
0                10               NAN                   NAN        NAN   
1                10               NAN                   NAN        NAN   
2                10               NAN                   NAN        NAN   
3                40               NAN                   NAN        NAN   
4                40               NAN                   NAN        NAN   
5                40               NAN                   NAN        NAN   
6                10               NAN                   NAN        NAN   
7                10               NAN                   NAN        NAN   
8                10               NAN                   NAN        NAN   
9                10               NAN                   NAN        NAN   
10               10               NAN              SEAMLESS        NAN   
11               40               NAN                   NAN        NAN   
12               40               NAN                   NAN        NAN   
13               40               NAN                   NAN        NAN   
14               10               NAN                   NAN        NAN   
15               40               NAN                   NAN        NAN   
16               40               NAN                   NAN        NAN   
17               40               NAN                   NAN        NAN   
18               40               NAN                   NAN        NAN   
19               40               NAN                   NAN        NAN   
20               40               NAN              SEAMLESS        NAN   
21               10               NAN                   NAN        NAN   
22               10               NAN                   NAN        NAN   
23               10               NAN                   NAN        NAN   
24               10               NAN                   NAN        NAN   

   END_CONNECTIONS TRIM MISCELLANEOUS CONFIDENCE     id     score  
0              NAN  NAN           NAN       0.90  35383  0.875679  
1              NAN  NAN           NAN       0.90  35382  0.875679  
2              NAN  NAN           NAN       0.85  35384  0.875679  
3              NAN  NAN           NAN       0.85  35393  0.870746  
4              NAN  NAN           NAN       0.85  35395  0.870746  
5              NAN  NAN           NAN       0.85  35394  0.870746  
6              NAN  NAN           NAN       0.95  36127  0.866339  
7              NAN  NAN           NAN       0.90  35379  0.854996  
8              NAN  NAN           NAN       0.85  35378  0.854996  
9              NAN  NAN           NAN       0.90  35380  0.854996  
10             NAN  NAN           NAN       0.90  36128  0.848205  
11             NAN  NAN           NAN       0.90  35388  0.846515  
12             NAN  NAN           NAN       0.90  35387  0.846515  
13             NAN  NAN           NAN       0.90  35389  0.846515  
14             NAN  NAN           NAN       0.90  36126  0.845790  
15             NAN  NAN           NAN       0.90  36133  0.842103  
16             NAN  NAN           NAN       0.90  36132  0.842103  
17             NAN  NAN           NAN       0.90  34934  0.841515  
18             NAN  NAN           NAN       0.85  34936  0.841515  
19             NAN  NAN           NAN       0.85  34935  0.841515  
20             NAN  NAN           NAN       0.90  36134  0.841070  
21             NAN  NAN           NAN       0.90  35209  0.838240  
22             NAN  NAN           NAN       0.90  35210  0.838240  
23             NAN  NAN           NAN       0.85  35199  0.836508  
24             NAN  NAN           NAN       0.85  35200  0.836508  

[25 rows x 21 columns]",137,TERRIBLE
85,"FLG,4,300,XH,RFWN,A105B",4 CARBON STEEL 300 SCHEDULE XH RAISED FACE WELD NECK A105N,True,85,1331,4.40380540000001,"       ID                        DESCRIPTION CATEGORY  \
0   15103        4 300 HFN XH RF WN LRES FLG   FLANGE   
1    3780       4 300 HFN XXH RF WN LRES FLG   FLANGE   
2   15088        1 300 HFN XH RF WN LRES FLG   FLANGE   
3   14390       10 300 HFN XH RF WN LRES FLG   FLANGE   
4    4477        4 600 HFN XH RF WN LRES FLG   FLANGE   
5   15100        3 300 HFN XH RF WN LRES FLG   FLANGE   
6    9885        4 150 HFN XH RF WN LRES FLG   FLANGE   
7   15068  4 300 HFN RF XH RWN ORFC FLG LRES   FLANGE   
8   15090      0.5 300 HFN XH RF WN LRES FLG   FLANGE   
9    8381        3 150 HFN XH RF WN LRES FLG   FLANGE   
10  15101       4 300 HFN STD RF WN LRES FLG   FLANGE   
11  14542              4 CS 300 XH RF WN FLG   FLANGE   
12  14541              4 CS 300 XH RF WN FLG   FLANGE   
13  15091     0.5 300 HFN XXH RF WN LRES FLG   FLANGE   
14  14795              1 CS 300 XH RF WN FLG   FLANGE   
15  15083   2 300 HFN XH RF WN ORFC FLG LRES   FLANGE   
16  15102   12 300 HFN T80 RF WN LRES FLG *X   FLANGE   
17  14521     0.75 300 HFN XH RF WN LRES FLG   FLANGE   
18  14389      10 300 HFN STD RF WN LRES FLG   FLANGE   
19   9088              4 CS 150 XH RF WN FLG   FLANGE   
20   3388             1 CS 300 XXH RF WN FLG   FLANGE   
21  15089    0.5 300 HFN S160 RF WN LRES FLG   FLANGE   
22  15096    0.75 300 HFN XXH RF WN LRES FLG   FLANGE   
23  15092   1-0.5 300 HFN XXH RF WN LRES FLG   FLANGE   
24  14517              3 CS 300 XH RF WN FLG   FLANGE   

                            TYPE PRIMARY_SIZE REDUCING_SIZE LENGTH  \
0               WELD NECK FLANGE            4           NAN    NAN   
1                      WELD NECK            4           NAN    NAN   
2               WELD NECK FLANGE            1           NAN    NAN   
3          RAISED FACE WELD NECK           10           NAN    NAN   
4                      WELD NECK            4           NAN    NAN   
5                      WELD NECK            3           NAN    NAN   
6   RAISED FACE WELD NECK FLANGE            4           NAN    NAN   
7   RAISED FACE WELD NECK FLANGE            4           NAN    NAN   
8               WELD NECK FLANGE          0.5           NAN    NAN   
9          RAISED FACE WELD NECK            3           NAN    NAN   
10                     WELD NECK            4           NAN    NAN   
11  RAISED FACE WELD NECK FLANGE            4           NAN    NAN   
12  RAISED FACE WELD NECK FLANGE            4           NAN    NAN   
13              WELD NECK FLANGE          0.5           NAN    NAN   
14              WELD NECK FLANGE            1           NAN    NAN   
15                     WELD NECK            2           NAN    NAN   
16              WELD NECK FLANGE           12           NAN    NAN   
17  RAISED FACE WELD NECK FLANGE         0.75           NAN    NAN   
18         RAISED FACE WELD NECK           10           NAN    NAN   
19              WELD NECK FLANGE            4           NAN    NAN   
20              WELD NECK FLANGE            1           NAN    NAN   
21              WELD NECK FLANGE          0.5           NAN    NAN   
22              WELD NECK FLANGE         0.75           NAN    NAN   
23              WELD NECK FLANGE          1.5           NAN    NAN   
24  RAISED FACE WELD NECK FLANGE            3           NAN    NAN   

   MATERIAL_NAME MATERIAL_SPECIFICATION MATERIAL_GRADE  ... PRIMARY_SCHEDULE  \
0            NAN                    HFN            NAN  ...               XH   
1            NAN                    HFN            NAN  ...              XXH   
2            NAN                    NAN   LOW RESIDUAL  ...               XH   
3   CARBON STEEL                    NAN   LOW RESIDUAL  ...               XH   
4            NAN                    HFN            NAN  ...               XH   
5            NAN                    HFN            NAN  ...               XH   
6            NAN                    NAN   LOW RESIDUAL  ...               XH   
7            NAN                    NAN   LOW RESIDUAL  ...               XH   
8            NAN                    HFN            NAN  ...               XH   
9   CARBON STEEL                    NAN   LOW RESIDUAL  ...               XH   
10           NAN                    HFN            NAN  ...              STD   
11  CARBON STEEL                  A105N            NAN  ...               XH   
12  CARBON STEEL                  A105N            NAN  ...               XH   
13           NAN                    HFN   LOW RESIDUAL  ...              XXH   
14  CARBON STEEL                   A105            NAN  ...               XH   
15           NAN                    NAN            NAN  ...               XH   
16           NAN                    HFN            T80  ...              NAN   
17  CARBON STEEL                    NAN   LOW RESIDUAL  ...               XH   
18  CARBON STEEL                    NAN   LOW RESIDUAL  ...              NAN   
19  CARBON STEEL                  A105N            NAN  ...               XH   
20  CARBON STEEL                   A105            NAN  ...              XXH   
21           NAN                    HFN   LOW RESIDUAL  ...              160   
22           NAN                    HFN   LOW RESIDUAL  ...              XXH   
23           NAN                    HFN   LOW RESIDUAL  ...              XXH   
24  CARBON STEEL                  A105N            NAN  ...               XH   

   REDUCING_SCHEDULE MANUFACTURING_PROCESS   END_FINISH END_CONNECTIONS TRIM  \
0                NAN                   NAN  RAISED FACE             NAN  NAN   
1                NAN                   NAN  RAISED FACE             NAN  NAN   
2                NAN                   NAN          NAN             NAN  NAN   
3                NAN                   NAN          NAN             NAN  NAN   
4                NAN                   NAN  RAISED FACE             NAN  NAN   
5                NAN                   NAN  RAISED FACE             NAN  NAN   
6                NAN                   NAN          NAN             NAN  NAN   
7                NAN                   NAN          NAN             NAN  NAN   
8                NAN                   NAN          NAN             NAN  NAN   
9                NAN                FORGED          NAN             NAN  NAN   
10               NAN                   NAN          NAN             NAN  NAN   
11               NAN                   NAN          NAN             NAN  NAN   
12               NAN                   NAN          NAN             NAN  NAN   
13               NAN                   NAN  RAISED FACE             NAN  NAN   
14               NAN                   NAN  RAISED FACE             NAN  NAN   
15               NAN                   HFN  RAISED FACE             NAN  NAN   
16               NAN                   NAN  RAISED FACE             NAN  NAN   
17               NAN                FORGED          NAN             NAN  NAN   
18               NAN                   NAN          NAN             NAN  NAN   
19               NAN                   NAN  RAISED FACE             NAN  NAN   
20               NAN                   NAN          NAN             NAN  NAN   
21               NAN                   NAN  RAISED FACE             NAN  NAN   
22               NAN                   NAN  RAISED FACE             NAN  NAN   
23               NAN                   NAN  RAISED FACE             NAN  NAN   
24               NAN                   NAN          NAN             NAN  NAN   

               MISCELLANEOUS CONFIDENCE     id     score  
0               LOW RESIDUAL       0.85  15103  0.823622  
1               LOW RESIDUAL       0.90   3780  0.797768  
2                        HFN       0.85  15088  0.797001  
3                        HFN       0.85  14390  0.794811  
4               LOW RESIDUAL       0.90   4477  0.792622  
5               LOW RESIDUAL       0.90  15100  0.791156  
6                        HFN       0.85   9885  0.784980  
7                       ORFC       0.80  15068  0.781142  
8   LOW RESIDUAL RAISED FACE       0.90  15090  0.774826  
9                        HFN       0.85   8381  0.769201  
10              LOW RESIDUAL       0.85  15101  0.765315  
11                       NAN       0.95  14542  0.763960  
12                       NAN       0.95  14541  0.763960  
13                       NAN       0.90  15091  0.759950  
14                       NAN       0.95  14795  0.755916  
15         ORFC LOW RESIDUAL       0.85  15083  0.751511  
16              LOW RESIDUAL       0.85  15102  0.751101  
17                       HFN       0.85  14521  0.747799  
18              HFN STANDARD       0.85  14389  0.743133  
19                       NAN       0.95   9088  0.743110  
20               RAISED FACE       0.95   3388  0.738728  
21                       NAN       0.95  15089  0.738609  
22                       NAN       0.90  15096  0.737231  
23                       NAN       0.90  15092  0.735248  
24                       NAN       0.95  14517  0.733417  

[25 rows x 21 columns]",195,TERRIBLE
86,"4X3 CONCENTRIC REDUCER , ASME B16.9 , BEVELED END , ASTM A403 GRADE WP316/WP316L , TYPE S S-10S",4 X 3 STAINLESS STEEL SCHEDULE 10 316L SEAMLESS CONCENTRIC,True,86,149,5.338636799999904,"       ID                                                        DESCRIPTION  \
0   35356       4 X 3 STAINLESS STEEL SCHEDULE 80 316 L CONC REDUCER A403WPW   
1   35338               4 X 3 STAINLESS STEEL SCHEDULE 10 316 L CONC REDUCER   
2   35336               4 X 3 STAINLESS STEEL SCHEDULE 10 316 L CONC REDUCER   
3   35337               4 X 3 STAINLESS STEEL SCHEDULE 10 316 L CONC REDUCER   
4   35350               4 X 3 STAINLESS STEEL SCHEDULE 40 316 L CONC REDUCER   
5   35349               4 X 3 STAINLESS STEEL SCHEDULE 40 316 L CONC REDUCER   
6   35348               4 X 3 STAINLESS STEEL SCHEDULE 40 316 L CONC REDUCER   
7   36111        4 X 3 STAINLESS STEEL SCHEDULE 10 316 L ECC REDUCER A403WPW   
8   36110        4 X 3 STAINLESS STEEL SCHEDULE 10 316 L ECC REDUCER A403WPW   
9   35341          4 X 3 STAINLESS STEEL SCHEDULE 10 316 L SMLS CONC REDUCER   
10  35329                4 X 3 STAINLESS STEEL SCHEDULE 10 304L CONC REDUCER   
11  35331                4 X 3 STAINLESS STEEL SCHEDULE 10 304L CONC REDUCER   
12  35330                4 X 3 STAINLESS STEEL SCHEDULE 10 304L CONC REDUCER   
13  35332                4 X 3 STAINLESS STEEL SCHEDULE 10 304L CONC REDUCER   
14  34917                        10 X 4 SCHEDULE 40 CONC REDUCER 316 A403 WP   
15  35344                4 X 3 STAINLESS STEEL SCHEDULE 40 304L CONC REDUCER   
16  35343                4 X 3 STAINLESS STEEL SCHEDULE 40 304L CONC REDUCER   
17  35342                4 X 3 STAINLESS STEEL SCHEDULE 40 304L CONC REDUCER   
18  36112           4 X 3 STAINLESS STEEL SCHEDULE 10 316 L SMLS ECC REDUCER   
19  36109                4 X 3 STAINLESS STEEL SCHEDULE 10 316 L ECC REDUCER   
20  43084  4 X 3 STAINLESS STEEL SCHEDULE 10 316L SEAMLESS ECCENTRIC REDUCER   
21  36118                4 X 3 STAINLESS STEEL SCHEDULE 40 316 L ECC REDUCER   
22  36117                4 X 3 STAINLESS STEEL SCHEDULE 40 316 L ECC REDUCER   
23  35347           4 X 3 STAINLESS STEEL SCHEDULE 40 304L SMLS CONC REDUCER   
24  36119           4 X 3 STAINLESS STEEL SCHEDULE 40 316 L SMLS ECC REDUCER   

   CATEGORY                TYPE PRIMARY_SIZE REDUCING_SIZE LENGTH  \
0   FITTING  CONCENTRIC REDUCER            4             3    NAN   
1   FITTING  CONCENTRIC REDUCER            4             3    NAN   
2   FITTING  CONCENTRIC REDUCER            4             3    NAN   
3   FITTING  CONCENTRIC REDUCER            4             3    NAN   
4   FITTING  CONCENTRIC REDUCER            4             3    NAN   
5   FITTING  CONCENTRIC REDUCER            4             3    NAN   
6   FITTING  CONCENTRIC REDUCER            4             3    NAN   
7   FITTING   ECCENTRIC REDUCER            4             3    NAN   
8   FITTING   ECCENTRIC REDUCER            4             3    NAN   
9   FITTING  CONCENTRIC REDUCER            4             3    NAN   
10  FITTING  CONCENTRIC REDUCER            4             3    NAN   
11  FITTING  CONCENTRIC REDUCER            4             3    NAN   
12  FITTING  CONCENTRIC REDUCER            4             3    NAN   
13  FITTING  CONCENTRIC REDUCER            4             3    NAN   
14  FITTING  CONCENTRIC REDUCER           10             4    NAN   
15  FITTING  CONCENTRIC REDUCER            4             3    NAN   
16  FITTING  CONCENTRIC REDUCER            4             3    NAN   
17  FITTING  CONCENTRIC REDUCER            4             3    NAN   
18  FITTING   ECCENTRIC REDUCER            4             3    NAN   
19  FITTING   ECCENTRIC REDUCER            4             3    NAN   
20  FITTING   ECCENTRIC REDUCER          4.0           3.0    NAN   
21  FITTING   ECCENTRIC REDUCER            4             3    NAN   
22  FITTING   ECCENTRIC REDUCER            4             3    NAN   
23  FITTING  CONCENTRIC REDUCER            4             3    NAN   
24  FITTING   ECCENTRIC REDUCER            4             3    NAN   

      MATERIAL_NAME MATERIAL_SPECIFICATION MATERIAL_GRADE  ...  \
0   STAINLESS STEEL                   A403            WPW  ...   
1   STAINLESS STEEL                    NAN           316L  ...   
2   STAINLESS STEEL                    NAN           316L  ...   
3   STAINLESS STEEL                    NAN           316L  ...   
4   STAINLESS STEEL                    NAN           316L  ...   
5   STAINLESS STEEL                    NAN           316L  ...   
6   STAINLESS STEEL                    NAN           316L  ...   
7   STAINLESS STEEL                   A403            WPW  ...   
8   STAINLESS STEEL                   A403            WPW  ...   
9   STAINLESS STEEL                    NAN           316L  ...   
10  STAINLESS STEEL                    NAN           304L  ...   
11  STAINLESS STEEL                    NAN           304L  ...   
12  STAINLESS STEEL                    NAN           304L  ...   
13  STAINLESS STEEL                    NAN           304L  ...   
14  STAINLESS STEEL                   A403             WP  ...   
15  STAINLESS STEEL                    NAN           304L  ...   
16  STAINLESS STEEL                    NAN           304L  ...   
17  STAINLESS STEEL                    NAN           304L  ...   
18  STAINLESS STEEL                    NAN           316L  ...   
19  STAINLESS STEEL                    NAN           316L  ...   
20  STAINLESS STEEL                    NAN           316L  ...   
21  STAINLESS STEEL                    NAN           316L  ...   
22  STAINLESS STEEL                    NAN           316L  ...   
23  STAINLESS STEEL                    NAN           304L  ...   
24  STAINLESS STEEL                    NAN           316L  ...   

   PRIMARY_SCHEDULE REDUCING_SCHEDULE MANUFACTURING_PROCESS END_FINISH  \
0                80               NAN                   NAN        NAN   
1                10               NAN                   NAN        NAN   
2                10               NAN                   NAN        NAN   
3                10               NAN                   NAN        NAN   
4                40               NAN                   NAN        NAN   
5                40               NAN                   NAN        NAN   
6                40               NAN                   NAN        NAN   
7                10               NAN                   NAN        NAN   
8                10               NAN                   NAN        NAN   
9                10               NAN              SEAMLESS        NAN   
10               10               NAN                   NAN        NAN   
11               10               NAN                   NAN        NAN   
12               10               NAN                   NAN        NAN   
13               10               NAN                   NAN        NAN   
14               40               NAN                   NAN        NAN   
15               40               NAN                   NAN        NAN   
16               40               NAN                   NAN        NAN   
17               40               NAN                   NAN        NAN   
18               10               NAN              SEAMLESS        NAN   
19               10               NAN                   NAN        NAN   
20               10                10              SEAMLESS        NAN   
21               40               NAN                   NAN        NAN   
22               40               NAN                   NAN        NAN   
23               40               NAN              SEAMLESS        NAN   
24               40               NAN              SEAMLESS        NAN   

   END_CONNECTIONS TRIM MISCELLANEOUS CONFIDENCE     id     score  
0              NAN  NAN           NAN       0.95  35356  0.874637  
1              NAN  NAN           NAN       0.85  35338  0.871622  
2              NAN  NAN           NAN       0.85  35336  0.871622  
3              NAN  NAN           NAN       0.90  35337  0.871622  
4              NAN  NAN           NAN       0.85  35350  0.869657  
5              NAN  NAN           NAN       0.85  35349  0.869657  
6              NAN  NAN           NAN       0.90  35348  0.869657  
7              NAN  NAN           NAN       0.95  36111  0.864607  
8              NAN  NAN           NAN       0.95  36110  0.864607  
9              NAN  NAN           NAN       0.90  35341  0.862917  
10             NAN  NAN           NAN       0.85  35329  0.848085  
11             NAN  NAN           NAN       0.90  35331  0.848085  
12             NAN  NAN           NAN       0.85  35330  0.848085  
13             NAN  NAN           NAN       0.90  35332  0.848085  
14             NAN  NAN           NAN       0.95  34917  0.845970  
15             NAN  NAN           NAN       0.90  35344  0.844890  
16             NAN  NAN           NAN       0.85  35343  0.844890  
17             NAN  NAN           NAN       0.85  35342  0.844890  
18             NAN  NAN           NAN       0.85  36112  0.844749  
19             NAN  NAN           NAN       0.85  36109  0.844191  
20             NAN  NAN           NAN       0.90  43084  0.841792  
21             NAN  NAN           NAN       0.90  36118  0.841503  
22             NAN  NAN           NAN       0.85  36117  0.841503  
23             NAN  NAN           NAN       0.85  35347  0.841103  
24             NAN  NAN           NAN       0.90  36119  0.840111  

[25 rows x 21 columns]",178,TERRIBLE
87,3 BLK CS RSR CLMP,3 BLACK CARBON STEEL RISER CLAMP,True,87,43,4.0622476999999435,"       ID                      DESCRIPTION  CATEGORY  \
0   27314      18 BLK CS DBL BLT PIPE CLMP  FASTENER   
1   27308  1-0.25 BLK CS DBL BLT PIPE CLMP  FASTENER   
2   27409              3 BLACK RISER CLAMP   FITTING   
3   13996             3 CS 300 RF BLND FLG    FLANGE   
4   14171          3 CS 300 RF HH BLND FLG    FLANGE   
5   15965      2 CS CS 3000 THRD LEV RP BV     VALVE   
6   15966      2 CS CS 3000 THRD LEV RP BV     VALVE   
7    2893      3 300 RF 2PC RP BV CS SS LO     VALVE   
8   21232             3 CS 900 RF BLND FLG    FLANGE   
9   14232    2-0.5 CS 300 RF BLND FLG LRES    FLANGE   
10   4223                   3 CS 600 RF BV     VALVE   
11  13942    1-0.5 CS 300 RF BLND FLG LRES    FLANGE   
12  14227       10 CS 300 RF BLND FLG LRES    FLANGE   
13  18775             3 CS 600 RF BLND FLG    FLANGE   
14  12515            3 CS 1500 RF BLND FLG    FLANGE   
15  18860          3 CS 600 RF HH BLND FLG    FLANGE   
16  15950      1 CS SS 3000 THRD LEV RP BV     VALVE   
17  15961   1-0.5 CS SS 3000 THRD SP RT BV     VALVE   
18  18774     3 CS 600 RF BLND FLANGE LRES    FLANGE   
19  21233            3 CS 900 RTJ BLND FLG    FLANGE   
20  14271               3 CS 300 RF SO FLG    FLANGE   
21  13932             1 CS 300 RF BLND FLG    FLANGE   
22   2935       18 CS 300 RF BLND FLG LRES    FLANGE   
23  28488                 3 X 3 STD CS WOL   FITTING   
24  14375             3 CS 300 RF THRD FLG    FLANGE   

                           TYPE PRIMARY_SIZE REDUCING_SIZE LENGTH  \
0                    PIPE CLAMP           18           NAN    NAN   
1                    PIPE CLAMP         1.25           NAN    NAN   
2                   RISER CLAMP            3           NAN    NAN   
3                  BLIND FLANGE            3           NAN    NAN   
4         HEX HEAD BLIND FLANGE            3           NAN    NAN   
5                          BALL            2           NAN    NAN   
6                          BALL            2           NAN    NAN   
7                          BALL            3           NAN    NAN   
8                  BLIND FLANGE            3           NAN    NAN   
9      RAISED FACE BLIND FLANGE          2.5           NAN    NAN   
10                         BALL            3           NAN    NAN   
11                 BLIND FLANGE          1.5           NAN    NAN   
12     RAISED FACE BLIND FLANGE           10           NAN    NAN   
13                 BLIND FLANGE            3           NAN    NAN   
14                 BLIND FLANGE            3           NAN    NAN   
15        HEX HEAD BLIND FLANGE            3           NAN    NAN   
16                         BALL            1           NAN    NAN   
17                         BALL          1.5           NAN    NAN   
18                 BLIND FLANGE            3           NAN    NAN   
19                 BLIND FLANGE            3           NAN    NAN   
20   RAISED FACE SLIP ON FLANGE            3           NAN    NAN   
21                 BLIND FLANGE            1           NAN    NAN   
22                 BLIND FLANGE           18           NAN    NAN   
23                     WELDOLET            3             3    NAN   
24  RAISED FACE THREADED FLANGE            3           NAN    NAN   

   MATERIAL_NAME MATERIAL_SPECIFICATION MATERIAL_GRADE  ... PRIMARY_SCHEDULE  \
0   CARBON STEEL                    NAN            NAN  ...              NAN   
1   CARBON STEEL                    NAN            NAN  ...              NAN   
2   CARBON STEEL                    NAN            NAN  ...              NAN   
3   CARBON STEEL                  A105N            NAN  ...              NAN   
4   CARBON STEEL                  A105N            NAN  ...              NAN   
5   CARBON STEEL                    NAN            NAN  ...              NAN   
6   CARBON STEEL                    NAN            NAN  ...              NAN   
7   CARBON STEEL                    NAN            NAN  ...              NAN   
8   CARBON STEEL                  A105N            NAN  ...              NAN   
9   CARBON STEEL                    NAN            NAN  ...              NAN   
10  CARBON STEEL                    NAN            NAN  ...              NAN   
11  CARBON STEEL                    NAN            NAN  ...              NAN   
12  CARBON STEEL                    NAN            NAN  ...              NAN   
13  CARBON STEEL                  A105N            NAN  ...              NAN   
14  CARBON STEEL                  A105N            NAN  ...              NAN   
15  CARBON STEEL                  A105N            NAN  ...              NAN   
16  CARBON STEEL                    NAN            NAN  ...              NAN   
17  CARBON STEEL                    NAN            NAN  ...              NAN   
18  CARBON STEEL                    NAN            NAN  ...              NAN   
19  CARBON STEEL                  A105N            NAN  ...              NAN   
20  CARBON STEEL                  A105N            NAN  ...              NAN   
21  CARBON STEEL                   A105            NAN  ...              NAN   
22  CARBON STEEL                    NAN            NAN  ...              NAN   
23  CARBON STEEL                    NAN            NAN  ...              STD   
24  CARBON STEEL                  A105N            NAN  ...              NAN   

   REDUCING_SCHEDULE MANUFACTURING_PROCESS    END_FINISH END_CONNECTIONS  \
0                NAN                   NAN         BLACK             NAN   
1                NAN                   NAN         BLACK             NAN   
2                NAN                   NAN         BLACK             NAN   
3                NAN                   NAN   RAISED FACE             NAN   
4                NAN                   NAN   RAISED FACE             NAN   
5                NAN                   NAN           NAN             THD   
6                NAN                   NAN           NAN             THD   
7                NAN                   NAN            RF             NAN   
8                NAN                   NAN   RAISED FACE             NAN   
9                NAN                   NAN  LOW RESIDUAL             NAN   
10               NAN                   NAN     FULL PORT         FLANGED   
11               NAN                   NAN   RAISED FACE             NAN   
12               NAN                   NAN  LOW RESIDUAL             NAN   
13               NAN                   NAN   RAISED FACE             NAN   
14               NAN                   NAN   RAISED FACE             NAN   
15               NAN                   NAN   RAISED FACE             NAN   
16               NAN                   NAN  REDUCED PORT             THD   
17               NAN                   NAN  REDUCED PORT             THD   
18               NAN                   NAN   RAISED FACE             NAN   
19               NAN                   NAN           RTJ             NAN   
20               NAN                   NAN           NAN             NAN   
21               NAN                   NAN   RAISED FACE             NAN   
22               NAN                   NAN           NAN             NAN   
23               NAN                   NAN           NAN             NAN   
24               NAN                   NAN           NAN             THD   

               TRIM                        MISCELLANEOUS CONFIDENCE     id  \
0               NAN                          DOUBLE BOLT       0.85  27314   
1               NAN                          DOUBLE BOLT       0.85  27308   
2               NAN                                  NAN       0.80  27409   
3               NAN                                  NAN       0.95  13996   
4               NAN                             HEX HEAD       0.95  14171   
5      CARBON STEEL                   LEVER REDUCED PORT       0.90  15965   
6      CARBON STEEL                   LEVER REDUCED PORT       0.90  15966   
7   STAINLESS STEEL  2-PIECE REDUCED PORT LEVER OPERATOR       0.85   2893   
8               NAN                                  NAN       0.95  21232   
9               NAN                                  NAN       0.85  14232   
10  STAINLESS STEEL                  NACE LEVER OPERATOR       0.80   4223   
11              NAN                         LOW RESIDUAL       0.80  13942   
12              NAN                                  NAN       0.85  14227   
13              NAN                                  NAN       0.95  18775   
14              NAN                                  NAN       1.00  12515   
15              NAN                                  NAN       0.95  18860   
16  STAINLESS STEEL                                LEVER       0.90  15950   
17  STAINLESS STEEL                                   RT       0.90  15961   
18              NAN                         LOW RESIDUAL       0.90  18774   
19              NAN                                  NAN       0.95  21233   
20              NAN                                  NAN       0.95  14271   
21              NAN                                  NAN       1.00  13932   
22              NAN                         LOW RESIDUAL       0.90   2935   
23              NAN                                  NAN       0.80  28488   
24              NAN                                  NAN       0.95  14375   

       score  
0   0.613120  
1   0.591379  
2   0.586136  
3   0.573161  
4   0.569990  
5   0.564565  
6   0.564565  
7   0.562069  
8   0.561661  
9   0.557886  
10  0.557000  
11  0.553921  
12  0.552899  
13  0.552483  
14  0.551427  
15  0.548850  
16  0.547479  
17  0.547039  
18  0.546837  
19  0.545806  
20  0.545298  
21  0.545095  
22  0.544817  
23  0.544744  
24  0.540958  

[25 rows x 21 columns]",154,TERRIBLE
88,"REDUCER,CONC,6 X 3,S40,A234WPB",6X3 CARBON STEEL STANDARD WELD CONCENTRIC REDUCER,True,88,90,5.858453199999985,"       ID                                              DESCRIPTION CATEGORY  \
0   30762                    6 X 3 S40 WLD CONCENTRIC REDUCER LRES  FITTING   
1   30767                    6 X 4 S40 WLD CONCENTRIC REDUCER LRES  FITTING   
2   23506                           6 X 3 CS STD WELD CONC REDUCER  FITTING   
3   35387      6 X 3 STAINLESS STEEL SCHEDULE 40 304L CONC REDUCER  FITTING   
4   35389      6 X 3 STAINLESS STEEL SCHEDULE 40 304L CONC REDUCER  FITTING   
5   35388      6 X 3 STAINLESS STEEL SCHEDULE 40 304L CONC REDUCER  FITTING   
6   30763                    6 X 3 S80 WLD CONCENTRIC REDUCER LRES  FITTING   
7   23505                          6 X 3 CS S160 WELD CONC REDUCER  FITTING   
8   30732                    3 X 2 S40 WLD CONCENTRIC REDUCER LRES  FITTING   
9   23504                          6 X 3 CS S120 WELD CONC REDUCER  FITTING   
10  35380      6 X 3 STAINLESS STEEL SCHEDULE 10 304L CONC REDUCER  FITTING   
11  35379      6 X 3 STAINLESS STEEL SCHEDULE 10 304L CONC REDUCER  FITTING   
12  35378      6 X 3 STAINLESS STEEL SCHEDULE 10 304L CONC REDUCER  FITTING   
13  23502                   6 X 3 CS EXTRA HEAVY WELD CONC REDUCER  FITTING   
14  23501                   6 X 3 CS EXTRA HEAVY WELD CONC REDUCER  FITTING   
15  30754                    4 X 3 S40 WLD CONCENTRIC REDUCER LRES  FITTING   
16  35395     6 X 3 STAINLESS STEEL SCHEDULE 40 316 L CONC REDUCER  FITTING   
17  35393     6 X 3 STAINLESS STEEL SCHEDULE 40 316 L CONC REDUCER  FITTING   
18  35394     6 X 3 STAINLESS STEEL SCHEDULE 40 316 L CONC REDUCER  FITTING   
19  23526                 6 X 4 CS STD A420 WPL6 WELD CONC REDUCER  FITTING   
20  35481              REDUCER 10 X 6 SCHEDULE 41.0L CONC WLD SA40  FITTING   
21  35383     6 X 3 STAINLESS STEEL SCHEDULE 10 316 L CONC REDUCER  FITTING   
22  35382     6 X 3 STAINLESS STEEL SCHEDULE 10 316 L CONC REDUCER  FITTING   
23  35384     6 X 3 STAINLESS STEEL SCHEDULE 10 316 L CONC REDUCER  FITTING   
24  23499  6 X 3 CARBON STEEL WPL6 STANDARD WLD CONCENTRIC REDUCER  FITTING   

                  TYPE PRIMARY_SIZE REDUCING_SIZE LENGTH    MATERIAL_NAME  \
0   CONCENTRIC REDUCER            6             3    NAN              NAN   
1   CONCENTRIC REDUCER            6             4    NAN              NAN   
2   CONCENTRIC REDUCER            6             3    NAN     CARBON STEEL   
3   CONCENTRIC REDUCER            6             3    NAN  STAINLESS STEEL   
4   CONCENTRIC REDUCER            6             3    NAN  STAINLESS STEEL   
5   CONCENTRIC REDUCER            6             3    NAN  STAINLESS STEEL   
6   CONCENTRIC REDUCER            6             3    NAN              NAN   
7   CONCENTRIC REDUCER            6             3    NAN     CARBON STEEL   
8   CONCENTRIC REDUCER            3             2    NAN              NAN   
9   CONCENTRIC REDUCER            6             3    NAN     CARBON STEEL   
10  CONCENTRIC REDUCER            6             3    NAN  STAINLESS STEEL   
11  CONCENTRIC REDUCER            6             3    NAN  STAINLESS STEEL   
12  CONCENTRIC REDUCER            6             3    NAN  STAINLESS STEEL   
13  CONCENTRIC REDUCER            6             3    NAN     CARBON STEEL   
14  CONCENTRIC REDUCER            6             3    NAN     CARBON STEEL   
15  CONCENTRIC REDUCER            4             3    NAN              NAN   
16  CONCENTRIC REDUCER            6             3    NAN  STAINLESS STEEL   
17  CONCENTRIC REDUCER            6             3    NAN  STAINLESS STEEL   
18  CONCENTRIC REDUCER            6             3    NAN  STAINLESS STEEL   
19  CONCENTRIC REDUCER            6             4    NAN     CARBON STEEL   
20  CONCENTRIC REDUCER           10             6    NAN  STAINLESS STEEL   
21  CONCENTRIC REDUCER            6             3    NAN  STAINLESS STEEL   
22  CONCENTRIC REDUCER            6             3    NAN  STAINLESS STEEL   
23  CONCENTRIC REDUCER            6             3    NAN  STAINLESS STEEL   
24  CONCENTRIC REDUCER            6             3    NAN     CARBON STEEL   

   MATERIAL_SPECIFICATION MATERIAL_GRADE  ... PRIMARY_SCHEDULE  \
0                     NAN            NAN  ...               40   
1                     NAN            NAN  ...               40   
2                     NAN            NAN  ...              STD   
3                     NAN           304L  ...               40   
4                     NAN           304L  ...               40   
5                     NAN           304L  ...               40   
6                     NAN            NAN  ...               80   
7                     NAN            NAN  ...              160   
8                     NAN            NAN  ...               40   
9                     NAN            NAN  ...              120   
10                    NAN           304L  ...               10   
11                    NAN           304L  ...               10   
12                    NAN           304L  ...               10   
13                    NAN            NAN  ...               XH   
14                    NAN            NAN  ...               XH   
15                    NAN            NAN  ...               40   
16                    NAN           316L  ...               40   
17                    NAN           316L  ...               40   
18                    NAN           316L  ...               40   
19                   A420           WPL6  ...              STD   
20                   SA40           1.0L  ...               40   
21                    NAN           316L  ...               10   
22                    NAN           316L  ...               10   
23                    NAN           316L  ...               10   
24                   WPL6            NAN  ...              STD   

   REDUCING_SCHEDULE MANUFACTURING_PROCESS END_FINISH END_CONNECTIONS TRIM  \
0                NAN                  WELD        NAN             NAN  NAN   
1                NAN                  WELD        NAN             NAN  NAN   
2                NAN                WELDED        NAN             NAN  NAN   
3                NAN                   NAN        NAN             NAN  NAN   
4                NAN                   NAN        NAN             NAN  NAN   
5                NAN                   NAN        NAN             NAN  NAN   
6                NAN                  WELD        NAN             NAN  NAN   
7                NAN                  WELD        NAN             NAN  NAN   
8                NAN                  WELD        NAN             NAN  NAN   
9                NAN                  WELD        NAN             NAN  NAN   
10               NAN                   NAN        NAN             NAN  NAN   
11               NAN                   NAN        NAN             NAN  NAN   
12               NAN                   NAN        NAN             NAN  NAN   
13               NAN                   NAN        NAN             NAN  NAN   
14               NAN                   NAN        NAN             NAN  NAN   
15               NAN                  WELD        NAN             NAN  NAN   
16               NAN                   NAN        NAN             NAN  NAN   
17               NAN                   NAN        NAN             NAN  NAN   
18               NAN                   NAN        NAN             NAN  NAN   
19               NAN                  WELD        NAN             NAN  NAN   
20               NAN                   NAN       WELD             NAN  NAN   
21               NAN                   NAN        NAN             NAN  NAN   
22               NAN                   NAN        NAN             NAN  NAN   
23               NAN                   NAN        NAN             NAN  NAN   
24               NAN                   NAN       WELD             NAN  NAN   

   MISCELLANEOUS CONFIDENCE     id     score  
0   LOW RESIDUAL       0.80  30762  0.810843  
1   LOW RESIDUAL       0.85  30767  0.777716  
2            NAN       0.85  23506  0.777400  
3            NAN       0.90  35387  0.774112  
4            NAN       0.90  35389  0.774112  
5            NAN       0.90  35388  0.774112  
6   LOW RESIDUAL       0.85  30763  0.770817  
7            NAN       0.85  23505  0.763965  
8   LOW RESIDUAL       0.80  30732  0.761718  
9            NAN       0.85  23504  0.759404  
10           NAN       0.90  35380  0.759143  
11           NAN       0.90  35379  0.759143  
12           NAN       0.85  35378  0.759143  
13           NAN       0.80  23502  0.759083  
14           NAN       0.80  23501  0.759083  
15  LOW RESIDUAL       0.80  30754  0.758586  
16           NAN       0.85  35395  0.757542  
17           NAN       0.85  35393  0.757542  
18           NAN       0.85  35394  0.757542  
19           NAN       0.90  23526  0.756715  
20           NAN       0.90  35481  0.755136  
21           NAN       0.90  35383  0.749497  
22           NAN       0.90  35382  0.749497  
23           NAN       0.85  35384  0.749497  
24           NAN       0.85  23499  0.749165  

[25 rows x 21 columns]",112,TERRIBLE
89,"6X3 CONCENTRIC REDUCER , ASME B16.9 , BEVELED END , ASTM A403 GRADE WP304/WP304L , TYPE S S-10S",6 X 3 STAINLESS STEEL SCHEDULE 10 304L SEAMLESS CONCENTRIC,True,89,264,5.118701600000122,"       ID                                                        DESCRIPTION  \
0   35380                6 X 3 STAINLESS STEEL SCHEDULE 10 304L CONC REDUCER   
1   35379                6 X 3 STAINLESS STEEL SCHEDULE 10 304L CONC REDUCER   
2   35378                6 X 3 STAINLESS STEEL SCHEDULE 10 304L CONC REDUCER   
3   35387                6 X 3 STAINLESS STEEL SCHEDULE 40 304L CONC REDUCER   
4   35388                6 X 3 STAINLESS STEEL SCHEDULE 40 304L CONC REDUCER   
5   35389                6 X 3 STAINLESS STEEL SCHEDULE 40 304L CONC REDUCER   
6   36127        6 X 3 STAINLESS STEEL SCHEDULE 10 316 L ECC REDUCER A403WPW   
7   35384               6 X 3 STAINLESS STEEL SCHEDULE 10 316 L CONC REDUCER   
8   35382               6 X 3 STAINLESS STEEL SCHEDULE 10 316 L CONC REDUCER   
9   35383               6 X 3 STAINLESS STEEL SCHEDULE 10 316 L CONC REDUCER   
10  43214  8 X 6 STAINLESS STEEL SCHEDULE 10 304L CONCENTRIC REDUCER A403WPW   
11  35394               6 X 3 STAINLESS STEEL SCHEDULE 40 316 L CONC REDUCER   
12  35395               6 X 3 STAINLESS STEEL SCHEDULE 40 316 L CONC REDUCER   
13  35393               6 X 3 STAINLESS STEEL SCHEDULE 40 316 L CONC REDUCER   
14  36123                 6 X 3 STAINLESS STEEL SCHEDULE 10 304L ECC REDUCER   
15  36124                 6 X 3 STAINLESS STEEL SCHEDULE 10 304L ECC REDUCER   
16  36125            6 X 3 STAINLESS STEEL SCHEDULE 10 304L SMLS ECC REDUCER   
17  35029       12 X 6 STAINLESS STEEL SCHEDULE 10 304L CONC REDUCER A403WPW   
18  35454        8 X 6 STAINLESS STEEL SCHEDULE 10 304L CONC REDUCER A403WPW   
19  34930               10 X 6 STAINLESS STEEL SCHEDULE 40 304L CONC REDUCER   
20  34932               10 X 6 STAINLESS STEEL SCHEDULE 40 304L CONC REDUCER   
21  34931               10 X 6 STAINLESS STEEL SCHEDULE 40 304L CONC REDUCER   
22  36130                 6 X 3 STAINLESS STEEL SCHEDULE 40 304L ECC REDUCER   
23  36129                 6 X 3 STAINLESS STEEL SCHEDULE 40 304L ECC REDUCER   
24  35941        10 X 6 STAINLESS STEEL SCHEDULE 10 304L ECC REDUCER A403WPW   

   CATEGORY                TYPE PRIMARY_SIZE REDUCING_SIZE LENGTH  \
0   FITTING  CONCENTRIC REDUCER            6             3    NAN   
1   FITTING  CONCENTRIC REDUCER            6             3    NAN   
2   FITTING  CONCENTRIC REDUCER            6             3    NAN   
3   FITTING  CONCENTRIC REDUCER            6             3    NAN   
4   FITTING  CONCENTRIC REDUCER            6             3    NAN   
5   FITTING  CONCENTRIC REDUCER            6             3    NAN   
6   FITTING   ECCENTRIC REDUCER            6             3    NAN   
7   FITTING  CONCENTRIC REDUCER            6             3    NAN   
8   FITTING  CONCENTRIC REDUCER            6             3    NAN   
9   FITTING  CONCENTRIC REDUCER            6             3    NAN   
10  FITTING  CONCENTRIC REDUCER          8.0           6.0    NAN   
11  FITTING  CONCENTRIC REDUCER            6             3    NAN   
12  FITTING  CONCENTRIC REDUCER            6             3    NAN   
13  FITTING  CONCENTRIC REDUCER            6             3    NAN   
14  FITTING   ECCENTRIC REDUCER            6             3    NAN   
15  FITTING   ECCENTRIC REDUCER            6             3    NAN   
16  FITTING   ECCENTRIC REDUCER            6             3    NAN   
17  FITTING  CONCENTRIC REDUCER           12             6    NAN   
18  FITTING  CONCENTRIC REDUCER            8             6    NAN   
19  FITTING  CONCENTRIC REDUCER           10             6    NAN   
20  FITTING  CONCENTRIC REDUCER           10             6    NAN   
21  FITTING  CONCENTRIC REDUCER           10             6    NAN   
22  FITTING   ECCENTRIC REDUCER            6             3    NAN   
23  FITTING   ECCENTRIC REDUCER            6             3    NAN   
24  FITTING   ECCENTRIC REDUCER           10             6    NAN   

      MATERIAL_NAME MATERIAL_SPECIFICATION MATERIAL_GRADE  ...  \
0   STAINLESS STEEL                    NAN           304L  ...   
1   STAINLESS STEEL                    NAN           304L  ...   
2   STAINLESS STEEL                    NAN           304L  ...   
3   STAINLESS STEEL                    NAN           304L  ...   
4   STAINLESS STEEL                    NAN           304L  ...   
5   STAINLESS STEEL                    NAN           304L  ...   
6   STAINLESS STEEL                   A403            WPW  ...   
7   STAINLESS STEEL                    NAN           316L  ...   
8   STAINLESS STEEL                    NAN           316L  ...   
9   STAINLESS STEEL                    NAN           316L  ...   
10  STAINLESS STEEL                   A403            WPW  ...   
11  STAINLESS STEEL                    NAN           316L  ...   
12  STAINLESS STEEL                    NAN           316L  ...   
13  STAINLESS STEEL                    NAN           316L  ...   
14  STAINLESS STEEL                    NAN           304L  ...   
15  STAINLESS STEEL                    NAN           304L  ...   
16  STAINLESS STEEL                    NAN           304L  ...   
17  STAINLESS STEEL                   A403            WPW  ...   
18  STAINLESS STEEL                   A403            WPW  ...   
19  STAINLESS STEEL                    NAN           304L  ...   
20  STAINLESS STEEL                    NAN           304L  ...   
21  STAINLESS STEEL                    NAN           304L  ...   
22  STAINLESS STEEL                    NAN           304L  ...   
23  STAINLESS STEEL                    NAN           304L  ...   
24  STAINLESS STEEL                   A403            WPW  ...   

   PRIMARY_SCHEDULE REDUCING_SCHEDULE MANUFACTURING_PROCESS END_FINISH  \
0                10               NAN                   NAN        NAN   
1                10               NAN                   NAN        NAN   
2                10               NAN                   NAN        NAN   
3                40               NAN                   NAN        NAN   
4                40               NAN                   NAN        NAN   
5                40               NAN                   NAN        NAN   
6                10               NAN                   NAN        NAN   
7                10               NAN                   NAN        NAN   
8                10               NAN                   NAN        NAN   
9                10               NAN                   NAN        NAN   
10               10                10                   NAN        NAN   
11               40               NAN                   NAN        NAN   
12               40               NAN                   NAN        NAN   
13               40               NAN                   NAN        NAN   
14               10               NAN                   NAN        NAN   
15               10               NAN                   NAN        NAN   
16               10               NAN              SEAMLESS        NAN   
17               10               NAN                   NAN        NAN   
18               10               NAN                   NAN        NAN   
19               40               NAN                   NAN        NAN   
20               40               NAN                   NAN        NAN   
21               40               NAN                   NAN        NAN   
22               40               NAN                   NAN        NAN   
23               40               NAN                   NAN        NAN   
24               10               NAN                   NAN        NAN   

   END_CONNECTIONS TRIM MISCELLANEOUS CONFIDENCE     id     score  
0              NAN  NAN           NAN       0.90  35380  0.859219  
1              NAN  NAN           NAN       0.90  35379  0.859219  
2              NAN  NAN           NAN       0.85  35378  0.859219  
3              NAN  NAN           NAN       0.90  35387  0.849238  
4              NAN  NAN           NAN       0.90  35388  0.849238  
5              NAN  NAN           NAN       0.90  35389  0.849238  
6              NAN  NAN           NAN       0.95  36127  0.844777  
7              NAN  NAN           NAN       0.85  35384  0.843169  
8              NAN  NAN           NAN       0.90  35382  0.843169  
9              NAN  NAN           NAN       0.90  35383  0.843169  
10             NAN  NAN           NAN       0.90  43214  0.837313  
11             NAN  NAN           NAN       0.85  35394  0.833631  
12             NAN  NAN           NAN       0.85  35395  0.833631  
13             NAN  NAN           NAN       0.85  35393  0.833631  
14             NAN  NAN           NAN       0.90  36123  0.830552  
15             NAN  NAN           NAN       0.90  36124  0.830552  
16             NAN  NAN           NAN       0.90  36125  0.829555  
17             NAN  NAN           NAN       0.95  35029  0.824782  
18             NAN  NAN           NAN       0.95  35454  0.824674  
19             NAN  NAN           NAN       0.85  34930  0.821513  
20             NAN  NAN           NAN       0.90  34932  0.821513  
21             NAN  NAN           NAN       0.90  34931  0.821513  
22             NAN  NAN           NAN       0.85  36130  0.821165  
23             NAN  NAN           NAN       0.90  36129  0.821165  
24             NAN  NAN           NAN       0.95  35941  0.820745  

[25 rows x 21 columns]",115,TERRIBLE
90,"FLG,4,150,XH,RFWN,A105B",4 CARBON STEEL 150 SCHEDULE XH RAISED FACE WELD NECK A105N,True,90,1600,4.253588000000036,"       ID                      DESCRIPTION CATEGORY  \
0    9885      4 150 HFN XH RF WN LRES FLG   FLANGE   
1    8381      3 150 HFN XH RF WN LRES FLG   FLANGE   
2    1713      2 150 HFN XH RF WN LRES FLG   FLANGE   
3    9088            4 CS 150 XH RF WN FLG   FLANGE   
4    8994            1 CS 150 XH RF WN FLG   FLANGE   
5    9887      8 150 HFN XH RF WN LRES FLG   FLANGE   
6    9939     4 150 HFN STD RF WN LRES FLG   FLANGE   
7    9886      6 150 HFN XH RF WN LRES FLG   FLANGE   
8    4477      4 600 HFN XH RF WN LRES FLG   FLANGE   
9   15103      4 300 HFN XH RF WN LRES FLG   FLANGE   
10   8995           1 CS 150 XXH RF WN FLG   FLANGE   
11  14390     10 300 HFN XH RF WN LRES FLG   FLANGE   
12   9880  1-0.5 150 HFN XH RF WN LRES FLG   FLANGE   
13   9086           4 CS 150 RF 12 LWN FLG   FLANGE   
14   8941           14 CS 150 XH RF WN FLG   FLANGE   
15  12693           1 CS 1500 XH RF WN FLG   FLANGE   
16  15088      1 300 HFN XH RF WN LRES FLG   FLANGE   
17   1760  0.75 150 HFN XXH RF WN LRES FLG   FLANGE   
18   4470      1 600 HFN XH RF WN LRES FLG   FLANGE   
19   3780     4 300 HFN XXH RF WN LRES FLG   FLANGE   
20   8412           10 CS 150 XH RF WN FLG   FLANGE   
21   8411           10 CS 150 XH RF WN FLG   FLANGE   
22   8185            1 CS 150 XH RF SW FLG   FLANGE   
23   8991            1 CS 150 RF 9 LWN FLG   FLANGE   
24   9937     3 150 HFN STD RF WN LRES FLG   FLANGE   

                              TYPE PRIMARY_SIZE REDUCING_SIZE LENGTH  \
0     RAISED FACE WELD NECK FLANGE            4           NAN    NAN   
1            RAISED FACE WELD NECK            3           NAN    NAN   
2            RAISED FACE WELD NECK            2           NAN    NAN   
3                 WELD NECK FLANGE            4           NAN    NAN   
4                 WELD NECK FLANGE            1           NAN    NAN   
5     RAISED FACE WELD NECK FLANGE            8           NAN    NAN   
6                        WELD NECK            4           NAN    NAN   
7     RAISED FACE WELD NECK FLANGE            6           NAN    NAN   
8                        WELD NECK            4           NAN    NAN   
9                 WELD NECK FLANGE            4           NAN    NAN   
10                WELD NECK FLANGE            1           NAN    NAN   
11           RAISED FACE WELD NECK           10           NAN    NAN   
12           RAISED FACE WELD NECK          1.5           NAN    NAN   
13                WELD NECK FLANGE            4           NAN     12   
14                       WELD NECK           14           NAN    NAN   
15                WELD NECK FLANGE            1           NAN    NAN   
16                WELD NECK FLANGE            1           NAN    NAN   
17                WELD NECK FLANGE         0.75           NAN    NAN   
18    RAISED FACE WELD NECK FLANGE            1           NAN    NAN   
19                       WELD NECK            4           NAN    NAN   
20    RAISED FACE WELD NECK FLANGE           10           NAN    NAN   
21    RAISED FACE WELD NECK FLANGE           10           NAN    NAN   
22  RAISED FACE SOCKET WELD FLANGE            1           NAN    NAN   
23                WELD NECK FLANGE            1           NAN    NAN   
24                       WELD NECK            3           NAN    NAN   

   MATERIAL_NAME MATERIAL_SPECIFICATION MATERIAL_GRADE  ... PRIMARY_SCHEDULE  \
0            NAN                    NAN   LOW RESIDUAL  ...               XH   
1   CARBON STEEL                    NAN   LOW RESIDUAL  ...               XH   
2            NAN                    NAN            NAN  ...               XH   
3   CARBON STEEL                  A105N            NAN  ...               XH   
4   CARBON STEEL                   A105            NAN  ...               XH   
5            NAN                    HFN   LOW RESIDUAL  ...               XH   
6            NAN                    NAN            HFN  ...              STD   
7            NAN                    NAN   LOW RESIDUAL  ...               XH   
8            NAN                    HFN            NAN  ...               XH   
9            NAN                    HFN            NAN  ...               XH   
10  CARBON STEEL                  A105N            NAN  ...              XXH   
11  CARBON STEEL                    NAN   LOW RESIDUAL  ...               XH   
12           NAN                    NAN   LOW RESIDUAL  ...               XH   
13  CARBON STEEL                  A105N            NAN  ...              NAN   
14  CARBON STEEL                  A105N            NAN  ...               XH   
15  CARBON STEEL                   A105            NAN  ...               XH   
16           NAN                    NAN   LOW RESIDUAL  ...               XH   
17           NAN                    HFN            NAN  ...              XXH   
18           NAN                    NAN   LOW RESIDUAL  ...               XH   
19           NAN                    HFN            NAN  ...              XXH   
20  CARBON STEEL                  A105N            NAN  ...               XH   
21  CARBON STEEL                  A105N            NAN  ...               XH   
22  CARBON STEEL                   A105            NAN  ...               XH   
23  CARBON STEEL                  A105N            NAN  ...              NAN   
24           NAN                    NAN             LR  ...              STD   

   REDUCING_SCHEDULE MANUFACTURING_PROCESS   END_FINISH END_CONNECTIONS TRIM  \
0                NAN                   NAN          NAN             NAN  NAN   
1                NAN                FORGED          NAN             NAN  NAN   
2                NAN                FORGED          NAN             NAN  NAN   
3                NAN                   NAN  RAISED FACE             NAN  NAN   
4                NAN                   NAN  RAISED FACE             NAN  NAN   
5                NAN                   NAN  RAISED FACE             NAN  NAN   
6                NAN                   NAN          NAN             NAN  NAN   
7                NAN                   HFN  RAISED FACE             NAN  NAN   
8                NAN                   NAN  RAISED FACE             NAN  NAN   
9                NAN                   NAN  RAISED FACE             NAN  NAN   
10               NAN                   NAN          NAN             NAN  NAN   
11               NAN                   NAN          NAN             NAN  NAN   
12               NAN                   NAN          NAN             NAN  NAN   
13               NAN                   NAN          NAN             NAN  NAN   
14               NAN                   NAN  RAISED FACE             NAN  NAN   
15               NAN                   NAN  RAISED FACE             NAN  NAN   
16               NAN                   NAN          NAN             NAN  NAN   
17               NAN                   NAN  RAISED FACE             NAN  NAN   
18               NAN                   NAN          NAN             NAN  NAN   
19               NAN                   NAN  RAISED FACE             NAN  NAN   
20               NAN                   NAN           RF              WN  NAN   
21               NAN                   NAN          NAN             NAN  NAN   
22               NAN                   NAN          NAN              SW  NAN   
23               NAN                   NAN  RAISED FACE             NAN  NAN   
24               NAN                   NAN          NAN             NAN  NAN   

   MISCELLANEOUS CONFIDENCE     id     score  
0            HFN       0.85   9885  0.834522  
1            HFN       0.85   8381  0.800836  
2   LOW RESIDUAL       0.85   1713  0.796509  
3            NAN       0.95   9088  0.792140  
4            NAN       0.90   8994  0.789231  
5            NAN       0.95   9887  0.782248  
6   LOW RESIDUAL       0.85   9939  0.780296  
7            NAN       0.85   9886  0.780170  
8   LOW RESIDUAL       0.90   4477  0.778090  
9   LOW RESIDUAL       0.85  15103  0.775866  
10   RAISED FACE       0.95   8995  0.766184  
11           HFN       0.85  14390  0.763340  
12           HFN       0.85   9880  0.762603  
13   RAISED FACE       0.95   9086  0.758954  
14           NAN       0.95   8941  0.755958  
15           NAN       0.95  12693  0.753389  
16           HFN       0.85  15088  0.751563  
17  LOW RESIDUAL       0.90   1760  0.749760  
18           HFN       0.85   4470  0.748309  
19  LOW RESIDUAL       0.90   3780  0.747757  
20           NAN       0.95   8412  0.747611  
21           NAN       0.95   8411  0.747611  
22           NAN       0.90   8185  0.745512  
23        9 LONG       0.95   8991  0.745273  
24           HFN       0.85   9937  0.745026  

[25 rows x 21 columns]",198,TERRIBLE
91,"NIPPLE, SWAGE, CONCENTRIC, 3"" X 2"", TBE, SCH 80/XH, CARBON STEEL, A234",3 X 2 BLACK SCHEDULE XH CONCENTRIC SOCKETWELD SWAGE THREADED BOTH ENDS,True,91,1,5.939701100000093,"       ID  \
0   33382   
1   43602   
2   35229   
3   38184   
4   35656   
5   38190   
6   35655   
7   43601   
8   43603   
9   38183   
10  38182   
11  29186   
12  38187   
13  38188   
14  38193   
15  38194   
16  38185   
17  38186   
18  38189   
19  35228   
20  26292   
21  30901   
22  35653   
23  37238   
24  35654   

                                                               DESCRIPTION  \
0                    3 X 2 SCHEDULE 80 SWAGE NIPPLE BEVELED BOTH ENDS LRES   
1   3 X 2 BLACK SCHEDULE XH CONCENTRIC SOCKETWELD SWAGE THREADED BOTH ENDS   
2                      3 X 2 STAINLESS STEEL S80 304L CONCENTRIC SWAGE TBE   
3                   2 X 3 STAINLESS STEEL SCHEDULE 80 304L SMLS NIPPLE PBE   
4                     3 X 2 STAINLESS STEEL S80 316 L CONCENTRIC SWAGE TBE   
5                             2 X 3 STAINLESS STEEL SCHEDULE 80 316 NIPPLE   
6                     3 X 2 STAINLESS STEEL S80 316 L CONCENTRIC SWAGE BBE   
7   3 X 2 BLACK SCHEDULE XH CONCENTRIC SOCKETWELD SWAGE BEVELED X THREADED   
8   3 X 2 BLACK SCHEDULE XH CONCENTRIC SOCKETWELD SWAGE BEVELED X THREADED   
9                       2 X 3 STAINLESS STEEL SCHEDULE 80 304L SMLS NIPPLE   
10                      2 X 3 STAINLESS STEEL SCHEDULE 80 304L SMLS NIPPLE   
11        3 X 2 GALVANIZED SCHEDULE 40 CONCENTRIC SWAGE THREADED BOTH ENDS   
12                 2 X 3 STAINLESS STEEL SCHEDULE 80 316 L SMLS NIPPLE PBE   
13                 2 X 3 STAINLESS STEEL SCHEDULE 80 316 L SMLS NIPPLE PBE   
14                 2 X 3-0.5 STAINLESS STEEL SCHEDULE 80 316 L SMLS NIPPLE   
15                 2 X 3-0.5 STAINLESS STEEL SCHEDULE 80 316 L SMLS NIPPLE   
16                     2 X 3 STAINLESS STEEL SCHEDULE 80 316 L SMLS NIPPLE   
17                     2 X 3 STAINLESS STEEL SCHEDULE 80 316 L SMLS NIPPLE   
18                 2 X 3 STAINLESS STEEL SCHEDULE 80 316 L SMLS NIPPLE PXT   
19                     3 X 2 STAINLESS STEEL S40 304L CONCENTRIC SWAGE TBE   
20                2 X 3 BLACK SCHEDULE XH SEAMLESS NIPPLE THREADED ONE END   
21            3 X 2 BLACK SCHEDULE 160 CONCENTRIC SWAGE THREADED BOTH ENDS   
22                     3 X 2 STAINLESS STEEL S40 304L CONCENTRIC SWAGE BXP   
23                           1 X 3 STAINLESS STEEL SCHEDULE 80 304L NIPPLE   
24                    3 X 2 STAINLESS STEEL S40 316 L CONCENTRIC SWAGE BXP   

   CATEGORY                TYPE PRIMARY_SIZE REDUCING_SIZE LENGTH  \
0   FITTING        SWAGE NIPPLE            3             2    NAN   
1   FITTING  CONCENTRIC REDUCER          3.0           2.0    NAN   
2   FITTING  CONCENTRIC REDUCER            3             2    NAN   
3   FITTING              NIPPLE            2             3    NAN   
4   FITTING    CONCENTRIC SWAGE            3             2    NAN   
5   FITTING              NIPPLE            2             3    NAN   
6   FITTING    CONCENTRIC SWAGE            3             2    NAN   
7   FITTING  CONCENTRIC REDUCER          3.0           2.0    NAN   
8   FITTING  CONCENTRIC REDUCER          3.0           2.0    NAN   
9   FITTING              NIPPLE            2             3    NAN   
10  FITTING              NIPPLE            2             3    NAN   
11  FITTING    CONCENTRIC SWAGE            3             2    NAN   
12  FITTING              NIPPLE            2             3    NAN   
13  FITTING              NIPPLE            2             3    NAN   
14  FITTING              NIPPLE            2           3.5    NAN   
15  FITTING              NIPPLE            2           3.5    NAN   
16  FITTING              NIPPLE            2             3    NAN   
17  FITTING              NIPPLE            2             3    NAN   
18  FITTING              NIPPLE            2             3    NAN   
19  FITTING  CONCENTRIC REDUCER            3             2    NAN   
20  FITTING              NIPPLE            2             3    NAN   
21  FITTING    CONCENTRIC SWAGE            3             2    NAN   
22  FITTING    CONCENTRIC SWAGE            3             2    NAN   
23  FITTING              NIPPLE            1           NAN      3   
24  FITTING    CONCENTRIC SWAGE            3             2    NAN   

      MATERIAL_NAME MATERIAL_SPECIFICATION MATERIAL_GRADE  ...  \
0               NAN                    NAN            NAN  ...   
1      CARBON STEEL                    NAN            NAN  ...   
2   STAINLESS STEEL                    NAN           304L  ...   
3   STAINLESS STEEL                    NAN           304L  ...   
4   STAINLESS STEEL                    NAN           316L  ...   
5   STAINLESS STEEL                    NAN            316  ...   
6   STAINLESS STEEL                    NAN           316L  ...   
7      CARBON STEEL                    NAN            NAN  ...   
8      CARBON STEEL                    NAN            NAN  ...   
9   STAINLESS STEEL                    NAN           304L  ...   
10  STAINLESS STEEL                    NAN           304L  ...   
11       GALVANIZED                    NAN            NAN  ...   
12  STAINLESS STEEL                    NAN           316L  ...   
13  STAINLESS STEEL                    NAN           316L  ...   
14  STAINLESS STEEL                    NAN           316L  ...   
15  STAINLESS STEEL                    NAN           316L  ...   
16  STAINLESS STEEL                    NAN           316L  ...   
17  STAINLESS STEEL                    NAN           316L  ...   
18  STAINLESS STEEL                    NAN           316L  ...   
19  STAINLESS STEEL                    NAN           304L  ...   
20     CARBON STEEL                    NAN            NAN  ...   
21              NAN                    NAN            NAN  ...   
22  STAINLESS STEEL                    NAN           304L  ...   
23  STAINLESS STEEL                    NAN           304L  ...   
24  STAINLESS STEEL                    NAN           316L  ...   

   PRIMARY_SCHEDULE REDUCING_SCHEDULE MANUFACTURING_PROCESS  \
0                80               NAN                   NAN   
1       EXTRA HEAVY               NAN                   NAN   
2                80               NAN                   NAN   
3                80               NAN              SEAMLESS   
4                80               NAN                   NAN   
5                80               NAN                   NAN   
6                80               NAN                   NAN   
7       EXTRA HEAVY               NAN                   NAN   
8                XH               NAN                   NAN   
9                80               NAN              SEAMLESS   
10               80               NAN              SEAMLESS   
11               40               NAN                   NAN   
12               80               NAN              SEAMLESS   
13               80               NAN              SEAMLESS   
14               80               NAN              SEAMLESS   
15               80               NAN              SEAMLESS   
16               80               NAN              SEAMLESS   
17               80               NAN              SEAMLESS   
18               80               NAN              SEAMLESS   
19               40               NAN                   NAN   
20               XH               NAN              SEAMLESS   
21              160               NAN                   NAN   
22               40               NAN                   NAN   
23               80               NAN                   NAN   
24               40               NAN                   NAN   

           END_FINISH       END_CONNECTIONS TRIM MISCELLANEOUS CONFIDENCE  \
0   BEVELED BOTH ENDS                    SW  NAN  LOW RESIDUAL       0.85   
1                 NAN  SOCKET WELD,THREADED  NAN         SWAGE       0.80   
2                 NAN               SW X BW  NAN           NAN       0.85   
3     PLAIN BOTH ENDS                   NAN  NAN           NAN       0.95   
4                 NAN               SW X BW  NAN           NAN       0.90   
5                 NAN                   NAN  NAN           NAN       0.85   
6   BEVELED BOTH ENDS                    SW  NAN           NAN       0.90   
7             BEVELED              SW X THD  NAN         SWAGE       0.80   
8             BEVELED              SW X THD  NAN         BLACK       0.80   
9                 NAN                   NAN  NAN           NAN       0.90   
10                NAN                   NAN  NAN           NAN       0.90   
11                NAN              SW X THD  NAN           NAN       0.85   
12              PLAIN               PE X PE  NAN           NAN       0.95   
13    PLAIN BOTH ENDS                   NAN  NAN           NAN       0.90   
14                NAN                   NAN  NAN           NAN       0.90   
15                NAN                   NAN  NAN           NAN       0.90   
16                NAN                   NAN  NAN           NAN       0.90   
17                NAN                   NAN  NAN           NAN       0.90   
18                NAN           PLAIN X THD  NAN           NAN       0.90   
19                NAN               SW X BW  NAN           NAN       0.85   
20                NAN             THD X PLN  NAN         BLACK       0.85   
21                NAN             THD X THD  NAN         BLACK       0.90   
22                NAN                    SW  NAN           BXP       0.90   
23                NAN                   NAN  NAN           NAN       0.90   
24                NAN                    SW  NAN           BXP       0.90   

       id     score  
0   33382  0.827202  
1   43602  0.788441  
2   35229  0.781865  
3   38184  0.780845  
4   35656  0.780362  
5   38190  0.779873  
6   35655  0.779318  
7   43601  0.777724  
8   43603  0.777724  
9   38183  0.773867  
10  38182  0.773867  
11  29186  0.770547  
12  38187  0.770146  
13  38188  0.770146  
14  38193  0.768634  
15  38194  0.768634  
16  38185  0.763157  
17  38186  0.763157  
18  38189  0.762805  
19  35228  0.762180  
20  26292  0.759722  
21  30901  0.759429  
22  35653  0.757840  
23  37238  0.756536  
24  35654  0.755813  

[25 rows x 21 columns]",191,TERRIBLE
92,"6 45 DEGREE LONG RADIUS ELBOW , ASME B16.9 , BEVELED END , ASTM A234 GRADE WPB , TYPE S S-80",6 CARBON STEEL SCHEDULE XH WELD 45 ELBOW,True,92,358,5.478469299999915,"       ID                                                 DESCRIPTION  \
0   43101      6 CRMLY SCHEDULE 80 WP11 SEAMLESS LONG RADIUS 90 ELBOW   
1   36701      6 STAINLESS STEEL SCHEDULE 80 304L LR 45 ELBOW A403WPW   
2   24489   1 CARBON STEEL WPL6 SCHEDULE 160 WLD LONG RADIUS 45 ELBOW   
3   24916       6 CARBON STEEL WPL6 STANDARD WLD LONG RADIUS 90 ELBOW   
4   24915       6 CARBON STEEL WPL6 STANDARD WLD LONG RADIUS 90 ELBOW   
5   37081      6 STAINLESS STEEL SCHEDULE 80 304L LR 90 ELBOW A403WPW   
6   24914   6 CARBON STEEL WPL6 SCHEDULE 160 WLD LONG RADIUS 90 ELBOW   
7   24619       1 CARBON STEEL WPL6 STANDARD WLD LONG RADIUS 90 ELBOW   
8   24620       1 CARBON STEEL WPL6 STANDARD WLD LONG RADIUS 90 ELBOW   
9   43107      6 CARBON STEEL WPL6 STANDARD WELD LONG RADIUS 90 ELBOW   
10  43108      6 CARBON STEEL WPL6 STANDARD WELD LONG RADIUS 90 ELBOW   
11  24517   2 CARBON STEEL WPL6 SCHEDULE 160 LONG RADIUS 45 WLD ELBOW   
12  24516   2 CARBON STEEL WPL6 SCHEDULE 160 LONG RADIUS 45 WLD ELBOW   
13  43105  6 CARBON STEEL WPL6 SCHEDULE 160 WELD LONG RADIUS 90 ELBOW   
14  24617   1 CARBON STEEL WPL6 SCHEDULE 160 WLD LONG RADIUS 90 ELBOW   
15  24618   1 CARBON STEEL WPL6 SCHEDULE 160 WLD LONG RADIUS 90 ELBOW   
16  25016               6 CARBON STEEL S120 WELD LONG RADIUS 90 ELBOW   
17  24913    6 CARBON STEEL WPL6 EXTRA HEAVY WLD LONG RADIUS 90 ELBOW   
18  24912    6 CARBON STEEL WPL6 EXTRA HEAVY WLD LONG RADIUS 90 ELBOW   
19  40029      6 STAINLESS STEEL SCHEDULE 40 304L SR 90 ELBOW A403WPW   
20  40030      6 STAINLESS STEEL SCHEDULE 40 304L SR 90 ELBOW A403WPW   
21  24764       2 CARBON STEEL WPL6 STANDARD WLD LONG RADIUS 90 ELBOW   
22  24765       2 CARBON STEEL WPL6 STANDARD WLD LONG RADIUS 90 ELBOW   
23  24911            6 CARBON STEEL STANDARD WLD LONG RADIUS 90 ELBOW   
24  37071      6 STAINLESS STEEL SCHEDULE 40 304L LR 90 ELBOW A403WPW   

   CATEGORY                  TYPE PRIMARY_SIZE REDUCING_SIZE LENGTH  \
0   FITTING  LONG RADIUS 90 ELBOW          6.0           NAN    NAN   
1   FITTING    LR 45 DEGREE ELBOW            6           NAN    NAN   
2   FITTING    LR 45 DEGREE ELBOW            1           NAN    NAN   
3   FITTING    LR 90 DEGREE ELBOW            6           NAN    NAN   
4   FITTING    LR 90 DEGREE ELBOW            6           NAN    NAN   
5   FITTING    LR 90 DEGREE ELBOW            6           NAN    NAN   
6   FITTING    LR 90 DEGREE ELBOW            6           NAN    NAN   
7   FITTING    LR 90 DEGREE ELBOW            1           NAN    NAN   
8   FITTING    LR 90 DEGREE ELBOW            1           NAN    NAN   
9   FITTING  LONG RADIUS 90 ELBOW          6.0           NAN    NAN   
10  FITTING  LONG RADIUS 90 ELBOW          6.0           NAN    NAN   
11  FITTING    LR 45 DEGREE ELBOW            2           NAN    NAN   
12  FITTING    LR 45 DEGREE ELBOW            2           NAN    NAN   
13  FITTING  LONG RADIUS 90 ELBOW          6.0           NAN    NAN   
14  FITTING    LR 90 DEGREE ELBOW            1           NAN    NAN   
15  FITTING    LR 90 DEGREE ELBOW            1           NAN    NAN   
16  FITTING           LR 90 ELBOW            6           NAN    NAN   
17  FITTING    LR 90 DEGREE ELBOW            6           NAN    NAN   
18  FITTING    LR 90 DEGREE ELBOW            6           NAN    NAN   
19  FITTING    SR 90 DEGREE ELBOW            6           NAN    NAN   
20  FITTING    SR 90 DEGREE ELBOW            6           NAN    NAN   
21  FITTING    LR 90 DEGREE ELBOW            2           NAN    NAN   
22  FITTING    LR 90 DEGREE ELBOW            2           NAN    NAN   
23  FITTING    LR 90 DEGREE ELBOW            6           NAN    NAN   
24  FITTING    LR 90 DEGREE ELBOW            6           NAN    NAN   

      MATERIAL_NAME MATERIAL_SPECIFICATION MATERIAL_GRADE  ...  \
0       CHROME MOLY                   WP11            NAN  ...   
1   STAINLESS STEEL                   A403            WPW  ...   
2      CARBON STEEL                   WPL6            NAN  ...   
3      CARBON STEEL                   WPL6            NAN  ...   
4      CARBON STEEL                   WPL6            NAN  ...   
5   STAINLESS STEEL                   A403            WPW  ...   
6      CARBON STEEL                   WPL6            NAN  ...   
7      CARBON STEEL                   WPL6            NAN  ...   
8      CARBON STEEL                   WPL6            NAN  ...   
9      CARBON STEEL                   WPL6            NAN  ...   
10     CARBON STEEL                   WPL6            NAN  ...   
11     CARBON STEEL                   WPL6            NAN  ...   
12     CARBON STEEL                   WPL6            NAN  ...   
13     CARBON STEEL                   WPL6            NAN  ...   
14     CARBON STEEL                   WPL6            NAN  ...   
15     CARBON STEEL                   WPL6            NAN  ...   
16     CARBON STEEL                    NAN            NAN  ...   
17     CARBON STEEL                   WPL6            NAN  ...   
18     CARBON STEEL                   WPL6            NAN  ...   
19  STAINLESS STEEL                   A403            WPW  ...   
20  STAINLESS STEEL                   A403            WPW  ...   
21     CARBON STEEL                   WPL6            NAN  ...   
22     CARBON STEEL                   WPL6            NAN  ...   
23     CARBON STEEL                    NAN            NAN  ...   
24  STAINLESS STEEL                   A403            WPW  ...   

   PRIMARY_SCHEDULE REDUCING_SCHEDULE MANUFACTURING_PROCESS END_FINISH  \
0                80               NAN              SEAMLESS        NAN   
1                80               NAN                   NAN        NAN   
2               160               NAN                   NAN       WELD   
3               STD               NAN                   NAN         BW   
4               STD               NAN                WELDED        NAN   
5                80               NAN                   NAN        NAN   
6               160               NAN                  WELD        NAN   
7               STD               NAN                   NAN        NAN   
8               STD               NAN                   NAN        NAN   
9          STANDARD               NAN                WELDED        NAN   
10         STANDARD               NAN                  WELD        NAN   
11              160               NAN                   NAN        NAN   
12              160               NAN                   NAN        NAN   
13              160               NAN                  WELD        NAN   
14              160               NAN                   NAN       WELD   
15              160               NAN                   NAN       WELD   
16              120               NAN                  WELD        NAN   
17               XH               NAN                  WELD        NAN   
18               XH               NAN                  WELD        NAN   
19               40               NAN                   NAN        NAN   
20               40               NAN                   NAN        NAN   
21              STD               NAN                WELDED        NAN   
22              STD               NAN                   NAN         BW   
23              STD               NAN                   NAN         BW   
24               40               NAN                   NAN        NAN   

   END_CONNECTIONS TRIM MISCELLANEOUS CONFIDENCE     id     score  
0              NAN  NAN           NAN       0.90  43101  0.804739  
1              NAN  NAN           NAN       0.95  36701  0.802076  
2               BW  NAN           NAN       0.95  24489  0.798295  
3              NAN  NAN           NAN       0.90  24916  0.798186  
4              NAN  NAN           NAN       0.90  24915  0.798186  
5              NAN  NAN           NAN       0.95  37081  0.797079  
6              NAN  NAN           NAN       0.90  24914  0.793691  
7               BW  NAN           NAN       0.90  24619  0.792759  
8               BW  NAN           NAN       0.90  24620  0.792759  
9              NAN  NAN   LONG RADIUS       0.90  43107  0.791675  
10             NAN  NAN           NAN       0.90  43108  0.791675  
11             NAN  NAN           NAN       0.95  24517  0.790013  
12             NAN  NAN           NAN       0.90  24516  0.790013  
13       BUTT WELD  NAN           NAN       0.90  43105  0.788552  
14              BW  NAN           NAN       0.90  24617  0.786291  
15              BW  NAN           NAN       0.95  24618  0.786291  
16             NAN  NAN           NAN       0.80  25016  0.784420  
17             NAN  NAN           NAN       0.90  24913  0.784149  
18             NAN  NAN           NAN       0.90  24912  0.784149  
19             NAN  NAN           NAN       0.95  40029  0.782031  
20             NAN  NAN           NAN       0.95  40030  0.782031  
21             NAN  NAN           NAN       0.90  24764  0.780067  
22             NAN  NAN           NAN       0.90  24765  0.780067  
23             NAN  NAN           NAN       0.80  24911  0.779300  
24             NAN  NAN           NAN       0.95  37071  0.778639  

[25 rows x 21 columns]",138,TERRIBLE
93,"8 45 DEGREE LONG RADIUS ELBOW , ASME B16.9 , BEVELED END , ASTM A234 GRADE WPB , TYPE S S-80",8 CARBON STEEL SCHEDULE XH WELD 45 ELBOW,True,93,195,5.948256700000002,"       ID                                                      DESCRIPTION  \
0   34239              8 STAINLESS STEEL SCHEDULE 80 304L 45 ELBOW A403WPW   
1   43176  8 STAINLESS STEEL SCHEDULE 40 304L LONG RADIUS 90 ELBOW A403WPW   
2   37113           8 STAINLESS STEEL SCHEDULE 80 304L LR 90 ELBOW A403WPW   
3   43171  8 STAINLESS STEEL SCHEDULE 10 316L LONG RADIUS 45 ELBOW A403WPW   
4   24937                    8 CARBON STEEL S120 LONG RADIUS 90 WELD ELBOW   
5   24945            8 CARBON STEEL WPL6 STANDARD WLD LONG RADIUS 90 ELBOW   
6   24944            8 CARBON STEEL WPL6 STANDARD WLD LONG RADIUS 90 ELBOW   
7   40042           8 STAINLESS STEEL SCHEDULE 40 304L SR 90 ELBOW A403WPW   
8   40041           8 STAINLESS STEEL SCHEDULE 40 304L SR 90 ELBOW A403WPW   
9   37103           8 STAINLESS STEEL SCHEDULE 40 304L LR 90 ELBOW A403WPW   
10  37104           8 STAINLESS STEEL SCHEDULE 40 304L LR 90 ELBOW A403WPW   
11  36709           8 STAINLESS STEEL SCHEDULE 40 304L LR 45 ELBOW A403WPW   
12  36708           8 STAINLESS STEEL SCHEDULE 40 304L LR 45 ELBOW A403WPW   
13  24943        8 CARBON STEEL WPL6 SCHEDULE 160 WLD LONG RADIUS 90 ELBOW   
14  43178           8 CARBON STEEL WPL6 STANDARD WELD LONG RADIUS 90 ELBOW   
15  43179           8 CARBON STEEL WPL6 STANDARD WELD LONG RADIUS 90 ELBOW   
16  24941                 8 CARBON STEEL STANDARD WLD LONG RADIUS 90 ELBOW   
17  40044          8 STAINLESS STEEL SCHEDULE 40 316 L SR 90 ELBOW A403WPW   
18  40036           8 STAINLESS STEEL SCHEDULE 10 304L SR 90 ELBOW A403WPW   
19  40035            8 STAINLESS STEEL SCHEDULE 10 304L SR 90 ELBOW A403WP   
20  36703           8 STAINLESS STEEL SCHEDULE 10 304L LR 45 ELBOW A403WPW   
21  36704           8 STAINLESS STEEL SCHEDULE 10 304L LR 45 ELBOW A403WPW   
22  36705           8 STAINLESS STEEL SCHEDULE 10 304L LR 45 ELBOW A403WPW   
23  43311                8 CARBON STEEL STANDARD WELD LONG RADIUS 90 ELBOW   
24  43199                8 CARBON STEEL STANDARD WELD LONG RADIUS 90 ELBOW   

   CATEGORY                  TYPE PRIMARY_SIZE REDUCING_SIZE LENGTH  \
0   FITTING       45 DEGREE ELBOW            8           NAN    NAN   
1   FITTING  LONG RADIUS 90 ELBOW          8.0           NAN    NAN   
2   FITTING    LR 90 DEGREE ELBOW            8           NAN    NAN   
3   FITTING  LONG RADIUS 45 ELBOW          8.0           NAN    NAN   
4   FITTING    LR 90 DEGREE ELBOW            8           NAN    NAN   
5   FITTING    LR 90 DEGREE ELBOW            8           NAN    NAN   
6   FITTING    LR 90 DEGREE ELBOW            8           NAN    NAN   
7   FITTING    SR 90 DEGREE ELBOW            8           NAN    NAN   
8   FITTING    SR 90 DEGREE ELBOW            8           NAN    NAN   
9   FITTING    LR 90 DEGREE ELBOW            8           NAN    NAN   
10  FITTING    LR 90 DEGREE ELBOW            8           NAN    NAN   
11  FITTING    LR 45 DEGREE ELBOW            8           NAN    NAN   
12  FITTING    LR 45 DEGREE ELBOW            8           NAN    NAN   
13  FITTING    LR 90 DEGREE ELBOW            8           NAN    NAN   
14  FITTING  LONG RADIUS 90 ELBOW          8.0           NAN    NAN   
15  FITTING  LONG RADIUS 90 ELBOW          8.0           NAN    NAN   
16  FITTING    LR 90 DEGREE ELBOW            8           NAN    NAN   
17  FITTING    SR 90 DEGREE ELBOW            8           NAN    NAN   
18  FITTING    SR 90 DEGREE ELBOW            8           NAN    NAN   
19  FITTING    SR 90 DEGREE ELBOW            8           NAN    NAN   
20  FITTING    LR 45 DEGREE ELBOW            8           NAN    NAN   
21  FITTING    LR 45 DEGREE ELBOW            8           NAN    NAN   
22  FITTING    LR 45 DEGREE ELBOW            8           NAN    NAN   
23  FITTING  LONG RADIUS 90 ELBOW          8.0           NAN    NAN   
24  FITTING  LONG RADIUS 90 ELBOW          8.0           NAN    NAN   

      MATERIAL_NAME MATERIAL_SPECIFICATION MATERIAL_GRADE  ...  \
0   STAINLESS STEEL                   A403            WPW  ...   
1   STAINLESS STEEL                   A403            WPW  ...   
2   STAINLESS STEEL                   A403            WPW  ...   
3   STAINLESS STEEL                   A403        WPW316L  ...   
4      CARBON STEEL                    NAN            NAN  ...   
5      CARBON STEEL                   WPL6            NAN  ...   
6      CARBON STEEL                   WPL6            NAN  ...   
7   STAINLESS STEEL                   A403            WPW  ...   
8   STAINLESS STEEL                   A403            WPW  ...   
9   STAINLESS STEEL                   A403            WPW  ...   
10  STAINLESS STEEL                   A403            WPW  ...   
11  STAINLESS STEEL                   A403            WPW  ...   
12  STAINLESS STEEL                   A403            WPW  ...   
13     CARBON STEEL                   WPL6            NAN  ...   
14     CARBON STEEL                    NAN           WPL6  ...   
15     CARBON STEEL                   WPL6            NAN  ...   
16     CARBON STEEL                    NAN            NAN  ...   
17  STAINLESS STEEL                   A403            WPW  ...   
18  STAINLESS STEEL                   A403            WPW  ...   
19  STAINLESS STEEL                   A403             WP  ...   
20  STAINLESS STEEL                   A403            WPW  ...   
21  STAINLESS STEEL                   A403            WPW  ...   
22  STAINLESS STEEL                   A403         WP304L  ...   
23     CARBON STEEL                    NAN            NAN  ...   
24     CARBON STEEL                    NAN            NAN  ...   

   PRIMARY_SCHEDULE REDUCING_SCHEDULE MANUFACTURING_PROCESS END_FINISH  \
0                80               NAN                   NAN        NAN   
1                40               NAN                   NAN        NAN   
2                80               NAN                   NAN        NAN   
3                10               NAN                   NAN        NAN   
4               120               NAN                   NAN        NAN   
5               STD               NAN                   NAN         BW   
6               STD               NAN                   NAN         BW   
7                40               NAN                   NAN        NAN   
8                40               NAN                   NAN        NAN   
9                40               NAN                   NAN        NAN   
10               40               NAN                   NAN        NAN   
11               40               NAN                   NAN        NAN   
12               40               NAN                   NAN        NAN   
13              160               NAN                   NAN       WELD   
14         STANDARD               NAN                  WELD        NAN   
15         STANDARD               NAN                WELDED        NAN   
16              STD               NAN                WELDED        NAN   
17               40               NAN                   NAN        NAN   
18               10               NAN                   NAN        NAN   
19               10               NAN                   NAN        NAN   
20               10               NAN                   NAN        NAN   
21               10               NAN                   NAN        NAN   
22               10               NAN                   NAN        NAN   
23         STANDARD               NAN                   NAN        NAN   
24         STANDARD               NAN                   NAN        NAN   

   END_CONNECTIONS TRIM MISCELLANEOUS CONFIDENCE     id     score  
0              NAN  NAN           NAN       0.95  34239  0.821267  
1              NAN  NAN           NAN       0.90  43176  0.820639  
2              NAN  NAN           NAN       0.95  37113  0.814563  
3              NAN  NAN           NAN       0.90  43171  0.810904  
4              NAN  NAN           NAN       0.80  24937  0.807596  
5              NAN  NAN   LONG RADIUS       0.90  24945  0.800708  
6              NAN  NAN           NAN       0.90  24944  0.800708  
7              NAN  NAN           NAN       0.95  40042  0.800593  
8              NAN  NAN           NAN       0.95  40041  0.800593  
9              NAN  NAN           NAN       0.95  37103  0.799140  
10             NAN  NAN           NAN       0.95  37104  0.799140  
11             NAN  NAN           NAN       0.90  36709  0.798334  
12             NAN  NAN           NAN       0.95  36708  0.798334  
13             NAN  NAN           NAN       0.90  24943  0.796498  
14             NAN  NAN           NAN       0.80  43178  0.795557  
15       BUTT WELD  NAN           NAN       0.90  43179  0.795557  
16             NAN  NAN           NAN       0.80  24941  0.794568  
17             NAN  NAN           NAN       0.95  40044  0.791781  
18             NAN  NAN           NAN       0.95  40036  0.789892  
19             NAN  NAN           NAN       0.95  40035  0.787897  
20             NAN  NAN           NAN       0.95  36703  0.787482  
21             NAN  NAN           NAN       0.95  36704  0.787482  
22             NAN  NAN           NAN       0.95  36705  0.787482  
23       BUTT WELD  NAN           NAN       0.80  43311  0.787386  
24       BUTT WELD  NAN           NAN       0.80  43199  0.787386  

[25 rows x 21 columns]",109,TERRIBLE
94,"FLANGE:RF WN,2IN,150LB,XH,A-105B",2 CARBON STEEL 150 SCHEDULE XH RAISED FACE WELD NECK A105N,True,94,54,4.354503000000022,"       ID                                                         DESCRIPTION  \
0   11596                          2 STAINLESS STEEL 304L 150 XH RF WN FLANGE   
1   12355                      2-0.5 STAINLESS STEEL 304L 150 XH RF WN FLANGE   
2    9165                           2-0.5 A20 150 STANDARD RF WELDNECK FLANGE   
3    9884                               2 A20 150 STANDARD RF WELDNECK FLANGE   
4   11608                         2 STAINLESS STEEL 316 L 150 XH RF WN FLANGE   
5   11494                    2 STAINLESS STEEL 304L 150 STANDARD RF WN FLANGE   
6   11508                          1 STAINLESS STEEL 304L 150 XH RF WN FLANGE   
7   11529                         10 STAINLESS STEEL 304L 150 XH RF WN FLANGE   
8   12310                         20 STAINLESS STEEL 304L 150 XH RF WN FLANGE   
9   11622                     2-0.5 STAINLESS STEEL 316 L 150 XH RF WN FLANGE   
10  11591                         2 STAINLESS STEEL 304L 150 S10 RF WN FLANGE   
11  12926                         2 STAINLESS STEEL 304L 1500 XH RF WN FLANGE   
12  12927                         2 STAINLESS STEEL 304L 1500 XH RF WN FLANGE   
13  12311                2-0.5 STAINLESS STEEL 304L 150 STANDARD RF WN FLANGE   
14  12262                     1-0.25 STAINLESS STEEL 304L 150 XH RF WN FLANGE   
15   8469                            2 A20 150 SCHEDULE 10 RF WELDNECK FLANGE   
16  11592                        2 STAINLESS STEEL 304L 150 S160 RF WN FLANGE   
17   9936                               1 A20 150 STANDARD RF WELDNECK FLANGE   
18  11282                            2 STAINLESS STEEL 304L 150 RF LWN FLANGE   
19   8468                            2 A20 150 EXTRA HEAVY RF WELDNECK FLANGE   
20  11540                      1-0.5 STAINLESS STEEL 304L 150 XH RF WN FLANGE   
21  11605                   2 STAINLESS STEEL 316 L 150 STANDARD RF WN FLANGE   
22  42894      2 CARBON STEEL 150 STANDARD RAISED FACE WELD NECK FLANGE A105N   
23  43364  2 CARBON STEEL 150 SCHEDULE XH RAISED FACE SOCKETWELD FLANGE A105N   
24   9452                       2 INCY 825 150 EXTRA HEAVY RF WELDNECK FLANGE   

   CATEGORY                               TYPE PRIMARY_SIZE REDUCING_SIZE  \
0    FLANGE       RAISED FACE WELD NECK FLANGE            2           NAN   
1    FLANGE                          WELD NECK          2.5           NAN   
2    FLANGE              RAISED FACE WELD NECK          2.5           NAN   
3    FLANGE       RAISED FACE WELD NECK FLANGE            2           NAN   
4    FLANGE       RAISED FACE WELD NECK FLANGE            2           NAN   
5    FLANGE              RAISED FACE WELD NECK            2           NAN   
6    FLANGE       RAISED FACE WELD NECK FLANGE            1           NAN   
7    FLANGE       RAISED FACE WELD NECK FLANGE           10           NAN   
8    FLANGE                   WELD NECK FLANGE           20           NAN   
9    FLANGE       RAISED FACE WELD NECK FLANGE          2.5           NAN   
10   FLANGE       RAISED FACE WELD NECK FLANGE            2           NAN   
11   FLANGE       RAISED FACE WELD NECK FLANGE            2           NAN   
12   FLANGE       RAISED FACE WELD NECK FLANGE            2           NAN   
13   FLANGE                   WELD NECK FLANGE          2.5           NAN   
14   FLANGE                          WELD NECK         1.25           NAN   
15   FLANGE       RAISED FACE WELD NECK FLANGE            2           NAN   
16   FLANGE       RAISED FACE WELD NECK FLANGE            2           NAN   
17   FLANGE                          WELD NECK            1           NAN   
18   FLANGE  RAISED FACE LONG WELD NECK FLANGE            2           NAN   
19   FLANGE       RAISED FACE WELD NECK FLANGE            2           NAN   
20   FLANGE       RAISED FACE WELD NECK FLANGE          1.5           NAN   
21   FLANGE       RAISED FACE WELD NECK FLANGE            2           NAN   
22   FLANGE                          WELD NECK          2.0           NAN   
23   FLANGE                        SOCKET WELD          2.0           NAN   
24   FLANGE       RAISED FACE WELD NECK FLANGE            2           NAN   

   LENGTH    MATERIAL_NAME MATERIAL_SPECIFICATION MATERIAL_GRADE  ...  \
0     NAN  STAINLESS STEEL                   304L            NAN  ...   
1     NAN  STAINLESS STEEL                   304L            NAN  ...   
2     NAN     CARBON STEEL                    A20            NAN  ...   
3     NAN              NAN                    A20            NAN  ...   
4     NAN  STAINLESS STEEL                   316L            NAN  ...   
5     NAN  STAINLESS STEEL                   304L            NAN  ...   
6     NAN  STAINLESS STEEL                   304L            NAN  ...   
7     NAN  STAINLESS STEEL                   304L            NAN  ...   
8     NAN  STAINLESS STEEL                   304L            NAN  ...   
9     NAN  STAINLESS STEEL                    NAN           316L  ...   
10    NAN  STAINLESS STEEL                   304L            NAN  ...   
11    NAN  STAINLESS STEEL                   304L            NAN  ...   
12    NAN  STAINLESS STEEL                   304L            NAN  ...   
13    NAN  STAINLESS STEEL                    NAN           304L  ...   
14    NAN  STAINLESS STEEL                   304L            NAN  ...   
15    NAN     CARBON STEEL                    A20            NAN  ...   
16    NAN  STAINLESS STEEL                   304L            NAN  ...   
17    NAN              NAN                    A20            NAN  ...   
18    NAN  STAINLESS STEEL                   304L            NAN  ...   
19    NAN     CARBON STEEL                    A20            NAN  ...   
20    NAN  STAINLESS STEEL                   304L            NAN  ...   
21    NAN  STAINLESS STEEL                   316L            NAN  ...   
22    NAN     CARBON STEEL                   A105              N  ...   
23    NAN     CARBON STEEL                   A105              N  ...   
24    NAN          INCONEL                    825            NAN  ...   

   PRIMARY_SCHEDULE REDUCING_SCHEDULE MANUFACTURING_PROCESS   END_FINISH  \
0                XH               NAN                   NAN          NAN   
1                XH               NAN                   NAN  RAISED FACE   
2               STD               NAN                   NAN          NAN   
3               STD               NAN                   NAN          NAN   
4                XH               NAN                   NAN  RAISED FACE   
5               STD               NAN                   NAN          NAN   
6                XH               NAN                   NAN  RAISED FACE   
7                XH               NAN                   NAN  RAISED FACE   
8                XH               NAN                   NAN          NAN   
9                XH               NAN                   NAN          NAN   
10               10               NAN                   NAN          NAN   
11               XH               NAN                   NAN          NAN   
12               XH               NAN                   NAN          NAN   
13              STD               NAN                   NAN          NAN   
14               XH               NAN                   NAN  RAISED FACE   
15               10               NAN                   NAN          NAN   
16              160               NAN                   NAN          NAN   
17              NAN               NAN                   NAN          NAN   
18              NAN               NAN                   NAN  RAISED FACE   
19               XH               NAN                   NAN          NAN   
20               XH               NAN                   NAN  RAISED FACE   
21              STD               NAN                   NAN           RF   
22         STANDARD               NAN                   NAN  RAISED FACE   
23               XH               NAN                   NAN  RAISED FACE   
24               XH               NAN                   NAN          NAN   

   END_CONNECTIONS TRIM MISCELLANEOUS CONFIDENCE     id     score  
0              NAN  NAN           NAN       0.95  11596  0.837174  
1              NAN  NAN           NAN       0.95  12355  0.824777  
2              NAN  NAN           NAN       0.90   9165  0.811433  
3              NAN  NAN           NAN       0.90   9884  0.808941  
4              NAN  NAN           NAN       0.95  11608  0.807681  
5              NAN  NAN           NAN       0.95  11494  0.807106  
6              NAN  NAN           NAN       0.95  11508  0.806929  
7              NAN  NAN           NAN       0.95  11529  0.803922  
8              NAN  NAN   RAISED FACE       0.95  12310  0.802846  
9              NAN  NAN           NAN       0.90  11622  0.802395  
10             NAN  NAN           NAN       1.00  11591  0.801252  
11             NAN  NAN           NAN       0.95  12926  0.800521  
12             NAN  NAN           NAN       0.95  12927  0.800521  
13             NAN  NAN   RAISED FACE       0.95  12311  0.798513  
14             NAN  NAN           NAN       0.95  12262  0.795241  
15             NAN  NAN           NAN       0.90   8469  0.794925  
16             NAN  NAN           NAN       0.95  11592  0.791503  
17             NAN  NAN   RAISED FACE       0.80   9936  0.790061  
18             NAN  NAN          LONG       0.95  11282  0.787875  
19             NAN  NAN           NAN       0.90   8468  0.787762  
20             NAN  NAN           NAN       0.95  11540  0.785559  
21             NAN  NAN           NAN       0.95  11605  0.784393  
22             NAN  NAN           NAN       1.00  42894  0.782403  
23     SOCKET WELD  NAN           NAN       0.90  43364  0.780466  
24             NAN  NAN           NAN       0.95   9452  0.777729  

[25 rows x 21 columns]",562,THE WORST
95,"FLANGE:RF WN,2IN,300LB,XH,A105B",2 CARBON STEEL 300 SCHEDULE XH RAISED FACE WELD NECK A105N,True,95,35,4.557436299999836,"       ID                                       DESCRIPTION CATEGORY  \
0   15800        2 STAINLESS STEEL 304L 300 XH RF WN FLANGE   FLANGE   
1    3305           2-0.5 CS 300 XH RF WELDNECK FLANGE LRES   FLANGE   
2   15491        1 STAINLESS STEEL 304L 300 XH RF WN FLANGE   FLANGE   
3   11596        2 STAINLESS STEEL 304L 150 XH RF WN FLANGE   FLANGE   
4   15482   2 STAINLESS STEEL 304L 300 XH RF WN ORFC FLANGE   FLANGE   
5   15084             2 A20 300 STANDARD RF WELDNECK FLANGE   FLANGE   
6   12355    2-0.5 STAINLESS STEEL 304L 150 XH RF WN FLANGE   FLANGE   
7   15547       2 STAINLESS STEEL 304L 300 S10 RF WN FLANGE   FLANGE   
8   15840  2 STAINLESS STEEL 304L 300 STANDARD RF WN FLANGE   FLANGE   
9   19682        2 STAINLESS STEEL 304L 600 XH RF WN FLANGE   FLANGE   
10  19681        2 STAINLESS STEEL 304L 600 XH RF WN FLANGE   FLANGE   
11  15085      2-0.5 A20 300 EXTRA HEAVY RF WELDNECK FLANGE   FLANGE   
12  15806   2-0.5 STAINLESS STEEL 304L 300 S10 RF WN FLANGE   FLANGE   
13  15563       2 STAINLESS STEEL 316 L 300 XH RF WN FLANGE   FLANGE   
14  15079             1 A20 300 STANDARD RF WELDNECK FLANGE   FLANGE   
15  14463          2 A20 300 EXTRA HEAVY RF WELDNECK FLANGE   FLANGE   
16  11529       10 STAINLESS STEEL 304L 150 XH RF WN FLANGE   FLANGE   
17   3865   2-0.5 STAINLESS STEEL 316 L 300 XH RF WN FLANGE   FLANGE   
18  11508        1 STAINLESS STEEL 304L 150 XH RF WN FLANGE   FLANGE   
19  14968    2-0.5 INCY 825 300 STANDARD RF WELDNECK FLANGE   FLANGE   
20  15608        4 STAINLESS STEEL 304L 300 XH RF WN FLANGE   FLANGE   
21   3190     2 INCL 600 300 EXTRA HEAVY RF WELDNECK FLANGE   FLANGE   
22  14966        2 INCY 825 300 STANDARD RF WELDNECK FLANGE   FLANGE   
23  11591       2 STAINLESS STEEL 304L 150 S10 RF WN FLANGE   FLANGE   
24  15530       12 STAINLESS STEEL 304L 300 XH RF WN FLANGE   FLANGE   

                            TYPE PRIMARY_SIZE REDUCING_SIZE LENGTH  \
0               WELD NECK FLANGE            2           NAN    NAN   
1               WELD NECK FLANGE          2.5           NAN    NAN   
2   RAISED FACE WELD NECK FLANGE            1           NAN    NAN   
3   RAISED FACE WELD NECK FLANGE            2           NAN    NAN   
4          RAISED FACE WELD NECK            2           NAN    NAN   
5                      WELD NECK            2           NAN    NAN   
6                      WELD NECK          2.5           NAN    NAN   
7   RAISED FACE WELD NECK FLANGE            2           NAN    NAN   
8                      WELD NECK            2           NAN    NAN   
9   RAISED FACE WELD NECK FLANGE            2           NAN    NAN   
10  RAISED FACE WELD NECK FLANGE            2           NAN    NAN   
11                     WELD NECK          2.5           NAN    NAN   
12              WELD NECK FLANGE          2.5           NAN    NAN   
13  RAISED FACE WELD NECK FLANGE            2           NAN    NAN   
14                     WELD NECK            1           NAN    NAN   
15  RAISED FACE WELD NECK FLANGE            2           NAN    NAN   
16  RAISED FACE WELD NECK FLANGE           10           NAN    NAN   
17  RAISED FACE WELD NECK FLANGE          2.5           NAN    NAN   
18  RAISED FACE WELD NECK FLANGE            1           NAN    NAN   
19                     WELD NECK          2.5           NAN    NAN   
20  RAISED FACE WELD NECK FLANGE            4           NAN    NAN   
21  RAISED FACE WELD NECK FLANGE            2           NAN    NAN   
22                     WELD NECK            2           NAN    NAN   
23  RAISED FACE WELD NECK FLANGE            2           NAN    NAN   
24  RAISED FACE WELD NECK FLANGE           12           NAN    NAN   

      MATERIAL_NAME MATERIAL_SPECIFICATION MATERIAL_GRADE  ...  \
0   STAINLESS STEEL                   304L            NAN  ...   
1      CARBON STEEL                    NAN            NAN  ...   
2   STAINLESS STEEL                   304L            NAN  ...   
3   STAINLESS STEEL                   304L            NAN  ...   
4   STAINLESS STEEL                   304L            NAN  ...   
5               NAN                    A20            NAN  ...   
6   STAINLESS STEEL                   304L            NAN  ...   
7   STAINLESS STEEL                   304L            NAN  ...   
8   STAINLESS STEEL                   304L            NAN  ...   
9   STAINLESS STEEL                   304L            NAN  ...   
10  STAINLESS STEEL                   304L            NAN  ...   
11              NAN                    A20            NAN  ...   
12  STAINLESS STEEL                   304L            NAN  ...   
13  STAINLESS STEEL                    NAN           316L  ...   
14              NAN                    A20            NAN  ...   
15     CARBON STEEL                    A20            NAN  ...   
16  STAINLESS STEEL                   304L            NAN  ...   
17  STAINLESS STEEL                    NAN           316L  ...   
18  STAINLESS STEEL                   304L            NAN  ...   
19      INCONEL 825                    NAN            NAN  ...   
20  STAINLESS STEEL                   304L            NAN  ...   
21     CARBON STEEL                    NAN            NAN  ...   
22          INCONEL                    825            NAN  ...   
23  STAINLESS STEEL                   304L            NAN  ...   
24  STAINLESS STEEL                   304L            NAN  ...   

   PRIMARY_SCHEDULE REDUCING_SCHEDULE MANUFACTURING_PROCESS   END_FINISH  \
0                XH               NAN                   NAN  RAISED FACE   
1                XH               NAN                   NAN          NAN   
2                XH               NAN                   NAN  RAISED FACE   
3                XH               NAN                   NAN          NAN   
4                XH               NAN                   NAN  RAISED FACE   
5               STD               NAN                   NAN          NAN   
6                XH               NAN                   NAN  RAISED FACE   
7                10               NAN                   NAN  RAISED FACE   
8               STD               NAN                   NAN  RAISED FACE   
9                XH               NAN                   NAN           RF   
10               XH               NAN                   NAN          NAN   
11               XH               NAN                   NAN  RAISED FACE   
12               10               NAN                   NAN  RAISED FACE   
13               XH               NAN                   NAN          NAN   
14              NAN               NAN                   NAN  RAISED FACE   
15               XH               NAN                   NAN          NAN   
16               XH               NAN                   NAN  RAISED FACE   
17               XH               NAN                   NAN          NAN   
18               XH               NAN                   NAN  RAISED FACE   
19              STD               NAN                   NAN          NAN   
20               XH               NAN                   NAN  RAISED FACE   
21               XH               NAN                   NAN          NAN   
22              STD               NAN                   NAN          NAN   
23               10               NAN                   NAN          NAN   
24               XH               NAN                   NAN  RAISED FACE   

   END_CONNECTIONS TRIM MISCELLANEOUS CONFIDENCE     id     score  
0              NAN  NAN           NAN       0.95  15800  0.822853  
1              NAN  NAN  LOW RESIDUAL       0.90   3305  0.802860  
2              NAN  NAN           NAN       0.95  15491  0.802654  
3              NAN  NAN           NAN       0.95  11596  0.797346  
4              NAN  NAN          ORFC       0.90  15482  0.796705  
5              NAN  NAN   RAISED FACE       0.90  15084  0.794663  
6              NAN  NAN           NAN       0.95  12355  0.792469  
7              NAN  NAN           NAN       0.95  15547  0.790694  
8              NAN  NAN           NAN       0.95  15840  0.788897  
9              NAN  NAN           NAN       0.95  19682  0.788275  
10             NAN  NAN           NAN       0.95  19681  0.788275  
11             NAN  NAN           NAN       0.90  15085  0.788150  
12             NAN  NAN           NAN       0.95  15806  0.786216  
13             NAN  NAN           NAN       0.90  15563  0.783448  
14             NAN  NAN      STANDARD       0.90  15079  0.780980  
15             NAN  NAN           NAN       0.90  14463  0.779615  
16             NAN  NAN           NAN       0.95  11529  0.777944  
17             NAN  NAN           NAN       0.95   3865  0.777541  
18             NAN  NAN           NAN       0.95  11508  0.777525  
19             NAN  NAN   RAISED FACE       0.90  14968  0.775209  
20             NAN  NAN           NAN       0.95  15608  0.773779  
21             NAN  NAN           NAN       0.80   3190  0.773087  
22             NAN  NAN   RAISED FACE       0.90  14966  0.771748  
23             NAN  NAN           NAN       1.00  11591  0.768709  
24             NAN  NAN           NAN       0.95  15530  0.768553  

[25 rows x 21 columns]",355,THE WORST
96,"FLG,6,150,STD,RFWN,A105B",6 CARBON STEEL 150 STANDARD RAISED FACE WELD NECK FLANGE A105N,True,96,594,4.407706899999994,"       ID                           DESCRIPTION CATEGORY  \
0    1714          6 150 HFN STD RF WN LRES FLG   FLANGE   
1    9937          3 150 HFN STD RF WN LRES FLG   FLANGE   
2     970                1 CS 150 STD RF WN FLG   FLANGE   
3    9939          4 150 HFN STD RF WN LRES FLG   FLANGE   
4    9943          2 150 HFN STD RF WN LRES FLG   FLANGE   
5    4475      1-0.5 600 HFN STD RF WN LRES FLG   FLANGE   
6    8786                6 CS 150 STD RF SW FLG   FLANGE   
7    9886           6 150 HFN XH RF WN LRES FLG   FLANGE   
8    9940          8 150 HFN STD RF WN LRES FLG   FLANGE   
9    8428            1-0.5 CS 150 STD RF WN FLG   FLANGE   
10  19437          6 600 HFN STD RF WN LRES FLG   FLANGE   
11   8998              0.5 CS 150 STD RF WN FLG   FLANGE   
12   9091                5 CS 150 STD RF WN FLG   FLANGE   
13   8184                1 CS 150 STD RF SW FLG   FLANGE   
14   9097                 6 CS 150 RF 9 LWN FLG   FLANGE   
15   3748          6 300 HFN STD RF WN LRES FLG   FLANGE   
16  14389         10 300 HFN STD RF WN LRES FLG   FLANGE   
17   9098                6 CS 150 STD FF WN FLG   FLANGE   
18  19438          1 600 HFN STD RF WN LRES FLG   FLANGE   
19  19296                1 CS 600 STD RF WN FLG   FLANGE   
20   9240             6 150 FLG DI RP PFA LB LL    VALVE   
21   8196          3 CS 150 STD RF SW FLG A105N   FLANGE   
22   4474  1-0.5 600 HFN S160 RF WN LRES FLG *X   FLANGE   
23   8991                 1 CS 150 RF 9 LWN FLG   FLANGE   
24   3777        0.5 300 HFN STD RF WN LRES FLG   FLANGE   

                              TYPE PRIMARY_SIZE REDUCING_SIZE LENGTH  \
0            RAISED FACE WELD NECK            6           NAN    NAN   
1                        WELD NECK            3           NAN    NAN   
2                 WELD NECK FLANGE            1           NAN    NAN   
3                        WELD NECK            4           NAN    NAN   
4                        WELD NECK            2           NAN    NAN   
5                        WELD NECK          1.5           NAN    NAN   
6                SOCKETWELD FLANGE            6           NAN    NAN   
7     RAISED FACE WELD NECK FLANGE            6           NAN    NAN   
8                        WELD NECK            8           NAN    NAN   
9     RAISED FACE WELD NECK FLANGE          1.5           NAN    NAN   
10                       WELD NECK            6           NAN    NAN   
11                WELD NECK FLANGE          0.5           NAN    NAN   
12                WELD NECK FLANGE            5           NAN    NAN   
13  RAISED FACE SOCKET WELD FLANGE            1           NAN    NAN   
14                WELD NECK FLANGE            6           NAN      9   
15    RAISED FACE WELD NECK FLANGE            6           NAN    NAN   
16           RAISED FACE WELD NECK           10           NAN    NAN   
17                WELD NECK FLANGE            6           NAN    NAN   
18                WELD NECK FLANGE            1           NAN    NAN   
19                WELD NECK FLANGE            1           NAN    NAN   
20                            BALL            6           NAN    NAN   
21  RAISED FACE SOCKET WELD FLANGE            3           NAN    NAN   
22                       WELD NECK          1.5           NAN    NAN   
23                WELD NECK FLANGE            1           NAN    NAN   
24                       WELD NECK          0.5           NAN    NAN   

   MATERIAL_NAME MATERIAL_SPECIFICATION MATERIAL_GRADE  ... PRIMARY_SCHEDULE  \
0            NAN                    NAN            NAN  ...              NAN   
1            NAN                    NAN             LR  ...              STD   
2   CARBON STEEL                   A105            NAN  ...              NAN   
3            NAN                    NAN            HFN  ...              STD   
4            NAN                    NAN            NAN  ...              NAN   
5            NAN                    HFN            NAN  ...              NAN   
6   CARBON STEEL                    NAN            NAN  ...              STD   
7            NAN                    NAN   LOW RESIDUAL  ...               XH   
8            NAN                    HFN            NAN  ...              STD   
9   CARBON STEEL                  A105N            NAN  ...              STD   
10           NAN                    HFN   LOW RESIDUAL  ...              NAN   
11  CARBON STEEL                  A105N            NAN  ...              STD   
12  CARBON STEEL                  A105N            NAN  ...              STD   
13  CARBON STEEL                   A105            NAN  ...              NAN   
14  CARBON STEEL                  A105N            NAN  ...              NAN   
15           NAN                    NAN            NAN  ...              NAN   
16  CARBON STEEL                    NAN   LOW RESIDUAL  ...              NAN   
17  CARBON STEEL                  A105N            NAN  ...              STD   
18           NAN                    NAN   LOW RESIDUAL  ...              NAN   
19  CARBON STEEL                   A105            NAN  ...              NAN   
20  DUCTILE IRON                    NAN            NAN  ...              NAN   
21  CARBON STEEL                  A105N            NAN  ...              STD   
22           NAN                    NAN            NAN  ...              160   
23  CARBON STEEL                  A105N            NAN  ...              NAN   
24           NAN                    HFN            NAN  ...              NAN   

   REDUCING_SCHEDULE MANUFACTURING_PROCESS    END_FINISH END_CONNECTIONS TRIM  \
0                NAN                   NAN   RAISED FACE             NAN  NAN   
1                NAN                   NAN           NAN             NAN  NAN   
2                NAN                   NAN           NAN             NAN  NAN   
3                NAN                   NAN           NAN             NAN  NAN   
4                NAN                   NAN   RAISED FACE             NAN  NAN   
5                NAN                   NAN   RAISED FACE             NAN  NAN   
6                NAN                   NAN           NAN              SW  NAN   
7                NAN                   HFN   RAISED FACE             NAN  NAN   
8                NAN                   NAN           NAN             NAN  NAN   
9                NAN                   NAN           NAN             NAN  NAN   
10               NAN                   NAN           NAN             NAN  NAN   
11               NAN                   NAN           NAN             NAN  NAN   
12               NAN                   NAN           NAN             NAN  NAN   
13               NAN                   NAN           NAN              SW  NAN   
14               NAN                   NAN           NAN             NAN  NAN   
15               NAN                   NAN           NAN             NAN  NAN   
16               NAN                   NAN           NAN             NAN  NAN   
17               NAN                   NAN           NAN             NAN  NAN   
18               NAN                   NAN           NAN             NAN  NAN   
19               NAN                   NAN   RAISED FACE             NAN  NAN   
20               NAN                   NAN  REDUCED PORT         FLANGED  PFA   
21               NAN                   NAN           NAN              SW  NAN   
22               NAN                   NAN   RAISED FACE             NAN  NAN   
23               NAN                   NAN   RAISED FACE             NAN  NAN   
24               NAN                   NAN   RAISED FACE             NAN  NAN   

                MISCELLANEOUS CONFIDENCE     id     score  
0                LOW RESIDUAL       0.90   1714  0.823356  
1                         HFN       0.85   9937  0.789204  
2                 RAISED FACE       0.95    970  0.786060  
3                LOW RESIDUAL       0.85   9939  0.784759  
4                LOW RESIDUAL       0.85   9943  0.781614  
5                LOW RESIDUAL       0.90   4475  0.781112  
6                 RAISED FACE       0.90   8786  0.777849  
7                         NAN       0.85   9886  0.777346  
8                LOW RESIDUAL       0.90   9940  0.774383  
9                         NAN       0.95   8428  0.767769  
10                   STANDARD       0.90  19437  0.767632  
11                RAISED FACE       0.95   8998  0.767285  
12                RAISED FACE       0.95   9091  0.766649  
13                        NAN       0.95   8184  0.765180  
14                        NAN       0.95   9097  0.765009  
15  HFN STANDARD LOW RESIDUAL       0.85   3748  0.764516  
16               HFN STANDARD       0.85  14389  0.764153  
17                  FLAT FACE       0.95   9098  0.763486  
18               HFN STANDARD       0.90  19438  0.763135  
19                   STANDARD       0.95  19296  0.762516  
20                        NAN       0.80   9240  0.762478  
21                        NAN       0.95   8196  0.761135  
22           LOW RESIDUAL HFN       0.85   4474  0.760406  
23                     9 LONG       0.95   8991  0.758777  
24               LOW RESIDUAL       0.90   3777  0.755995  

[25 rows x 21 columns]",327,THE WORST
97,"FLANGE:RF WN,3IN,300LB,XH,A105B",3 CARBON STEEL 300 SCHEDULE XH RAISED FACE WELD NECK A105N,True,97,18,4.600258099999792,"       ID                                                 DESCRIPTION  \
0   15800                  2 STAINLESS STEEL 304L 300 XH RF WN FLANGE   
1   11638                  3 STAINLESS STEEL 304L 150 XH RF WN FLANGE   
2   19708                  3 STAINLESS STEEL 304L 600 XH RF WN FLANGE   
3   15844                 3 STAINLESS STEEL 316 L 300 XH RF WN FLANGE   
4   21352                  3 STAINLESS STEEL 304L 900 XH RF WN FLANGE   
5   21353                  3 STAINLESS STEEL 304L 900 XH RF WN FLANGE   
6   15580                 3 STAINLESS STEEL 304L 300 S10 RF WN FLANGE   
7   15810            3 STAINLESS STEEL 304L 300 STANDARD RF WN FLANGE   
8   14502                       3 A20 300 STANDARD RF WELDNECK FLANGE   
9   15864            1 STAINLESS STEEL 304L 300 STANDARD RF WN FLANGE   
10  14873                               4 CS 300 XH RF WN ORFC FLANGE   
11  15067                    3 A20 300 EXTRA HEAVY RF WELDNECK FLANGE   
12   3937                 1 STAINLESS STEEL 304L 300 S10 RF WN FLANGE   
13  12941                 3 STAINLESS STEEL 304L 1500 XH RF WN FLANGE   
14  14965               3 INCY 825 300 EXTRA HEAVY RF WELDNECK FLANGE   
15  11632                 3 STAINLESS STEEL 304L 150 S10 RF WN FLANGE   
16  43341           3 CARBON STEEL 300 RAISED FACE BLIND FLANGE A105N   
17  42979           3 CARBON STEEL 300 RAISED FACE BLIND FLANGE A105N   
18  43401  3 CARBON STEEL 300 SCHEDULE XH RAISED FACE WELD NECK A105N   
19  15813                3 STAINLESS STEEL 316 L 300 S10 RF WN FLANGE   
20  15079                       1 A20 300 STANDARD RF WELDNECK FLANGE   
21  21387                 10 STAINLESS STEEL 304L 900 XH RF WN FLANGE   
22  19705                 3 STAINLESS STEEL 304L 600 S10 RF WN FLANGE   
23   3305                     2-0.5 CS 300 XH RF WELDNECK FLANGE LRES   
24  11645                 3 STAINLESS STEEL 316 L 150 XH RF WN FLANGE   

   CATEGORY                          TYPE PRIMARY_SIZE REDUCING_SIZE LENGTH  \
0    FLANGE              WELD NECK FLANGE            2           NAN    NAN   
1    FLANGE  RAISED FACE WELD NECK FLANGE            3           NAN    NAN   
2    FLANGE  RAISED FACE WELD NECK FLANGE            3           NAN    NAN   
3    FLANGE                     WELD NECK            3           NAN    NAN   
4    FLANGE  RAISED FACE WELD NECK FLANGE            3           NAN    NAN   
5    FLANGE  RAISED FACE WELD NECK FLANGE            3           NAN    NAN   
6    FLANGE  RAISED FACE WELD NECK FLANGE            3           NAN    NAN   
7    FLANGE              WELD NECK FLANGE            3           NAN    NAN   
8    FLANGE  RAISED FACE WELD NECK FLANGE            3           NAN    NAN   
9    FLANGE                     WELD NECK            1           NAN    NAN   
10   FLANGE              WELD NECK FLANGE            4           NAN    NAN   
11   FLANGE  RAISED FACE WELD NECK FLANGE            3           NAN    NAN   
12   FLANGE                     WELD NECK            1           NAN    NAN   
13   FLANGE  RAISED FACE WELD NECK FLANGE            3           NAN    NAN   
14   FLANGE  RAISED FACE WELD NECK FLANGE            3           NAN    NAN   
15   FLANGE  RAISED FACE WELD NECK FLANGE            3           NAN    NAN   
16   FLANGE                  BLIND FLANGE          3.0           NAN    NAN   
17   FLANGE                         BLIND          3.0           NAN    NAN   
18   FLANGE                     WELD NECK          3.0           NAN    NAN   
19   FLANGE              WELD NECK FLANGE            3           NAN    NAN   
20   FLANGE                     WELD NECK            1           NAN    NAN   
21   FLANGE              WELD NECK FLANGE           10           NAN    NAN   
22   FLANGE  RAISED FACE WELD NECK FLANGE            3           NAN    NAN   
23   FLANGE              WELD NECK FLANGE          2.5           NAN    NAN   
24   FLANGE  RAISED FACE WELD NECK FLANGE            3           NAN    NAN   

      MATERIAL_NAME MATERIAL_SPECIFICATION MATERIAL_GRADE  ...  \
0   STAINLESS STEEL                   304L            NAN  ...   
1   STAINLESS STEEL                   304L            NAN  ...   
2   STAINLESS STEEL                   304L            NAN  ...   
3   STAINLESS STEEL                   316L            NAN  ...   
4   STAINLESS STEEL                   304L            NAN  ...   
5   STAINLESS STEEL                   304L            NAN  ...   
6   STAINLESS STEEL                   304L            NAN  ...   
7   STAINLESS STEEL                   304L            NAN  ...   
8      CARBON STEEL                    A20            NAN  ...   
9   STAINLESS STEEL                   304L            NAN  ...   
10     CARBON STEEL                    NAN            NAN  ...   
11              NAN                    A20            NAN  ...   
12  STAINLESS STEEL                   304L            NAN  ...   
13  STAINLESS STEEL                   304L            NAN  ...   
14          INCONEL                    825            NAN  ...   
15  STAINLESS STEEL                   304L            NAN  ...   
16     CARBON STEEL                   A105              N  ...   
17     CARBON STEEL                   A105              N  ...   
18     CARBON STEEL                   A105              N  ...   
19  STAINLESS STEEL                   316L            NAN  ...   
20              NAN                    A20            NAN  ...   
21  STAINLESS STEEL                   304L            NAN  ...   
22  STAINLESS STEEL                   304L            NAN  ...   
23     CARBON STEEL                    NAN            NAN  ...   
24  STAINLESS STEEL                   316L            NAN  ...   

   PRIMARY_SCHEDULE REDUCING_SCHEDULE MANUFACTURING_PROCESS   END_FINISH  \
0                XH               NAN                   NAN  RAISED FACE   
1                XH               NAN                   NAN  RAISED FACE   
2                XH               NAN                   NAN  RAISED FACE   
3                XH               NAN                   NAN  RAISED FACE   
4                XH               NAN                   NAN  RAISED FACE   
5                XH               NAN                   NAN           RF   
6                10               NAN                   NAN           RF   
7               STD               NAN                   NAN          NAN   
8          STANDARD               NAN                   NAN          NAN   
9               STD               NAN                   NAN           RF   
10               XH               NAN                   NAN  RAISED FACE   
11               XH               NAN                   NAN          NAN   
12               10               NAN                   NAN  RAISED FACE   
13               XH               NAN                   NAN          NAN   
14               XH               NAN                   NAN          NAN   
15               10               NAN                   NAN          NAN   
16              NAN               NAN                   NAN  RAISED FACE   
17              NAN               NAN                   NAN  RAISED FACE   
18               XH               NAN                   NAN  RAISED FACE   
19               10               NAN                   NAN  RAISED FACE   
20              NAN               NAN                   NAN  RAISED FACE   
21               XH               NAN                   NAN  RAISED FACE   
22               10               NAN                   NAN          NAN   
23               XH               NAN                   NAN          NAN   
24               XH               NAN                   NAN          NAN   

   END_CONNECTIONS TRIM MISCELLANEOUS CONFIDENCE     id     score  
0              NAN  NAN           NAN       0.95  15800  0.801173  
1              NAN  NAN           NAN       0.95  11638  0.797951  
2              NAN  NAN           NAN       0.95  19708  0.793868  
3              NAN  NAN           NAN       0.95  15844  0.790380  
4              NAN  NAN           NAN       0.95  21352  0.788394  
5              NAN  NAN           NAN       0.95  21353  0.788394  
6               WN  NAN           NAN       0.95  15580  0.787484  
7              NAN  NAN   RAISED FACE       0.95  15810  0.786626  
8              NAN  NAN           NAN       0.95  14502  0.782387  
9              NAN  NAN           NAN       0.95  15864  0.781092  
10             NAN  NAN          ORFC       0.90  14873  0.779458  
11             NAN  NAN           NAN       0.90  15067  0.777780  
12             NAN  NAN           NAN       0.95   3937  0.777562  
13             NAN  NAN           NAN       0.95  12941  0.768567  
14             NAN  NAN           NAN       0.95  14965  0.767586  
15             NAN  NAN           NAN       1.00  11632  0.765976  
16             NAN  NAN           NAN       1.00  43341  0.765759  
17             NAN  NAN           NAN       1.00  42979  0.765759  
18             NAN  NAN           NAN       0.90  43401  0.765309  
19             NAN  NAN           NAN       0.95  15813  0.764799  
20             NAN  NAN      STANDARD       0.90  15079  0.763151  
21             NAN  NAN           NAN       0.95  21387  0.763056  
22             NAN  NAN           NAN       0.95  19705  0.762931  
23             NAN  NAN  LOW RESIDUAL       0.90   3305  0.761179  
24             NAN  NAN           NAN       0.95  11645  0.760395  

[25 rows x 21 columns]",246,THE WORST
98,"FLG,4,300,STD,RFWN,A105B",4 CARBON STEEL 300 STANDARD RAISED FACE WELD NECK A105N,True,98,1894,4.596664899999951,"       ID                       DESCRIPTION CATEGORY  \
0   15101      4 300 HFN STD RF WN LRES FLG   FLANGE   
1   14389     10 300 HFN STD RF WN LRES FLG   FLANGE   
2    3777    0.5 300 HFN STD RF WN LRES FLG   FLANGE   
3    9939      4 150 HFN STD RF WN LRES FLG   FLANGE   
4    3284       4 CS 300 STD RF WN ORFC FLG   FLANGE   
5    3781  1-0.5 300 HFN STD RF WN LRES FLG   FLANGE   
6   15103       4 300 HFN XH RF WN LRES FLG   FLANGE   
7   19432      4 600 HFN STD RF WN LRES FLG   FLANGE   
8   15094      2 300 HFN STD RF WN LRES FLG   FLANGE   
9    9937      3 150 HFN STD RF WN LRES FLG   FLANGE   
10  15087      1 300 HFN STD RF WN LRES FLG   FLANGE   
11   3780      4 300 HFN XXH RF WN LRES FLG   FLANGE   
12   3785      8 300 HFN STD RF WN LRES FLG   FLANGE   
13   3782     12 300 HFN STD RF WN LRES FLG   FLANGE   
14  14540            4 CS 300 STD RF WN FLG   FLANGE   
15   3779   0.75 300 HFN STD RF WN LRES FLG   FLANGE   
16  15089   0.5 300 HFN S160 RF WN LRES FLG   FLANGE   
17  19435      3 600 HFN STD RF WN LRES FLG   FLANGE   
18  14390      10 300 HFN XH RF WN LRES FLG   FLANGE   
19  15091    0.5 300 HFN XXH RF WN LRES FLG   FLANGE   
20  15090     0.5 300 HFN XH RF WN LRES FLG   FLANGE   
21  15088       1 300 HFN XH RF WN LRES FLG   FLANGE   
22   3298            1 CS 300 STD RF WN FLG   FLANGE   
23   4475  1-0.5 600 HFN STD RF WN LRES FLG   FLANGE   
24  14913       3 CS 300 STD RF WN ORFC FLG   FLANGE   

                            TYPE PRIMARY_SIZE REDUCING_SIZE LENGTH  \
0                      WELD NECK            4           NAN    NAN   
1          RAISED FACE WELD NECK           10           NAN    NAN   
2                      WELD NECK          0.5           NAN    NAN   
3                      WELD NECK            4           NAN    NAN   
4                      WELD NECK            4           NAN    NAN   
5                      WELD NECK          1.5           NAN    NAN   
6               WELD NECK FLANGE            4           NAN    NAN   
7          RAISED FACE WELD NECK            4           NAN    NAN   
8               WELD NECK FLANGE            2           NAN    NAN   
9                      WELD NECK            3           NAN    NAN   
10              WELD NECK FLANGE            1           NAN    NAN   
11                     WELD NECK            4           NAN    NAN   
12                     WELD NECK            8           NAN    NAN   
13                     WELD NECK           12           NAN    NAN   
14  RAISED FACE WELD NECK FLANGE            4           NAN    NAN   
15                     WELD NECK         0.75           NAN    NAN   
16              WELD NECK FLANGE          0.5           NAN    NAN   
17                     WELD NECK            3           NAN    NAN   
18         RAISED FACE WELD NECK           10           NAN    NAN   
19              WELD NECK FLANGE          0.5           NAN    NAN   
20              WELD NECK FLANGE          0.5           NAN    NAN   
21              WELD NECK FLANGE            1           NAN    NAN   
22              WELD NECK FLANGE            1           NAN    NAN   
23                     WELD NECK          1.5           NAN    NAN   
24                     WELD NECK            3           NAN    NAN   

   MATERIAL_NAME MATERIAL_SPECIFICATION MATERIAL_GRADE  ... PRIMARY_SCHEDULE  \
0            NAN                    HFN            NAN  ...              STD   
1   CARBON STEEL                    NAN   LOW RESIDUAL  ...              NAN   
2            NAN                    HFN            NAN  ...              NAN   
3            NAN                    NAN            HFN  ...              STD   
4   CARBON STEEL                  A105N            NAN  ...              NAN   
5            NAN                    NAN   LOW RESIDUAL  ...              NAN   
6            NAN                    HFN            NAN  ...               XH   
7            NAN                    NAN            NAN  ...              NAN   
8            NAN                    HFN            NAN  ...              NAN   
9            NAN                    NAN             LR  ...              STD   
10           NAN                    NAN   LOW RESIDUAL  ...              NAN   
11           NAN                    HFN            NAN  ...              XXH   
12           NAN                    HFN            NAN  ...              NAN   
13           NAN                    NAN   LOW RESIDUAL  ...              STD   
14  CARBON STEEL                  A105N            NAN  ...              STD   
15           NAN                    NAN            HFN  ...              NAN   
16           NAN                    HFN   LOW RESIDUAL  ...              160   
17           NAN                    NAN   LOW RESIDUAL  ...              STD   
18  CARBON STEEL                    NAN   LOW RESIDUAL  ...               XH   
19           NAN                    HFN   LOW RESIDUAL  ...              XXH   
20           NAN                    HFN            NAN  ...               XH   
21           NAN                    NAN   LOW RESIDUAL  ...               XH   
22  CARBON STEEL                   A105            NAN  ...              NAN   
23           NAN                    HFN            NAN  ...              NAN   
24  CARBON STEEL                  A105N            NAN  ...              STD   

   REDUCING_SCHEDULE MANUFACTURING_PROCESS   END_FINISH END_CONNECTIONS TRIM  \
0                NAN                   NAN          NAN             NAN  NAN   
1                NAN                   NAN          NAN             NAN  NAN   
2                NAN                   NAN  RAISED FACE             NAN  NAN   
3                NAN                   NAN          NAN             NAN  NAN   
4                NAN                   NAN          NAN             NAN  NAN   
5                NAN                FORGED  RAISED FACE             NAN  NAN   
6                NAN                   NAN  RAISED FACE             NAN  NAN   
7                NAN                   HFN     STANDARD             NAN  NAN   
8                NAN                   NAN          NAN             NAN  NAN   
9                NAN                   NAN          NAN             NAN  NAN   
10               NAN                   NAN          NAN             NAN  NAN   
11               NAN                   NAN  RAISED FACE             NAN  NAN   
12               NAN                   NAN          NAN             NAN  NAN   
13               NAN                FORGED          NAN             NAN  NAN   
14               NAN                   NAN          NAN             NAN  NAN   
15               NAN                   NAN  RAISED FACE             NAN  NAN   
16               NAN                   NAN  RAISED FACE             NAN  NAN   
17               NAN                FORGED          NAN             NAN  NAN   
18               NAN                   NAN          NAN             NAN  NAN   
19               NAN                   NAN  RAISED FACE             NAN  NAN   
20               NAN                   NAN          NAN             NAN  NAN   
21               NAN                   NAN          NAN             NAN  NAN   
22               NAN                   NAN          NAN             NAN  NAN   
23               NAN                   NAN  RAISED FACE             NAN  NAN   
24               NAN                   NAN           RF             NAN  NAN   

               MISCELLANEOUS CONFIDENCE     id     score  
0               LOW RESIDUAL       0.85  15101  0.800439  
1               HFN STANDARD       0.85  14389  0.785424  
2               LOW RESIDUAL       0.90   3777  0.781422  
3               LOW RESIDUAL       0.85   9939  0.780232  
4                       ORFC       0.95   3284  0.772121  
5                   STANDARD       0.85   3781  0.771631  
6               LOW RESIDUAL       0.85  15103  0.767833  
7               LOW RESIDUAL       0.85  19432  0.765431  
8               LOW RESIDUAL       0.90  15094  0.763597  
9                        HFN       0.85   9937  0.762715  
10              HFN STANDARD       0.85  15087  0.761575  
11              LOW RESIDUAL       0.90   3780  0.761396  
12              LOW RESIDUAL       0.85   3785  0.756000  
13                        RF       0.85   3782  0.753204  
14                       NAN       0.95  14540  0.753115  
15              LOW RESIDUAL       0.90   3779  0.752695  
16                       NAN       0.95  15089  0.749085  
17                       HFN       0.85  19435  0.748101  
18                       HFN       0.85  14390  0.747909  
19                       NAN       0.90  15091  0.747358  
20  LOW RESIDUAL RAISED FACE       0.90  15090  0.746824  
21                       HFN       0.85  15088  0.746459  
22               RAISED FACE       0.95   3298  0.745364  
23              LOW RESIDUAL       0.90   4475  0.742391  
24                      ORFC       0.95  14913  0.742188  

[25 rows x 21 columns]",266,THE WORST
99,"FLG,3,150,XH,RFWN,A105B",3 CARBON STEEL 150 SCHEDULE XH RAISED FACE WELD NECK A105N,True,99,1851,4.873041199999989,"       ID                      DESCRIPTION CATEGORY  \
0    8381      3 150 HFN XH RF WN LRES FLG   FLANGE   
1    8994            1 CS 150 XH RF WN FLG   FLANGE   
2    8524            3 CS 150 XH RF WN FLG   FLANGE   
3   14390     10 300 HFN XH RF WN LRES FLG   FLANGE   
4   15088      1 300 HFN XH RF WN LRES FLG   FLANGE   
5   15100      3 300 HFN XH RF WN LRES FLG   FLANGE   
6    9937     3 150 HFN STD RF WN LRES FLG   FLANGE   
7    8995           1 CS 150 XXH RF WN FLG   FLANGE   
8    9942    3 150 HFN S160 RF WN LRES FLG   FLANGE   
9   15103      4 300 HFN XH RF WN LRES FLG   FLANGE   
10  19431      3 600 HFN XH RF WN LRES FLG   FLANGE   
11  15090    0.5 300 HFN XH RF WN LRES FLG   FLANGE   
12  12693           1 CS 1500 XH RF WN FLG   FLANGE   
13   1760  0.75 150 HFN XXH RF WN LRES FLG   FLANGE   
14   8991            1 CS 150 RF 9 LWN FLG   FLANGE   
15   8959            3 CS 150 RF 9 LWN FLG   FLANGE   
16   9177           3 CS 150 RF 12 LWN FLG   FLANGE   
17  15066     3 300 HFN XXH RF WN LRES FLG   FLANGE   
18   8411           10 CS 150 XH RF WN FLG   FLANGE   
19   8412           10 CS 150 XH RF WN FLG   FLANGE   
20   9088            4 CS 150 XH RF WN FLG   FLANGE   
21   8185            1 CS 150 XH RF SW FLG   FLANGE   
22  12613           3 CS 1500 XH RF WN FLG   FLANGE   
23   9939     4 150 HFN STD RF WN LRES FLG   FLANGE   
24   4477      4 600 HFN XH RF WN LRES FLG   FLANGE   

                              TYPE PRIMARY_SIZE REDUCING_SIZE LENGTH  \
0            RAISED FACE WELD NECK            3           NAN    NAN   
1                 WELD NECK FLANGE            1           NAN    NAN   
2     RAISED FACE WELD NECK FLANGE            3           NAN    NAN   
3            RAISED FACE WELD NECK           10           NAN    NAN   
4                 WELD NECK FLANGE            1           NAN    NAN   
5                        WELD NECK            3           NAN    NAN   
6                        WELD NECK            3           NAN    NAN   
7                 WELD NECK FLANGE            1           NAN    NAN   
8                 WELD NECK FLANGE            3           NAN    NAN   
9                 WELD NECK FLANGE            4           NAN    NAN   
10           RAISED FACE WELD NECK            3           NAN    NAN   
11                WELD NECK FLANGE          0.5           NAN    NAN   
12                WELD NECK FLANGE            1           NAN    NAN   
13                WELD NECK FLANGE         0.75           NAN    NAN   
14                WELD NECK FLANGE            1           NAN    NAN   
15                       WELD NECK            3           NAN      9   
16                       WELD NECK            3           NAN     12   
17    RAISED FACE WELD NECK FLANGE            3           NAN    NAN   
18    RAISED FACE WELD NECK FLANGE           10           NAN    NAN   
19    RAISED FACE WELD NECK FLANGE           10           NAN    NAN   
20                WELD NECK FLANGE            4           NAN    NAN   
21  RAISED FACE SOCKET WELD FLANGE            1           NAN    NAN   
22    RAISED FACE WELD NECK FLANGE            3           NAN    NAN   
23                       WELD NECK            4           NAN    NAN   
24                       WELD NECK            4           NAN    NAN   

   MATERIAL_NAME MATERIAL_SPECIFICATION MATERIAL_GRADE  ... PRIMARY_SCHEDULE  \
0   CARBON STEEL                    NAN   LOW RESIDUAL  ...               XH   
1   CARBON STEEL                   A105            NAN  ...               XH   
2   CARBON STEEL                  A105N            NAN  ...               XH   
3   CARBON STEEL                    NAN   LOW RESIDUAL  ...               XH   
4            NAN                    NAN   LOW RESIDUAL  ...               XH   
5            NAN                    HFN            NAN  ...               XH   
6            NAN                    NAN             LR  ...              STD   
7   CARBON STEEL                  A105N            NAN  ...              XXH   
8            NAN                    HFN            NAN  ...              160   
9            NAN                    HFN            NAN  ...               XH   
10           NAN                    NAN   LOW RESIDUAL  ...               XH   
11           NAN                    HFN            NAN  ...               XH   
12  CARBON STEEL                   A105            NAN  ...               XH   
13           NAN                    HFN            NAN  ...              XXH   
14  CARBON STEEL                  A105N            NAN  ...              NAN   
15  CARBON STEEL                  A105N            NAN  ...              NAN   
16  CARBON STEEL                  A105N            NAN  ...              NAN   
17           NAN                    NAN   LOW RESIDUAL  ...              XXH   
18  CARBON STEEL                  A105N            NAN  ...               XH   
19  CARBON STEEL                  A105N            NAN  ...               XH   
20  CARBON STEEL                  A105N            NAN  ...               XH   
21  CARBON STEEL                   A105            NAN  ...               XH   
22  CARBON STEEL                  A105N            NAN  ...               XH   
23           NAN                    NAN            HFN  ...              STD   
24           NAN                    HFN            NAN  ...               XH   

   REDUCING_SCHEDULE MANUFACTURING_PROCESS   END_FINISH END_CONNECTIONS TRIM  \
0                NAN                FORGED          NAN             NAN  NAN   
1                NAN                   NAN  RAISED FACE             NAN  NAN   
2                NAN                   NAN          NAN             NAN  NAN   
3                NAN                   NAN          NAN             NAN  NAN   
4                NAN                   NAN          NAN             NAN  NAN   
5                NAN                   NAN  RAISED FACE             NAN  NAN   
6                NAN                   NAN          NAN             NAN  NAN   
7                NAN                   NAN          NAN             NAN  NAN   
8                NAN                   NAN  RAISED FACE             NAN  NAN   
9                NAN                   NAN  RAISED FACE             NAN  NAN   
10               NAN                   NAN          NAN             NAN  NAN   
11               NAN                   NAN          NAN             NAN  NAN   
12               NAN                   NAN  RAISED FACE             NAN  NAN   
13               NAN                   NAN  RAISED FACE             NAN  NAN   
14               NAN                   NAN  RAISED FACE             NAN  NAN   
15               NAN                   NAN  RAISED FACE             NAN  NAN   
16               NAN                   NAN           RF             NAN  NAN   
17               NAN                   NAN  RAISED FACE             NAN  NAN   
18               NAN                   NAN          NAN             NAN  NAN   
19               NAN                   NAN           RF              WN  NAN   
20               NAN                   NAN  RAISED FACE             NAN  NAN   
21               NAN                   NAN          NAN              SW  NAN   
22               NAN                   NAN          NAN             NAN  NAN   
23               NAN                   NAN          NAN             NAN  NAN   
24               NAN                   NAN  RAISED FACE             NAN  NAN   

               MISCELLANEOUS CONFIDENCE     id     score  
0                        HFN       0.85   8381  0.830492  
1                        NAN       0.90   8994  0.791075  
2                        NAN       0.95   8524  0.786636  
3                        HFN       0.85  14390  0.785997  
4                        HFN       0.85  15088  0.781945  
5               LOW RESIDUAL       0.90  15100  0.776071  
6                        HFN       0.85   9937  0.773162  
7                RAISED FACE       0.95   8995  0.767283  
8               LOW RESIDUAL       0.90   9942  0.765199  
9               LOW RESIDUAL       0.85  15103  0.763687  
10                       HFN       0.85  19431  0.762048  
11  LOW RESIDUAL RAISED FACE       0.90  15090  0.755877  
12                       NAN       0.95  12693  0.755470  
13              LOW RESIDUAL       0.90   1760  0.753696  
14                    9 LONG       0.95   8991  0.751259  
15                       NAN       0.95   8959  0.751144  
16                       NAN       0.95   9177  0.750923  
17                       HFN       0.85  15066  0.748895  
18                       NAN       0.95   8411  0.748684  
19                       NAN       0.95   8412  0.748684  
20                       NAN       0.95   9088  0.747555  
21                       NAN       0.90   8185  0.747333  
22                       NAN       0.95  12613  0.744309  
23              LOW RESIDUAL       0.85   9939  0.743789  
24              LOW RESIDUAL       0.90   4477  0.743607  

[25 rows x 21 columns]",209,THE WORST
100,"NIPPLE, SWAGE, CONCENTRIC, 2"" X 1"", TBE, SCH 160, CARBON STEEL, A106",2 X 1 BLACK SCHEDULE 160 CONCENTRIC SOCKETWELD SWAGE THREADED BOTH ENDS,True,100,13,6.24156650000009,"       ID  \
0   23696   
1   33349   
2   33348   
3   33364   
4   33350   
5   33363   
6   25052   
7   25730   
8   23692   
9   25058   
10  25503   
11  33342   
12  30858   
13  43596   
14  23701   
15  23650   
16  25823   
17  33355   
18  43524   
19  25637   
20  25644   
21  30848   
22  23674   
23  25514   
24  33356   

                                                                     DESCRIPTION  \
0            2 X 1 CARBON STEEL SCHEDULE 160 CONCENTRIC SWAGE THREADED BOTH ENDS   
1                        2 X 1 SCHEDULE 160 SWAGE NIPPLE THREADED BOTH ENDS LRES   
2                         2 X 1 SCHEDULE 160 SWAGE NIPPLE BEVELED BOTH ENDS LRES   
3                                   2 X 1-0.5 SCHEDULE 160 SWAGE NIPPLE TXB LRES   
4                                       2 X 1 SCHEDULE 160 SWAGE NIPPLE TXB LRES   
5                     2 X 1-0.5 SCHEDULE 160 SWAGE NIPPLE BEVELED BOTH ENDS LRES   
6                                      1 X 2 BLACK SCHEDULE 160 SMLS A106 NIPPLE   
7                                  2 X 2-0.5 BLACK SCHEDULE 160 SMLS A106 NIPPLE   
8                   2 X 1 BLACK SCHEDULE 160 CONCENTRIC SWAGE THREADED BOTH ENDS   
9                             1 X 2 GALVANIZED SCHEDULE 160 SEAMLESS A106 NIPPLE   
10                                 1-0.5 X 2 BLACK SCHEDULE 160 SMLS A106 NIPPLE   
11       2 X 1 GALVANIZED EXTRA HEAVY CONCENTRIC SWAGE NIPPLE THREADED BOTH ENDS   
12              2 X 1-0.5 BLACK SCHEDULE 160 CONCENTRIC SWAGE THREADED BOTH ENDS   
13       2 X 1 BLACK SCHEDULE 160 CONCENTRIC SOCKETWELD SWAGE THREADED BOTH ENDS   
14         2 X 0.5 CARBON STEEL SCHEDULE 160 CONCENTRIC SWAGE THREADED BOTH ENDS   
15  1-0.5 X 1-0.25 CARBON STEEL SCHEDULE 160 CONCENTRIC SWAGE THREADED BOTH ENDS   
16                                 2 X CLOSE BLACK SCHEDULE 160 SMLS A106 NIPPLE   
17                      2 X 0.5 SCHEDULE 160 SWAGE NIPPLE BEVELED BOTH ENDS LRES   
18                              0.75 X 2 BLACK SCHEDULE 160 SEAMLESS A106 NIPPLE   
19                                1-0.25 X 2 BLACK SCHEDULE 160 SMLS A106 NIPPLE   
20                            1-0.25 X 2-0.5 BLACK SCHEDULE 160 SMLS A106 NIPPLE   
21             2 X 1 GALVANIZED SCHEDULE 160 CONCENTRIC SWAGE THREADED BOTH ENDS   
22      1-0.25 X 1 CARBON STEEL SCHEDULE 160 CONCENTRIC SWAGE THREADED BOTH ENDS   
23                             1-0.5 X 2-0.5 BLACK SCHEDULE 160 SMLS A106 NIPPLE   
24                     2 X 0.5 SCHEDULE 160 SWAGE NIPPLE THREADED BOTH ENDS LRES   

   CATEGORY                TYPE PRIMARY_SIZE REDUCING_SIZE LENGTH  \
0   FITTING    CONCENTRIC SWAGE            2             1    NAN   
1   FITTING        SWAGE NIPPLE            2             1    NAN   
2   FITTING        SWAGE NIPPLE            2             1    NAN   
3   FITTING        SWAGE NIPPLE            2           1.5    NAN   
4   FITTING        SWAGE NIPPLE            2             1    NAN   
5   FITTING        SWAGE NIPPLE            2           1.5    NAN   
6   FITTING              NIPPLE            1             2    NAN   
7   FITTING              NIPPLE            2           2.5    NAN   
8   FITTING    CONCENTRIC SWAGE            2             1    NAN   
9   FITTING              NIPPLE            1             2    NAN   
10  FITTING              NIPPLE          1.5             2    NAN   
11  FITTING        SWAGE NIPPLE            2             1    NAN   
12  FITTING    CONCENTRIC SWAGE            2           1.5    NAN   
13  FITTING  CONCENTRIC REDUCER          2.0           1.0    NAN   
14  FITTING    CONCENTRIC SWAGE            2           0.5    NAN   
15  FITTING    CONCENTRIC SWAGE          1.5          1.25    NAN   
16  FITTING              NIPPLE            2           NAN    NAN   
17  FITTING        SWAGE NIPPLE            2           0.5    NAN   
18     PIPE              NIPPLE         0.75           2.0    NAN   
19  FITTING              NIPPLE         1.25             2    NAN   
20  FITTING              NIPPLE         1.25           2.5    NAN   
21  FITTING    CONCENTRIC SWAGE            2             1    NAN   
22  FITTING    CONCENTRIC SWAGE         1.25             1    NAN   
23  FITTING              NIPPLE          1.5           2.5    NAN   
24  FITTING        SWAGE NIPPLE            2           0.5    NAN   

   MATERIAL_NAME MATERIAL_SPECIFICATION MATERIAL_GRADE  ... PRIMARY_SCHEDULE  \
0   CARBON STEEL                    NAN            NAN  ...              160   
1            NAN                    NAN            NAN  ...              160   
2            NAN                    NAN            NAN  ...              160   
3            NAN                    NAN            NAN  ...              160   
4            NAN                    NAN            NAN  ...              160   
5            NAN                    NAN            NAN  ...              160   
6   CARBON STEEL                   A106            NAN  ...              160   
7   CARBON STEEL                   A106            NAN  ...              160   
8   CARBON STEEL                    NAN            NAN  ...              160   
9   CARBON STEEL                   A106            NAN  ...              160   
10  CARBON STEEL                   A106            NAN  ...              160   
11           NAN                    NAN            NAN  ...               XH   
12           NAN                    NAN            NAN  ...              160   
13  CARBON STEEL                    NAN            NAN  ...              160   
14  CARBON STEEL                    NAN            NAN  ...              160   
15  CARBON STEEL                    NAN            NAN  ...              160   
16  CARBON STEEL                   A106            NAN  ...              160   
17           NAN                    NAN            NAN  ...              160   
18  CARBON STEEL                   A106            NAN  ...              160   
19  CARBON STEEL                   A106            NAN  ...              160   
20  CARBON STEEL                   A106            NAN  ...              160   
21           NAN                    NAN            NAN  ...              160   
22  CARBON STEEL                    NAN            NAN  ...              160   
23  CARBON STEEL                   A106            NAN  ...              160   
24           NAN                    NAN            NAN  ...              160   

   REDUCING_SCHEDULE MANUFACTURING_PROCESS         END_FINISH END_CONNECTIONS  \
0                NAN                   NAN                NAN       THD X THD   
1                NAN                   NAN                NAN       THD X THD   
2                NAN                   NAN  BEVELED BOTH ENDS              SW   
3                NAN                   NAN       LOW RESIDUAL        THD X BW   
4                NAN                   NAN       LOW RESIDUAL        THD X BW   
5                NAN                   NAN  BEVELED BOTH ENDS              SW   
6                NAN              SEAMLESS              BLACK             NAN   
7                NAN              SEAMLESS                NAN             NAN   
8                NAN                   NAN                NAN       THD X THD   
9                NAN              SEAMLESS         GALVANIZED             NAN   
10               NAN              SEAMLESS              BLACK             NAN   
11               NAN                   NAN                NAN       THD X THD   
12               NAN                   NAN                 SW       THD X THD   
13               NAN                   NAN                NAN        THREADED   
14               NAN                   NAN                NAN        SW X THD   
15               NAN                   NAN                NAN        SW X THD   
16               NAN              SEAMLESS              BLACK             NAN   
17               NAN                   NAN  BEVELED BOTH ENDS              SW   
18               NAN              SEAMLESS                NAN             NAN   
19               NAN              SEAMLESS              BLACK             NAN   
20               NAN              SEAMLESS              BLACK             NAN   
21               NAN                   NAN         GALVANIZED       THD X THD   
22               NAN                   NAN                NAN        SW X THD   
23               NAN              SEAMLESS                NAN             NAN   
24               NAN                   NAN                NAN       THD X THD   

   TRIM MISCELLANEOUS CONFIDENCE     id     score  
0   NAN    SOCKETWELD       0.80  23696  0.846704  
1   NAN  LOW RESIDUAL       0.80  33349  0.826820  
2   NAN  LOW RESIDUAL       0.85  33348  0.816819  
3   NAN    SOCKETWELD       0.80  33364  0.816447  
4   NAN    SOCKETWELD       0.80  33350  0.811845  
5   NAN  LOW RESIDUAL       0.80  33363  0.811547  
6   NAN           NAN       0.90  25052  0.808723  
7   NAN         BLACK       0.90  25730  0.807197  
8   NAN         BLACK       0.85  23692  0.799978  
9   NAN           NAN       0.90  25058  0.798164  
10  NAN           NAN       0.90  25503  0.797554  
11  NAN    GALVANIZED       0.80  33342  0.797261  
12  NAN         BLACK       0.90  30858  0.796490  
13  NAN         SWAGE       0.80  43596  0.794775  
14  NAN           NAN       0.85  23701  0.793422  
15  NAN           NAN       0.90  23650  0.790519  
16  NAN         CLOSE       0.95  25823  0.789319  
17  NAN  LOW RESIDUAL       0.85  33355  0.789281  
18  NAN         BLACK       0.90  43524  0.789181  
19  NAN           NAN       0.90  25637  0.789146  
20  NAN           NAN       0.90  25644  0.788995  
21  NAN    SOCKETWELD       0.80  30848  0.788383  
22  NAN           NAN       0.80  23674  0.788189  
23  NAN         BLACK       0.90  25514  0.786569  
24  NAN  LOW RESIDUAL       0.80  33356  0.785405  

[25 rows x 21 columns]",291,THE WORST
