,inc_rfq,gt_desc,GT_exist,i,rank,totaltime,top_25,prior_rank,quality
0,"3"" X 4"" SCH. STD WALL CONCENTRIC REDUCER A234 FR. WPB","4"" X 3"" STD CONCENTRIC WELD REDUCER, SA234-WPB",True,0,10000,56.434959900000194,"   CATEGORY  CONFIDENCE                                         DESCRIPTION  \
0   FITTING         0.9   3"" STD X 2"" XH CONCENTRIC WELD REDUCER, SA234-WPB   
1   FITTING         0.9   3"" STD X 2"" XH CONCENTRIC WELD REDUCER, SA234-WPB   
2   FITTING         0.9   3"" STD X 2"" XH CONCENTRIC WELD REDUCER, SA234-WPB   
3   FITTING         0.9   3"" STD X 2"" XH CONCENTRIC WELD REDUCER, SA234-WPB   
4   FITTING         0.9   3"" STD X 2"" XH CONCENTRIC WELD REDUCER, SA234-WPB   
5   FITTING         0.9      3"" X 2"" STD CONCENTRIC WELD REDUCER, SA234-WPB   
6   FITTING         0.9      3"" X 2"" STD CONCENTRIC WELD REDUCER, SA234-WPB   
7   FITTING         0.9      3"" X 2"" STD CONCENTRIC WELD REDUCER, SA234-WPB   
8   FITTING         0.9      3"" X 2"" STD CONCENTRIC WELD REDUCER, SA234-WPB   
9   FITTING         0.9      3"" X 2"" STD CONCENTRIC WELD REDUCER, SA234-WPB   
10  FITTING         0.9      3"" X 2"" STD CONCENTRIC WELD REDUCER, SA234-WPB   
11  FITTING         0.9      3"" X 2"" STD CONCENTRIC WELD REDUCER, SA234-WPB   
12  FITTING         0.9      3"" X 2"" STD CONCENTRIC WELD REDUCER, SA234-WPB   
13  FITTING         0.9      3"" X 2"" STD CONCENTRIC WELD REDUCER, SA234-WPB   
14  FITTING         0.9      3"" X 2"" STD CONCENTRIC WELD REDUCER, SA234-WPB   
15  FITTING         0.9      3"" X 2"" STD CONCENTRIC WELD REDUCER, SA234-WPB   
16  FITTING         0.9      3"" X 2"" STD CONCENTRIC WELD REDUCER, SA234-WPB   
17  FITTING         0.9  3"" X 2-0.5"" STD CONCENTRIC WELD REDUCER, SA234-WPB   
18  FITTING         0.9  3"" X 2-0.5"" STD CONCENTRIC WELD REDUCER, SA234-WPB   
19  FITTING         0.9  3"" X 2-0.5"" STD CONCENTRIC WELD REDUCER, SA234-WPB   
20  FITTING         0.9  3"" X 2-0.5"" STD CONCENTRIC WELD REDUCER, SA234-WPB   
21  FITTING         0.9  3"" X 2-0.5"" STD CONCENTRIC WELD REDUCER, SA234-WPB   
22  FITTING         0.9  3"" X 2-0.5"" STD CONCENTRIC WELD REDUCER, SA234-WPB   
23  FITTING         0.9  3"" X 1-0.5"" STD CONCENTRIC WELD REDUCER, SA234-WPB   
24  FITTING         0.9  3"" X 1-0.5"" STD CONCENTRIC WELD REDUCER, SA234-WPB   

   END_CONNECTIONS END_FINISH ID LENGTH MANUFACTURING_PROCESS MATERIAL_GRADE  \
0              NAN        NAN       NAN                  WELD            WPB   
1              NAN        NAN       NAN                  WELD            WPB   
2              NAN        NAN       NAN                  WELD            WPB   
3              NAN        NAN       NAN                WELDED            WPB   
4              NAN        NAN       NAN                  WELD            WPB   
5              NAN        NAN       NAN                  WELD            WPB   
6        BUTT WELD        NAN       NAN                   NAN            WPB   
7              NAN        NAN       NAN                  WELD            WPB   
8              NAN        NAN       NAN                  WELD            WPB   
9              NAN        NAN       NAN                WELDED            WPB   
10             NAN        NAN       NAN                  WELD            WPB   
11       BUTT WELD        NAN       NAN                   NAN            WPB   
12             NAN        NAN       NAN                  WELD            WPB   
13             NAN        NAN       NAN                  WELD            WPB   
14             NAN        NAN       NAN                  WELD            WPB   
15             NAN        NAN       NAN                  WELD            WPB   
16       BUTT WELD        NAN       NAN                   NAN            WPB   
17             NAN        NAN       NAN                  WELD            WPB   
18             NAN        NAN       NAN                  WELD            WPB   
19             NAN        NAN       NAN                  WELD            WPB   
20             NAN        NAN       NAN                  WELD            WPB   
21             NAN        NAN       NAN                  WELD            WPB   
22             NAN        NAN       NAN                  WELD            WPB   
23             NAN        NAN       NAN                WELDED            WPB   
24             NAN        NAN       NAN                  WELD            WPB   

   MATERIAL_NAME  ... PRIMARY_SIZE PRIMARY_WALL    PRODUCT_CODE  \
0   CARBON STEEL  ...          3.0                 KWCO030020SX   
1   CARBON STEEL  ...          3.0                 WWCO030020SX   
2   CARBON STEEL  ...          3.0                IWCO030020SXH   
3   CARBON STEEL  ...          3.0                 WWCO030020SX   
4   CARBON STEEL  ...          3.0                 KWCO030020SX   
5   CARBON STEEL  ...          3.0                 ISWCO030020S   
6   CARBON STEEL  ...          3.0               KWCO030020SSKB   
7   CARBON STEEL  ...          3.0                  SWCO030020S   
8   CARBON STEEL  ...          3.0                   WCO030020S   
9   CARBON STEEL  ...          3.0                  SWCO030020S   
10  CARBON STEEL  ...          3.0                  WWCO030020S   
11  CARBON STEEL  ...          3.0                  IWCO030020S   
12  CARBON STEEL  ...          3.0                   WCO030020S   
13  CARBON STEEL  ...          3.0                  IWCO030020S   
14  CARBON STEEL  ...          3.0               KWCO030020SSKB   
15  CARBON STEEL  ...          3.0                  WWCO030020S   
16  CARBON STEEL  ...          3.0                 ISWCO030020S   
17  CARBON STEEL  ...          3.0                  IWCO030025S   
18  CARBON STEEL  ...          3.0                   WCO030025S   
19  CARBON STEEL  ...          3.0                 ISWCO030025S   
20  CARBON STEEL  ...          3.0                 ISWCO030025S   
21  CARBON STEEL  ...          3.0                  WWCO030025S   
22  CARBON STEEL  ...          3.0                   WCO030025S   
23  CARBON STEEL  ...          3.0                  WWCO030015S   
24  CARBON STEEL  ...          3.0                   WCO030015S   

   REDUCING_SCHEDULE REDUCING_SIZE REDUCING_WALL TRIM                TYPE  \
0        EXTRA HEAVY             2                NAN  CONCENTRIC REDUCER   
1        EXTRA HEAVY             2                NAN  CONCENTRIC REDUCER   
2        EXTRA HEAVY             2                NAN  CONCENTRIC REDUCER   
3        EXTRA HEAVY             2                NAN  CONCENTRIC REDUCER   
4        EXTRA HEAVY             2                NAN  CONCENTRIC REDUCER   
5                NAN             2                NAN  CONCENTRIC REDUCER   
6                NAN             2                NAN  CONCENTRIC REDUCER   
7                NAN             2                NAN  CONCENTRIC REDUCER   
8                NAN             2                NAN  CONCENTRIC REDUCER   
9                NAN             2                NAN  CONCENTRIC REDUCER   
10               NAN             2                NAN  CONCENTRIC REDUCER   
11               NAN             2                NAN  CONCENTRIC REDUCER   
12               NAN             2                NAN  CONCENTRIC REDUCER   
13               NAN             2                NAN  CONCENTRIC REDUCER   
14               NAN             2                NAN  CONCENTRIC REDUCER   
15               NAN             2                NAN  CONCENTRIC REDUCER   
16               NAN             2                NAN  CONCENTRIC REDUCER   
17               NAN           2.5                NAN  CONCENTRIC REDUCER   
18               NAN           2.5                NAN  CONCENTRIC REDUCER   
19               NAN           2.5                NAN  CONCENTRIC REDUCER   
20               NAN           2.5                NAN  CONCENTRIC REDUCER   
21               NAN           2.5                NAN  CONCENTRIC REDUCER   
22               NAN           2.5                NAN  CONCENTRIC REDUCER   
23               NAN           1.5                NAN  CONCENTRIC REDUCER   
24               NAN           1.5                NAN  CONCENTRIC REDUCER   

   WALL_THICKNESS     score  
0                  0.952303  
1                  0.952303  
2                  0.952303  
3                  0.952303  
4                  0.952303  
5                  0.951628  
6                  0.951628  
7                  0.951628  
8                  0.951628  
9                  0.951628  
10                 0.951628  
11                 0.951628  
12                 0.951628  
13                 0.951628  
14                 0.951628  
15                 0.951628  
16                 0.951628  
17                 0.951103  
18                 0.951103  
19                 0.951103  
20                 0.951103  
21                 0.951103  
22                 0.951103  
23                 0.950872  
24                 0.950872  

[25 rows x 25 columns]",0,EXCELLENT
1,"11100566-FLG,WN,RF,12,150 ,XH-SA-105N","12"" 150 RF WELD NECK FLANGE XH BORE, SA105N",True,1,75,31.497862599999735,"   CATEGORY  CONFIDENCE                                           DESCRIPTION  \
0    FLANGE         0.9                   12"" 150 RF BLIND FLANGE, SA105N-FGP   
1    FLANGE         0.9                   12"" 150 RF BLIND FLANGE, SA105N-FGP   
2   FITTING         0.9  12"" - 8"" X 1-0.5"" 3000 FS THREADED FLEX-O-LET, SA105   
3   FITTING         0.9  12"" - 8"" X 1-0.5"" 3000 FS THREADED FLEX-O-LET, SA105   
4   FITTING         0.9  12"" - 8"" X 1-0.5"" 3000 FS THREADED FLEX-O-LET, SA105   
5   FITTING         0.9  12"" - 8"" X 1-0.5"" 3000 FS THREADED FLEX-O-LET, SA105   
6    FLANGE         0.9                        12"" 150 RF BLIND FLANGE, SA105   
7    FLANGE         0.9                        12"" 150 RF BLIND FLANGE, SA105   
8    FLANGE         0.9                        12"" 150 RF BLIND FLANGE, SA105   
9    FLANGE         0.9                        12"" 150 RF BLIND FLANGE, SA105   
10   FLANGE         1.0                        12"" 150 RF BLIND FLANGE, SA105   
11   FLANGE         0.9                        12"" 150 RF BLIND FLANGE, SA105   
12   FLANGE         0.9                 12"" 150 RF SLIP ON FLANGE, SA105N-FGP   
13   FLANGE         0.9                 12"" 150 RF SLIP ON FLANGE, SA105N-FGP   
14   FLANGE         0.9                        12"" 150 RF LWN X 16"" SA350-LF2   
15   FLANGE         0.9                        12"" 150 RF LWN X 16"" SA350-LF2   
16   FLANGE         1.0                       12"" 150 RF BLIND FLANGE, SA105N   
17   FLANGE         1.0                       12"" 150 RF BLIND FLANGE, SA105N   
18   FLANGE         0.9                       12"" 150 RF BLIND FLANGE, SA105N   
19   FLANGE         1.0                       12"" 150 RF BLIND FLANGE, SA105N   
20   FLANGE         0.9                   12"" 600 RF BLIND FLANGE, SA105N-FGP   
21   FLANGE         0.9                   12"" 600 RF BLIND FLANGE, SA105N-FGP   
22   FLANGE         0.9                   12"" 600 RF BLIND FLANGE, SA105N-FGP   
23  FITTING         0.9                    14 - 12"" X 3"" XH WELD-O-LET, SA105   
24   FLANGE         0.9     12"" 1500 RF WELD NECK FLANGES-120 BORE,SA105N-FGP   

   END_CONNECTIONS   END_FINISH ID LENGTH MANUFACTURING_PROCESS  \
0              NAN  RAISED FACE       NAN                   NAN   
1              NAN  RAISED FACE       NAN                   NAN   
2         THREADED          NAN       NAN          FORGED STEEL   
3         THREADED          NAN       NAN                   NAN   
4         THREADED          NAN       NAN                   NAN   
5         THREADED          NAN       NAN                   NAN   
6              NAN  RAISED FACE       NAN                   NAN   
7              NAN  RAISED FACE       NAN                   NAN   
8              NAN  RAISED FACE       NAN                   NAN   
9              NAN  RAISED FACE       NAN                   NAN   
10             NAN  RAISED FACE       NAN                   NAN   
11             NAN  RAISED FACE       NAN                   NAN   
12             NAN           RF       NAN                   NAN   
13             NAN  RAISED FACE       NAN                   NAN   
14             NAN  RAISED FACE       NAN                   NAN   
15             NAN  RAISED FACE       NAN                   NAN   
16             NAN  RAISED FACE       NAN                   NAN   
17             NAN  RAISED FACE       NAN                   NAN   
18             NAN  RAISED FACE       NAN                   NAN   
19             NAN           RF       NAN                   NAN   
20             NAN  RAISED FACE       NAN                   NAN   
21             NAN           RF       NAN                   NAN   
22             NAN  RAISED FACE       NAN                   NAN   
23             NAN          NAN       NAN                   NAN   
24             NAN  RAISED FACE       NAN                   NAN   

   MATERIAL_GRADE MATERIAL_NAME  ... PRIMARY_SIZE PRIMARY_WALL  PRODUCT_CODE  \
0               N  CARBON STEEL  ...         12.0                  FBD011201   
1               N  CARBON STEEL  ...         12.0                FBD011201AF   
2             NAN  CARBON STEEL  ...         12.0                 IM3T015120   
3             NAN  CARBON STEEL  ...         12.0                  M3T015120   
4             NAN  CARBON STEEL  ...         12.0                  M3T015120   
5             NAN  CARBON STEEL  ...         12.0                 IM3T015120   
6             NAN  CARBON STEEL  ...         12.0                 WFBD011201   
7             NAN  CARBON STEEL  ...         12.0                 IFBD011201   
8             NAN  CARBON STEEL  ...         12.0               FBD011201BTX   
9             NAN  CARBON STEEL  ...         12.0                 SFBD011201   
10            NAN  CARBON STEEL  ...         12.0                ISFBD011201   
11            NAN  CARBON STEEL  ...         12.0                ISFBD011201   
12              N  CARBON STEEL  ...         12.0                  FSO011201   
13              N  CARBON STEEL  ...         12.0                  FSO011201   
14            LF2  CARBON STEEL  ...         12.0                SFLWL112116   
15            LF2  CARBON STEEL  ...         12.0                SFLWL112116   
16              N  CARBON STEEL  ...         12.0                 FBDN011201   
17              N  CARBON STEEL  ...         12.0               IFBD011201NA   
18              N  CARBON STEEL  ...         12.0                 FBDN011201   
19              N  CARBON STEEL  ...         12.0               IFBD011201NA   
20              N  CARBON STEEL  ...         12.0                  FBD061201   
21              N  CARBON STEEL  ...         12.0               IFBD061201NA   
22              N  CARBON STEEL  ...         12.0               IFBD061201NA   
23            NAN  CARBON STEEL  ...         12.0                  MXW030140   
24              N  CARBON STEEL  ...         12.0               KFWN15120112   

   REDUCING_SCHEDULE REDUCING_SIZE REDUCING_WALL TRIM       TYPE  \
0                NAN           NAN                NAN      BLIND   
1                NAN           NAN                NAN      BLIND   
2                NAN           1.5                NAN   FLEXOLET   
3                NAN           1.5                NAN   FLEXOLET   
4                NAN           1.5                NAN   FLEXOLET   
5                NAN           1.5                NAN   FLEXOLET   
6                NAN           NAN                NAN      BLIND   
7                NAN           NAN                NAN      BLIND   
8                NAN           NAN                NAN      BLIND   
9                NAN           NAN                NAN      BLIND   
10               NAN           NAN                NAN      BLIND   
11               NAN           NAN                NAN      BLIND   
12               NAN           NAN                NAN    SLIP ON   
13               NAN           NAN                NAN    SLIP ON   
14               NAN            16                NAN  WELD NECK   
15               NAN            16                NAN  WELD NECK   
16               NAN           NAN                NAN      BLIND   
17               NAN           NAN                NAN      BLIND   
18               NAN           NAN                NAN      BLIND   
19               NAN           NAN                NAN      BLIND   
20               NAN           NAN                NAN      BLIND   
21               NAN           NAN                NAN      BLIND   
22               NAN           NAN                NAN      BLIND   
23               NAN             3                NAN   WELDOLET   
24               NAN           NAN                NAN  WELD NECK   

   WALL_THICKNESS     score  
0                  0.889015  
1                  0.889015  
2                  0.888497  
3                  0.888497  
4                  0.888497  
5                  0.888497  
6                  0.884897  
7                  0.884897  
8                  0.884897  
9                  0.884897  
10                 0.884897  
11                 0.884897  
12                 0.883789  
13                 0.883789  
14                 0.883653  
15                 0.883653  
16                 0.883625  
17                 0.883625  
18                 0.883625  
19                 0.883625  
20                 0.882649  
21                 0.882649  
22                 0.882649  
23                 0.881576  
24                 0.881182  

[25 rows x 25 columns]",0,EXCELLENT
2,"H29984 ELBOW,4"",45-WELDED,LR,BW,S10S,ASTM A403","4"" S-10 LR 90 WELD ELL, SA403-WP304L",True,2,0,11.82245580000017,"   CATEGORY  CONFIDENCE                           DESCRIPTION END_CONNECTIONS  \
0   FITTING         0.9  4"" S-10 LR 90 WELD ELL, SA403-WP304L       BUTT WELD   
1   FITTING         0.9  4"" S-10 LR 90 WELD ELL, SA403-WP304L       BUTT WELD   
2   FITTING         0.9        4"" XH LR 45WELD ELL, SA234-WPB       BUTT WELD   
3   FITTING         0.9        4"" XH LR 45WELD ELL, SA234-WPB       BUTT WELD   
4   FITTING         0.9        4"" XH LR 45WELD ELL, SA234-WPB       BUTT WELD   
5   FITTING         0.9        4"" XH LR 45WELD ELL, SA234-WPB       BUTT WELD   
6   FITTING         0.9        4"" XH LR 45WELD ELL, SA234-WPB       BUTT WELD   
7   FITTING         0.9        4"" XH LR 45WELD ELL, SA234-WPB       BUTT WELD   
8   FITTING         0.9        4"" XH LR 45WELD ELL, SA234-WPB              BW   
9   FITTING         0.9        4"" XH LR 45WELD ELL, SA234-WPB              BW   
10  FITTING         0.9        4"" XH LR 45WELD ELL, SA234-WPB       BUTT WELD   
11  FITTING         0.9        4"" XH LR 45WELD ELL, SA234-WPB       BUTT WELD   
12  FITTING         0.9   4"" STD LR 90 WELD ELL, SA403-WP304L       BUTT WELD   
13  FITTING         0.9   4"" STD LR 90 WELD ELL, SA403-WP304L       BUTT WELD   
14  FITTING         0.9       4"" STD LR 45WELD ELL, SA234-WPB       BUTT WELD   
15  FITTING         0.9       4"" STD LR 45WELD ELL, SA234-WPB       BUTT WELD   
16  FITTING         0.9       4"" STD LR 45WELD ELL, SA234-WPB       BUTT WELD   
17  FITTING         0.9       4"" STD LR 45WELD ELL, SA234-WPB       BUTT WELD   
18  FITTING         0.9       4"" STD LR 45WELD ELL, SA234-WPB       BUTT WELD   
19  FITTING         0.9       4"" STD LR 45WELD ELL, SA234-WPB       BUTT WELD   
20  FITTING         0.9       4"" STD LR 45WELD ELL, SA234-WPB       BUTT WELD   
21  FITTING         0.9       4"" STD LR 45WELD ELL, SA234-WPB       BUTT WELD   
22  FITTING         0.9      4"" STD LR 90 WELD ELL, A420-WPL3              BW   
23  FITTING         0.9      4"" STD LR 90 WELD ELL, A420-WPL3       BUTT WELD   
24  FITTING         0.9      4"" STD SR 90 WELD ELL, A420-WPL3       BUTT WELD   

   END_FINISH ID LENGTH MANUFACTURING_PROCESS MATERIAL_GRADE  \
0         NAN       NAN                WELDED         WP304L   
1         NAN       NAN                WELDED         WP304L   
2   BUTT WELD       NAN                   NAN            WPB   
3         NAN       NAN                   NAN            WPB   
4         NAN       NAN                   NAN            WPB   
5          BW       NAN                   NAN            WPB   
6         NAN       NAN                WELDED            WPB   
7         NAN       NAN                   NAN            WPB   
8   BUTT WELD       NAN                   NAN            WPB   
9          BW       NAN                   NAN            WPB   
10       WELD       NAN                   NAN            WPB   
11       WELD       NAN                   NAN            WPB   
12        NAN       NAN                WELDED         WP304L   
13        NAN       NAN                   NAN         WP304L   
14        NAN       NAN                WELDED            WPB   
15       WELD       NAN                   NAN            WPB   
16        NAN       NAN                WELDED            WPB   
17         BW       NAN                   NAN            WPB   
18       WELD       NAN                   NAN            WPB   
19       WELD       NAN                   NAN            WPB   
20  BUTT WELD       NAN                   NAN            WPB   
21       WELD       NAN                   NAN            WPB   
22  BUTT WELD       NAN                   NAN           WPL3   
23         BW       NAN                   NAN           WPL3   
24        NAN       NAN                WELDED           WPL3   

            MATERIAL_NAME  ... PRIMARY_SIZE PRIMARY_WALL PRODUCT_CODE  \
0         STAINLESS STEEL  ...          4.0                IWL9404001   
1         STAINLESS STEEL  ...          4.0                IWL9404001   
2            CARBON STEEL  ...          4.0                 ISWL4040X   
3            CARBON STEEL  ...          4.0                  WWL4040X   
4            CARBON STEEL  ...          4.0                 ISWL4040X   
5            CARBON STEEL  ...          4.0                  IWL4040X   
6            CARBON STEEL  ...          4.0                 IWL4040XA   
7            CARBON STEEL  ...          4.0                IWL4040XCI   
8            CARBON STEEL  ...          4.0                 IWL4040XA   
9            CARBON STEEL  ...          4.0                  IWL4040X   
10           CARBON STEEL  ...          4.0                  WWL4040X   
11           CARBON STEEL  ...          4.0                IWL4040XCI   
12        STAINLESS STEEL  ...          4.0                 IWL94040S   
13        STAINLESS STEEL  ...          4.0                 IWL94040S   
14           CARBON STEEL  ...          4.0                  IWL4040S   
15           CARBON STEEL  ...          4.0                  KWL4040S   
16           CARBON STEEL  ...          4.0                 ISWL4040S   
17           CARBON STEEL  ...          4.0                  WWL4040S   
18           CARBON STEEL  ...          4.0                IWL4040STM   
19           CARBON STEEL  ...          4.0                  IWL4040S   
20           CARBON STEEL  ...          4.0                 ISWL4040S   
21           CARBON STEEL  ...          4.0                IWL4040STM   
22           CARBON STEEL  ...          4.0                  WL93040S   
23           CARBON STEEL  ...          4.0                  WL93040S   
24  LOW TEMP CARBON STEEL  ...          4.0                 WS93040SL   

   REDUCING_SCHEDULE REDUCING_SIZE REDUCING_WALL TRIM  \
0                NAN           NAN                NAN   
1                NAN           NAN                NAN   
2                NAN           NAN                NAN   
3                NAN           NAN                NAN   
4                NAN           NAN                NAN   
5                NAN           NAN                NAN   
6                NAN           NAN                NAN   
7                NAN           NAN                NAN   
8                NAN           NAN                NAN   
9                NAN           NAN                NAN   
10               NAN           NAN                NAN   
11               NAN           NAN                NAN   
12               NAN           NAN                NAN   
13               NAN           NAN                NAN   
14               NAN           NAN                NAN   
15               NAN           NAN                NAN   
16               NAN           NAN                NAN   
17               NAN           NAN                NAN   
18               NAN           NAN                NAN   
19               NAN           NAN                NAN   
20               NAN           NAN                NAN   
21               NAN           NAN                NAN   
22               NAN           NAN                NAN   
23               NAN           NAN                NAN   
24               NAN           NAN                NAN   

                       TYPE WALL_THICKNESS     score  
0      ELBOW 90 LONG RADIUS                 0.887836  
1      LONG RADIUS 90 ELBOW                 0.887836  
2      LONG RADIUS 45 ELBOW                 0.887616  
3      LONG RADIUS 45 ELBOW                 0.887616  
4      LONG RADIUS 45 ELBOW                 0.887616  
5      LONG RADIUS 45 ELBOW                 0.887616  
6      LONG RADIUS 45 ELBOW                 0.887616  
7      LONG RADIUS 45 ELBOW                 0.887616  
8      LONG RADIUS 45 ELBOW                 0.887616  
9      LONG RADIUS 45 ELBOW                 0.887616  
10     LONG RADIUS 45 ELBOW                 0.887616  
11     LONG RADIUS 45 ELBOW                 0.887616  
12              ELBOW 90 LR                 0.885988  
13     LONG RADIUS 90 ELBOW                 0.885988  
14     LONG RADIUS 45 ELBOW                 0.885741  
15     LONG RADIUS 45 ELBOW                 0.885741  
16     LONG RADIUS 45 ELBOW                 0.885741  
17     LONG RADIUS 45 ELBOW                 0.885741  
18     LONG RADIUS 45 ELBOW                 0.885741  
19  LONG RADIUS 45DEG ELBOW                 0.885741  
20     LONG RADIUS 45 ELBOW                 0.885741  
21  LONG RADIUS 45DEG ELBOW                 0.885741  
22     LONG RADIUS 90 ELBOW                 0.885582  
23     ELBOW 90 LONG RADIUS                 0.885582  
24    SHORT RADIUS 90 ELBOW                 0.883972  

[25 rows x 25 columns]",0,EXCELLENT
3,"10-150-FLG,WN,RF,10,150 ,STD-SA-105","10"" 150 RF WELD NECK FLANGE STD BORE, SA105N-FGP",True,3,67,39.53040199999987,"   CATEGORY  CONFIDENCE                                       DESCRIPTION  \
0    FLANGE         0.9                           10"" 150 RF BLIND, SA105   
1    FLANGE         0.9           10"" X 8"" 150 RF RED WN STD, SA105*SURPL   
2    FLANGE         0.9           10"" X 8"" 150 RF RED WN STD, SA105*SURPL   
3    FLANGE         0.9                    10"" 150 RF BLIND FLANGE, SA105   
4    FLANGE         0.9                    10"" 150 RF BLIND FLANGE, SA105   
5    FLANGE         1.0                    10"" 150 RF BLIND FLANGE, SA105   
6    FLANGE         0.9                    10"" 150 RF BLIND FLANGE, SA105   
7    FLANGE         0.9                    10"" 150 RF BLIND FLANGE, SA105   
8    FLANGE         1.0                    10"" 150 RF BLIND FLANGE, SA105   
9    FLANGE         1.0                    10"" 150 RF BLIND FLANGE, SA105   
10   FLANGE         0.9                 10"" 150 RF THREADED FLANGE, SA105   
11   FLANGE         0.9                 10"" 150 RF THREADED FLANGE, SA105   
12   FLANGE         1.0               10"" 150 RF BLIND FLANGE, SA105N-FGP   
13   FLANGE         0.9               10"" 150 RF BLIND FLANGE, SA105N-FGP   
14  FITTING         0.9  10"" - 6"" X 1"" 3000 FS THREADED FLEX-O-LET, SA105   
15  FITTING         0.9  10"" - 6"" X 1"" 3000 FS THREADED FLEX-O-LET, SA105   
16  FITTING         0.9  10"" - 8"" X 2"" 3000 FS THREADED FLEX-O-LET, SA105   
17  FITTING         0.9  10"" - 8"" X 2"" 3000 FS THREADED FLEX-O-LET, SA105   
18   FLANGE         1.0                   10"" 150 RF BLIND FLANGE, SA105N   
19   FLANGE         1.0                   10"" 150 RF BLIND FLANGE, SA105N   
20   FLANGE         0.9                   10"" 150 RF BLIND FLANGE, SA105N   
21   FLANGE         0.9                    10"" 300 RF BLIND FLANGE, SA105   
22   FLANGE         0.9                    10"" 300 RF BLIND FLANGE, SA105   
23   FLANGE         0.9                    10"" 300 RF BLIND FLANGE, SA105   
24   FLANGE         0.9                    10"" 300 RF BLIND FLANGE, SA105   

   END_CONNECTIONS   END_FINISH ID LENGTH MANUFACTURING_PROCESS  \
0              NAN  RAISED FACE       NAN                   NAN   
1              NAN  RAISED FACE       NAN                   NAN   
2              NAN  RAISED FACE       NAN                   NAN   
3              NAN  RAISED FACE       NAN                   NAN   
4              NAN  RAISED FACE       NAN                   NAN   
5              NAN  RAISED FACE       NAN                   NAN   
6              NAN  RAISED FACE       NAN                   NAN   
7              NAN  RAISED FACE       NAN                   NAN   
8              NAN  RAISED FACE       NAN                   NAN   
9              NAN  RAISED FACE       NAN                   NAN   
10        THREADED  RAISED FACE       NAN                   NAN   
11        THREADED          NAN       NAN                   NAN   
12             NAN  RAISED FACE       NAN                   NAN   
13             NAN  RAISED FACE       NAN                   NAN   
14        THREADED          NAN         1                   NAN   
15        THREADED          NAN         1                   NAN   
16        THREADED          NAN       NAN                   NAN   
17        THREADED          NAN       NAN                   NAN   
18             NAN  RAISED FACE       NAN                   NAN   
19             NAN  RAISED FACE       NAN                   NAN   
20             NAN  RAISED FACE       NAN                   NAN   
21             NAN  RAISED FACE       NAN                   NAN   
22             NAN  RAISED FACE       NAN                   NAN   
23             NAN           RF       NAN                   NAN   
24             NAN  RAISED FACE       NAN                   NAN   

   MATERIAL_GRADE MATERIAL_NAME  ... PRIMARY_SIZE PRIMARY_WALL  PRODUCT_CODE  \
0             NAN  CARBON STEEL  ...         10.0                 SFBD011001   
1             NAN  CARBON STEEL  ...         10.0                SFWN110081S   
2             NAN  CARBON STEEL  ...         10.0                SFWN110081S   
3             NAN  CARBON STEEL  ...         10.0                ISFBD011001   
4             NAN  CARBON STEEL  ...         10.0                 IFBD011001   
5             NAN  CARBON STEEL  ...         10.0                 IFBD011001   
6             NAN  CARBON STEEL  ...         10.0                 WFBD011001   
7             NAN  CARBON STEEL  ...         10.0               FBD011001BTX   
8             NAN  CARBON STEEL  ...         10.0                ISFBD011001   
9             NAN  CARBON STEEL  ...         10.0                 WFBD011001   
10            NAN  CARBON STEEL  ...         10.0                 IFTH011001   
11            NAN  CARBON STEEL  ...         10.0                 IFTH011001   
12              N  CARBON STEEL  ...         10.0                  FBD011001   
13              N  CARBON STEEL  ...         10.0                  FBD011001   
14            NAN  CARBON STEEL  ...         10.0                 SM3T010100   
15            NAN  CARBON STEEL  ...         10.0                 SM3T010100   
16            NAN  CARBON STEEL  ...         10.0                 SM3T020100   
17            NAN  CARBON STEEL  ...         10.0                 SM3T020100   
18              N  CARBON STEEL  ...         10.0               IFBD011001NA   
19              N  CARBON STEEL  ...         10.0                 FBDN011001   
20              N  CARBON STEEL  ...         10.0               IFBD011001NA   
21            NAN  CARBON STEEL  ...         10.0                 LFBD031001   
22            NAN  CARBON STEEL  ...         10.0                 WFBD031001   
23            NAN  CARBON STEEL  ...         10.0                  FBD031001   
24            NAN  CARBON STEEL  ...         10.0                ISFBD031001   

   REDUCING_SCHEDULE REDUCING_SIZE REDUCING_WALL TRIM                  TYPE  \
0                NAN           NAN                NAN                 BLIND   
1                NAN             8                NAN             WELD NECK   
2                NAN             8                NAN    REDUCING WELD NECK   
3                NAN           NAN                NAN                 BLIND   
4                NAN           NAN                NAN                 BLIND   
5                NAN           NAN                NAN                 BLIND   
6                NAN           NAN                NAN                 BLIND   
7                NAN           NAN                NAN                 BLIND   
8                NAN           NAN                NAN                 BLIND   
9                NAN           NAN                NAN                 BLIND   
10               NAN           NAN                NAN              THREADED   
11               NAN           NAN                NAN  THREADED RAISED FACE   
12               NAN           NAN                NAN                 BLIND   
13               NAN           NAN                NAN                 BLIND   
14               NAN             6                NAN              FLEXOLET   
15               NAN             6                NAN              FLEXOLET   
16               NAN             2                NAN              FLEXOLET   
17               NAN             2                NAN              FLEXOLET   
18               NAN           NAN                NAN                 BLIND   
19               NAN           NAN                NAN                 BLIND   
20               NAN           NAN                NAN                 BLIND   
21               NAN           NAN                NAN                 BLIND   
22               NAN           NAN                NAN                 BLIND   
23               NAN           NAN                NAN                 BLIND   
24               NAN           NAN                NAN                 BLIND   

   WALL_THICKNESS     score  
0                  0.908813  
1                  0.904922  
2                  0.904922  
3                  0.900775  
4                  0.900775  
5                  0.900775  
6                  0.900775  
7                  0.900775  
8                  0.900775  
9                  0.900775  
10                 0.900532  
11                 0.900532  
12                 0.898508  
13                 0.898508  
14                 0.896227  
15                 0.896227  
16                 0.894886  
17                 0.894886  
18                 0.894828  
19                 0.894828  
20                 0.894828  
21                 0.894693  
22                 0.894693  
23                 0.894693  
24                 0.894693  

[25 rows x 25 columns]",0,EXCELLENT
4,"HB5023 FL1,150,SW,RF,SCHXS,ASTM A105N","1"" 150 RF SOCKET WELD FLANGE XH BORE, SA105",True,4,91,39.07725540000001,"   CATEGORY  CONFIDENCE                               DESCRIPTION  \
0   FITTING         0.9  1"" X 0.75"" 150 RF RED S/W XH BORE, SA105   
1    FLANGE         0.9           1"" 600 RF SW FLG XH BORE, SA105   
2    FLANGE         0.9           1"" 600 RF SW FLG XH BORE, SA105   
3    FLANGE         0.9    1"" 150 RF BLIND FLANGE, SA105N-HFN S62   
4    FLANGE         0.9    1"" 150 RF BLIND FLANGE, SA105N-HFN S62   
5   FITTING         0.9        1"" 3000 FS THREADED 45 ELL, SA105N   
6   FITTING         0.9        1"" 3000 FS THREADED 45 ELL, SA105N   
7    FLANGE         1.0            1"" 150 RF BLIND FLANGE, SA105N   
8    FLANGE         1.0            1"" 150 RF BLIND FLANGE, SA105N   
9    FLANGE         1.0            1"" 150 RF BLIND FLANGE, SA105N   
10   FLANGE         0.9            1"" 150 RF BLIND FLANGE, SA105N   
11   FLANGE         0.9            1"" 150 RF BLIND FLANGE, SA105N   
12   FLANGE         1.0            1"" 150 RF BLIND FLANGE, SA105N   
13   FLANGE         1.0            1"" 150 RF BLIND FLANGE, SA105N   
14   FLANGE         0.9    1"" 300 RF BLIND FLANGE, SA105N-HFN S62   
15   FLANGE         0.9    1"" 300 RF BLIND FLANGE, SA105N-HFN S62   
16   FLANGE         0.9          1"" 150 RF THREADED FLANGE, SA105   
17   FLANGE         0.9          1"" 150 RF THREADED FLANGE, SA105   
18   FLANGE         0.9          1"" 150 RF THREADED FLANGE, SA105   
19   FLANGE         0.9          1"" 150 RF THREADED FLANGE, SA105   
20   FLANGE         0.9        1"" 300 RF S/W FLG XH BORE, F1.0LSS   
21   FLANGE         0.9        1"" 300 RF S/W FLG XH BORE, F1.0LSS   
22  FITTING         0.9        1"" 3000 FS THREADED 90 ELL, SA105N   
23  FITTING         0.9        1"" 3000 FS THREADED 90 ELL, SA105N   
24   FLANGE         0.9             1"" 150 RF BLIND FLANGE, SA105   

   END_CONNECTIONS   END_FINISH ID LENGTH MANUFACTURING_PROCESS  \
0               SW           RF       NAN                   NAN   
1      SOCKET WELD          NAN       NAN                   NAN   
2      SOCKET WELD          NAN       NAN                   NAN   
3              NAN  RAISED FACE       NAN                   NAN   
4              NAN           RF       NAN                   HFN   
5         THREADED          NAN       NAN          FORGED STEEL   
6         THREADED          NAN       NAN                   NAN   
7              NAN  RAISED FACE       NAN                   NAN   
8              NAN  RAISED FACE       NAN                   NAN   
9              NAN  RAISED FACE       NAN                   NAN   
10             NAN  RAISED FACE       NAN                   NAN   
11             NAN  RAISED FACE       NAN                   NAN   
12             NAN           RF       NAN                   NAN   
13             NAN  RAISED FACE       NAN                   NAN   
14             NAN  RAISED FACE       NAN                   NAN   
15             NAN  RAISED FACE       NAN                   HFN   
16        THREADED  RAISED FACE       NAN                   NAN   
17        THREADED           RF       NAN                   NAN   
18             THD           RF       NAN                   NAN   
19        THREADED  RAISED FACE       NAN                   NAN   
20             NAN  SOCKET WELD       NAN                   NAN   
21             NAN  SOCKET WELD       NAN                   NAN   
22        THREADED          NAN       NAN                   NAN   
23        THREADED          NAN       NAN                   NAN   
24             NAN  RAISED FACE       NAN                   NAN   

   MATERIAL_GRADE    MATERIAL_NAME  ... PRIMARY_SIZE PRIMARY_WALL  \
0             NAN     CARBON STEEL  ...          1.0                
1             NAN     CARBON STEEL  ...          1.0                
2             NAN     CARBON STEEL  ...          1.0                
3             HFN     CARBON STEEL  ...          1.0                
4               N     CARBON STEEL  ...          1.0                
5               N     CARBON STEEL  ...          1.0                
6               N     CARBON STEEL  ...          1.0                
7               N     CARBON STEEL  ...          1.0                
8               N     CARBON STEEL  ...          1.0                
9               N     CARBON STEEL  ...          1.0                
10              N     CARBON STEEL  ...          1.0                
11              N     CARBON STEEL  ...          1.0                
12              N     CARBON STEEL  ...          1.0                
13              N     CARBON STEEL  ...          1.0                
14              N     CARBON STEEL  ...          1.0                
15              N     CARBON STEEL  ...          1.0                
16            NAN     CARBON STEEL  ...          1.0                
17            NAN     CARBON STEEL  ...          1.0                
18            NAN     CARBON STEEL  ...          1.0                
19            NAN     CARBON STEEL  ...          1.0                
20          F1.0L  STAINLESS STEEL  ...          1.0                
21          F1.0L  STAINLESS STEEL  ...          1.0                
22              N     CARBON STEEL  ...          1.0                
23              N     CARBON STEEL  ...          1.0                
24            NAN     CARBON STEEL  ...          1.0                

        PRODUCT_CODE REDUCING_SCHEDULE REDUCING_SIZE REDUCING_WALL     TRIM  \
0        SRSW101071X               NAN          0.75                    NAN   
1        SFSW060101X               NAN           NAN                    NAN   
2        SFSW060101X               NAN           NAN                    NAN   
3   IFBD010101GB-HFN               NAN           NAN                    NAN   
4   IFBD010101GB-HFN               NAN           NAN                    NAN   
5         ISM3T4E010               NAN           NAN                    NAN   
6         ISM3T4E010               NAN           NAN                    NAN   
7         FBDN010101               NAN           NAN                    NAN   
8          FBD010101               NAN           NAN                    NAN   
9        IFBDN010101               NAN           NAN                    NAN   
10       IFBDN010101               NAN           NAN                    NAN   
11      IFBD010101NA               NAN           NAN                    NAN   
12         FBD010101               NAN           NAN                    NAN   
13      IFBD010101NA               NAN           NAN                    NAN   
14  IFBD030101GB-HFN               NAN           NAN                    NAN   
15  IFBD030101GB-HFN               NAN           NAN                    NAN   
16      FTH010101BTX               NAN           NAN                    NAN   
17        IFTH010101               NAN           NAN                    NAN   
18        IFTH010101               NAN           NAN                    NAN   
19      FTH010101BTX               NAN           NAN                    NAN   
20       SISW430101X               NAN           NAN                XH BORE   
21       SISW430101X               NAN           NAN                XH BORE   
22        ISM3T9E010               NAN           NAN                    NAN   
23        ISM3T9E010               NAN           NAN                    NAN   
24      FBD010101BTX               NAN           NAN                    NAN   

                    TYPE WALL_THICKNESS     score  
0           REDUCING TEE                 0.877714  
1            RAISED FACE                 0.876017  
2            RAISED FACE                 0.876017  
3                  BLIND                 0.875597  
4                  BLIND                 0.875597  
5               ELBOW 45                 0.869352  
6        45 DEGREE ELBOW                 0.869352  
7                  BLIND                 0.867743  
8                  BLIND                 0.867743  
9                  BLIND                 0.867743  
10                 BLIND                 0.867743  
11                 BLIND                 0.867743  
12                 BLIND                 0.867743  
13                 BLIND                 0.867743  
14                 BLIND                 0.867703  
15                 BLIND                 0.867703  
16              THREADED                 0.867433  
17  THREADED RAISED FACE                 0.867433  
18  THREADED RAISED FACE                 0.867433  
19  THREADED RAISED FACE                 0.867433  
20           RAISED FACE                 0.866995  
21           RAISED FACE                 0.866995  
22       90 DEGREE ELBOW                 0.866442  
23       ELBOW 90 DEGREE                 0.866442  
24                 BLIND                 0.865813  

[25 rows x 25 columns]",0,EXCELLENT
5,"CONC RED,6X5,S160-CONC RED,6X5,S160-SA-234-WPB","6"" X 5"" S-160 CONCENTRIC WELD REDUCER, SA234-WPB",True,5,9,24.228210799999943,"   CATEGORY  CONFIDENCE                                       DESCRIPTION  \
0   FITTING         0.9                6"" S-160 LR 90 WELD ELL, SA234-WPB   
1   FITTING         0.9                6"" S-160 LR 90 WELD ELL, SA234-WPB   
2   FITTING         0.9                6"" S-160 LR 90 WELD ELL, SA234-WPB   
3   FITTING         0.9                6"" S-160 LR 90 WELD ELL, SA234-WPB   
4   FITTING         0.9                6"" S-160 LR 90 WELD ELL, SA234-WPB   
5   FITTING         0.9                6"" S-160 LR 90 WELD ELL, SA234-WPB   
6   FITTING         0.9                6"" S-160 LR 90 WELD ELL, SA234-WPB   
7   FITTING         0.9                6"" S-160 LR 90 WELD ELL, SA234-WPB   
8   FITTING         0.9                6"" S-160 LR 90 WELD ELL, SA234-WPB   
9   FITTING         0.9  6"" X 5"" S-160 CONCENTRIC WELD REDUCER, SA234-WPB   
10  FITTING         0.9  6"" X 5"" S-160 CONCENTRIC WELD REDUCER, SA234-WPB   
11  FITTING         0.9                      6"" S-160 WELD CAP, SA234-WPB   
12  FITTING         0.9                      6"" S-160 WELD CAP, SA234-WPB   
13  FITTING         0.9                      6"" S-160 WELD TEE, SA234-WPB   
14  FITTING         0.9                      6"" S-160 WELD TEE, SA234-WPB   
15  FITTING         0.9                      6"" S-160 WELD TEE, SA234-WPB   
16  FITTING         0.9                      6"" S-160 WELD TEE, SA234-WPB   
17  FITTING         0.9                      6"" S-160 WELD TEE, SA234-WPB   
18  FITTING         0.9                      6"" S-160 WELD TEE, SA234-WPB   
19  FITTING         0.9                 6 X 5"" XXH CONC REDUCER SA234-WPB   
20  FITTING         0.9                 6 X 5"" XXH CONC REDUCER SA234-WPB   
21  FITTING         0.9               6"" S-160 LR 90 WELD ELL, SA234-WP11   
22  FITTING         0.9               6"" S-160 LR 90 WELD ELL, SA234-WP11   
23  FITTING         0.9                6"" S-120 LR 90 WELD ELL, SA234-WPB   
24  FITTING         0.9                6"" S-120 LR 90 WELD ELL, SA234-WPB   

   END_CONNECTIONS END_FINISH ID LENGTH MANUFACTURING_PROCESS MATERIAL_GRADE  \
0        BUTT WELD        NAN       NAN                   NAN            WPB   
1        BUTT WELD        NAN       NAN                   NAN            WPB   
2        BUTT WELD         BW       NAN                   NAN            WPB   
3        BUTT WELD        NAN       NAN                  WELD            WPB   
4        BUTT WELD         BW       NAN                   NAN            WPB   
5        BUTT WELD         BW       NAN                   NAN            WPB   
6        BUTT WELD       WELD       NAN                   NAN            WPB   
7        BUTT WELD         BW       NAN                   NAN            WPB   
8        BUTT WELD         BW       NAN                   NAN            WPB   
9              NAN        NAN       NAN                  WELD            WPB   
10             NAN        NAN       NAN                  WELD            WPB   
11       BUTT WELD         BW       NAN                   NAN            WPB   
12              BW        NAN       NAN                   NAN            WPB   
13              BW        NAN       NAN                   NAN            WPB   
14       BUTT WELD        NAN       NAN                WELDED            WPB   
15             NAN        NAN       NAN                WELDED            WPB   
16             NAN        NAN       NAN                WELDED            WPB   
17              BW        NAN       NAN                   NAN            WPB   
18             NAN        NAN       NAN                  WELD            WPB   
19             NAN        NAN       NAN                   NAN            WPB   
20             NAN        NAN       NAN                   NAN            WPB   
21       BUTT WELD         BW       NAN                WELDED           WP11   
22       BUTT WELD         BW       NAN                   NAN           WP11   
23       BUTT WELD       WELD       NAN                   NAN            WPB   
24       BUTT WELD         BW       NAN                   NAN            WPB   

   MATERIAL_NAME  ... PRIMARY_SIZE PRIMARY_WALL  PRODUCT_CODE  \
0   CARBON STEEL  ...          6.0                   WL906016   
1   CARBON STEEL  ...          6.0                 IWL906016A   
2   CARBON STEEL  ...          6.0                   WL906016   
3   CARBON STEEL  ...          6.0                  KWL906016   
4   CARBON STEEL  ...          6.0                 ISWL906016   
5   CARBON STEEL  ...          6.0                 IAWL906016   
6   CARBON STEEL  ...          6.0                 IAWL906016   
7   CARBON STEEL  ...          6.0                  KWL906016   
8   CARBON STEEL  ...          6.0                 IWL906016A   
9   CARBON STEEL  ...          6.0               KWCO06005016   
10  CARBON STEEL  ...          6.0               KWCO06005016   
11  CARBON STEEL  ...          6.0                   WCA06016   
12  CARBON STEEL  ...          6.0                   WCA06016   
13  CARBON STEEL  ...          6.0                  IWTE06016   
14  CARBON STEEL  ...          6.0                 ISWTE06016   
15  CARBON STEEL  ...          6.0                   WTE06016   
16  CARBON STEEL  ...          6.0                   WTE06016   
17  CARBON STEEL  ...          6.0                  IWTE06016   
18  CARBON STEEL  ...          6.0                 ISWTE06016   
19  CARBON STEEL  ...          6.0               IWCO060050XX   
20  CARBON STEEL  ...          6.0               IWCO060050XX   
21   ALLOY STEEL  ...          6.0                IWL90601611   
22   ALLOY STEEL  ...          6.0                IWL90601611   
23  CARBON STEEL  ...          6.0                  IWL906012   
24  CARBON STEEL  ...          6.0                 IWL906012A   

   REDUCING_SCHEDULE REDUCING_SIZE REDUCING_WALL TRIM                  TYPE  \
0                NAN           NAN                NAN  LONG RADIUS 90 ELBOW   
1                NAN           NAN                NAN  LONG RADIUS 90 ELBOW   
2                NAN           NAN                NAN  LONG RADIUS 90 ELBOW   
3                NAN           NAN                NAN  LONG RADIUS 90 ELBOW   
4                NAN           NAN                NAN  LONG RADIUS 90 ELBOW   
5                NAN           NAN                NAN  LONG RADIUS 90 ELBOW   
6                NAN           NAN                NAN  LONG RADIUS 90 ELBOW   
7                NAN           NAN                NAN  LONG RADIUS 90 ELBOW   
8                NAN           NAN                NAN  LONG RADIUS 90 ELBOW   
9                160             5                NAN    CONCENTRIC REDUCER   
10             S-160             5                NAN    CONCENTRIC REDUCER   
11               NAN           NAN                NAN                   CAP   
12               NAN           NAN                NAN                   CAP   
13               NAN           NAN                NAN          STRAIGHT TEE   
14               NAN           NAN                NAN                   TEE   
15               NAN           NAN                NAN                   TEE   
16               NAN           NAN                NAN          STRAIGHT TEE   
17               NAN           NAN                NAN                   TEE   
18               NAN           NAN                NAN          STRAIGHT TEE   
19               NAN             5                NAN    CONCENTRIC REDUCER   
20               XXH             5                NAN    CONCENTRIC REDUCER   
21               NAN           NAN                NAN  LONG RADIUS 90 ELBOW   
22               NAN           NAN                NAN  LONG RADIUS 90 ELBOW   
23               NAN           NAN                NAN  LONG RADIUS 90 ELBOW   
24               NAN           NAN                NAN  LONG RADIUS 90 ELBOW   

   WALL_THICKNESS     score  
0                  0.918551  
1                  0.918551  
2                  0.918551  
3                  0.918551  
4                  0.918551  
5                  0.918551  
6                  0.918551  
7                  0.918551  
8                  0.918551  
9                  0.912891  
10                 0.912891  
11                 0.912128  
12                 0.912128  
13                 0.910224  
14                 0.910224  
15                 0.910224  
16                 0.910224  
17                 0.910224  
18                 0.910224  
19                 0.903509  
20                 0.903509  
21                 0.898222  
22                 0.898222  
23                 0.898062  
24                 0.898062  

[25 rows x 25 columns]",0,EXCELLENT
6,"4-XX106B-PIPE,SMLS,4,XXH-SA-106B","4"" XXH .674W BLK SA106-B SEAMLESS PIPE",True,6,22,29.36744069999986,"   CATEGORY  CONFIDENCE  \
0      PIPE         0.9   
1      PIPE         0.9   
2      PIPE         0.9   
3      PIPE         0.9   
4      PIPE         0.9   
5      PIPE         0.9   
6      PIPE         0.9   
7      PIPE         0.9   
8      PIPE         0.9   
9      PIPE         0.9   
10     PIPE         0.9   
11     PIPE         0.9   
12     PIPE         0.9   
13     PIPE         0.9   
14     PIPE         0.9   
15     PIPE         0.9   
16     PIPE         0.9   
17     PIPE         0.9   
18     PIPE         0.9   
19     PIPE         0.9   
20     PIPE         0.9   
21     PIPE         0.9   
22     PIPE         0.9   
23     PIPE         0.9   
24     PIPE         0.9   

                                                        DESCRIPTION  \
0                      4"" X 4"" XH SA106-B SEAMLESS PIPE NIPPLE, TBE   
1                      4"" X 4"" XH SA106-B SEAMLESS PIPE NIPPLE, TBE   
2                      4"" X 6"" XH SA106-B SEAMLESS PIPE NIPPLE, TBE   
3                      4"" X 6"" XH SA106-B SEAMLESS PIPE NIPPLE, TBE   
4                      4"" X 8"" XH SA106-B SEAMLESS PIPE NIPPLE, TBE   
5                      4"" X 8"" XH SA106-B SEAMLESS PIPE NIPPLE, TBE   
6   4"" S-160 .531W SA333 GR6/SA106-B SMLS PIPE PER S2/SP SUPPLEMENT   
7   4"" S-160 .531W SA333 GR6/SA106-B SMLS PIPE PER S2/SP SUPPLEMENT   
8                      4"" X 4"" XH SA106-B SEAMLESS PIPE NIPPLE, TOE   
9                      4"" X 4"" XH SA106-B SEAMLESS PIPE NIPPLE, TOE   
10           4"" XXH X 3-0.562"" SA106B PIPE BBE 37-0.5W/ 0.062"" LAND   
11           4"" XXH X 3-0.562"" SA106B PIPE BBE 37-0.5W/ 0.062"" LAND   
12                4"" S-120 .438W BLK SA53-B/ SA106-B/CSEAMLESS PIPE   
13                4"" S-120 .438W BLK SA53-B/ SA106-B/CSEAMLESS PIPE   
14                4"" S-120 .438W BLK SA53-B/ SA106-B/CSEAMLESS PIPE   
15                4"" S-120 .438W BLK SA53-B/ SA106-B/CSEAMLESS PIPE   
16        4"" S-120 .438W BLK SA53-B/ SA106-B/CSEAMLESS PIPE (SPAIN)   
17        4"" S-120 .438W BLK SA53-B/ SA106-B/CSEAMLESS PIPE (SPAIN)   
18        4"" S-120 .438W BLK SA53-B/ SA106-B/CSEAMLESS PIPE (SPAIN)   
19        4"" S-120 .438W BLK SA53-B/ SA106-B/CSEAMLESS PIPE (SPAIN)   
20                 4"" XXH .674W SA333 GRADE-6/SA106-B SEAMLESS PIPE   
21                 4"" XXH .674W SA333 GRADE-6/SA106-B SEAMLESS PIPE   
22                           4"" XXH .674W BLK SA106-B SEAMLESS PIPE   
23                           4"" XXH .674W BLK SA106-B SEAMLESS PIPE   
24                           4"" XXH .674W BLK SA106-B SEAMLESS PIPE   

       END_CONNECTIONS END_FINISH ID LENGTH MANUFACTURING_PROCESS  \
0             THREADED        TBE       NAN              SEAMLESS   
1   THREADED BOTH ENDS        NAN       NAN              SEAMLESS   
2   THREADED BOTH ENDS        NAN       NAN              SEAMLESS   
3             THREADED        NAN       NAN              SEAMLESS   
4             THREADED        NAN       NAN              SEAMLESS   
5   THREADED BOTH ENDS        NAN       NAN              SEAMLESS   
6                  NAN        NAN       NAN                  SMLS   
7                  NAN        NAN       NAN              SEAMLESS   
8                  NAN        TOE       NAN              SEAMLESS   
9                  NAN        TOE       NAN              SEAMLESS   
10                 NAN        BBE      37.5                   NAN   
11                 NAN        BBE      37.5                   NAN   
12                 NAN      BLACK       NAN              SEAMLESS   
13                 NAN      BLACK       NAN              SEAMLESS   
14                 NAN      BLACK       NAN              SEAMLESS   
15                 NAN      BLACK       NAN              SEAMLESS   
16                 NAN      BLACK       NAN              SEAMLESS   
17                 NAN      BLACK       NAN              SEAMLESS   
18                 NAN      BLACK       NAN              SEAMLESS   
19                 NAN      BLACK       NAN              SEAMLESS   
20                 NAN        NAN       NAN              SEAMLESS   
21                 NAN        NAN       NAN              SEAMLESS   
22                 NAN      BLACK       NAN              SEAMLESS   
23                 NAN      BLACK       NAN              SEAMLESS   
24                 NAN        BLK       NAN              SEAMLESS   

   MATERIAL_GRADE MATERIAL_NAME  ... PRIMARY_SIZE PRIMARY_WALL  \
0               B  CARBON STEEL  ...          4.0                
1               B  CARBON STEEL  ...          4.0                
2               B  CARBON STEEL  ...          4.0                
3               B  CARBON STEEL  ...          4.0                
4               B  CARBON STEEL  ...          4.0                
5               B  CARBON STEEL  ...          4.0                
6           GR6/B  CARBON STEEL  ...          4.0                
7           GR6/B  CARBON STEEL  ...          4.0                
8               B  CARBON STEEL  ...          4.0                
9               B  CARBON STEEL  ...          4.0                
10              B  CARBON STEEL  ...          4.0                
11              B  CARBON STEEL  ...          4.0                
12            NAN  CARBON STEEL  ...          4.0                
13            NAN  CARBON STEEL  ...          4.0                
14            NAN  CARBON STEEL  ...          4.0                
15            NAN  CARBON STEEL  ...          4.0                
16            NAN  CARBON STEEL  ...          4.0                
17            NAN  CARBON STEEL  ...          4.0                
18            NAN  CARBON STEEL  ...          4.0                
19            NAN  CARBON STEEL  ...          4.0                
20            6/B  CARBON STEEL  ...          4.0                
21      GRADE 6/B  CARBON STEEL  ...          4.0                
22              B  CARBON STEEL  ...          4.0                
23              B  CARBON STEEL  ...          4.0                
24              B  CARBON STEEL  ...          4.0                

         PRODUCT_CODE REDUCING_SCHEDULE REDUCING_SIZE REDUCING_WALL TRIM  \
0           BSX040040               NAN           NAN                NAN   
1           BSX040040               NAN           NAN                NAN   
2           BSX040060               NAN             6                NAN   
3           BSX040060               NAN             6                NAN   
4           BSX040080               NAN             8                NAN   
5           BSX040080               NAN             8                NAN   
6   IPA3/B04016A-ALKY               NAN           NAN                NAN   
7   IPA3/B04016A-ALKY               NAN           NAN                NAN   
8          BSX0400401               NAN           NAN                NAN   
9          BSX0400401               NAN           NAN                NAN   
10         PA040XX035               NAN        3.5625                NAN   
11         PA040XX035               NAN        3.5625                NAN   
12         IPA04012AM               NAN           NAN                NAN   
13        SIPA04012AM               NAN           NAN                NAN   
14        SIPA04012AM               NAN           NAN                NAN   
15         IPA04012AM               NAN           NAN                NAN   
16         IPA04012TR               NAN           NAN                NAN   
17        SIPA04012TR               NAN           NAN                NAN   
18         IPA04012TR               NAN           NAN                NAN   
19        SIPA04012TR               NAN           NAN                NAN   
20         PA3/B040XX               NAN           NAN                NAN   
21         PA3/B040XX               NAN           NAN                NAN   
22          SIPA040XX               NAN           NAN                NAN   
23           SPA040XX               NAN           NAN                NAN   
24           SPA040XX               NAN           NAN                NAN   

                    TYPE WALL_THICKNESS     score  
0                 NIPPLE                 0.913940  
1   SEAMLESS PIPE NIPPLE                 0.913940  
2                 NIPPLE                 0.909321  
3                 NIPPLE                 0.909321  
4                 NIPPLE                 0.907915  
5                 NIPPLE                 0.907915  
6          SEAMLESS PIPE                 0.906789  
7               SEAMLESS                 0.906789  
8   SEAMLESS PIPE NIPPLE                 0.904799  
9   SEAMLESS PIPE NIPPLE                 0.904799  
10         PIPE REDUCING                 0.904281  
11                  PIPE                 0.904281  
12              SEAMLESS                 0.902635  
13              SEAMLESS                 0.902635  
14              SEAMLESS                 0.902635  
15              SEAMLESS                 0.902635  
16              SEAMLESS                 0.901465  
17              SEAMLESS                 0.901465  
18              SEAMLESS                 0.901465  
19              SEAMLESS                 0.901465  
20         SEAMLESS PIPE                 0.901362  
21              SEAMLESS                 0.901362  
22         SEAMLESS PIPE                 0.901297  
23         SEAMLESS PIPE                 0.901297  
24              SEAMLESS                 0.901297  

[25 rows x 25 columns]",0,EXCELLENT
7,"4-LR45X-ELBOW,LR45,4,XH (S80)-SA-234-WPB","4"" XH LR 45 WELD ELL, SA234-WPB",True,7,10,23.994710899999973,"   CATEGORY  CONFIDENCE                        DESCRIPTION END_CONNECTIONS  \
0   FITTING         0.9     4"" XH LR 45WELD ELL, SA234-WPB       BUTT WELD   
1   FITTING         0.9     4"" XH LR 45WELD ELL, SA234-WPB       BUTT WELD   
2   FITTING         0.9     4"" XH LR 45WELD ELL, SA234-WPB       BUTT WELD   
3   FITTING         0.9     4"" XH LR 45WELD ELL, SA234-WPB       BUTT WELD   
4   FITTING         0.9     4"" XH LR 45WELD ELL, SA234-WPB       BUTT WELD   
5   FITTING         0.9     4"" XH LR 45WELD ELL, SA234-WPB              BW   
6   FITTING         0.9     4"" XH LR 45WELD ELL, SA234-WPB       BUTT WELD   
7   FITTING         0.9     4"" XH LR 45WELD ELL, SA234-WPB       BUTT WELD   
8   FITTING         0.9     4"" XH LR 45WELD ELL, SA234-WPB       BUTT WELD   
9   FITTING         0.9     4"" XH LR 45WELD ELL, SA234-WPB              BW   
10  FITTING         0.9    4"" XH LR 45 WELD ELL, SA234-WPB       BUTT WELD   
11  FITTING         0.9    4"" XH LR 45 WELD ELL, SA234-WPB       BUTT WELD   
12  FITTING         0.9    4"" XH LR 45 WELD ELL, SA234-WPB       BUTT WELD   
13  FITTING         0.9    4"" XH LR 45 WELD ELL, SA234-WPB       BUTT WELD   
14  FITTING         0.9    4"" XH LR 45 WELD ELL, SA234-WPB       BUTT WELD   
15  FITTING         0.9    4"" XXH LR 45WELD ELL, SA234-WPB       BUTT WELD   
16  FITTING         0.9    4"" XXH LR 45WELD ELL, SA234-WPB       BUTT WELD   
17  FITTING         0.9  4"" S-120 LR 45WELD ELL, SA234-WPB       BUTT WELD   
18  FITTING         0.9  4"" S-120 LR 45WELD ELL, SA234-WPB       BUTT WELD   
19  FITTING         0.9  4"" S-120 LR 45WELD ELL, SA234-WPB       BUTT WELD   
20  FITTING         0.9  4"" S-120 LR 45WELD ELL, SA234-WPB       BUTT WELD   
21  FITTING         0.9  4"" S-160 LR 45WELD ELL, SA234-WPB       BUTT WELD   
22  FITTING         0.9     4"" XH LR 90WELD ELL, SA234-WPB              BW   
23  FITTING         0.9   4"" S-10 LR 45 WELD ELL SA234-WPB       BUTT WELD   
24  FITTING         0.9   4"" S-10 LR 45 WELD ELL SA234-WPB       BUTT WELD   

   END_FINISH ID LENGTH MANUFACTURING_PROCESS MATERIAL_GRADE MATERIAL_NAME  \
0        WELD       NAN                   NAN            WPB  CARBON STEEL   
1   BUTT WELD       NAN                   NAN            WPB  CARBON STEEL   
2         NAN       NAN                   NAN            WPB  CARBON STEEL   
3         NAN       NAN                   NAN            WPB  CARBON STEEL   
4         NAN       NAN                WELDED            WPB  CARBON STEEL   
5   BUTT WELD       NAN                   NAN            WPB  CARBON STEEL   
6         NAN       NAN                   NAN            WPB  CARBON STEEL   
7        WELD       NAN                   NAN            WPB  CARBON STEEL   
8          BW       NAN                   NAN            WPB  CARBON STEEL   
9          BW       NAN                   NAN            WPB  CARBON STEEL   
10         BW       NAN                   NAN            WPB  CARBON STEEL   
11       WELD       NAN                   NAN            WPB  CARBON STEEL   
12         BW       NAN                   NAN            WPB  CARBON STEEL   
13       WELD       NAN                   NAN            WPB  CARBON STEEL   
14        NAN       NAN                   NAN            WPB  CARBON STEEL   
15         BW       NAN                   NAN            WPB  CARBON STEEL   
16         BW       NAN                   NAN            WPB  CARBON STEEL   
17         BW       NAN                   NAN            WPB  CARBON STEEL   
18       WELD       NAN                   NAN            WPB  CARBON STEEL   
19         BW       NAN                WELDED            WPB  CARBON STEEL   
20         BW       NAN                   NAN            WPB  CARBON STEEL   
21         BW       NAN                   NAN            WPB  CARBON STEEL   
22  BUTT WELD       NAN                   NAN            WPB  CARBON STEEL   
23        NAN       NAN                   NAN            WPB  CARBON STEEL   
24         BW       NAN                   NAN            WPB  CARBON STEEL   

    ... PRIMARY_SIZE PRIMARY_WALL PRODUCT_CODE REDUCING_SCHEDULE  \
0   ...          4.0                  WWL4040X               NAN   
1   ...          4.0                 ISWL4040X               NAN   
2   ...          4.0                 ISWL4040X               NAN   
3   ...          4.0                  WWL4040X               NAN   
4   ...          4.0                 IWL4040XA               NAN   
5   ...          4.0                 IWL4040XA               NAN   
6   ...          4.0                IWL4040XCI               NAN   
7   ...          4.0                IWL4040XCI               NAN   
8   ...          4.0                  IWL4040X               NAN   
9   ...          4.0                  IWL4040X               NAN   
10  ...          4.0                IWL4040XTM               NAN   
11  ...          4.0                IWL4040XTM               NAN   
12  ...          4.0                   WL4040X               NAN   
13  ...          4.0                   WL4040X               NAN   
14  ...          4.0               KWL4040XSKB               NAN   
15  ...          4.0                 KWL4040XX               NAN   
16  ...          4.0                 IWL4040XX               NAN   
17  ...          4.0                 IWL404012               NAN   
18  ...          4.0                 IWL404012               NAN   
19  ...          4.0                IWL404012A               NAN   
20  ...          4.0                IWL404012A               NAN   
21  ...          4.0                 IWL404016               NAN   
22  ...          4.0                  WWL9040X               NAN   
23  ...          4.0                 WL4040S10               NAN   
24  ...          4.0                 WL4040S10               NAN   

   REDUCING_SIZE REDUCING_WALL TRIM                  TYPE WALL_THICKNESS  \
0            NAN                NAN  LONG RADIUS 45 ELBOW                  
1            NAN                NAN  LONG RADIUS 45 ELBOW                  
2            NAN                NAN  LONG RADIUS 45 ELBOW                  
3            NAN                NAN  LONG RADIUS 45 ELBOW                  
4            NAN                NAN  LONG RADIUS 45 ELBOW                  
5            NAN                NAN  LONG RADIUS 45 ELBOW                  
6            NAN                NAN  LONG RADIUS 45 ELBOW                  
7            NAN                NAN  LONG RADIUS 45 ELBOW                  
8            NAN                NAN  LONG RADIUS 45 ELBOW                  
9            NAN                NAN  LONG RADIUS 45 ELBOW                  
10           NAN                NAN  LONG RADIUS 45 ELBOW                  
11           NAN                NAN  LONG RADIUS 45 ELBOW                  
12           NAN                NAN  LONG RADIUS 45 ELBOW                  
13           NAN                NAN  LONG RADIUS 45 ELBOW                  
14           NAN                NAN  LONG RADIUS 45 ELBOW                  
15           NAN                NAN  LONG RADIUS 45 ELBOW                  
16           NAN                NAN  LONG RADIUS 45 ELBOW                  
17           NAN                NAN  LONG RADIUS 45 ELBOW                  
18           NAN                NAN  LONG RADIUS 45 ELBOW                  
19           NAN                NAN  LONG RADIUS 45 ELBOW                  
20           NAN                NAN  LONG RADIUS 45 ELBOW                  
21           NAN                NAN  LONG RADIUS 45 ELBOW                  
22           NAN                NAN  LONG RADIUS 90 ELBOW                  
23           NAN                NAN  LONG RADIUS 45 ELBOW                  
24           NAN                NAN  ELBOW 45 LONG RADIUS                  

       score  
0   0.925816  
1   0.925816  
2   0.925816  
3   0.925816  
4   0.925816  
5   0.925816  
6   0.925816  
7   0.925816  
8   0.925816  
9   0.925816  
10  0.920809  
11  0.920809  
12  0.920809  
13  0.920809  
14  0.920809  
15  0.918087  
16  0.918087  
17  0.917876  
18  0.917876  
19  0.917876  
20  0.917876  
21  0.915835  
22  0.915383  
23  0.913634  
24  0.913634  

[25 rows x 25 columns]",0,EXCELLENT
8,"12700629-PIPE,SMLS,8,S60","8"" S-60 .406W BLK SA106-B SEAMLESS PIPE",True,8,28,24.44196729999976,"   CATEGORY  CONFIDENCE  \
0      PIPE         0.9   
1      PIPE         0.9   
2      PIPE         0.9   
3      PIPE         0.9   
4      PIPE         0.9   
5      PIPE         0.9   
6      PIPE         0.9   
7      PIPE         0.9   
8      PIPE         0.9   
9      PIPE         0.9   
10     PIPE         0.9   
11     PIPE         0.9   
12     PIPE         0.9   
13     PIPE         0.9   
14     PIPE         0.9   
15     PIPE         0.9   
16     PIPE         0.9   
17     PIPE         0.9   
18     PIPE         0.9   
19     PIPE         0.9   
20     PIPE         0.9   
21     PIPE         0.9   
22     PIPE         0.9   
23     PIPE         0.9   
24     PIPE         0.9   

                                                                              DESCRIPTION  \
0                                             8"" S-160 906W SEAMLESS PIPE SA312-TP-304LSS   
1                                             8"" S-160 906W SEAMLESS PIPE SA312-TP-304LSS   
2                                    8"" STD .322W ASME SA333 GR6/ SA106-B/C SEAMLESS PIPE   
3                                    8"" STD .322W ASME SA333 GR6/ SA106-B/C SEAMLESS PIPE   
4                                  8"" S-120 .719W ASME SA333 GR6/ SA106-B/C SEAMLESS PIPE   
5                                  8"" S-120 .719W ASME SA333 GR6/ SA106-B/C SEAMLESS PIPE   
6                                            8"" S-160 .906W SEAMLESS PIPE SA312-TP-316LSS   
7                                             8"" S-160 906W SEAMLESS PIPE SA312-TP-316LSS   
8   8"" X 6-0.5"" LG S-120 SA106-B SMLS PIPE NIPPLE WITH 22-0.5 MITER AND 30 BEVEL OE X SCE   
9   8"" X 6-0.5"" LG S-120 SA106-B SMLS PIPE NIPPLE WITH 22-0.5 MITER AND 30 BEVEL OE X SCE   
10                                             8"" S-160 .906W SA333-GRADE-6 SEAMLESS PIPE   
11                                             8"" S-160 .906W SA333-GRADE-6 SEAMLESS PIPE   
12                                             8"" S-160 .906W SA333-GRADE-6 SEAMLESS PIPE   
13                                                  8"" STD .322W SA333 GR-6 SEAMLESS PIPE   
14                                                  8"" STD .322W SA333 GR-6 SEAMLESS PIPE   
15                                                  8"" STD .322W SA333 GR-6 SEAMLESS PIPE   
16                                   8"" S-160 .906W BLK SA106-B/C API5L/X42 SEAMLESS PIPE   
17                                   8"" S-160 .906W BLK SA106-B/C API5L/X42 SEAMLESS PIPE   
18                                   8"" S-160 .906W BLK SA106-B/C API5L/X42 SEAMLESS PIPE   
19                                   8"" S-160 .906W BLK SA106-B/C API5L/X42 SEAMLESS PIPE   
20                         8"" S-120 .719W SA333 GRADE-6/SA106-B/C API5L/X42 SEAMLESS PIPE   
21                         8"" S-120 .719W SA333 GRADE-6/SA106-B/C API5L/X42 SEAMLESS PIPE   
22                         8"" S-120 .719W SA333 GRADE-6/SA106-B/C API5L/X42 SEAMLESS PIPE   
23                         8"" S-120 .719W SA333 GRADE-6/SA106-B/C API5L/X42 SEAMLESS PIPE   
24                                                8"" S-120 ..719W SA335-P11 SEAMLESS PIPE   

   END_CONNECTIONS                          END_FINISH ID LENGTH  \
0              NAN                                 NAN       NAN   
1              NAN                                 NAN       NAN   
2              NAN                                 NAN       NAN   
3              NAN                                 NAN       NAN   
4              NAN                                 NAN       NAN   
5              NAN                                 NAN       NAN   
6              NAN                                 NAN       NAN   
7              NAN                                 NAN       NAN   
8              NAN  22-0.5 MITER AND 30 BEVEL OE X SCE       6.5   
9              SCE                     30 DEGREE BEVEL       6.5   
10             NAN                                 NAN       NAN   
11             NAN                                 NAN       NAN   
12             NAN                                 NAN       NAN   
13             NAN                                 NAN       NAN   
14             NAN                                 NAN       NAN   
15             NAN                                 NAN       NAN   
16             NAN                               BLACK       NAN   
17             NAN                                 BLK       NAN   
18             NAN                               BLACK       NAN   
19             NAN                                 BLK       NAN   
20             NAN                                 NAN       NAN   
21             NAN                                 NAN       NAN   
22             NAN                                 NAN       NAN   
23             NAN                                 NAN       NAN   
24             NAN                                 NAN       NAN   

   MANUFACTURING_PROCESS   MATERIAL_GRADE    MATERIAL_NAME  ... PRIMARY_SIZE  \
0               SEAMLESS           TP304L  STAINLESS STEEL  ...          8.0   
1               SEAMLESS           TP304L  STAINLESS STEEL  ...          8.0   
2                   SMLS          GR6/B/C     CARBON STEEL  ...          8.0   
3               SEAMLESS          GR6/B/C     CARBON STEEL  ...          8.0   
4                   SMLS          GR6/B/C     CARBON STEEL  ...          8.0   
5               SEAMLESS          GR6/B/C     CARBON STEEL  ...          8.0   
6               SEAMLESS           TP316L  STAINLESS STEEL  ...          8.0   
7               SEAMLESS           TP316L  STAINLESS STEEL  ...          8.0   
8                   SMLS                B     CARBON STEEL  ...          8.0   
9               SEAMLESS                B     CARBON STEEL  ...          8.0   
10              SEAMLESS                6     CARBON STEEL  ...          8.0   
11              SEAMLESS                6     CARBON STEEL  ...          8.0   
12              SEAMLESS                6     CARBON STEEL  ...          8.0   
13              SEAMLESS                6     CARBON STEEL  ...          8.0   
14              SEAMLESS                6     CARBON STEEL  ...          8.0   
15              SEAMLESS                6     CARBON STEEL  ...          8.0   
16              SEAMLESS              B/C     CARBON STEEL  ...          8.0   
17              SEAMLESS              B/C     CARBON STEEL  ...          8.0   
18              SEAMLESS              B/C     CARBON STEEL  ...          8.0   
19              SEAMLESS              B/C     CARBON STEEL  ...          8.0   
20                  SMLS  GRADE-6/B/C/X42     CARBON STEEL  ...          8.0   
21              SEAMLESS      GR6/B/C/X42     CARBON STEEL  ...          8.0   
22              SEAMLESS  GRADE-6/B/C/X42     CARBON STEEL  ...          8.0   
23                  SMLS      GR6/B/C/X42     CARBON STEEL  ...          8.0   
24              SEAMLESS              P11      ALLOY STEEL  ...          8.0   

   PRIMARY_WALL     PRODUCT_CODE REDUCING_SCHEDULE REDUCING_SIZE  \
0                     SIPS408016               NAN           NAN   
1                      IPS408016               NAN           NAN   
2                   IPA3/B080STA               NAN           NAN   
3                   IPA3/B080STA               NAN           NAN   
4                  IPA3/B08012VG               NAN           NAN   
5                  IPA3/B08012VG               NAN           NAN   
6                     IPS608016C               NAN           NAN   
7                      IPS608016               NAN           NAN   
8                BS1208006522.5M               NAN           NAN   
9                BS1208006522.5M               NAN           NAN   
10                     IPA308016               NAN           NAN   
11                     IPA308016               NAN           NAN   
12                      PA308016               NAN           NAN   
13                     SPA3080ST               NAN           NAN   
14                     SPA3080ST               NAN           NAN   
15                    HWPA3080ST               NAN           NAN   
16                    IPA08016PT               NAN           NAN   
17                    IPA08016PT               NAN           NAN   
18                   SIPA08016PT               NAN           NAN   
19                   SIPA08016PT               NAN           NAN   
20                    PA3/B08012               NAN           NAN   
21                   SPA3/B08012               NAN           NAN   
22                    PA3/B08012               NAN           NAN   
23                   SPA3/B08012               NAN           NAN   
24                   SIPA1108012               NAN           NAN   

   REDUCING_WALL TRIM            TYPE WALL_THICKNESS     score  
0                 NAN   SEAMLESS PIPE                 0.877594  
1                 NAN   SEAMLESS PIPE                 0.877594  
2                 NAN   SEAMLESS PIPE                 0.875011  
3                 NAN   SEAMLESS PIPE                 0.875011  
4                 NAN   SEAMLESS PIPE                 0.874877  
5                 NAN   SEAMLESS PIPE                 0.874877  
6                 NAN   SEAMLESS PIPE                 0.872704  
7                 NAN   SEAMLESS PIPE                 0.872617  
8                 NAN     PIPE NIPPLE                 0.871445  
9                 NAN  NIPPLE MITERED                 0.871445  
10                NAN   SEAMLESS PIPE                 0.870173  
11                NAN        SEAMLESS                 0.870173  
12                NAN   SEAMLESS PIPE                 0.870173  
13                NAN   SEAMLESS PIPE                 0.870090  
14                NAN   SEAMLESS PIPE                 0.870090  
15                NAN   SEAMLESS PIPE                 0.870090  
16                NAN   SEAMLESS PIPE                 0.869710  
17                NAN        SEAMLESS                 0.869710  
18                NAN   SEAMLESS PIPE                 0.869710  
19                NAN        SEAMLESS                 0.869710  
20                NAN   SEAMLESS PIPE                 0.869395  
21                NAN   SEAMLESS PIPE                 0.869395  
22                NAN   SEAMLESS PIPE                 0.869395  
23                NAN   SEAMLESS PIPE                 0.869395  
24                NAN   SEAMLESS PIPE                 0.868920  

[25 rows x 25 columns]",0,EXCELLENT
9,"CONC RED,6X5,XXH-MATL: SA-234-WPB","6"" X 5"" XX CONCENTRIC WELD REDUCER, SA234-WPB",True,9,6,47.249745300000086,"   CATEGORY  CONFIDENCE                                    DESCRIPTION  \
0   FITTING         0.9              6 X 5"" XXH CONC REDUCER SA234-WPB   
1   FITTING         0.9              6 X 5"" XXH CONC REDUCER SA234-WPB   
2   FITTING         0.9  6"" X 5"" XH CONCENTRIC WELD REDUCER, SA234-WPB   
3   FITTING         0.9  6"" X 5"" XH CONCENTRIC WELD REDUCER, SA234-WPB   
4   FITTING         0.9  6"" X 5"" XH CONCENTRIC WELD REDUCER, SA234-WPB   
5   FITTING         0.9  6"" X 5"" XH CONCENTRIC WELD REDUCER, SA234-WPB   
6   FITTING         0.9  6"" X 5"" XX CONCENTRIC WELD REDUCER, SA234-WPB   
7   FITTING         0.9  6"" X 5"" XX CONCENTRIC WELD REDUCER, SA234-WPB   
8   FITTING         0.9                     6"" XXH WELD CAP, SA234-WPB   
9   FITTING         0.9  6"" X 4"" XH CONCENTRIC WELD REDUCER, SA234-WPB   
10  FITTING         0.9  6"" X 4"" XH CONCENTRIC WELD REDUCER, SA234-WPB   
11  FITTING         0.9  6"" X 4"" XH CONCENTRIC WELD REDUCER, SA234-WPB   
12  FITTING         0.9  6"" X 4"" XH CONCENTRIC WELD REDUCER, SA234-WPB   
13  FITTING         0.9  6"" X 4"" XH CONCENTRIC WELD REDUCER, SA234-WPB   
14  FITTING         0.9  6"" X 4"" XH CONCENTRIC WELD REDUCER, SA234-WPB   
15  FITTING         0.9  6"" X 4"" XH CONCENTRIC WELD REDUCER, SA234-WPB   
16  FITTING         0.9  6"" X 4"" XH CONCENTRIC WELD REDUCER, SA234-WPB   
17  FITTING         0.9  6"" X 4"" XH CONCENTRIC WELD REDUCER, SA234-WPB   
18  FITTING         0.9                      6"" XH WELD TEE, SA234-WPB   
19  FITTING         0.9                      6"" XH WELD TEE, SA234-WPB   
20  FITTING         0.9                      6"" XH WELD TEE, SA234-WPB   
21  FITTING         0.9                      6"" XH WELD TEE, SA234-WPB   
22  FITTING         0.9                      6"" XH WELD TEE, SA234-WPB   
23  FITTING         0.9                      6"" XH WELD TEE, SA234-WPB   
24  FITTING         0.9                      6"" XH WELD TEE, SA234-WPB   

   END_CONNECTIONS END_FINISH ID LENGTH MANUFACTURING_PROCESS MATERIAL_GRADE  \
0              NAN        NAN       NAN                   NAN            WPB   
1              NAN        NAN       NAN                   NAN            WPB   
2              NAN        NAN       NAN                  WELD            WPB   
3              NAN        NAN       NAN                  WELD            WPB   
4              NAN        NAN       NAN                   NAN            WPB   
5              NAN        NAN       NAN                  WELD            WPB   
6              NAN        NAN       NAN                  WELD            WPB   
7              NAN        NAN       NAN                  WELD            WPB   
8              NAN        NAN       NAN                  WELD            WPB   
9               BW        NAN       NAN                   NAN            WPB   
10             NAN        NAN       NAN                  WELD            WPB   
11             NAN        NAN       NAN                  WELD            WPB   
12             NAN        NAN       NAN                  WELD            WPB   
13             NAN        NAN       NAN                  WELD            WPB   
14             NAN        NAN       NAN                  WELD            WPB   
15             NAN        NAN       NAN                  WELD            WPB   
16              BW         BW       NAN                   NAN            WPB   
17             NAN        NAN       NAN                  WELD            WPB   
18             NAN        NAN       NAN                  WELD            WPB   
19             NAN        NAN       NAN                WELDED            WPB   
20              BW        NAN       NAN                   NAN            WPB   
21             NAN        NAN       NAN                  WELD            WPB   
22             NAN        NAN       NAN                  WELD            WPB   
23             NAN        NAN       NAN                WELDED            WPB   
24              BW        NAN       NAN                WELDED            WPB   

   MATERIAL_NAME  ... PRIMARY_SIZE PRIMARY_WALL   PRODUCT_CODE  \
0   CARBON STEEL  ...          6.0                IWCO060050XX   
1   CARBON STEEL  ...          6.0                IWCO060050XX   
2   CARBON STEEL  ...          6.0                 WWCO060050X   
3   CARBON STEEL  ...          6.0                 IWCO060050X   
4   CARBON STEEL  ...          6.0                 IWCO060050X   
5   CARBON STEEL  ...          6.0                 WWCO060050X   
6   CARBON STEEL  ...          6.0                KWCO060050XX   
7   CARBON STEEL  ...          6.0                KWCO060050XX   
8   CARBON STEEL  ...          6.0                   IWCA060XX   
9   CARBON STEEL  ...          6.0                  WCO060040X   
10  CARBON STEEL  ...          6.0                 KWCO060040X   
11  CARBON STEEL  ...          6.0                 WWCO060040X   
12  CARBON STEEL  ...          6.0                 KWCO060040X   
13  CARBON STEEL  ...          6.0                  WCO060040X   
14  CARBON STEEL  ...          6.0                 WWCO060040X   
15  CARBON STEEL  ...          6.0               IWCO060040XCI   
16  CARBON STEEL  ...          6.0                 IWCO060040X   
17  CARBON STEEL  ...          6.0                 IWCO060040X   
18  CARBON STEEL  ...          6.0                    IWTE060X   
19  CARBON STEEL  ...          6.0                  IWTE060XTM   
20  CARBON STEEL  ...          6.0                    KWTE060X   
21  CARBON STEEL  ...          6.0                     WTE060X   
22  CARBON STEEL  ...          6.0                     WTE060X   
23  CARBON STEEL  ...          6.0                   ISWTE060X   
24  CARBON STEEL  ...          6.0                    WWTE060X   

   REDUCING_SCHEDULE REDUCING_SIZE REDUCING_WALL TRIM                TYPE  \
0                XXH             5                NAN  CONCENTRIC REDUCER   
1                NAN             5                NAN  CONCENTRIC REDUCER   
2                NAN             5                NAN  CONCENTRIC REDUCER   
3        EXTRA HEAVY             5                NAN  CONCENTRIC REDUCER   
4                NAN             5                NAN  CONCENTRIC REDUCER   
5                 XH             5                NAN  CONCENTRIC REDUCER   
6                NAN             5                NAN  CONCENTRIC REDUCER   
7                NAN             5                NAN  CONCENTRIC REDUCER   
8                NAN           NAN                NAN                 CAP   
9                NAN             4                NAN  CONCENTRIC REDUCER   
10               NAN             4                NAN  CONCENTRIC REDUCER   
11                XH             4                NAN  CONCENTRIC REDUCER   
12               NAN             4                NAN  CONCENTRIC REDUCER   
13                XH             4                NAN  CONCENTRIC REDUCER   
14               NAN             4                NAN  CONCENTRIC REDUCER   
15                XH             4                NAN  CONCENTRIC REDUCER   
16                XH             4                NAN  CONCENTRIC REDUCER   
17               NAN             4                NAN  CONCENTRIC REDUCER   
18               NAN           NAN                NAN                 TEE   
19               NAN           NAN                NAN        STRAIGHT TEE   
20               NAN           NAN                NAN                 TEE   
21               NAN           NAN                NAN                 TEE   
22               NAN           NAN                NAN                 TEE   
23               NAN           NAN                NAN                 TEE   
24               NAN           NAN                NAN                 TEE   

   WALL_THICKNESS     score  
0                  0.932047  
1                  0.932047  
2                  0.914130  
3                  0.914130  
4                  0.914130  
5                  0.914130  
6                  0.912081  
7                  0.912081  
8                  0.910125  
9                  0.908733  
10                 0.908733  
11                 0.908733  
12                 0.908733  
13                 0.908733  
14                 0.908733  
15                 0.908733  
16                 0.908733  
17                 0.908733  
18                 0.908664  
19                 0.908664  
20                 0.908664  
21                 0.908664  
22                 0.908664  
23                 0.908664  
24                 0.908664  

[25 rows x 25 columns]",0,EXCELLENT
10,"6-XA106BS-PIPE,SMLS,6,XH (S80)-SA-106B","6"" XH .432W BLK SA53B/SA106-B/C SEAMLESS PIPE (SPAIN)",True,10,67,20.38445869999987,"   CATEGORY  CONFIDENCE  \
0      PIPE         0.9   
1      PIPE         0.9   
2      PIPE         0.9   
3      PIPE         0.9   
4      PIPE         0.9   
5      PIPE         0.9   
6      PIPE         0.9   
7      PIPE         0.9   
8      PIPE         0.9   
9      PIPE         0.9   
10     PIPE         0.9   
11     PIPE         0.9   
12     PIPE         0.9   
13     PIPE         0.9   
14     PIPE         0.9   
15     PIPE         0.9   
16     PIPE         0.9   
17     PIPE         0.9   
18     PIPE         0.9   
19     PIPE         0.9   
20     PIPE         0.9   
21     PIPE         0.9   
22     PIPE         0.9   
23     PIPE         0.9   
24     PIPE         0.9   

                                                     DESCRIPTION  \
0         6"" S-120 .562W SA333 GRADE-6/SA106-B/X52 SEAMLESS PIPE   
1         6"" S-120 .562W SA333 GRADE-6/SA106-B/X52 SEAMLESS PIPE   
2         6"" S-120 .562W SA333 GRADE-6/SA106-B/X52 SEAMLESS PIPE   
3         6"" S-120 .562W SA333 GRADE-6/SA106-B/X52 SEAMLESS PIPE   
4                6"" XH .432W SA333 GRADE-6/SA106-B SEAMLESS PIPE   
5                6"" XH .432W SA333 GRADE-6/SA106-B SEAMLESS PIPE   
6                6"" XH .432W SA333 GRADE-6/SA106-B SEAMLESS PIPE   
7                6"" XH .432W SA333 GRADE-6/SA106-B SEAMLESS PIPE   
8                6"" XH .432W SA333 GRADE-6/SA106-B SEAMLESS PIPE   
9                6"" XH .432W SA333 GRADE-6/SA106-B SEAMLESS PIPE   
10               6"" XH .432W SA333 GRADE-6/SA106-B SEAMLESS PIPE   
11               6"" XH .432W SA333 GRADE-6/SA106-B SEAMLESS PIPE   
12            6"" S-120 .562W SA333 GRADE-6/SA106-B SEAMLESS PIPE   
13            6"" S-120 .562W SA333 GRADE-6/SA106-B SEAMLESS PIPE   
14            6"" S-120 .562W SA333 GRADE-6/SA106-B SEAMLESS PIPE   
15            6"" S-160 .718W SA333 GRADE-6/SA106-B SEAMLESS PIPE   
16            6"" S-160 .718W SA333 GRADE-6/SA106-B SEAMLESS PIPE   
17            6"" S-160 .718W SA333 GRADE-6/SA106-B SEAMLESS PIPE   
18            6"" S-160 .718W SA333 GRADE-6/SA106-B SEAMLESS PIPE   
19  6"" S-120 .562W SA333 GRADE-6/SA106-B/C SEAMLESS PIPE (SPAIN)   
20  6"" S-120 .562W SA333 GRADE-6/SA106-B/C SEAMLESS PIPE (SPAIN)   
21  6"" S-160 .718W SA333 GRADE-6/SA106-B/C SEAMLESS PIPE (SPAIN)   
22  6"" S-160 .718W SA333 GRADE-6/SA106-B/C SEAMLESS PIPE (SPAIN)   
23  6"" S-160 .718W SA333 GRADE-6/SA106-B/C SEAMLESS PIPE (SPAIN)   
24  6"" S-160 .718W SA333 GRADE-6/SA106-B/C SEAMLESS PIPE (SPAIN)   

   END_CONNECTIONS END_FINISH ID LENGTH MANUFACTURING_PROCESS MATERIAL_GRADE  \
0              NAN        NAN       NAN              SEAMLESS            6/B   
1              NAN        NAN       NAN              SEAMLESS      GR6/B/X52   
2              NAN        NAN       NAN                  SMLS        6/B/X52   
3              NAN        NAN       NAN                  SMLS  GRADE-6/B/X52   
4              NAN        NAN       NAN              SEAMLESS      GRADE 6/B   
5              NAN        NAN       NAN              SEAMLESS      GRADE 6/B   
6              NAN        NAN       NAN              SEAMLESS      GRADE 6/B   
7              NAN        NAN       NAN              SEAMLESS            6/B   
8              NAN        NAN       NAN              SEAMLESS            6/B   
9              NAN        NAN       NAN              SEAMLESS      GRADE 6/B   
10             NAN        NAN       NAN              SEAMLESS      GRADE-6/B   
11             NAN        NAN       NAN              SEAMLESS            6/B   
12             NAN        NAN       NAN              SEAMLESS            6/B   
13             NAN        NAN       NAN              SEAMLESS            6/B   
14             NAN        NAN       NAN              SEAMLESS      GRADE 6/B   
15             NAN        NAN       NAN              SEAMLESS            6/B   
16             NAN        NAN       NAN              SEAMLESS            6/B   
17             NAN        NAN       NAN              SEAMLESS      GRADE 6/B   
18             NAN        NAN       NAN              SEAMLESS            6/B   
19             NAN        NAN       NAN              SEAMLESS    GRADE-6/B/C   
20             NAN        NAN       NAN              SEAMLESS          6/B/C   
21             NAN        NAN       NAN              SEAMLESS          6/B/C   
22             NAN        NAN       NAN              SEAMLESS    GRADE 6/B/C   
23             NAN        NAN       NAN              SEAMLESS          6/B/C   
24             NAN        NAN       NAN              SEAMLESS    GRADE 6/B/C   

   MATERIAL_NAME  ... PRIMARY_SIZE PRIMARY_WALL     PRODUCT_CODE  \
0   CARBON STEEL  ...          6.0                IPA3/B0601252A   
1   CARBON STEEL  ...          6.0                IPA3/B0601252A   
2   CARBON STEEL  ...          6.0               SIPA3/B0601252A   
3   CARBON STEEL  ...          6.0               SIPA3/B0601252A   
4   CARBON STEEL  ...          6.0                   SPA3/B060XH   
5   CARBON STEEL  ...          6.0                 IPA3/B060XHAM   
6   CARBON STEEL  ...          6.0                    PA3/B060XH   
7   CARBON STEEL  ...          6.0                    PA3/B060XH   
8   CARBON STEEL  ...          6.0                   SPA3/B060XH   
9   CARBON STEEL  ...          6.0                SIPA3/B060XHAM   
10  CARBON STEEL  ...          6.0                 IPA3/B060XHAM   
11  CARBON STEEL  ...          6.0                SIPA3/B060XHAM   
12  CARBON STEEL  ...          6.0                 SIPA3/B06012K   
13  CARBON STEEL  ...          6.0                  IPA3/B06012K   
14  CARBON STEEL  ...          6.0                  IPA3/B06012K   
15  CARBON STEEL  ...          6.0                   SPA3/B06016   
16  CARBON STEEL  ...          6.0                    PA3/B06016   
17  CARBON STEEL  ...          6.0                    PA3/B06016   
18  CARBON STEEL  ...          6.0                   SPA3/B06016   
19  CARBON STEEL  ...          6.0                 IPA3/B06012TR   
20  CARBON STEEL  ...          6.0                 IPA3/B06012TR   
21  CARBON STEEL  ...          6.0                 IPA3/B06016TR   
22  CARBON STEEL  ...          6.0                 IPA3/B06016TR   
23  CARBON STEEL  ...          6.0                SIPA3/B06016TR   
24  CARBON STEEL  ...          6.0                SIPA3/B06016TR   

   REDUCING_SCHEDULE REDUCING_SIZE REDUCING_WALL TRIM           TYPE  \
0                NAN           NAN                NAN  SEAMLESS PIPE   
1                NAN           NAN                NAN  SEAMLESS PIPE   
2                NAN           NAN                NAN  SEAMLESS PIPE   
3                NAN           NAN                NAN  SEAMLESS PIPE   
4                NAN           NAN                NAN  SEAMLESS PIPE   
5                NAN           NAN                NAN  SEAMLESS PIPE   
6                NAN           NAN                NAN  SEAMLESS PIPE   
7                NAN           NAN                NAN  SEAMLESS PIPE   
8                NAN           NAN                NAN  SEAMLESS PIPE   
9                NAN           NAN                NAN  SEAMLESS PIPE   
10               NAN           NAN                NAN  SEAMLESS PIPE   
11               NAN           NAN                NAN  SEAMLESS PIPE   
12               NAN           NAN                NAN  SEAMLESS PIPE   
13               NAN           NAN                NAN  SEAMLESS PIPE   
14               NAN           NAN                NAN  SEAMLESS PIPE   
15               NAN           NAN                NAN       SEAMLESS   
16               NAN           NAN                NAN  SEAMLESS PIPE   
17               NAN           NAN                NAN  SEAMLESS PIPE   
18               NAN           NAN                NAN  SEAMLESS PIPE   
19               NAN           NAN                NAN  SEAMLESS PIPE   
20               NAN           NAN                NAN  SEAMLESS PIPE   
21               NAN           NAN                NAN  SEAMLESS PIPE   
22               NAN           NAN                NAN  SEAMLESS PIPE   
23               NAN           NAN                NAN  SEAMLESS PIPE   
24               NAN           NAN                NAN       SEAMLESS   

   WALL_THICKNESS     score  
0                  0.911588  
1                  0.911588  
2                  0.911588  
3                  0.911588  
4                  0.909716  
5                  0.909716  
6                  0.909716  
7                  0.909716  
8                  0.909716  
9                  0.909716  
10                 0.909716  
11                 0.909716  
12                 0.908511  
13                 0.908511  
14                 0.908511  
15                 0.908111  
16                 0.908111  
17                 0.908111  
18                 0.908111  
19                 0.908106  
20                 0.908106  
21                 0.907687  
22                 0.907687  
23                 0.907687  
24                 0.907687  

[25 rows x 25 columns]",0,EXCELLENT
11,"15000222-ELBOW,LR45,6,S120-SA-234-WPB","6"" S-120LR 45WELD ELL, SA234-WPB",True,11,0,24.16278280000006,"   CATEGORY  CONFIDENCE                               DESCRIPTION  \
0   FITTING         0.9          6"" S-120LR 45WELD ELL, SA234-WPB   
1   FITTING         0.9          6"" S-120LR 45WELD ELL, SA234-WPB   
2   FITTING         0.9          6"" S-120LR 45WELD ELL, SA234-WPB   
3   FITTING         0.9          6"" S-120LR 45WELD ELL, SA234-WPB   
4   FITTING         0.9        6"" S-120 LR 90 WELD ELL, SA234-WPB   
5   FITTING         0.9        6"" S-120 LR 90 WELD ELL, SA234-WPB   
6   FITTING         0.9        6"" S-120 LR 90 WELD ELL, SA234-WPB   
7   FITTING         0.9        6"" S-120 LR 90 WELD ELL, SA234-WPB   
8   FITTING         0.9        6"" S-120 LR 90 WELD ELL, SA234-WPB   
9   FITTING         0.9        6"" S-120 LR 90 WELD ELL, SA234-WPB   
10  FITTING         0.9        6"" S-120 LR 90 WELD ELL, SA234-WPB   
11  FITTING         0.9        6"" S-120 LR 90 WELD ELL, SA234-WPB   
12  FITTING         0.9        6"" S-120 LR 90 WELD ELL, SA234-WPB   
13  FITTING         0.9        6"" S-120 LR 90 WELD ELL, SA234-WPB   
14  FITTING         0.9            6"" XH LR 45WELD ELL, SA234-WPB   
15  FITTING         0.9            6"" XH LR 45WELD ELL, SA234-WPB   
16  FITTING         0.9            6"" XH LR 45WELD ELL, SA234-WPB   
17  FITTING         0.9            6"" XH LR 45WELD ELL, SA234-WPB   
18  FITTING         0.9            6"" XH LR 45WELD ELL, SA234-WPB   
19  FITTING         0.9            6"" XH LR 45WELD ELL, SA234-WPB   
20  FITTING         0.9            6"" XH LR 45WELD ELL, SA234-WPB   
21  FITTING         0.9            6"" XH LR 45WELD ELL, SA234-WPB   
22  FITTING         0.9       6"" XH LR 45WELD ELL, SA234-WPB (VF)   
23  FITTING         0.9       6"" XH LR 45WELD ELL, SA234-WPB (VF)   
24  FITTING         0.9  6"" X 4"" XH REDUCING LR 90 ELL, SA234-WPB   

   END_CONNECTIONS END_FINISH ID LENGTH MANUFACTURING_PROCESS MATERIAL_GRADE  \
0        BUTT WELD         BW       NAN                   NAN            WPB   
1        BUTT WELD         BW       NAN                   NAN            WPB   
2        BUTT WELD        NAN       NAN                WELDED            WPB   
3               BW        NAN       NAN                   NAN            WPB   
4        BUTT WELD         BW       NAN                   NAN            WPB   
5        BUTT WELD         BW       NAN                  WELD            WPB   
6               BW        NAN       NAN                   NAN            WPB   
7        BUTT WELD         BW       NAN                   NAN            WPB   
8        BUTT WELD       WELD       NAN                   NAN            WPB   
9        BUTT WELD         BW       NAN                   NAN            WPB   
10       BUTT WELD        NAN       NAN                WELDED            WPB   
11       BUTT WELD         BW       NAN                   NAN            WPB   
12       BUTT WELD         BW       NAN                   NAN            WPB   
13       BUTT WELD         BW       NAN                   NAN            WPB   
14       BUTT WELD         BW       NAN                   NAN            WPB   
15       BUTT WELD        NAN       NAN                WELDED            WPB   
16       BUTT WELD         BW       NAN                   NAN            WPB   
17       BUTT WELD         BW       NAN                   NAN            WPB   
18       BUTT WELD    BEVELED       NAN                   NAN            WPB   
19              BW  BUTT WELD       NAN                   NAN            WPB   
20       BUTT WELD  BUTT WELD       NAN                   NAN            WPB   
21       BUTT WELD        NAN       NAN                   NAN            WPB   
22       BUTT WELD        NAN       NAN                WELDED            WPB   
23       BUTT WELD         VF       NAN                   NAN            WPB   
24             NAN        NAN       NAN                   NAN            WPB   

   MATERIAL_NAME  ... PRIMARY_SIZE PRIMARY_WALL PRODUCT_CODE  \
0   CARBON STEEL  ...          6.0                IWL406012A   
1   CARBON STEEL  ...          6.0                 IWL406012   
2   CARBON STEEL  ...          6.0                IWL406012A   
3   CARBON STEEL  ...          6.0                 IWL406012   
4   CARBON STEEL  ...          6.0                  WL906012   
5   CARBON STEEL  ...          6.0                 KWL906012   
6   CARBON STEEL  ...          6.0                 IWL906012   
7   CARBON STEEL  ...          6.0                IWL906012A   
8   CARBON STEEL  ...          6.0                 IWL906012   
9   CARBON STEEL  ...          6.0                ISWL906012   
10  CARBON STEEL  ...          6.0                ISWL906012   
11  CARBON STEEL  ...          6.0                 KWL906012   
12  CARBON STEEL  ...          6.0               IWL906012TM   
13  CARBON STEEL  ...          6.0                  WL906012   
14  CARBON STEEL  ...          6.0                 IWL4060XA   
15  CARBON STEEL  ...          6.0                  WWL4060X   
16  CARBON STEEL  ...          6.0                IWL4060XCI   
17  CARBON STEEL  ...          6.0                  KWL4060X   
18  CARBON STEEL  ...          6.0                 IWL4060XA   
19  CARBON STEEL  ...          6.0                  WWL4060X   
20  CARBON STEEL  ...          6.0                  KWL4060X   
21  CARBON STEEL  ...          6.0                IWL4060XCI   
22  CARBON STEEL  ...          6.0                IWL4060XVF   
23  CARBON STEEL  ...          6.0                IWL4060XVF   
24  CARBON STEEL  ...          6.0               IWR9060040X   

   REDUCING_SCHEDULE REDUCING_SIZE REDUCING_WALL TRIM  \
0                NAN           NAN                NAN   
1                NAN           NAN                NAN   
2                NAN           NAN                NAN   
3                NAN           NAN                NAN   
4                NAN           NAN                NAN   
5                NAN           NAN                NAN   
6                NAN           NAN                NAN   
7                NAN           NAN                NAN   
8                NAN           NAN                NAN   
9                NAN           NAN                NAN   
10               NAN           NAN                NAN   
11               NAN           NAN                NAN   
12               NAN           NAN                NAN   
13               NAN           NAN                NAN   
14               NAN           NAN                NAN   
15               NAN           NAN                NAN   
16               NAN           NAN                NAN   
17               NAN           NAN                NAN   
18               NAN           NAN                NAN   
19               NAN           NAN                NAN   
20               NAN           NAN                NAN   
21               NAN           NAN                NAN   
22               NAN           NAN                NAN   
23               NAN           NAN                NAN   
24                XH             4                NAN   

                           TYPE WALL_THICKNESS     score  
0          LONG RADIUS 45 ELBOW                 0.907139  
1          LONG RADIUS ELBOW 45                 0.907139  
2          LONG RADIUS 45 ELBOW                 0.907139  
3                   ELBOW 45DEG                 0.907139  
4   90 DEGREE LONG RADIUS ELBOW                 0.899488  
5          LONG RADIUS 90 ELBOW                 0.899488  
6          LONG RADIUS 90 ELBOW                 0.899488  
7          LONG RADIUS 90 ELBOW                 0.899488  
8          LONG RADIUS 90 ELBOW                 0.899488  
9          LONG RADIUS 90 ELBOW                 0.899488  
10         LONG RADIUS 90 ELBOW                 0.899488  
11         LONG RADIUS 90 ELBOW                 0.899488  
12         LONG RADIUS 90 ELBOW                 0.899488  
13         LONG RADIUS 90 ELBOW                 0.899488  
14         LONG RADIUS 45 ELBOW                 0.897011  
15         LONG RADIUS 45 ELBOW                 0.897011  
16         LONG RADIUS 45 ELBOW                 0.897011  
17         LONG RADIUS 45 ELBOW                 0.897011  
18         LONG RADIUS 45 ELBOW                 0.897011  
19         LONG RADIUS 45 ELBOW                 0.897011  
20         LONG RADIUS 45 ELBOW                 0.897011  
21         LONG RADIUS 45 ELBOW                 0.897011  
22         LONG RADIUS 45 ELBOW                 0.894577  
23         LONG RADIUS 45 ELBOW                 0.894577  
24            REDUCING ELBOW 90                 0.892560  

[25 rows x 25 columns]",0,EXCELLENT
12,"FLG,LWN,RF,10,300 ,13 INCHLG-FLG,LWN,RF,10,300 ,13 INCHLG","10"" 300 RF LONG WELD NECK X 14"" LG, SA105",True,12,60,30.464978599999995,"   CATEGORY  CONFIDENCE  \
0    FLANGE         0.9   
1    FLANGE         0.7   
2    FLANGE         0.9   
3    FLANGE         0.9   
4    FLANGE         0.9   
5    FLANGE         0.9   
6    FLANGE         0.9   
7    FLANGE         0.9   
8    FLANGE         0.9   
9    FLANGE         0.9   
10   FLANGE         0.9   
11   FLANGE         0.9   
12   FLANGE         0.9   
13   FLANGE         1.0   
14   FLANGE         0.9   
15   FLANGE         0.9   
16   FLANGE         0.9   
17   FLANGE         0.9   
18   FLANGE         0.9   
19   FLANGE         0.9   
20   FLANGE         1.0   
21   FLANGE         0.9   
22   FLANGE         0.9   
23   FLANGE         0.9   
24   FLANGE         0.9   

                                                    DESCRIPTION  \
0   10"" 300 RF LONG WELD NECK X 14"" LG, SA105N-FGP/SA350LF2-FGP   
1                        10"" 300 PLASTIC FLG PROTECTOR W/RIVOTS   
2                           10"" 600 RF BLIND FLANGE, SA105N-FGP   
3                           10"" 600 RF BLIND FLANGE, SA105N-FGP   
4            10"" 300 RF LONG WELD NECK X 12"" LG, SA105N-HFN S62   
5            10"" 300 RF LONG WELD NECK X 12"" LG, SA105N-HFN S62   
6         10"" 600 RF LONG WELD NECK X 12"" LG., SA105N/SA350 LF2   
7         10"" 600 RF LONG WELD NECK X 12"" LG., SA105N/SA350 LF2   
8                 10"" 400 RF LONG WELD NECK X 14"" LG SA105N FGP   
9                 10"" 400 RF LONG WELD NECK X 14"" LG SA105N FGP   
10                10"" 400 RF LONG WELD NECK X 14"" LG SA105N FGP   
11                10"" 400 RF LONG WELD NECK X 14"" LG SA105N FGP   
12                          10"" 150 RF BLIND FLANGE, SA105N-FGP   
13                          10"" 150 RF BLIND FLANGE, SA105N-FGP   
14                10"" 400 RF LONG WELD NECK X 16"" LG SA105N FGP   
15                10"" 400 RF LONG WELD NECK X 16"" LG SA105N FGP   
16          10"" 300 RF WELD NECK FLANGE XH BORE, SA350 LF2 CL 1   
17          10"" 300 RF WELD NECK FLANGE XH BORE, SA350 LF2 CL 1   
18          10"" 300 RF WELD NECK FLANGE XH BORE, SA350 LF2 CL 1   
19          10"" 300 RF WELD NECK FLANGE XH BORE, SA350 LF2 CL 1   
20                              10"" 300 RF BLIND FLANGE, SA105N   
21           10"" 150 RF LONG WELD NECK X 12"" LG, SA105N-HFN S62   
22           10"" 150 RF LONG WELD NECK X 12"" LG, SA105N-HFN S62   
23                               10"" 300 RF BLIND FLANGE, SA105   
24                               10"" 300 RF BLIND FLANGE, SA105   

   END_CONNECTIONS   END_FINISH ID LENGTH MANUFACTURING_PROCESS  \
0              NAN  RAISED FACE        14                  LONG   
1              NAN          NAN       NAN                   NAN   
2              NAN           RF       NAN                   NAN   
3              NAN  RAISED FACE       NAN                   NAN   
4              NAN  RAISED FACE        12                   NAN   
5              NAN  RAISED FACE        12                   NAN   
6              NAN  RAISED FACE        12                  LONG   
7              NAN  RAISED FACE        12                   NAN   
8              NAN  RAISED FACE        14                  LONG   
9              NAN  RAISED FACE        14                   NAN   
10             NAN  RAISED FACE        14                   NAN   
11             NAN  RAISED FACE        14                  LONG   
12             NAN  RAISED FACE       NAN                   NAN   
13             NAN  RAISED FACE       NAN                   NAN   
14             NAN  RAISED FACE        16                  LONG   
15             NAN  RAISED FACE        16                   NAN   
16             NAN  RAISED FACE       NAN                   NAN   
17             NAN  RAISED FACE       NAN                   NAN   
18             NAN  RAISED FACE       NAN                   NAN   
19             NAN  RAISED FACE       NAN                   NAN   
20             NAN  RAISED FACE       NAN                   NAN   
21             NAN           RF        12                   NAN   
22             NAN  RAISED FACE        12                  LONG   
23             NAN  RAISED FACE       NAN                   NAN   
24             NAN  RAISED FACE       NAN                   NAN   

   MATERIAL_GRADE MATERIAL_NAME  ... PRIMARY_SIZE PRIMARY_WALL  \
0             FGP  CARBON STEEL  ...         10.0                
1             NAN       PLASTIC  ...         10.0                
2               N  CARBON STEEL  ...         10.0                
3               N  CARBON STEEL  ...         10.0                
4               N  CARBON STEEL  ...         10.0                
5               N  CARBON STEEL  ...         10.0                
6             LF2  CARBON STEEL  ...         10.0                
7             LF2  CARBON STEEL  ...         10.0                
8               N  CARBON STEEL  ...         10.0                
9               N  CARBON STEEL  ...         10.0                
10              N  CARBON STEEL  ...         10.0                
11              N  CARBON STEEL  ...         10.0                
12              N  CARBON STEEL  ...         10.0                
13              N  CARBON STEEL  ...         10.0                
14              N  CARBON STEEL  ...         10.0                
15              N  CARBON STEEL  ...         10.0                
16            LF2  CARBON STEEL  ...         10.0                
17       LF2 CL 1  CARBON STEEL  ...         10.0                
18            LF2  CARBON STEEL  ...         10.0                
19            LF2  CARBON STEEL  ...         10.0                
20              N  CARBON STEEL  ...         10.0                
21              N  CARBON STEEL  ...         10.0                
22              N  CARBON STEEL  ...         10.0                
23            NAN  CARBON STEEL  ...         10.0                
24            NAN  CARBON STEEL  ...         10.0                

          PRODUCT_CODE REDUCING_SCHEDULE REDUCING_SIZE REDUCING_WALL TRIM  \
0         FLWN03100114               NAN           NAN                NAN   
1             SFP03100               NAN           NAN                NAN   
2            FBD061001               NAN           NAN                NAN   
3            FBD061001               NAN           NAN                NAN   
4   IFLW03100112GB-HFN               NAN           NAN                NAN   
5   IFLW03100112GB-HFN               NAN           NAN                NAN   
6         FLW06100112A               NAN           NAN                NAN   
7         FLW06100112A               NAN           NAN                NAN   
8         FLW04100114A               NAN           NAN                NAN   
9          FLW04100114               NAN           NAN                NAN   
10        FLW04100114A               NAN           NAN                NAN   
11         FLW04100114               NAN           NAN                NAN   
12           FBD011001               NAN           NAN                NAN   
13           FBD011001               NAN           NAN                NAN   
14         FLW04100116               NAN           NAN                NAN   
15         FLW04100116               NAN           NAN                NAN   
16      IFWNL031001XGB               NAN           NAN                NAN   
17      IFWNL031001XMF               NAN           NAN                NAN   
18      IFWNL031001XMF               NAN           NAN                NAN   
19         FWNL031001X               NAN           NAN                NAN   
20          FBDN031001               NAN           NAN                NAN   
21  IFLW01100112GB-HFN               NAN           NAN                NAN   
22  IFLW01100112GB-HFN               NAN           NAN                HFN   
23           FBD031001               NAN           NAN                NAN   
24          LFBD031001               NAN           NAN                NAN   

         TYPE WALL_THICKNESS     score  
0   WELD NECK                 0.875845  
1   PROTECTOR                 0.862483  
2       BLIND                 0.861801  
3       BLIND                 0.861801  
4   WELD NECK                 0.860324  
5   WELD NECK                 0.860324  
6   WELD NECK                 0.859417  
7   WELD NECK                 0.859417  
8   WELD NECK                 0.857027  
9   WELD NECK                 0.857027  
10  WELD NECK                 0.857027  
11  WELD NECK                 0.857027  
12      BLIND                 0.856806  
13      BLIND                 0.856806  
14  WELD NECK                 0.856708  
15  WELD NECK                 0.856708  
16  WELD NECK                 0.856077  
17  WELD NECK                 0.856077  
18  WELD NECK                 0.856077  
19  WELD NECK                 0.856077  
20      BLIND                 0.854729  
21  WELD NECK                 0.854175  
22  WELD NECK                 0.854175  
23      BLIND                 0.853897  
24      BLIND                 0.853897  

[25 rows x 25 columns]",0,EXCELLENT
13,"6"" SCH 40 A106B SMLS","6"" STD .280W API-5L X52/SA333 GR 6/SA106B SEAMLESS PIPE",True,13,210,23.244566600000326,"   CATEGORY  CONFIDENCE                               DESCRIPTION  \
0      PIPE         0.9    6"" X 4"" STD A106B SMLS NIPPLE GRV X PE   
1      PIPE         0.9    6"" X 4"" STD A106B SMLS NIPPLE GRV X PE   
2      PIPE         0.9  6"" X 12"" STD A106B SMLS NIPPLE GRV X GRV   
3   FITTING         0.9       6"" S-120 LR 45 WELD ELL, SA420-WPL6   
4   FITTING         0.9       6"" S-120 LR 45 WELD ELL, SA420-WPL6   
5   FITTING         0.9             6"" S-10 LR 45 WELD ELL, 304SS   
6   FITTING         0.9             6"" S-10 LR 45 WELD ELL, 304SS   
7      PIPE         0.9     6"" XH .432W BLK SA106-B SEAMLESS PIPE   
8      PIPE         0.9     6"" XH .432W BLK SA106-B SEAMLESS PIPE   
9      PIPE         0.9     6"" XH .432W BLK SA106-B SEAMLESS PIPE   
10     PIPE         0.9     6"" XH .432W BLK SA106-B SEAMLESS PIPE   
11     PIPE         0.9     6"" XH .432W BLK SA106-B SEAMLESS PIPE   
12     PIPE         0.9     6"" XH .432W BLK SA106-B SEAMLESS PIPE   
13     PIPE         0.9     6"" XH .432W BLK SA106-B SEAMLESS PIPE   
14     PIPE         0.9     6"" XH .432W BLK SA106-B SEAMLESS PIPE   
15     PIPE         0.9     6"" XH .432W BLK SA106-B SEAMLESS PIPE   
16     PIPE         0.9     6"" XH .432W BLK SA106-B SEAMLESS PIPE   
17     PIPE         0.9     6"" XH .432W BLK SA106-B SEAMLESS PIPE   
18     PIPE         0.9     6"" XH .432W BLK SA106-B SEAMLESS PIPE   
19     PIPE         0.9     6"" XH .432W BLK SA106-B SEAMLESS PIPE   
20     PIPE         0.9     6"" XH .432W BLK SA106-B SEAMLESS PIPE   
21  FITTING         0.9          6"" S-120LR 45WELD ELL, SA234-WPB   
22  FITTING         0.9          6"" S-120LR 45WELD ELL, SA234-WPB   
23  FITTING         0.9          6"" S-120LR 45WELD ELL, SA234-WPB   
24  FITTING         0.9          6"" S-120LR 45WELD ELL, SA234-WPB   

        END_CONNECTIONS END_FINISH ID LENGTH MANUFACTURING_PROCESS  \
0    GROOVE X PLAIN END        NAN       NAN              SEAMLESS   
1   GROOVED X PLAIN END        NAN       NAN              SEAMLESS   
2               GROOVED        NAN        12              SEAMLESS   
3             BUTT WELD        NAN       NAN                  WELD   
4             BUTT WELD        NAN       NAN                   NAN   
5             BUTT WELD        NAN       NAN                WELDED   
6                   NAN        NAN       NAN                WELDED   
7                   NAN      BLACK       NAN              SEAMLESS   
8                   NAN        BLK       NAN              SEAMLESS   
9                   NAN      BLACK       NAN              SEAMLESS   
10                  NAN      BLACK       NAN              SEAMLESS   
11                  NAN      BLACK       NAN              SEAMLESS   
12                  NAN      BLACK       NAN              SEAMLESS   
13                  NAN      BLACK       NAN              SEAMLESS   
14                  NAN      BLACK       NAN              SEAMLESS   
15                  NAN        BLK       NAN              SEAMLESS   
16                  NAN      BLACK       NAN              SEAMLESS   
17                  NAN      BLACK       NAN              SEAMLESS   
18                  NAN      BLACK       NAN              SEAMLESS   
19                  NAN      BLACK       NAN              SEAMLESS   
20                  NAN      BLACK       NAN              SEAMLESS   
21            BUTT WELD         BW       NAN                   NAN   
22            BUTT WELD         BW       NAN                   NAN   
23                   BW        NAN       NAN                   NAN   
24            BUTT WELD        NAN       NAN                WELDED   

   MATERIAL_GRADE    MATERIAL_NAME  ... PRIMARY_SIZE PRIMARY_WALL  \
0               B     CARBON STEEL  ...          6.0                
1               B     CARBON STEEL  ...          6.0                
2               B     CARBON STEEL  ...          6.0                
3            WPL6     CARBON STEEL  ...          6.0                
4            WPL6     CARBON STEEL  ...          6.0                
5             304  STAINLESS STEEL  ...          6.0                
6             304  STAINLESS STEEL  ...          6.0                
7               B     CARBON STEEL  ...          6.0                
8               B     CARBON STEEL  ...          6.0                
9               B     CARBON STEEL  ...          6.0                
10              B     CARBON STEEL  ...          6.0                
11              B     CARBON STEEL  ...          6.0                
12              B     CARBON STEEL  ...          6.0                
13              B     CARBON STEEL  ...          6.0                
14              B     CARBON STEEL  ...          6.0                
15              B     CARBON STEEL  ...          6.0                
16              B     CARBON STEEL  ...          6.0                
17              B     CARBON STEEL  ...          6.0                
18              B     CARBON STEEL  ...          6.0                
19              B     CARBON STEEL  ...          6.0                
20              B     CARBON STEEL  ...          6.0                
21            WPB     CARBON STEEL  ...          6.0                
22            WPB     CARBON STEEL  ...          6.0                
23            WPB     CARBON STEEL  ...          6.0                
24            WPB     CARBON STEEL  ...          6.0                

   PRODUCT_CODE REDUCING_SCHEDULE REDUCING_SIZE REDUCING_WALL TRIM  \
0     VNS060040               NAN             4                NAN   
1     VNS060040               NAN             4                NAN   
2   VNS060120GG               NAN           NAN                NAN   
3     WL4606012               NAN           NAN                NAN   
4     WL4606012               NAN           NAN                NAN   
5    IWL4406001               NAN           NAN                NAN   
6    IWL4406001               NAN           NAN                NAN   
7     SIPA060XH               NAN           NAN                NAN   
8       PA060XH               NAN           NAN                NAN   
9     IPA060XHC               NAN           NAN                NAN   
10   SIPA060XHC               NAN           NAN                NAN   
11    SIPA060XH               NAN           NAN                NAN   
12    HWPA060XH               NAN           NAN                NAN   
13     SPA060XH               NAN           NAN                NAN   
14   SIPA060XHK               NAN           NAN                NAN   
15    IPA060XHC               NAN           NAN                NAN   
16      PA060XH               NAN           NAN                NAN   
17   SIPA060XHK               NAN           NAN                NAN   
18     SPA060XH               NAN           NAN                NAN   
19    IPA060XHK               NAN           NAN                NAN   
20     IPA060XH               NAN           NAN                NAN   
21    IWL406012               NAN           NAN                NAN   
22   IWL406012A               NAN           NAN                NAN   
23    IWL406012               NAN           NAN                NAN   
24   IWL406012A               NAN           NAN                NAN   

                    TYPE WALL_THICKNESS     score  
0                 NIPPLE                 0.916230  
1                 NIPPLE                 0.916230  
2                 NIPPLE                 0.907436  
3   LONG RADIUS 45 ELBOW                 0.898320  
4   LONG RADIUS 45 ELBOW                 0.898320  
5   LONG RADIUS 45 ELBOW                 0.897809  
6            ELBOW 45 LR                 0.897809  
7               SEAMLESS                 0.895968  
8          SEAMLESS PIPE                 0.895968  
9               SEAMLESS                 0.895968  
10              SEAMLESS                 0.895968  
11         SEAMLESS PIPE                 0.895968  
12              SEAMLESS                 0.895968  
13              SEAMLESS                 0.895968  
14              SEAMLESS                 0.895968  
15         SEAMLESS PIPE                 0.895968  
16         SEAMLESS PIPE                 0.895968  
17         SEAMLESS PIPE                 0.895968  
18         SEAMLESS PIPE                 0.895968  
19              SEAMLESS                 0.895968  
20              SEAMLESS                 0.895968  
21  LONG RADIUS ELBOW 45                 0.892954  
22  LONG RADIUS 45 ELBOW                 0.892954  
23           ELBOW 45DEG                 0.892954  
24  LONG RADIUS 45 ELBOW                 0.892954  

[25 rows x 25 columns]",0,EXCELLENT
14,"12700363-PIPE,SMLS,14,S100-SA-106B","14"" S-100 .938W SA106-B SEAMLESS PIPE",True,14,49,41.201084000000264,"   CATEGORY  CONFIDENCE                                         DESCRIPTION  \
0      PIPE         0.9                14"" S/120 1.093W SA106-B/C SMLS PIPE   
1      PIPE         0.9   14"" STD .375W SA333 GRADE-6/SA106-B SEAMLESS PIPE   
2      PIPE         0.9   14"" STD .375W SA333 GRADE-6/SA106-B SEAMLESS PIPE   
3      PIPE         0.9             14"" S-80 .750W SA335 P-11 SEAMLESS PIPE   
4      PIPE         0.9  14"" S-80 .750W SA333-GRADE-6/SA106-B SEAMLESS PIPE   
5      PIPE         0.9  14"" S-80 .750W SA333-GRADE-6/SA106-B SEAMLESS PIPE   
6      PIPE         0.9    14"" XH .500W SA333 GRADE-6/SA106-B SEAMLESS PIPE   
7      PIPE         0.9    14"" XH .500W SA333 GRADE-6/SA106-B SEAMLESS PIPE   
8      PIPE         0.9    14"" XH .500W SA333 GRADE-6/SA106-B SEAMLESS PIPE   
9      PIPE         0.9            14"" S-120 1.094W SA333 GR6 SEAMLESS PIPE   
10     PIPE         0.9            14"" S-120 1.094W SA333 GR6 SEAMLESS PIPE   
11     PIPE         0.9            14"" S-120 1.094W SA333 GR6 SEAMLESS PIPE   
12     PIPE         0.9              14"" STD .375W SA335 P-11 SEAMLESS PIPE   
13     PIPE         0.9              14"" STD .375W SA335 P-11 SEAMLESS PIPE   
14     PIPE         0.9               14"" S-120 1.093W SA106B SEAMLESS PIPE   
15     PIPE         0.9               14"" S-120 1.093W SA106B SEAMLESS PIPE   
16     PIPE         0.9             14"" S-100 .938W SA333 GR6 SEAMLESS PIPE   
17     PIPE         0.9             14"" S-100 .938W SA333 GR6 SEAMLESS PIPE   
18     PIPE         0.9             14"" S-100 .938W SA333 GR6 SEAMLESS PIPE   
19     PIPE         0.9             14"" STD .375 WALL SA106-B SEAMLESS PIPE   
20     PIPE         0.9             14"" STD .375 WALL SA106-B SEAMLESS PIPE   
21     PIPE         0.9             14"" STD .375 WALL SA106-B SEAMLESS PIPE   
22     PIPE         0.9             14"" S-40 .438W SA335 P-11 SEAMLESS PIPE   
23     PIPE         0.9          14"" S-80 .750W SA333-GRADE-6 SEAMLESS PIPE   
24     PIPE         0.9          14"" S-80 .750W SA333-GRADE-6 SEAMLESS PIPE   

   END_CONNECTIONS END_FINISH ID LENGTH MANUFACTURING_PROCESS MATERIAL_GRADE  \
0              NAN        NAN       NAN                  SMLS            B/C   
1              NAN        NAN       NAN              SEAMLESS            6/B   
2              NAN        NAN       NAN              SEAMLESS      GRADE 6/B   
3              NAN        NAN       NAN              SEAMLESS            P11   
4              NAN        NAN       NAN              SEAMLESS      GRADE-6/B   
5              NAN        NAN       NAN              SEAMLESS      GRADE 6/B   
6              NAN        NAN       NAN              SEAMLESS            6/B   
7              NAN        NAN       NAN              SEAMLESS      GRADE-6/B   
8              NAN        NAN       NAN              SEAMLESS            6/B   
9              NAN        NAN       NAN              SEAMLESS            GR6   
10             NAN        NAN       NAN              SEAMLESS              6   
11             NAN        NAN       NAN              SEAMLESS              6   
12             NAN        NAN       NAN              SEAMLESS            P11   
13             NAN        NAN       NAN              SEAMLESS            P11   
14             NAN        NAN       NAN              SEAMLESS              B   
15             NAN        NAN       NAN              SEAMLESS              B   
16             NAN        NAN       NAN              SEAMLESS              6   
17             NAN        NAN       NAN              SEAMLESS              6   
18             NAN        NAN       NAN              SEAMLESS            GR6   
19             NAN        NAN       NAN              SEAMLESS              B   
20             NAN        NAN       NAN              SEAMLESS              B   
21             NAN        NAN       NAN              SEAMLESS              B   
22             NAN        NAN       NAN              SEAMLESS            P11   
23             NAN        NAN       NAN              SEAMLESS              6   
24             NAN        NAN       NAN              SEAMLESS              6   

   MATERIAL_NAME  ... PRIMARY_SIZE PRIMARY_WALL PRODUCT_CODE  \
0   CARBON STEEL  ...         14.0                 IPA14012A   
1   CARBON STEEL  ...         14.0                PA3/B140ST   
2   CARBON STEEL  ...         14.0                PA3/B140ST   
3    ALLOY STEEL  ...         14.0               IPA1114008A   
4   CARBON STEEL  ...         14.0                PA3/B14008   
5   CARBON STEEL  ...         14.0                PA3/B14008   
6   CARBON STEEL  ...         14.0               IPA3/B140XH   
7   CARBON STEEL  ...         14.0                PA3/B140XH   
8   CARBON STEEL  ...         14.0                PA3/B140XH   
9   CARBON STEEL  ...         14.0                 IPA314012   
10  CARBON STEEL  ...         14.0                SIPA314012   
11  CARBON STEEL  ...         14.0                 IPA314012   
12           NAN  ...         14.0               SIPA11140ST   
13   ALLOY STEEL  ...         14.0               SIPA11140ST   
14  CARBON STEEL  ...         14.0                  IPA14012   
15  CARBON STEEL  ...         14.0                  IPA14012   
16  CARBON STEEL  ...         14.0                  PA314010   
17  CARBON STEEL  ...         14.0                 IPA314010   
18  CARBON STEEL  ...         14.0                 IPA314010   
19  CARBON STEEL  ...         14.0                  IPA140ST   
20  CARBON STEEL  ...         14.0                 SIPA140ST   
21  CARBON STEEL  ...         14.0                 SIPA140ST   
22   ALLOY STEEL  ...         14.0                IPA1114004   
23  CARBON STEEL  ...         14.0                 IPA314008   
24  CARBON STEEL  ...         14.0                 IPA314008   

   REDUCING_SCHEDULE REDUCING_SIZE REDUCING_WALL TRIM           TYPE  \
0                NAN           NAN                NAN       SEAMLESS   
1                NAN           NAN                NAN  SEAMLESS PIPE   
2                NAN           NAN                NAN  SEAMLESS PIPE   
3                NAN           NAN                NAN  SEAMLESS PIPE   
4                NAN           NAN                NAN  SEAMLESS PIPE   
5                NAN           NAN                NAN  SEAMLESS PIPE   
6                NAN           NAN                NAN  SEAMLESS PIPE   
7                NAN           NAN                NAN       SEAMLESS   
8                NAN           NAN                NAN       SEAMLESS   
9                NAN           NAN                NAN  SEAMLESS PIPE   
10               NAN           NAN                NAN  SEAMLESS PIPE   
11               NAN           NAN                NAN  SEAMLESS PIPE   
12               NAN           NAN                NAN  SEAMLESS PIPE   
13               NAN           NAN                NAN  SEAMLESS PIPE   
14               NAN           NAN                NAN  SEAMLESS PIPE   
15               NAN           NAN                NAN       SEAMLESS   
16               NAN           NAN                NAN  SEAMLESS PIPE   
17               NAN           NAN                NAN  SEAMLESS PIPE   
18               NAN           NAN                NAN  SEAMLESS PIPE   
19               NAN           NAN                NAN  SEAMLESS PIPE   
20               NAN           NAN                NAN  SEAMLESS PIPE   
21               NAN           NAN                NAN  SEAMLESS PIPE   
22               NAN           NAN                NAN  SEAMLESS PIPE   
23               NAN           NAN                NAN       SEAMLESS   
24               NAN           NAN                NAN  SEAMLESS PIPE   

   WALL_THICKNESS     score  
0                  0.915794  
1                  0.893735  
2                  0.893735  
3                  0.890856  
4                  0.890543  
5                  0.890543  
6                  0.890218  
7                  0.890218  
8                  0.890218  
9                  0.889043  
10                 0.889043  
11                 0.889043  
12                 0.889018  
13                 0.889018  
14                 0.887360  
15                 0.887360  
16                 0.886599  
17                 0.886599  
18                 0.886599  
19                 0.886149  
20                 0.886149  
21                 0.886149  
22                 0.885062  
23                 0.884142  
24                 0.884142  

[25 rows x 25 columns]",0,EXCELLENT
15,"1"" 300 RFSW FLANGE S/80 BORE A/SA105","1"" 300 RF SOCKET WELD FLANGE XH BORE, SA105",True,15,115,31.296754500000134,"   CATEGORY  CONFIDENCE                                    DESCRIPTION  \
0    FLANGE         0.9               1"" 300 RF THREADED FLANGE, SA105   
1    FLANGE         0.9               1"" 300 RF THREADED FLANGE, SA105   
2    FLANGE         0.9               1"" 300 RF THREADED FLANGE, SA105   
3    FLANGE         0.9               1"" 300 RF THREADED FLANGE, SA105   
4    FLANGE         0.9               1"" 300 RF THREADED FLANGE, SA105   
5    FLANGE         0.9               1"" 300 RF THREADED FLANGE, SA105   
6    FLANGE         0.9                  1"" 300 RF BLIND FLANGE, SA105   
7    FLANGE         0.9                  1"" 300 RF BLIND FLANGE, SA105   
8    FLANGE         0.9                  1"" 300 RF BLIND FLANGE, SA105   
9    FLANGE         0.9                  1"" 300 RF BLIND FLANGE, SA105   
10   FLANGE         0.9                  1"" 300 RF BLIND FLANGE, SA105   
11   FLANGE         0.9  1"" 300 RF BLIND FLANGE, SA105 -W/1"" THRD HOLE   
12   FLANGE         1.0                 1"" 300 RF BLIND FLANGE, SA105N   
13   FLANGE         1.0                 1"" 300 RF BLIND FLANGE, SA105N   
14   FLANGE         1.0                 1"" 300 RF BLIND FLANGE, SA105N   
15   FLANGE         0.9                1"" 150 RF THREADED FLANGE SA105   
16   FLANGE         0.9                1"" 150 RF THREADED FLANGE SA105   
17   FLANGE         0.9               1"" 150 RF THREADED FLANGE, SA105   
18   FLANGE         0.9               1"" 150 RF THREADED FLANGE, SA105   
19   FLANGE         0.9               1"" 150 RF THREADED FLANGE, SA105   
20   FLANGE         0.9               1"" 150 RF THREADED FLANGE, SA105   
21   FLANGE         0.9                   1"" 150 RF THRD FLANGE, SA105   
22   FLANGE         0.9                  1"" 150 RF BLIND FLANGE, SA105   
23   FLANGE         0.9                  1"" 150 RF BLIND FLANGE, SA105   
24   FLANGE         0.9                  1"" 150 RF BLIND FLANGE, SA105   

   END_CONNECTIONS   END_FINISH ID LENGTH MANUFACTURING_PROCESS  \
0         THREADED  RAISED FACE       NAN                   NAN   
1         THREADED           RF       NAN                   NAN   
2              THD           RF       NAN                   NAN   
3         THREADED           RF       NAN                   NAN   
4         THREADED  RAISED FACE       NAN                   NAN   
5         THREADED  RAISED FACE       NAN                   NAN   
6              NAN  RAISED FACE       NAN                   NAN   
7              NAN  RAISED FACE       NAN                   NAN   
8              NAN  RAISED FACE       NAN                   NAN   
9              NAN  RAISED FACE       NAN                   NAN   
10             NAN  RAISED FACE       NAN                   NAN   
11        THREADED  RAISED FACE       NAN                   NAN   
12             NAN  RAISED FACE       NAN                   NAN   
13             NAN  RAISED FACE       NAN                   NAN   
14             NAN  RAISED FACE       NAN                   NAN   
15        THREADED           RF       NAN                   NAN   
16        THREADED  RAISED FACE       NAN                   NAN   
17        THREADED  RAISED FACE       NAN                   NAN   
18             THD           RF       NAN                   NAN   
19        THREADED           RF       NAN                   NAN   
20        THREADED  RAISED FACE       NAN                   NAN   
21        THREADED  RAISED FACE       NAN                   NAN   
22             NAN  RAISED FACE       NAN                   NAN   
23             NAN  RAISED FACE       NAN                   NAN   
24             NAN  RAISED FACE       NAN                   NAN   

   MATERIAL_GRADE MATERIAL_NAME  ... PRIMARY_SIZE PRIMARY_WALL  PRODUCT_CODE  \
0             NAN  CARBON STEEL  ...          1.0                 WFTH030101   
1             NAN  CARBON STEEL  ...          1.0                 SFTH030101   
2             NAN  CARBON STEEL  ...          1.0               FTH030101BTX   
3             NAN  CARBON STEEL  ...          1.0               FTH030101BTX   
4             NAN  CARBON STEEL  ...          1.0                 WFTH030101   
5             NAN  CARBON STEEL  ...          1.0                 SFTH030101   
6             NAN  CARBON STEEL  ...          1.0                 WFBD030101   
7             NAN  CARBON STEEL  ...          1.0               FBD030101BTX   
8             NAN  CARBON STEEL  ...          1.0                 IFBD030101   
9             NAN  CARBON STEEL  ...          1.0                ISFBD030101   
10            NAN  CARBON STEEL  ...          1.0                ISFBD030101   
11            NAN  CARBON STEEL  ...          1.0                 FBD030101T   
12              N  CARBON STEEL  ...          1.0                IFBDN030101   
13              N  CARBON STEEL  ...          1.0                 FBDN030101   
14              N  CARBON STEEL  ...          1.0               IFBD030101NA   
15            NAN  CARBON STEEL  ...          1.0                 WFTH010101   
16            NAN  CARBON STEEL  ...          1.0                 WFTH010101   
17            NAN  CARBON STEEL  ...          1.0               FTH010101BTX   
18            NAN  CARBON STEEL  ...          1.0                 IFTH010101   
19            NAN  CARBON STEEL  ...          1.0                 IFTH010101   
20            NAN  CARBON STEEL  ...          1.0               FTH010101BTX   
21            NAN  CARBON STEEL  ...          1.0                 SFTH010101   
22            NAN  CARBON STEEL  ...          1.0                 IFBD010101   
23            NAN  CARBON STEEL  ...          1.0                 SFBD010101   
24            NAN  CARBON STEEL  ...          1.0                 WFBD010101   

   REDUCING_SCHEDULE REDUCING_SIZE REDUCING_WALL TRIM                  TYPE  \
0                NAN           NAN                NAN              THREADED   
1                NAN           NAN                NAN  THREADED RAISED FACE   
2                NAN           NAN                NAN  THREADED RAISED FACE   
3                NAN           NAN                NAN  THREADED RAISED FACE   
4                NAN           NAN                NAN  THREADED RAISED FACE   
5                NAN           NAN                NAN              THREADED   
6                NAN           NAN                NAN                 BLIND   
7                NAN           NAN                NAN                 BLIND   
8                NAN           NAN                NAN                 BLIND   
9                NAN           NAN                NAN          BLIND FLANGE   
10               NAN           NAN                NAN                 BLIND   
11               NAN           NAN                NAN                 BLIND   
12               NAN           NAN                NAN                 BLIND   
13               NAN           NAN                NAN                 BLIND   
14               NAN           NAN                NAN                 BLIND   
15               NAN           NAN                NAN  THREADED RAISED FACE   
16               NAN           NAN                NAN  THREADED RAISED FACE   
17               NAN           NAN                NAN              THREADED   
18               NAN           NAN                NAN  THREADED RAISED FACE   
19               NAN           NAN                NAN  THREADED RAISED FACE   
20               NAN           NAN                NAN  THREADED RAISED FACE   
21               NAN           NAN                NAN              THREADED   
22               NAN           NAN                NAN                 BLIND   
23               NAN           NAN                NAN                 BLIND   
24               NAN           NAN                NAN                 BLIND   

   WALL_THICKNESS     score  
0                  0.942303  
1                  0.942303  
2                  0.942303  
3                  0.942303  
4                  0.942303  
5                  0.942303  
6                  0.941476  
7                  0.941476  
8                  0.941476  
9                  0.941476  
10                 0.941476  
11                 0.938612  
12                 0.937870  
13                 0.937870  
14                 0.937870  
15                 0.933899  
16                 0.933899  
17                 0.933245  
18                 0.933245  
19                 0.933245  
20                 0.933245  
21                 0.933236  
22                 0.932283  
23                 0.932283  
24                 0.932283  

[25 rows x 25 columns]",0,EXCELLENT
16,"887520 RED ECC,WELD,8X6*SCH10S/SCH10S,ASTM A403","8"" X 6"" S10 ECCENTRIC WELD REDUCER, A403 WP1.0L",True,16,0,29.853232400000252,"   CATEGORY  CONFIDENCE                                      DESCRIPTION  \
0   FITTING         0.9  8"" X 6"" S10 ECCENTRIC WELD REDUCER, A403 WP1.0L   
1   FITTING         0.9  8"" X 6"" S10 ECCENTRIC WELD REDUCER, A403 WP1.0L   
2   FITTING         0.9                        8"" XH WELD CAP SA420 WPL6   
3   FITTING         0.9                        8"" XH WELD CAP SA420 WPL6   
4   FITTING         0.9                       8"" STD WELD CAP SA420 WPL6   
5   FITTING         0.9             8"" S-10 LR 90 WELD ELL, SA403-WP304L   
6   FITTING         0.9             8"" S-10 LR 90 WELD ELL, SA403-WP304L   
7   FITTING         0.9                 8"" STDLR 90 WELD ELL, SA420-WPL6   
8   FITTING         0.9                 8"" STDLR 90 WELD ELL, SA420-WPL6   
9   FITTING         0.9                    8"" X 6"" STD WELD-O-LET, SA105   
10  FITTING         0.9               8"" X 3"" XH RED WELD TEE, SA234-WPB   
11  FITTING         0.9               8"" X 3"" XH RED WELD TEE, SA234-WPB   
12  FITTING         0.9                    8"" X 5"" STD WELD-O-LET, SA105   
13  FITTING         0.9                    8"" X 5"" STD WELD-O-LET, SA105   
14  FITTING         0.9                  8"" X 4"" S-120 WELD-O-LET, SA105   
15  FITTING         0.9                  8"" X 4"" S-120 WELD-O-LET, SA105   
16  FITTING         0.9                 8"" STD SR 90 WELD ELL, SA234-WPB   
17  FITTING         0.9                 8"" STD SR 90 WELD ELL, SA234-WPB   
18  FITTING         0.9                 8"" STD SR 90 WELD ELL, SA234-WPB   
19  FITTING         0.9                 8"" STD SR 90 WELD ELL, SA234-WPB   
20  FITTING         0.9                 8"" STD SR 90 WELD ELL, SA234-WPB   
21  FITTING         0.9                 8"" STD SR 90 WELD ELL, SA234-WPB   
22  FITTING         0.9                 8"" STD SR 90 WELD ELL, SA234-WPB   
23  FITTING         0.9                 8"" STD SR 90 WELD ELL, SA234-WPB   
24  FITTING         0.9                 8"" STD SR 90 WELD ELL, SA234-WPB   

   END_CONNECTIONS END_FINISH ID LENGTH MANUFACTURING_PROCESS MATERIAL_GRADE  \
0              NAN        NAN       NAN                   NAN         WP1.0L   
1              NAN        NAN       NAN                WELDED         WP1.0L   
2        BUTT WELD        NAN       NAN                   NAN           WPL6   
3              NAN        NAN       NAN                  WELD           WPL6   
4              NAN        NAN       NAN                  WELD           WPL6   
5        BUTT WELD        NAN       NAN                WELDED         WP304L   
6               BW  BUTT WELD       NAN                WELDED         WP304L   
7        BUTT WELD        NAN       NAN                   NAN           WPL6   
8               BW  BUTT WELD       NAN                   NAN           WPL6   
9              NAN        NAN       NAN                   NAN            NAN   
10              BW        NAN       NAN                   NAN            WPB   
11       BUTT WELD         BW       NAN                   NAN            WPB   
12             NAN        NAN       NAN                   NAN            NAN   
13             NAN        NAN       NAN                   NAN            NAN   
14             NAN        NAN       NAN                   NAN            NAN   
15             NAN        NAN       NAN                   NAN            NAN   
16       BUTT WELD        NAN       NAN                   NAN            WPB   
17       BUTT WELD        NAN       NAN                   NAN            WPB   
18       BUTT WELD        NAN       NAN                WELDED            WPB   
19       BUTT WELD        NAN       NAN                   NAN            WPB   
20       BUTT WELD        NAN       NAN                   NAN            WPB   
21       BUTT WELD        NAN       NAN                WELDED            WPB   
22       BUTT WELD        NAN       NAN                   NAN            WPB   
23       BUTT WELD         BW       NAN                   NAN            WPB   
24       BUTT WELD        NAN       NAN                   NAN            WPB   

      MATERIAL_NAME  ... PRIMARY_SIZE PRIMARY_WALL   PRODUCT_CODE  \
0   STAINLESS STEEL  ...          8.0               IWEC408006001   
1   STAINLESS STEEL  ...          8.0               IWEC408006001   
2      CARBON STEEL  ...          8.0                   IWCA6080X   
3      CARBON STEEL  ...          8.0                   IWCA6080X   
4      CARBON STEEL  ...          8.0                   IWCA6080S   
5   STAINLESS STEEL  ...          8.0                  IWL9408001   
6   STAINLESS STEEL  ...          8.0                  IWL9408001   
7      CARBON STEEL  ...          8.0                   IWL96080S   
8      CARBON STEEL  ...          8.0                   IWL96080S   
9      CARBON STEEL  ...          8.0                   MSW060080   
10     CARBON STEEL  ...          8.0                 SWRT080030X   
11     CARBON STEEL  ...          8.0                 SWRT080030X   
12     CARBON STEEL  ...          8.0                   MSW050080   
13     CARBON STEEL  ...          8.0                   MSW050080   
14     CARBON STEEL  ...          8.0                   M12W04008   
15     CARBON STEEL  ...          8.0                   M12W04008   
16     CARBON STEEL  ...          8.0                  IWS9080STM   
17     CARBON STEEL  ...          8.0                    RWS9080S   
18     CARBON STEEL  ...          8.0                    IWS9080S   
19     CARBON STEEL  ...          8.0                 KWS9080SSKB   
20     CARBON STEEL  ...          8.0                     WS9080S   
21     CARBON STEEL  ...          8.0                 KWS9080SSKB   
22     CARBON STEEL  ...          8.0                   ISWS9080S   
23     CARBON STEEL  ...          8.0                     WS9080S   
24     CARBON STEEL  ...          8.0                    RWS9080S   

   REDUCING_SCHEDULE REDUCING_SIZE REDUCING_WALL TRIM                   TYPE  \
0                NAN             6                NAN      ECCENTRIC REDUCER   
1                NAN             6                NAN      ECCENTRIC REDUCER   
2                NAN           NAN                NAN                    CAP   
3                NAN           NAN                NAN                    CAP   
4                NAN           NAN                NAN                    CAP   
5                NAN           NAN                NAN   LONG RADIUS 90 ELBOW   
6                NAN           NAN                NAN   LONG RADIUS 90 ELBOW   
7                NAN           NAN                NAN   LONG RADIUS 90 ELBOW   
8                NAN           NAN                NAN   LONG RADIUS 90 ELBOW   
9                NAN             6                NAN               WELDOLET   
10               NAN             3                NAN           REDUCING TEE   
11                XH             3                NAN           REDUCING TEE   
12               NAN             5                NAN               WELDOLET   
13               NAN             5                NAN               WELDOLET   
14               NAN             4                NAN               WELDOLET   
15               NAN             4                NAN               WELDOLET   
16               NAN           NAN                NAN  SHORT RADIUS 90 ELBOW   
17               NAN           NAN                NAN  SHORT RADIUS ELBOW 90   
18               NAN           NAN                NAN  SHORT RADIUS 90 ELBOW   
19               NAN           NAN                NAN  SHORT RADIUS 90 ELBOW   
20               NAN           NAN                NAN  SHORT RADIUS ELBOW 90   
21               NAN           NAN                NAN  SHORT RADIUS 90 ELBOW   
22               NAN           NAN                NAN  SHORT RADIUS ELBOW 90   
23               NAN           NAN                NAN  SHORT RADIUS 90 ELBOW   
24               NAN           NAN                NAN  SHORT RADIUS 90 ELBOW   

   WALL_THICKNESS     score  
0                  0.880123  
1                  0.880123  
2                  0.874891  
3                  0.874891  
4                  0.874738  
5                  0.872300  
6                  0.872300  
7                  0.872121  
8                  0.872121  
9                  0.871967  
10                 0.870622  
11                 0.870622  
12                 0.869798  
13                 0.869798  
14                 0.869539  
15                 0.869539  
16                 0.869328  
17                 0.869328  
18                 0.869328  
19                 0.869328  
20                 0.869328  
21                 0.869328  
22                 0.869328  
23                 0.869328  
24                 0.869328  

[25 rows x 25 columns]",0,EXCELLENT
17,"3"" S/10 SMLS OR WELDED PIPE X SRL A/SA312-TP304","3"" S10 .120"" WALL SEAMLESS PIPE SA312-TP-304LSS",True,17,0,26.66641649999974,"   CATEGORY  CONFIDENCE                                      DESCRIPTION  \
0      PIPE         0.9  3"" S10 .120"" WALL SEAMLESS PIPE SA312-TP-304LSS   
1      PIPE         0.9  3"" S10 .120"" WALL SEAMLESS PIPE SA312-TP-304LSS   
2      PIPE         0.9  3"" S10 .120"" WALL SEAMLESS PIPE SA312-TP-304LSS   
3      PIPE         0.9  3"" S10 .120"" WALL SEAMLESS PIPE SA312-TP-304LSS   
4      PIPE         0.9        3"" XH .300W SEAMLESS PIPE SA312-TP-304LSS   
5      PIPE         0.9        3"" XH .300W SEAMLESS PIPE SA312-TP-304HSS   
6      PIPE         0.9        3"" XH .300W SEAMLESS PIPE SA312-TP-304HSS   
7      PIPE         0.9            3"" STD .216W WELDED PIPE SA312 TP1.0L   
8      PIPE         0.9            3"" STD .216W WELDED PIPE SA312 TP1.0L   
9      PIPE         0.9            3"" STD .216W WELDED PIPE SA312 TP1.0L   
10     PIPE         0.9            3"" STD .216W WELDED PIPE SA312 TP1.0L   
11     PIPE         0.9            3"" STD .216W WELDED PIPE SA312 TP1.0L   
12  FITTING         0.9             3"" S-10 LR 90 WELD ELL, SA403-WP304L   
13  FITTING         0.9             3"" S-10 LR 90 WELD ELL, SA403-WP304L   
14     PIPE         0.9      3"" S-10 .120W SEAMLESS PIPE SA312-TP-316LSS   
15     PIPE         0.9      3"" S-10 .120W SEAMLESS PIPE SA312-TP-316LSS   
16     PIPE         0.9          3"" XH .300W SEAMLESS PIPE SA312 TP304/H   
17     PIPE         0.9          3"" XH .300W SEAMLESS PIPE SA312 TP304/H   
18     PIPE         0.9          3"" S-10 .120W SA312-310SS SEAMLESS PIPE   
19     PIPE         0.9          3"" S-10 .120W SA312-310SS SEAMLESS PIPE   
20     PIPE         0.9          3"" S-10 .120W SA312-310SS SEAMLESS PIPE   
21     PIPE         0.9          3"" S-10 .120W SA312-310SS SEAMLESS PIPE   
22     PIPE         0.9        3"" XH .300W SEAMLESS PIPE SA312-TP-316LSS   
23     PIPE         0.9        3"" XH .300W SEAMLESS PIPE SA312-TP-316LSS   
24     PIPE         0.9        3"" XH .300W SEAMLESS PIPE SA312-TP-316LSS   

   END_CONNECTIONS END_FINISH ID LENGTH MANUFACTURING_PROCESS MATERIAL_GRADE  \
0              NAN        NAN       NAN              SEAMLESS         TP304L   
1              NAN        NAN       NAN              SEAMLESS         TP304L   
2              NAN        NAN       NAN              SEAMLESS         TP304L   
3              NAN        NAN       NAN              SEAMLESS         TP304L   
4              NAN        NAN       NAN              SEAMLESS         TP304L   
5              NAN        NAN       NAN              SEAMLESS         TP304H   
6              NAN        NAN       NAN              SEAMLESS         TP304H   
7              NAN        NAN       NAN                WELDED           1.0L   
8              NAN        NAN       NAN                WELDED         TP1.0L   
9              NAN        NAN       NAN                WELDED         TP1.0L   
10             NAN        NAN       NAN                WELDED         TP1.0L   
11             NAN        NAN       NAN                WELDED         TP1.0L   
12       BUTT WELD        NAN       NAN                   NAN         WP304L   
13       BUTT WELD         BW       NAN                   NAN         WP304L   
14             NAN        NAN       NAN              SEAMLESS         TP316L   
15             NAN        NAN       NAN              SEAMLESS         TP316L   
16             NAN      .300W       NAN              SEAMLESS        TP304/H   
17             NAN        NAN       NAN              SEAMLESS        TP304/H   
18             NAN        NAN       NAN              SEAMLESS            310   
19             NAN        NAN       NAN              SEAMLESS            310   
20             NAN        NAN       NAN              SEAMLESS            310   
21             NAN        NAN       NAN              SEAMLESS            310   
22             NAN        NAN       NAN              SEAMLESS         TP316L   
23             NAN        NAN       NAN              SEAMLESS           316L   
24             NAN        NAN       NAN                  SMLS           316L   

      MATERIAL_NAME  ... PRIMARY_SIZE PRIMARY_WALL  PRODUCT_CODE  \
0   STAINLESS STEEL  ...          3.0                 IPS4030S10   
1   STAINLESS STEEL  ...          3.0                 IPS4030S10   
2   STAINLESS STEEL  ...          3.0                 IPS403001A   
3   STAINLESS STEEL  ...          3.0                IPS4030S10K   
4   STAINLESS STEEL  ...          3.0                   PS4030XH   
5   STAINLESS STEEL  ...          3.0                  PS4H030XH   
6   STAINLESS STEEL  ...          3.0                  PS4H030XH   
7   STAINLESS STEEL  ...          3.0                 IPE6030STC   
8   STAINLESS STEEL  ...          3.0                 SIPE6030ST   
9   STAINLESS STEEL  ...          3.0                 IPE6030STC   
10  STAINLESS STEEL  ...          3.0                 SIPE6030ST   
11  STAINLESS STEEL  ...          3.0                  IPE6030ST   
12  STAINLESS STEEL  ...          3.0                 IWL9403001   
13  STAINLESS STEEL  ...          3.0                 IWL9403001   
14  STAINLESS STEEL  ...          3.0                  IPS603010   
15  STAINLESS STEEL  ...          3.0                  IPS603010   
16  STAINLESS STEEL  ...          3.0                 IPS4H030XH   
17  STAINLESS STEEL  ...          3.0                 IPS4H030XH   
18  STAINLESS STEEL  ...          3.0               SIPS31003001   
19  STAINLESS STEEL  ...          3.0               SIPS31003001   
20  STAINLESS STEEL  ...          3.0                 PS31003001   
21  STAINLESS STEEL  ...          3.0                 PS31003001   
22  STAINLESS STEEL  ...          3.0                   PS6030XH   
23  STAINLESS STEEL  ...          3.0                   PS6030XH   
24  STAINLESS STEEL  ...          3.0                  IPS6030XH   

   REDUCING_SCHEDULE REDUCING_SIZE REDUCING_WALL TRIM                  TYPE  \
0                NAN           NAN                NAN         SEAMLESS PIPE   
1                NAN           NAN                NAN         SEAMLESS PIPE   
2                NAN           NAN                NAN         SEAMLESS PIPE   
3                NAN           NAN                NAN         SEAMLESS PIPE   
4                NAN           NAN                NAN         SEAMLESS PIPE   
5                NAN           NAN                NAN         SEAMLESS PIPE   
6                NAN           NAN                NAN         SEAMLESS PIPE   
7                NAN           NAN                NAN                WELDED   
8                NAN           NAN                NAN                WELDED   
9                NAN           NAN                NAN           WELDED PIPE   
10               NAN           NAN                NAN           WELDED PIPE   
11               NAN           NAN                NAN           WELDED PIPE   
12               NAN           NAN                NAN  LONG RADIUS 90 ELBOW   
13               NAN           NAN                NAN  LONG RADIUS 90 ELBOW   
14               NAN           NAN                NAN         SEAMLESS PIPE   
15               NAN           NAN                NAN         SEAMLESS PIPE   
16               NAN           NAN                NAN              SEAMLESS   
17               NAN           NAN                NAN         SEAMLESS PIPE   
18               NAN           NAN                NAN         SEAMLESS PIPE   
19               NAN           NAN                NAN              SEAMLESS   
20               NAN           NAN                NAN         SEAMLESS PIPE   
21               NAN           NAN                NAN         SEAMLESS PIPE   
22               NAN           NAN                NAN         SEAMLESS PIPE   
23               NAN           NAN                NAN              SEAMLESS   
24               NAN           NAN                NAN         SEAMLESS PIPE   

   WALL_THICKNESS     score  
0                  0.930606  
1                  0.930606  
2                  0.930606  
3                  0.930606  
4                  0.927520  
5                  0.924175  
6                  0.924175  
7                  0.923443  
8                  0.923443  
9                  0.923443  
10                 0.923443  
11                 0.923443  
12                 0.918055  
13                 0.918055  
14                 0.917449  
15                 0.917449  
16                 0.917278  
17                 0.917278  
18                 0.916731  
19                 0.916731  
20                 0.916731  
21                 0.916731  
22                 0.916547  
23                 0.916547  
24                 0.916547  

[25 rows x 25 columns]",0,EXCELLENT
18,"4-300RFWNS-FLG,WN,RF,4,300 ,STD (S40)","4"" 300 RF WELD NECK FLANGE STD BORE, SA105",True,18,196,20.75236730000006,"   CATEGORY  CONFIDENCE  \
0    FLANGE         0.9   
1    FLANGE         0.9   
2    FLANGE         0.9   
3    FLANGE         0.9   
4   FITTING         0.9   
5   FITTING         0.9   
6   FITTING         0.9   
7   FITTING         0.9   
8    FLANGE         1.0   
9    FLANGE         0.9   
10  FITTING         0.9   
11  FITTING         0.9   
12  FITTING         0.9   
13  FITTING         0.9   
14   FLANGE         0.9   
15   FLANGE         0.9   
16   FLANGE         1.0   
17   FLANGE         1.0   
18   FLANGE         0.9   
19   FLANGE         0.9   
20   FLANGE         0.9   
21   FLANGE         0.9   
22   FLANGE         0.9   
23   FLANGE         1.0   
24   FLANGE         0.9   

                                              DESCRIPTION END_CONNECTIONS  \
0                  4"" 300 RF BLIND FLANGE, SA105N-HFN S62             NAN   
1                  4"" 300 RF BLIND FLANGE, SA105N-HFN S62             NAN   
2                      4"" 300 RF BLIND FLANGE, SA105N-FGP             NAN   
3                      4"" 300 RF BLIND FLANGE, SA105N-FGP             NAN   
4                        4"" STD SR 90 WELD ELL, A420-WPL3       BUTT WELD   
5                        4"" STD SR 90 WELD ELL, A420-WPL3              BW   
6                        4"" STD SR 90 WELD ELL, A420-WPL3       BUTT WELD   
7                        4"" STD SR 90 WELD ELL, A420-WPL3       BUTT WELD   
8     4"" 300 RF WELD NECK FLANGE S-40S BORE, SA182-F304SS             NAN   
9     4"" 300 RF WELD NECK FLANGE S-40S BORE, SA182-F304SS             NAN   
10                4"" STD SR 90 DEG WELD ELL SMLSA420 WPL3       BUTT WELD   
11                4"" STD SR 90 DEG WELD ELL SMLSA420 WPL3       BUTT WELD   
12                    4"" STD LR 90 WELD ELL, SA403-WP304L       BUTT WELD   
13                    4"" STD LR 90 WELD ELL, SA403-WP304L       BUTT WELD   
14  4"" 300 RF WELD NECK FLANGE S-160 BORE, SA105N-HFN S62             NAN   
15  4"" 300 RF WELD NECK FLANGE S-160 BORE, SA105N-HFN S62             NAN   
16                         4"" 300 RF BLIND FLANGE, SA105N             NAN   
17                         4"" 300 RF BLIND FLANGE, SA105N             NAN   
18                         4"" 300 RF BLIND FLANGE, SA105N             NAN   
19                         4"" 300 RF BLIND FLANGE, SA105N             NAN   
20                      4"" 300 RF THREADED FLANGE, SA105N             THD   
21                 4"" 300 RF BLIND FLANGE, SA350-LF2 CL 1             NAN   
22                 4"" 300 RF BLIND FLANGE, SA350-LF2 CL 1             NAN   
23                 4"" 300 RF BLIND FLANGE, SA350-LF2 CL 1             NAN   
24                          4"" 300 RF BLIND FLANGE, SA105             NAN   

     END_FINISH ID LENGTH MANUFACTURING_PROCESS MATERIAL_GRADE  \
0           NAN       NAN                   HFN              N   
1   RAISED FACE       NAN                   HFN            NAN   
2            RF       NAN                   NAN              N   
3   RAISED FACE       NAN                   NAN              N   
4           NAN       NAN                   NAN           WPL3   
5     BUTT WELD       NAN                   NAN           WPL3   
6            BW       NAN                   NAN           WPL3   
7           NAN       NAN                WELDED           WPL3   
8   RAISED FACE       NAN                   NAN           F304   
9   RAISED FACE       NAN                   NAN           F304   
10           BW       NAN              SEAMLESS           WPL3   
11          NAN       NAN              SEAMLESS           WPL3   
12          NAN       NAN                WELDED         WP304L   
13          NAN       NAN                   NAN         WP304L   
14  RAISED FACE       NAN                   NAN              N   
15  RAISED FACE       NAN                   HFN              N   
16  RAISED FACE       NAN                   NAN              N   
17  RAISED FACE       NAN                   NAN              N   
18  RAISED FACE       NAN                   NAN              N   
19  RAISED FACE       NAN                   NAN              N   
20           RF       NAN                   NAN              N   
21  RAISED FACE       NAN                   NAN            LF2   
22  RAISED FACE       NAN                   NAN            LF2   
23  RAISED FACE       NAN                   NAN            LF2   
24  RAISED FACE       NAN                   NAN            NAN   

                   MATERIAL_NAME  ... PRIMARY_SIZE PRIMARY_WALL  \
0                   CARBON STEEL  ...          4.0                
1                   CARBON STEEL  ...          4.0                
2                   CARBON STEEL  ...          4.0                
3                   CARBON STEEL  ...          4.0                
4                   CARBON STEEL  ...          4.0                
5                   CARBON STEEL  ...          4.0                
6   LOW TEMPERATURE CARBON STEEL  ...          4.0                
7          LOW TEMP CARBON STEEL  ...          4.0                
8                STAINLESS STEEL  ...          4.0                
9                STAINLESS STEEL  ...          4.0                
10                  CARBON STEEL  ...          4.0                
11                  CARBON STEEL  ...          4.0                
12               STAINLESS STEEL  ...          4.0                
13               STAINLESS STEEL  ...          4.0                
14                  CARBON STEEL  ...          4.0                
15                  CARBON STEEL  ...          4.0                
16                  CARBON STEEL  ...          4.0                
17                  CARBON STEEL  ...          4.0                
18                  CARBON STEEL  ...          4.0                
19                  CARBON STEEL  ...          4.0                
20                  CARBON STEEL  ...          4.0                
21                  CARBON STEEL  ...          4.0                
22                  CARBON STEEL  ...          4.0                
23                  CARBON STEEL  ...          4.0                
24                  CARBON STEEL  ...          4.0                

          PRODUCT_CODE REDUCING_SCHEDULE REDUCING_SIZE REDUCING_WALL TRIM  \
0     IFBD030401GB-HFN               NAN           NAN                NAN   
1     IFBD030401GB-HFN               NAN           NAN                NAN   
2            FBD030401               NAN           NAN                NAN   
3            FBD030401               NAN           NAN                NAN   
4             WS93040S               NAN           NAN                NAN   
5             WS93040S               NAN           NAN                NAN   
6            WS93040SL               NAN           NAN                NAN   
7            WS93040SL               NAN           NAN                NAN   
8         IFWN4030401S               NAN           NAN                NAN   
9         IFWN4030401S               NAN           NAN                NAN   
10           IWS93040S               NAN           NAN                NAN   
11           IWS93040S               NAN           NAN                NAN   
12           IWL94040S               NAN           NAN                NAN   
13           IWL94040S               NAN           NAN                NAN   
14  IFWN03040116GB-HFN               NAN           NAN                NAN   
15  IFWN03040116GB-HFN               NAN           NAN                NAN   
16         IFBDN030401               NAN           NAN                NAN   
17        IFBD030401NA               NAN           NAN                NAN   
18         IFBDN030401               NAN           NAN                NAN   
19          FBDN030401               NAN           NAN                NAN   
20        IFTH030401NA               NAN           NAN                NAN   
21       IFBDL030401MF               NAN           NAN                NAN   
22          FBDL030401               NAN           NAN                NAN   
23          FBDL030401               NAN           NAN                NAN   
24         ISFBD030401               NAN           NAN                NAN   

                            TYPE WALL_THICKNESS     score  
0                          BLIND                 0.890127  
1                          BLIND                 0.890127  
2                          BLIND                 0.888989  
3                          BLIND                 0.888989  
4          SHORT RADIUS 90 ELBOW                 0.887195  
5   ELBOW 90 DEGREE SHORT RADIUS                 0.887195  
6          SHORT RADIUS 90 ELBOW                 0.887195  
7          SHORT RADIUS 90 ELBOW                 0.887195  
8                      WELD NECK                 0.886328  
9                      WELD NECK                 0.886328  
10         SHORT RADIUS 90 ELBOW                 0.886082  
11      SHORT RADIUS ELBOW 90DEG                 0.886082  
12                   ELBOW 90 LR                 0.885872  
13          LONG RADIUS 90 ELBOW                 0.885872  
14                     WELD NECK                 0.884704  
15                     WELD NECK                 0.884704  
16                         BLIND                 0.884678  
17                         BLIND                 0.884678  
18                         BLIND                 0.884678  
19                         BLIND                 0.884678  
20          THREADED RAISED FACE                 0.884359  
21                         BLIND                 0.883957  
22                         BLIND                 0.883957  
23                         BLIND                 0.883957  
24                         BLIND                 0.883817  

[25 rows x 25 columns]",0,EXCELLENT
19,"3-XA106BS-PIPE,SMLS,3,XH(S80)-SA-106B","3"" XH .300W ASTM/ASME/SA53B/API5L/X42/SA106B/C SEAMLESS PIPE",True,19,59,24.233298099999956,"   CATEGORY  CONFIDENCE  \
0      PIPE         0.9   
1      PIPE         0.9   
2      PIPE         0.9   
3      PIPE         0.9   
4      PIPE         0.9   
5      PIPE         0.9   
6      PIPE         0.9   
7      PIPE         0.9   
8      PIPE         0.9   
9      PIPE         0.9   
10     PIPE         0.9   
11     PIPE         0.9   
12     PIPE         0.9   
13     PIPE         0.9   
14     PIPE         0.9   
15     PIPE         0.9   
16     PIPE         0.9   
17     PIPE         0.9   
18     PIPE         0.9   
19     PIPE         0.9   
20     PIPE         0.9   
21     PIPE         0.9   
22     PIPE         0.9   
23     PIPE         0.9   
24     PIPE         0.9   

                                                DESCRIPTION  \
0           3"" X CLOSE XH SA106-B SEAMLESS PIPE NIPPLE, TBE   
1              3"" X 4"" XH SA106-B SEAMLESS PIPE NIPPLE, TBE   
2              3"" X 4"" XH SA106-B SEAMLESS PIPE NIPPLE, TBE   
3              3"" X 8"" XH SA106-B SEAMLESS PIPE NIPPLE, TBE   
4              3"" X 8"" XH SA106-B SEAMLESS PIPE NIPPLE, TBE   
5   3"" XH .300W BLK SA53-B/ SA106-B/C SEAMLESS PIPE (SPAIN)   
6   3"" XH .300W BLK SA53-B/ SA106-B/C SEAMLESS PIPE (SPAIN)   
7   3"" XH .300W BLK SA53-B/ SA106-B/C SEAMLESS PIPE (SPAIN)   
8   3"" XH .300W BLK SA53-B/ SA106-B/C SEAMLESS PIPE (SPAIN)   
9              3"" X 6"" XH SA106-B SEAMLESS PIPE NIPPLE, TBE   
10             3"" X 6"" XH SA106-B SEAMLESS PIPE NIPPLE, TBE   
11         3"" XH .300W BLK SA333 GR-6/SA106-B SEAMLESS PIPE   
12         3"" XH .300W BLK SA333 GR-6/SA106-B SEAMLESS PIPE   
13         3"" XH .300W BLK SA333 GR-6/SA106-B SEAMLESS PIPE   
14      3"" XH .300W BLK SA333 GRADE-6/SA106-B SEAMLESS PIPE   
15      3"" XH .300W BLK SA333 GRADE-6/SA106-B SEAMLESS PIPE   
16      3"" XH .300W BLK SA333 GRADE-6/SA106-B SEAMLESS PIPE   
17                    3"" XH .300W BLK SA106-B SEAMLESS PIPE   
18                    3"" XH .300W BLK SA106-B SEAMLESS PIPE   
19                    3"" XH .300W BLK SA106-B SEAMLESS PIPE   
20                    3"" XH .300W BLK SA106-B SEAMLESS PIPE   
21                    3"" XH .300W BLK SA106-B SEAMLESS PIPE   
22                    3"" XH .300W BLK SA106-B SEAMLESS PIPE   
23                    3"" XH .300W BLK SA106-B SEAMLESS PIPE   
24                    3"" XH .300W BLK SA106-B SEAMLESS PIPE   

       END_CONNECTIONS          END_FINISH ID LENGTH MANUFACTURING_PROCESS  \
0             THREADED                 NAN       NAN              SEAMLESS   
1             THREADED                 TBE       NAN              SEAMLESS   
2                  THD  THREADED BOTH ENDS       NAN              SEAMLESS   
3             THREADED                 TBE       NAN              SEAMLESS   
4   THREADED BOTH ENDS                 NAN       NAN              SEAMLESS   
5                  NAN               BLACK       NAN              SEAMLESS   
6                  NAN               BLACK       NAN              SEAMLESS   
7                  NAN               BLACK       NAN              SEAMLESS   
8                  NAN               BLACK       NAN              SEAMLESS   
9             THREADED                 TBE       NAN              SEAMLESS   
10  THREADED BOTH ENDS                 NAN       NAN              SEAMLESS   
11                 NAN               BLACK       NAN              SEAMLESS   
12                 NAN                 BLK       NAN                  SMLS   
13                 NAN               BLACK       NAN              SEAMLESS   
14                 NAN               BLACK       NAN              SEAMLESS   
15                 NAN               BLACK       NAN              SEAMLESS   
16                 NAN               BLACK       NAN              SEAMLESS   
17                 NAN               BLACK       NAN              SEAMLESS   
18                 NAN               BLACK       NAN              SEAMLESS   
19                 NAN               BLACK       NAN              SEAMLESS   
20                 NAN               BLACK       NAN              SEAMLESS   
21                 NAN               BLACK       NAN              SEAMLESS   
22                 NAN               BLACK       NAN              SEAMLESS   
23                 NAN               BLACK       NAN              SEAMLESS   
24                 NAN               BLACK       NAN              SEAMLESS   

   MATERIAL_GRADE MATERIAL_NAME  ... PRIMARY_SIZE PRIMARY_WALL  PRODUCT_CODE  \
0               B  CARBON STEEL  ...          3.0                  BSX030000   
1               B  CARBON STEEL  ...          3.0                  BSX030040   
2               B  CARBON STEEL  ...          3.0                  BSX030040   
3               B  CARBON STEEL  ...          3.0                  BSX030080   
4               B  CARBON STEEL  ...          3.0                  BSX030080   
5             NAN  CARBON STEEL  ...          3.0                SIPA030XHTR   
6             NAN  CARBON STEEL  ...          3.0                 IPA030XHTR   
7             NAN  CARBON STEEL  ...          3.0                 IPA030XHTR   
8             NAN  CARBON STEEL  ...          3.0                SIPA030XHTR   
9               B  CARBON STEEL  ...          3.0                  BSX030060   
10              B  CARBON STEEL  ...          3.0                  BSX030060   
11          GR6/B  CARBON STEEL  ...          3.0               SPA3/B030XHL   
12          GR6/B  CARBON STEEL  ...          3.0                SPA3/B030XH   
13         GR-6/B  CARBON STEEL  ...          3.0               SPA3/B030XHL   
14            6/B  CARBON STEEL  ...          3.0                 PA3/B030XH   
15            6/B  CARBON STEEL  ...          3.0                 PA3/B030XH   
16            6/B  CARBON STEEL  ...          3.0                PA3/B030XHL   
17              B  CARBON STEEL  ...          3.0                  IPA030XHC   
18              B  CARBON STEEL  ...          3.0                 SIPA030XHC   
19              B  CARBON STEEL  ...          3.0                  HWPA030XH   
20              B  CARBON STEEL  ...          3.0                   IPA030XH   
21              B  CARBON STEEL  ...          3.0                  SIPA030XH   
22              B  CARBON STEEL  ...          3.0                  HWPA030XH   
23              B  CARBON STEEL  ...          3.0                   PA030XHL   
24              B  CARBON STEEL  ...          3.0                  SPA030XHL   

   REDUCING_SCHEDULE REDUCING_SIZE REDUCING_WALL TRIM                  TYPE  \
0                NAN           NAN                NAN                NIPPLE   
1                NAN             4                NAN  SEAMLESS PIPE NIPPLE   
2                NAN             4                NAN                NIPPLE   
3                NAN             8                NAN                NIPPLE   
4                NAN             8                NAN                NIPPLE   
5                NAN           NAN                NAN              SEAMLESS   
6                NAN           NAN                NAN         SEAMLESS PIPE   
7                NAN           NAN                NAN         SEAMLESS PIPE   
8                NAN           NAN                NAN         SEAMLESS PIPE   
9                NAN             6                NAN           PIPE NIPPLE   
10               NAN             6                NAN           PIPE NIPPLE   
11               NAN           NAN                NAN         SEAMLESS PIPE   
12               NAN           NAN                NAN         SEAMLESS PIPE   
13               NAN           NAN                NAN         SEAMLESS PIPE   
14               NAN           NAN                NAN         SEAMLESS PIPE   
15               NAN           NAN                NAN              SEAMLESS   
16               NAN           NAN                NAN         SEAMLESS PIPE   
17               NAN           NAN                NAN         SEAMLESS PIPE   
18               NAN           NAN                NAN         SEAMLESS PIPE   
19               NAN           NAN                NAN              SEAMLESS   
20               NAN           NAN                NAN         SEAMLESS PIPE   
21               NAN           NAN                NAN         SEAMLESS PIPE   
22               NAN           NAN                NAN         SEAMLESS PIPE   
23               NAN           NAN                NAN              SEAMLESS   
24               NAN           NAN                NAN         SEAMLESS PIPE   

   WALL_THICKNESS     score  
0                  0.910090  
1                  0.907028  
2                  0.907028  
3                  0.905621  
4                  0.905621  
5                  0.905381  
6                  0.905381  
7                  0.905381  
8                  0.905381  
9                  0.905173  
10                 0.905173  
11                 0.904627  
12                 0.904627  
13                 0.904627  
14                 0.903647  
15                 0.903647  
16                 0.903647  
17                 0.902349  
18                 0.902349  
19                 0.902349  
20                 0.902349  
21                 0.902349  
22                 0.902349  
23                 0.902349  
24                 0.902349  

[25 rows x 25 columns]",0,EXCELLENT
20,"4"" 600 A-105 BLIND","4"" 600 RF BLIND FLANGE, SA105N-FGP/SA350-LF2 CL1/A694F42",True,20,56,28.988264800000252,"   CATEGORY  CONFIDENCE                        DESCRIPTION END_CONNECTIONS  \
0    FLANGE         0.9  4"" 150 GALV RF BLIND FLANGE, A105             NAN   
1    FLANGE         0.9  4"" 150 GALV RF BLIND FLANGE, A105             NAN   
2    FLANGE         1.0     4"" 600 RF BLIND FLANGE, SA105N             NAN   
3    FLANGE         1.0     4"" 600 RF BLIND FLANGE, SA105N             NAN   
4    FLANGE         1.0     4"" 600 RF BLIND FLANGE, SA105N             NAN   
5    FLANGE         0.9     4"" 600 RF BLIND FLANGE, SA105N             NAN   
6    FLANGE         1.0     4"" 600 RF BLIND FLANGE, SA105N             NAN   
7    FLANGE         0.9     4"" 600 RF BLIND FLANGE, SA105N             NAN   
8    FLANGE         1.0     4"" 600 RF BLIND FLANGE, SA105N             NAN   
9    FLANGE         0.9     4"" 600 RF BLIND FLANGE, SA105N             NAN   
10   FLANGE         1.0      4"" 900 RF BLIND FLANGE, SA105             NAN   
11   FLANGE         0.9      4"" 900 RF BLIND FLANGE, SA105             NAN   
12   FLANGE         0.9      4"" 900 RF BLIND FLANGE, SA105             NAN   
13   FLANGE         0.9    4"" 600 RTJ BLIND FLANGE, SA105N             NAN   
14   FLANGE         1.0    4"" 600 RTJ BLIND FLANGE, SA105N             NAN   
15   FLANGE         0.9      4"" 300 RF BLIND FLANGE, SA105             NAN   
16   FLANGE         0.9      4"" 300 RF BLIND FLANGE, SA105             NAN   
17   FLANGE         0.9      4"" 300 RF BLIND FLANGE, SA105             NAN   
18   FLANGE         0.9      4"" 300 RF BLIND FLANGE, SA105             NAN   
19   FLANGE         0.9     4"" 900 RTJ BLIND FLANGE, SA105             NAN   
20   FLANGE         0.9      4"" 150 RF BLIND FLANGE, SA105             NAN   
21   FLANGE         1.0      4"" 150 RF BLIND FLANGE, SA105             NAN   
22   FLANGE         0.9      4"" 150 RF BLIND FLANGE, SA105             NAN   
23   FLANGE         0.9      4"" 150 RF BLIND FLANGE, SA105             NAN   
24   FLANGE         0.9      4"" 150 RF BLIND FLANGE, SA105             NAN   

     END_FINISH ID LENGTH MANUFACTURING_PROCESS MATERIAL_GRADE MATERIAL_NAME  \
0            RF       NAN                   NAN            NAN  CARBON STEEL   
1   RAISED FACE       NAN                   NAN            NAN  CARBON STEEL   
2   RAISED FACE       NAN                   NAN              N  CARBON STEEL   
3   RAISED FACE       NAN                   NAN              N  CARBON STEEL   
4            RF       NAN                   NAN              N  CARBON STEEL   
5   RAISED FACE       NAN                   NAN              N  CARBON STEEL   
6   RAISED FACE       NAN                   NAN              N  CARBON STEEL   
7            RF       NAN                   NAN              N  CARBON STEEL   
8   RAISED FACE       NAN                   NAN              N  CARBON STEEL   
9   RAISED FACE       NAN                   NAN              N  CARBON STEEL   
10  RAISED FACE       NAN                   NAN            NAN  CARBON STEEL   
11  RAISED FACE       NAN                   NAN            NAN  CARBON STEEL   
12  RAISED FACE       NAN                   NAN            NAN  CARBON STEEL   
13          RTJ       NAN                   NAN              N  CARBON STEEL   
14          RTJ       NAN                   NAN              N  CARBON STEEL   
15  RAISED FACE       NAN                   NAN            NAN  CARBON STEEL   
16  RAISED FACE       NAN                   NAN            NAN  CARBON STEEL   
17  RAISED FACE       NAN                   NAN            NAN  CARBON STEEL   
18  RAISED FACE       NAN                   NAN            NAN  CARBON STEEL   
19          RTJ       NAN                   NAN            NAN  CARBON STEEL   
20  RAISED FACE       NAN                   NAN            NAN  CARBON STEEL   
21  RAISED FACE       NAN                   NAN            NAN  CARBON STEEL   
22  RAISED FACE       NAN                   NAN            NAN  CARBON STEEL   
23  RAISED FACE       NAN                   NAN            NAN  CARBON STEEL   
24  RAISED FACE       NAN                   NAN            NAN  CARBON STEEL   

    ... PRIMARY_SIZE PRIMARY_WALL  PRODUCT_CODE REDUCING_SCHEDULE  \
0   ...          4.0                 SIFBD10401               NAN   
1   ...          4.0                 SIFBD10401               NAN   
2   ...          4.0                 WFBD060401               NAN   
3   ...          4.0                 IFBD060401               NAN   
4   ...          4.0                 WFBD060401               NAN   
5   ...          4.0                ISFBD060401               NAN   
6   ...          4.0               FBD060401BTX               NAN   
7   ...          4.0               FBD060401BTX               NAN   
8   ...          4.0                ISFBD060401               NAN   
9   ...          4.0                 IFBD060401               NAN   
10  ...          4.0               FBD090401BTX               NAN   
11  ...          4.0               FBD090401BTX               NAN   
12  ...          4.0                  FBD090401               NAN   
13  ...          4.0                  FBD060403               NAN   
14  ...          4.0                  FBD060403               NAN   
15  ...          4.0                 IFBD030401               NAN   
16  ...          4.0                ISFBD030401               NAN   
17  ...          4.0                 SFBD030401               NAN   
18  ...          4.0               FBD030401BTX               NAN   
19  ...          4.0                  FBD090403               NAN   
20  ...          4.0                ISFBD010401               NAN   
21  ...          4.0                 WFBD010401               NAN   
22  ...          4.0                 WFBD010401               NAN   
23  ...          4.0                 IFBD010401               NAN   
24  ...          4.0               FBD010401BTX               NAN   

   REDUCING_SIZE REDUCING_WALL TRIM   TYPE WALL_THICKNESS     score  
0            NAN                NAN  BLIND                 0.922794  
1            NAN                NAN  BLIND                 0.922794  
2            NAN                NAN  BLIND                 0.921920  
3            NAN                NAN  BLIND                 0.921920  
4            NAN                NAN  BLIND                 0.921920  
5            NAN                NAN  BLIND                 0.921920  
6            NAN                NAN  BLIND                 0.921920  
7            NAN                NAN  BLIND                 0.921920  
8            NAN                NAN  BLIND                 0.921920  
9            NAN                NAN  BLIND                 0.921920  
10           NAN                NAN  BLIND                 0.921801  
11           NAN                NAN  BLIND                 0.921801  
12           NAN                NAN  BLIND                 0.921801  
13           NAN                NAN  BLIND                 0.921319  
14           NAN                NAN  BLIND                 0.921319  
15           NAN                NAN  BLIND                 0.920587  
16           NAN                NAN  BLIND                 0.920587  
17           NAN                NAN  BLIND                 0.920587  
18           NAN                NAN  BLIND                 0.920587  
19           NAN                NAN  BLIND                 0.918231  
20           NAN                NAN  BLIND                 0.915166  
21           NAN                NAN  BLIND                 0.915166  
22           NAN                NAN  BLIND                 0.915166  
23           NAN                NAN  BLIND                 0.915166  
24           NAN                NAN  BLIND                 0.915166  

[25 rows x 25 columns]",0,EXCELLENT
21,"3"" SCH. STD. PIPE SCARFED TO SUIT 3"" NPS OD A106 GR. B","3"" STD .216W BLK QUAD STENCILED PSL2 SA53-B/API5L/B/X42 SA106B/C SEAMLESS PIPE",True,21,175,24.12345779999987,"   CATEGORY  CONFIDENCE                                       DESCRIPTION  \
0      PIPE         0.9                3"" STD .216W SA106-B SEAMLESS PIPE   
1      PIPE         0.9     3"" STD .216W SA106-B GALVANIZED SEAMLESS PIPE   
2      PIPE         0.9     3"" STD .216W SA106-B GALVANIZED SEAMLESS PIPE   
3      PIPE         0.9       3"" STD .216W SA106B FB SEAMLESS COATED PIPE   
4      PIPE         0.9       3"" STD .216W SA106B FB SEAMLESS COATED PIPE   
5      PIPE         0.9  3"" STD .216W SA333 GRADE-6/SA106-B SEAMLESS PIPE   
6      PIPE         0.9  3"" STD .216W SA333 GRADE-6/SA106-B SEAMLESS PIPE   
7      PIPE         0.9  3"" STD .216W SA333 GRADE-6/SA106-B SEAMLESS PIPE   
8      PIPE         0.9  3"" STD .216W SA333 GRADE-6/SA106-B SEAMLESS PIPE   
9      PIPE         0.9     3"" STD .216W SA333 GR-6/SA106-B SEAMLESS PIPE   
10     PIPE         0.9     3"" STD .216W SA333 GR-6/SA106-B SEAMLESS PIPE   
11     PIPE         0.9     3"" STD .216W SA333 GR-6/SA106-B SEAMLESS PIPE   
12     PIPE         0.9            3"" STD .216W BLK SA106-B SEAMLESS PIPE   
13     PIPE         0.9            3"" STD .216W BLK SA106-B SEAMLESS PIPE   
14     PIPE         0.9            3"" STD .216W BLK SA106-B SEAMLESS PIPE   
15     PIPE         0.9            3"" STD .216W BLK SA106-B SEAMLESS PIPE   
16     PIPE         0.9            3"" STD .216W BLK SA106-B SEAMLESS PIPE   
17     PIPE         0.9            3"" STD .216W BLK SA106-B SEAMLESS PIPE   
18     PIPE         0.9            3"" STD .216W BLK SA106-B SEAMLESS PIPE   
19     PIPE         0.9            3"" STD .216W BLK SA106-B SEAMLESS PIPE   
20     PIPE         0.9            3"" STD .216W BLK SA106-B SEAMLESS PIPE   
21     PIPE         0.9            3"" STD .216W BLK SA106-B SEAMLESS PIPE   
22     PIPE         0.9            3"" STD .216W BLK SA106-B SEAMLESS PIPE   
23     PIPE         0.9            3"" STD .216W BLK SA106-B SEAMLESS PIPE   
24     PIPE         0.9            3"" STD .216W BLK SA106-B SEAMLESS PIPE   

   END_CONNECTIONS  END_FINISH ID LENGTH MANUFACTURING_PROCESS MATERIAL_GRADE  \
0              NAN         NAN       NAN              SEAMLESS              B   
1              NAN  GALVANIZED       NAN              SEAMLESS              B   
2              NAN  GALVANIZED       NAN              SEAMLESS              B   
3              NAN          FB       NAN              SEAMLESS              B   
4              NAN         NAN       NAN              SEAMLESS              B   
5              NAN         NAN       NAN              SEAMLESS      GRADE-6/B   
6              NAN         NAN       NAN              SEAMLESS            6/B   
7              NAN         NAN       NAN              SEAMLESS            6/B   
8              NAN         NAN       NAN              SEAMLESS            6/B   
9              NAN         NAN       NAN              SEAMLESS          GR6/B   
10             NAN         NAN       NAN              SEAMLESS          GR6/B   
11             NAN         NAN       NAN              SEAMLESS          GR6/B   
12             NAN       BLACK       NAN              SEAMLESS              B   
13             NAN       BLACK       NAN              SEAMLESS              B   
14             NAN       BLACK       NAN              SEAMLESS              B   
15             NAN       BLACK       NAN              SEAMLESS              B   
16             NAN       BLACK       NAN              SEAMLESS              B   
17             NAN       BLACK       NAN              SEAMLESS              B   
18             NAN       BLACK       NAN              SEAMLESS              B   
19             NAN       BLACK       NAN              SEAMLESS              B   
20             NAN       BLACK       NAN              SEAMLESS              B   
21             NAN       BLACK       NAN              SEAMLESS              B   
22             NAN         NAN       NAN              SEAMLESS              B   
23             NAN       BLACK       NAN              SEAMLESS              B   
24             NAN       BLACK       NAN              SEAMLESS              B   

   MATERIAL_NAME  ... PRIMARY_SIZE PRIMARY_WALL    PRODUCT_CODE  \
0   CARBON STEEL  ...          3.0                     SPA030ST   
1   CARBON STEEL  ...          3.0                     PAG030ST   
2   CARBON STEEL  ...          3.0                     PAG030ST   
3   CARBON STEEL  ...          3.0                     PAC030ST   
4   CARBON STEEL  ...          3.0                     PAC030ST   
5   CARBON STEEL  ...          3.0                   PA3/B030ST   
6   CARBON STEEL  ...          3.0                   PA3/B030ST   
7   CARBON STEEL  ...          3.0                IPA3/B030STAM   
8   CARBON STEEL  ...          3.0                IPA3/B030STAM   
9   CARBON STEEL  ...          3.0               SIPA3/B030STAM   
10  CARBON STEEL  ...          3.0               SIPA3/B030STAM   
11  CARBON STEEL  ...          3.0                  SPA3/B030ST   
12  CARBON STEEL  ...          3.0                     PA030STL   
13  CARBON STEEL  ...          3.0                   IPA030STTM   
14  CARBON STEEL  ...          3.0                   HHWPA030ST   
15  CARBON STEEL  ...          3.0                    IPA030STA   
16  CARBON STEEL  ...          3.0                    HWPA030ST   
17  CARBON STEEL  ...          3.0                    SIPA030ST   
18  CARBON STEEL  ...          3.0                  SIPA030STAM   
19  CARBON STEEL  ...          3.0                     IPA030ST   
20  CARBON STEEL  ...          3.0                      PA030ST   
21  CARBON STEEL  ...          3.0                    IPA030STC   
22  CARBON STEEL  ...          3.0                   SIPA030STA   
23  CARBON STEEL  ...          3.0                    IPA030STA   
24  CARBON STEEL  ...          3.0                     IPA030ST   

   REDUCING_SCHEDULE REDUCING_SIZE REDUCING_WALL TRIM           TYPE  \
0                NAN           NAN                NAN  SEAMLESS PIPE   
1                NAN           NAN                NAN  SEAMLESS PIPE   
2                NAN           NAN                NAN  SEAMLESS PIPE   
3                NAN           NAN                NAN       SEAMLESS   
4                NAN           NAN                NAN       SEAMLESS   
5                NAN           NAN                NAN  SEAMLESS PIPE   
6                NAN           NAN                NAN  SEAMLESS PIPE   
7                NAN           NAN                NAN       SEAMLESS   
8                NAN           NAN                NAN  SEAMLESS PIPE   
9                NAN           NAN                NAN  SEAMLESS PIPE   
10               NAN           NAN                NAN  SEAMLESS PIPE   
11               NAN           NAN                NAN  SEAMLESS PIPE   
12               NAN           NAN                NAN  SEAMLESS PIPE   
13               NAN           NAN                NAN       SEAMLESS   
14               NAN           NAN                NAN  SEAMLESS PIPE   
15               NAN           NAN                NAN  SEAMLESS PIPE   
16               NAN           NAN                NAN  SEAMLESS PIPE   
17               NAN           NAN                NAN  SEAMLESS PIPE   
18               NAN           NAN                NAN  SEAMLESS PIPE   
19               NAN           NAN                NAN  SEAMLESS PIPE   
20               NAN           NAN                NAN       SEAMLESS   
21               NAN           NAN                NAN       SEAMLESS   
22               NAN           NAN                NAN       SEAMLESS   
23               NAN           NAN                NAN  SEAMLESS PIPE   
24               NAN           NAN                NAN       SEAMLESS   

   WALL_THICKNESS     score  
0                  0.916752  
1                  0.914614  
2                  0.914614  
3                  0.914332  
4                  0.914332  
5                  0.913838  
6                  0.913838  
7                  0.913838  
8                  0.913838  
9                  0.913125  
10                 0.913125  
11                 0.913125  
12                 0.911039  
13                 0.911039  
14                 0.911039  
15                 0.911039  
16                 0.911039  
17                 0.911039  
18                 0.911039  
19                 0.911039  
20                 0.911039  
21                 0.911039  
22                 0.911039  
23                 0.911039  
24                 0.911039  

[25 rows x 25 columns]",0,EXCELLENT
22,"1-.5-160-PIPE,SMLS,1.5,S160","1-0.5"" S-160 .281W BLK API-5L/X42/SA106-B SEAMLESS PIPE",True,22,22,27.621244000000388,"   CATEGORY  CONFIDENCE  \
0      PIPE         0.9   
1      PIPE         0.9   
2      PIPE         0.9   
3      PIPE         0.9   
4      PIPE         0.9   
5      PIPE         0.9   
6      PIPE         0.8   
7      PIPE         0.8   
8      PIPE         0.9   
9      PIPE         0.9   
10     PIPE         0.8   
11     PIPE         0.8   
12     PIPE         0.9   
13     PIPE         0.9   
14     PIPE         0.9   
15     PIPE         0.9   
16     PIPE         0.9   
17     PIPE         0.9   
18     PIPE         0.9   
19     PIPE         0.9   
20     PIPE         0.9   
21     PIPE         0.9   
22     PIPE         0.9   
23     PIPE         0.9   
24     PIPE         0.9   

                                                           DESCRIPTION  \
0   1-0.5"" S-160 .281W BLK ASTM/ASME/API5L/PSL-1/SA106-B SEAMLESS PIPE   
1   1-0.5"" S-160 .281W BLK ASTM/ASME/API5L/PSL-1/SA106-B SEAMLESS PIPE   
2       1-0.5"" S-160 .281W BLK SA53-B/ SA106-B/C SEAMLESS PIPE (SPAIN)   
3       1-0.5"" S-160 .281W BLK SA53-B/ SA106-B/C SEAMLESS PIPE (SPAIN)   
4       1-0.5"" S-160 .281W BLK SA53-B/ SA106-B/C SEAMLESS PIPE (SPAIN)   
5       1-0.5"" S-160 .281W BLK SA53-B/ SA106-B/C SEAMLESS PIPE (SPAIN)   
6                              1-0.5"" X 3"" XH GALV SMLS PIPE NPLE, TBE   
7                              1-0.5"" X 3"" XH GALV SMLS PIPE NPLE, TBE   
8                       1-0.5"" S-160 .281W SA333 GRADE-6 SEAMLESS PIPE   
9                       1-0.5"" S-160 .281W SA333 GRADE-6 SEAMLESS PIPE   
10                            1-0.5"" X 10"" XH BLK SMLS PIPE NIPPLE,TBE   
11                            1-0.5"" X 10"" XH BLK SMLS PIPE NIPPLE,TBE   
12                      1-0.5"" S-160 .281W SEAMLESS PIPE SA312-TP-1.0L   
13                      1-0.5"" S-160 .281W SEAMLESS PIPE SA312-TP-1.0L   
14                      1-0.5"" S-160 .281W SEAMLESS PIPE SA312-TP-1.0L   
15                      1-0.5"" S-160 .281W SEAMLESS PIPE SA312-TP-1.0L   
16                      1-0.5"" S-160 .281W SEAMLESS PIPE SA312-TP-1.0L   
17                      1-0.5"" S-160 .281W SEAMLESS PIPE SA312-TP-1.0L   
18                      1-0.5"" S-160 .281W SEAMLESS PIPE SA312-TP-1.0L   
19                      1-0.5"" S-160 .281W SEAMLESS PIPE SA312-TP-1.0L   
20                      1-0.5"" S-160 .281W SEAMLESS PIPE SA312-TP-1.0L   
21                      1-0.5"" S-160 .281W SA333-GRADE-6 SEAMLESS PIPE   
22             1-0.5"" S-160 .281W BLK API-5L/X42/SA106-B SEAMLESS PIPE   
23             1-0.5"" S-160 .281W BLK API-5L/X42/SA106-B SEAMLESS PIPE   
24                          1-0.5"" S-160 .281W SA335-P91 SEAMLESS PIPE   

       END_CONNECTIONS  END_FINISH ID LENGTH MANUFACTURING_PROCESS  \
0                  NAN       BLACK       NAN              SEAMLESS   
1                  NAN       BLACK       NAN              SEAMLESS   
2                  NAN       BLACK       NAN              SEAMLESS   
3                  NAN       BLACK       NAN              SEAMLESS   
4                  NAN       BLACK       NAN              SEAMLESS   
5                  NAN       BLACK       NAN              SEAMLESS   
6   THREADED BOTH ENDS  GALVANIZED       NAN              SEAMLESS   
7                  TBE        GALV       NAN                  SMLS   
8                  NAN         NAN       NAN              SEAMLESS   
9                  NAN         NAN       NAN              SEAMLESS   
10                 TBE         BLK        10                  SMLS   
11                 TBE         BLK        10                  SMLS   
12                 NAN         NAN       NAN              SEAMLESS   
13                 NAN         NAN       NAN              SEAMLESS   
14                 NAN         NAN       NAN              SEAMLESS   
15                 NAN         NAN       NAN              SEAMLESS   
16                 NAN         NAN       NAN              SEAMLESS   
17                 NAN         NAN       NAN              SEAMLESS   
18                 NAN         NAN       NAN              SEAMLESS   
19                 NAN         NAN       NAN              SEAMLESS   
20                 NAN         NAN       NAN              SEAMLESS   
21                 NAN         NAN       NAN              SEAMLESS   
22                 NAN       BLACK       NAN              SEAMLESS   
23                 NAN       BLACK       NAN              SEAMLESS   
24                 NAN         NAN       NAN              SEAMLESS   

   MATERIAL_GRADE    MATERIAL_NAME  ... PRIMARY_SIZE PRIMARY_WALL  \
0               B     CARBON STEEL  ...          1.5                
1               B     CARBON STEEL  ...          1.5                
2             NAN     CARBON STEEL  ...          1.5                
3             NAN     CARBON STEEL  ...          1.5                
4             NAN     CARBON STEEL  ...          1.5                
5             NAN     CARBON STEEL  ...          1.5                
6             NAN     CARBON STEEL  ...          1.5                
7             NAN              NAN  ...          1.5                
8               6     CARBON STEEL  ...          1.5                
9               6     CARBON STEEL  ...          1.5                
10            NAN              NAN  ...          1.5                
11            NAN              NAN  ...          1.5                
12        TP-1.0L  STAINLESS STEEL  ...          1.5                
13           1.0L  STAINLESS STEEL  ...          1.5                
14        TP-1.0L  STAINLESS STEEL  ...          1.5                
15        TP-1.0L  STAINLESS STEEL  ...          1.5                
16         TP1.0L  STAINLESS STEEL  ...          1.5                
17        TP-1.0L  STAINLESS STEEL  ...          1.5                
18        TP-1.0L  STAINLESS STEEL  ...          1.5                
19        TP-1.0L  STAINLESS STEEL  ...          1.5                
20         TP1.0L  STAINLESS STEEL  ...          1.5                
21              6     CARBON STEEL  ...          1.5                
22          X42/B     CARBON STEEL  ...          1.5                
23            X42     CARBON STEEL  ...          1.5                
24            P91      ALLOY STEEL  ...          1.5                

   PRODUCT_CODE REDUCING_SCHEDULE REDUCING_SIZE REDUCING_WALL TRIM  \
0    IPA01516AM               NAN           NAN                NAN   
1    IPA01516AM               NAN           NAN                NAN   
2   SIPA01516TR               NAN           NAN                NAN   
3    IPA01516TR               NAN           NAN                NAN   
4   SIPA01516TR               NAN           NAN                NAN   
5    IPA01516TR               NAN           NAN                NAN   
6    SGSX015030               NAN             3                NAN   
7    SGSX015030               NAN             3                NAN   
8    SIPA301516               NAN           NAN                NAN   
9     IPA301516               NAN           NAN                NAN   
10   SBSX015100               NAN           NAN                NAN   
11   SBSX015100               NAN           NAN                NAN   
12   SIPS601516               NAN           NAN                NAN   
13    IPS601516               NAN           NAN                NAN   
14     PS401516               NAN           NAN                NAN   
15    IPS401516               NAN           NAN                NAN   
16     PS601516               NAN           NAN                NAN   
17     PS401516               NAN           NAN                NAN   
18    IPS601516               NAN           NAN                NAN   
19   SIPS601516               NAN           NAN                NAN   
20     PS601516               NAN           NAN                NAN   
21     PA301516               NAN           NAN                NAN   
22      PA01516               NAN           NAN                NAN   
23      PA01516               NAN           NAN                NAN   
24     P9101516               NAN           NAN                NAN   

             TYPE WALL_THICKNESS     score  
0   SEAMLESS PIPE                 0.903179  
1   SEAMLESS PIPE                 0.903179  
2        SEAMLESS                 0.902443  
3        SEAMLESS                 0.902443  
4        SEAMLESS                 0.902443  
5        SEAMLESS                 0.902443  
6     PIPE NIPPLE                 0.897904  
7          NIPPLE                 0.897904  
8   SEAMLESS PIPE                 0.896952  
9   SEAMLESS PIPE                 0.896952  
10         NIPPLE                 0.895579  
11    PIPE NIPPLE                 0.895579  
12       SEAMLESS                 0.895359  
13  SEAMLESS PIPE                 0.895359  
14  SEAMLESS PIPE                 0.895359  
15  SEAMLESS PIPE                 0.895359  
16       SEAMLESS                 0.895359  
17  SEAMLESS PIPE                 0.895359  
18  SEAMLESS PIPE                 0.895359  
19  SEAMLESS PIPE                 0.895359  
20  SEAMLESS PIPE                 0.895359  
21  SEAMLESS PIPE                 0.894803  
22  SEAMLESS PIPE                 0.894340  
23       SEAMLESS                 0.894340  
24  SEAMLESS PIPE                 0.894110  

[25 rows x 25 columns]",0,EXCELLENT
23,"3"" - SCH 160 A53 - B - A106B SMLS- SRL PIPE","3"" XH .300W BLK SA53-B/ SA106-B/C SEAMLESS PIPE (SPAIN)",True,23,14,23.785447700000077,"   CATEGORY  CONFIDENCE  \
0      PIPE         0.9   
1      PIPE         0.9   
2      PIPE         0.9   
3      PIPE         0.9   
4      PIPE         0.9   
5      PIPE         0.9   
6      PIPE         0.9   
7      PIPE         0.9   
8      PIPE         0.9   
9      PIPE         0.9   
10     PIPE         0.9   
11     PIPE         0.9   
12     PIPE         0.9   
13     PIPE         0.9   
14     PIPE         0.9   
15     PIPE         0.9   
16     PIPE         0.9   
17     PIPE         0.9   
18     PIPE         0.9   
19     PIPE         0.9   
20     PIPE         0.9   
21     PIPE         0.9   
22     PIPE         0.9   
23     PIPE         0.9   
24     PIPE         0.9   

                                                           DESCRIPTION  \
0                   3"" S-160 .437W SA333 GRADE-6/SA106-B SEAMLESS PIPE   
1                   3"" S-160 .437W SA333 GRADE-6/SA106-B SEAMLESS PIPE   
2                   3"" S-160 .437W SA333 GRADE-6/SA106-B SEAMLESS PIPE   
3                   3"" S-160 .437W SA333 GRADE-6/SA106-B SEAMLESS PIPE   
4   3"" S-160 .437W SA333 GRADE-6/SA106B SMLS PIPE PER S2/S9 SUPPLEMENT   
5   3"" S-160 .437W SA333 GRADE-6/SA106B SMLS PIPE PER S2/S9 SUPPLEMENT   
6      3"" S-160 .438W API 5L/GR B/X42/PSL1/SA53B/SA106-B SEAMLESS PIPE   
7      3"" S-160 .438W API 5L/GR B/X42/PSL1/SA53B/SA106-B SEAMLESS PIPE   
8      3"" S-160 .438W API 5L/GR B/X42/PSL1/SA53B/SA106-B SEAMLESS PIPE   
9      3"" S-160 .438W API 5L/GR B/X42/PSL1/SA53B/SA106-B SEAMLESS PIPE   
10             3"" STD .216W BLK SA53-B/SA106-B/C SEAMLESS PIPE (SPAIN)   
11             3"" STD .216W BLK SA53-B/SA106-B/C SEAMLESS PIPE (SPAIN)   
12             3"" STD .216W BLK SA53-B/SA106-B/C SEAMLESS PIPE (SPAIN)   
13             3"" STD .216W BLK SA53-B/SA106-B/C SEAMLESS PIPE (SPAIN)   
14             3"" XH .300W BLK SA53-B/ SA106-B/C SEAMLESS PIPE (SPAIN)   
15             3"" XH .300W BLK SA53-B/ SA106-B/C SEAMLESS PIPE (SPAIN)   
16             3"" XH .300W BLK SA53-B/ SA106-B/C SEAMLESS PIPE (SPAIN)   
17             3"" XH .300W BLK SA53-B/ SA106-B/C SEAMLESS PIPE (SPAIN)   
18                            3"" S-160 .438W BLK SA106-B SEAMLESS PIPE   
19                            3"" S-160 .438W BLK SA106-B SEAMLESS PIPE   
20                            3"" S-160 .438W BLK SA106-B SEAMLESS PIPE   
21                            3"" S-160 .438W BLK SA106-B SEAMLESS PIPE   
22                            3"" S-160 .438W BLK SA106-B SEAMLESS PIPE   
23                            3"" S-160 .438W BLK SA106-B SEAMLESS PIPE   
24                    3"" STD .216W SA333 GRADE-6/SA106-B SEAMLESS PIPE   

   END_CONNECTIONS END_FINISH ID LENGTH MANUFACTURING_PROCESS MATERIAL_GRADE  \
0              NAN        NAN       NAN              SEAMLESS            6/B   
1              NAN        NAN       NAN              SEAMLESS            6/B   
2              NAN        NAN       NAN              SEAMLESS            6/B   
3              NAN        NAN       NAN              SEAMLESS            6/B   
4              NAN        NAN       NAN                  SMLS      GRADE 6/B   
5              NAN        NAN       NAN              SEAMLESS            6/B   
6              NAN        NAN       NAN              SEAMLESS     B/X42/PSL1   
7              NAN        NAN       NAN                  SMLS            X42   
8              NAN        NAN       NAN              SEAMLESS  GR B/X42/PSL1   
9              NAN        NAN       NAN              SEAMLESS     B/X42/PSL1   
10             NAN      BLACK       NAN              SEAMLESS            NAN   
11             NAN      BLACK       NAN              SEAMLESS            NAN   
12             NAN      BLACK       NAN              SEAMLESS            NAN   
13             NAN      BLACK       NAN              SEAMLESS            NAN   
14             NAN      BLACK       NAN              SEAMLESS            NAN   
15             NAN      BLACK       NAN              SEAMLESS            NAN   
16             NAN      BLACK       NAN              SEAMLESS            NAN   
17             NAN      BLACK       NAN              SEAMLESS            NAN   
18             NAN      BLACK       NAN              SEAMLESS              B   
19             NAN      BLACK       NAN              SEAMLESS              B   
20             NAN      BLACK       NAN              SEAMLESS              B   
21             NAN      BLACK       NAN              SEAMLESS              B   
22             NAN      BLACK       NAN              SEAMLESS              B   
23             NAN      BLACK       NAN              SEAMLESS              B   
24             NAN        NAN       NAN              SEAMLESS      GRADE-6/B   

   MATERIAL_NAME  ... PRIMARY_SIZE PRIMARY_WALL       PRODUCT_CODE  \
0   CARBON STEEL  ...          3.0                   IPA3/B03016AM   
1   CARBON STEEL  ...          3.0                   IPA3/B03016AM   
2   CARBON STEEL  ...          3.0                  SIPA3/B03016AM   
3   CARBON STEEL  ...          3.0                   SIPA3B03016AM   
4   CARBON STEEL  ...          3.0               IPA3/B03016A-ALKY   
5   CARBON STEEL  ...          3.0               IPA3/B03016A-ALKY   
6   CARBON STEEL  ...          3.0                      IPA03016AM   
7   CARBON STEEL  ...          3.0                     SIPA03016AM   
8   CARBON STEEL  ...          3.0                      IPA03016AM   
9   CARBON STEEL  ...          3.0                     SIPA03016AM   
10  CARBON STEEL  ...          3.0                      IPA030STTR   
11  CARBON STEEL  ...          3.0                     SIPA030STTR   
12  CARBON STEEL  ...          3.0                      IPA030STTR   
13  CARBON STEEL  ...          3.0                     SIPA030STTR   
14  CARBON STEEL  ...          3.0                     SIPA030XHTR   
15  CARBON STEEL  ...          3.0                     SIPA030XHTR   
16  CARBON STEEL  ...          3.0                      IPA030XHTR   
17  CARBON STEEL  ...          3.0                      IPA030XHTR   
18  CARBON STEEL  ...          3.0                        IPA03016   
19  CARBON STEEL  ...          3.0                       SIPA03016   
20  CARBON STEEL  ...          3.0                       IPA03016C   
21  CARBON STEEL  ...          3.0                      SIPA03016C   
22  CARBON STEEL  ...          3.0                        IPA03016   
23  CARBON STEEL  ...          3.0                      SIPA03016C   
24  CARBON STEEL  ...          3.0                      PA3/B030ST   

   REDUCING_SCHEDULE REDUCING_SIZE REDUCING_WALL TRIM           TYPE  \
0                NAN           NAN                NAN  SEAMLESS PIPE   
1                NAN           NAN                NAN       SEAMLESS   
2                NAN           NAN                NAN  SEAMLESS PIPE   
3                NAN           NAN                NAN  SEAMLESS PIPE   
4                NAN           NAN                NAN       SEAMLESS   
5                NAN           NAN                NAN      SMLS PIPE   
6                NAN           NAN                NAN  SEAMLESS PIPE   
7                NAN           NAN                NAN  SEAMLESS PIPE   
8                NAN           NAN                NAN  SEAMLESS PIPE   
9                NAN           NAN                NAN       SEAMLESS   
10               NAN           NAN                NAN  SEAMLESS PIPE   
11               NAN           NAN                NAN       SEAMLESS   
12               NAN           NAN                NAN       SEAMLESS   
13               NAN           NAN                NAN  SEAMLESS PIPE   
14               NAN           NAN                NAN  SEAMLESS PIPE   
15               NAN           NAN                NAN       SEAMLESS   
16               NAN           NAN                NAN  SEAMLESS PIPE   
17               NAN           NAN                NAN  SEAMLESS PIPE   
18               NAN           NAN                NAN       SEAMLESS   
19               NAN           NAN                NAN       SEAMLESS   
20               NAN           NAN                NAN       SEAMLESS   
21               NAN           NAN                NAN  SEAMLESS PIPE   
22               NAN           NAN                NAN  SEAMLESS PIPE   
23               NAN           NAN                NAN       SEAMLESS   
24               NAN           NAN                NAN  SEAMLESS PIPE   

   WALL_THICKNESS     score  
0                  0.913004  
1                  0.913004  
2                  0.913004  
3                  0.913004  
4                  0.911654  
5                  0.911654  
6                  0.911623  
7                  0.911623  
8                  0.911623  
9                  0.911623  
10                 0.909994  
11                 0.909994  
12                 0.909994  
13                 0.909994  
14                 0.909408  
15                 0.909408  
16                 0.909408  
17                 0.909408  
18                 0.908090  
19                 0.908090  
20                 0.908090  
21                 0.908090  
22                 0.908090  
23                 0.908090  
24                 0.907406  

[25 rows x 25 columns]",0,EXCELLENT
24,"11100825-FLG,WN,RF,8,300 ,XH (S80)-SA-105N","8"" 150 RF WELD NECK FLANGE XH BORE, SA105N-FGP",True,24,140,12.358857400000034,"   CATEGORY  CONFIDENCE                                 DESCRIPTION  \
0    FLANGE         0.9      8"" 900 RF LWN FLG X 16"" LG SA105N/ FGP   
1    FLANGE         0.9                 8"" 300 FF WN XH BORE, SA105   
2    FLANGE         0.9                 8"" 300 FF WN XH BORE, SA105   
3    FLANGE         0.9          8"" 300 RF BLIND FLANGE, SA105N-FGP   
4    FLANGE         0.9  8"" 900 RF LWN FLG X 20"" LG SA105 NORM -FGP   
5    FLANGE         0.9          8"" 150 RF BLIND FLANGE, SA105N-FGP   
6    FLANGE         0.9          8"" 150 RF BLIND FLANGE, SA105N-FGP   
7    FLANGE         0.9          8"" 150 RF BLIND FLANGE, SA105N-FGP   
8    FLANGE         0.9          8"" 600 RF BLIND FLANGE, SA105N FGP   
9    FLANGE         0.9          8"" 600 RF BLIND FLANGE, SA105N FGP   
10   FLANGE         0.9         8"" 600 RF BLIND FLANGE, SA105N- FGP   
11   FLANGE         1.0               8"" 300 RF BLIND FLANGE, SA105   
12   FLANGE         0.9               8"" 300 RF BLIND FLANGE, SA105   
13   FLANGE         0.9               8"" 300 RF BLIND FLANGE, SA105   
14   FLANGE         0.9               8"" 300 RF BLIND FLANGE, SA105   
15   FLANGE         0.9               8"" 300 RF BLIND FLANGE, SA105   
16   FLANGE         0.9               8"" 150 RF BLIND FLANGE, SA105   
17   FLANGE         0.9               8"" 150 RF BLIND FLANGE, SA105   
18   FLANGE         0.9               8"" 150 RF BLIND FLANGE, SA105   
19   FLANGE         1.0               8"" 150 RF BLIND FLANGE, SA105   
20   FLANGE         0.9               8"" 150 RF BLIND FLANGE, SA105   
21   FLANGE         0.9      8"" 150 RF BLIND FLANGE, SA105N-HFN S62   
22   FLANGE         0.9      8"" 150 RF BLIND FLANGE, SA105N-HFN S62   
23   FLANGE         1.0              8"" 300 RF BLIND FLANGE, SA105N   
24   FLANGE         1.0              8"" 300 RF BLIND FLANGE, SA105N   

   END_CONNECTIONS   END_FINISH ID LENGTH MANUFACTURING_PROCESS  \
0              NAN  RAISED FACE        16                   NAN   
1              NAN    FLAT FACE       NAN                   NAN   
2              NAN    FLAT FACE       NAN                   NAN   
3              NAN  RAISED FACE       NAN                   NAN   
4        WELD NECK  RAISED FACE        20            NORMALIZED   
5              NAN  RAISED FACE       NAN                   NAN   
6              NAN  RAISED FACE       NAN                   NAN   
7              NAN           RF       NAN                   NAN   
8              NAN  RAISED FACE       NAN                FORGED   
9              NAN  RAISED FACE       NAN                   NAN   
10             NAN  RAISED FACE       NAN                   NAN   
11             NAN  RAISED FACE       NAN                   NAN   
12             NAN  RAISED FACE       NAN                   NAN   
13             NAN  RAISED FACE       NAN                   NAN   
14             NAN  RAISED FACE       NAN                   NAN   
15             NAN  RAISED FACE       NAN                   NAN   
16             NAN  RAISED FACE       NAN                   NAN   
17             NAN  RAISED FACE       NAN                   NAN   
18             NAN  RAISED FACE       NAN                   NAN   
19             NAN  RAISED FACE       NAN                   NAN   
20             NAN  RAISED FACE       NAN                   NAN   
21             NAN  RAISED FACE       NAN                   NAN   
22             NAN           RF       NAN                   NAN   
23             NAN  RAISED FACE       NAN                   NAN   
24             NAN  RAISED FACE       NAN                   NAN   

   MATERIAL_GRADE MATERIAL_NAME  ... PRIMARY_SIZE PRIMARY_WALL  \
0               N  CARBON STEEL  ...          8.0                
1             NAN  CARBON STEEL  ...          8.0                
2             NAN  CARBON STEEL  ...          8.0                
3               N  CARBON STEEL  ...          8.0                
4             NAN  CARBON STEEL  ...          8.0                
5               N  CARBON STEEL  ...          8.0                
6               N  CARBON STEEL  ...          8.0                
7               N  CARBON STEEL  ...          8.0                
8               N  CARBON STEEL  ...          8.0                
9               N  CARBON STEEL  ...          8.0                
10              N  CARBON STEEL  ...          8.0                
11            NAN  CARBON STEEL  ...          8.0                
12            NAN  CARBON STEEL  ...          8.0                
13            NAN  CARBON STEEL  ...          8.0                
14            NAN  CARBON STEEL  ...          8.0                
15            NAN  CARBON STEEL  ...          8.0                
16            NAN  CARBON STEEL  ...          8.0                
17            NAN  CARBON STEEL  ...          8.0                
18            NAN  CARBON STEEL  ...          8.0                
19            NAN  CARBON STEEL  ...          8.0                
20            NAN  CARBON STEEL  ...          8.0                
21              N  CARBON STEEL  ...          8.0                
22              N  CARBON STEEL  ...          8.0                
23              N  CARBON STEEL  ...          8.0                
24              N  CARBON STEEL  ...          8.0                

        PRODUCT_CODE REDUCING_SCHEDULE REDUCING_SIZE REDUCING_WALL     TRIM  \
0        FLW09080116               NAN           NAN                    NAN   
1        SFWN030802X               NAN           NAN                XH BORE   
2        SFWN030802X               NAN           NAN                    NAN   
3          FBD030801               NAN           NAN                    NAN   
4      FLW09080120-N               NAN           NAN                    NAN   
5       IFBD010801UL               NAN           NAN                    NAN   
6          FBD010801               NAN           NAN                    NAN   
7          FBD010801               NAN           NAN                    NAN   
8        FBD060801AF               NAN           NAN                    NAN   
9        FBD060801AF               NAN           NAN                    NAN   
10         FBD060801               NAN           NAN                    NAN   
11        LFBD030801               NAN           NAN                    NAN   
12      FBD030801BTX               NAN           NAN                    NAN   
13       SIFBD030801               NAN           NAN                    NAN   
14       ISFBD030801               NAN           NAN                    NAN   
15        LFBD030801               NAN           NAN                    NAN   
16      FBD010801BTX               NAN           NAN                    NAN   
17        IFBD010801               NAN           NAN                    NAN   
18        WFBD010801               NAN           NAN                    NAN   
19      FBD010801BTX               NAN           NAN                    NAN   
20       ISFBD010801               NAN           NAN                    NAN   
21  IFBD010801GB-HFN               NAN           NAN                    NAN   
22  IFBD010801GB-HFN               NAN           NAN                    NAN   
23      IFBD030801NA               NAN           NAN                    NAN   
24        FBDN030801               NAN           NAN                    NAN   

         TYPE WALL_THICKNESS     score  
0   WELD NECK                 0.891661  
1   WELD NECK                 0.889427  
2   WELD NECK                 0.889427  
3       BLIND                 0.886791  
4   WELD NECK                 0.885984  
5       BLIND                 0.885844  
6       BLIND                 0.885844  
7       BLIND                 0.885844  
8       BLIND                 0.884357  
9       BLIND                 0.884357  
10      BLIND                 0.884189  
11      BLIND                 0.883985  
12      BLIND                 0.883985  
13      BLIND                 0.883985  
14      BLIND                 0.883985  
15      BLIND                 0.883985  
16      BLIND                 0.883620  
17      BLIND                 0.883620  
18      BLIND                 0.883620  
19      BLIND                 0.883620  
20      BLIND                 0.883620  
21      BLIND                 0.883221  
22      BLIND                 0.883221  
23      BLIND                 0.883052  
24      BLIND                 0.883052  

[25 rows x 25 columns]",0,EXCELLENT
25,"12700315-PIPE,SMLS,10,XH (S60)-SA-106B","10"" XH .500W SA106-B SEAMLESS PIPE",True,25,55,21.366468499999883,"   CATEGORY  CONFIDENCE  \
0      PIPE         0.9   
1      PIPE         0.9   
2      PIPE         0.9   
3      PIPE         0.9   
4      PIPE         0.9   
5      PIPE         0.9   
6      PIPE         0.9   
7      PIPE         0.9   
8      PIPE         0.9   
9      PIPE         0.9   
10     PIPE         0.9   
11     PIPE         0.9   
12     PIPE         0.9   
13  FITTING         0.8   
14  FITTING         0.9   
15     PIPE         0.9   
16     PIPE         0.9   
17     PIPE         0.9   
18     PIPE         0.9   
19     PIPE         0.9   
20     PIPE         0.9   
21     PIPE         0.9   
22     PIPE         0.9   
23     PIPE         0.9   
24     PIPE         0.9   

                                                 DESCRIPTION END_CONNECTIONS  \
0                      10"" S-160 1.125WA53/SA106-B SMLS PIPE             NAN   
1     10"" S-160 1.125W SA333 GRADE-6/SA106-B/C SEAMLESS PIPE             NAN   
2     10"" S-160 1.125W SA333 GRADE-6/SA106-B/C SEAMLESS PIPE             NAN   
3       10"" S-160 1.125W SA333 GRADE-6/SA106-B SEAMLESS PIPE             NAN   
4                 10"" S-160 1.125 SEAMLESS PIPE SA312-TP1.0L             NAN   
5                 10"" S-160 1.125 SEAMLESS PIPE SA312-TP1.0L             NAN   
6   10"" S-100 .719W SA333 GRADE-6/SA106-B PSL2 SEAMLESS PIPE             NAN   
7   10"" S-100 .719W SA333 GRADE-6/SA106-B PSL2 SEAMLESS PIPE             NAN   
8   10"" S-100 .719W SA333 GRADE-6/SA106-B PSL2 SEAMLESS PIPE             NAN   
9   10"" S-100 .719W SA333 GRADE-6/SA106-B PSL2 SEAMLESS PIPE             NAN   
10      10"" S-1401.000W BLK SA106-B/SA333 GR 6 SEAMLESS PIPE             NAN   
11                  10"" S-160 1.125W SA335 P-9 SEAMLESS PIPE             NAN   
12                  10"" S-160 1.125W SA335 P-9 SEAMLESS PIPE             NAN   
13   10"" - 6 INCHX 1-0.5 INCHS-160 NIPOLET X 3-0.5"" PE SA105             NAN   
14   10"" - 6 INCHX 1-0.5 INCHS-160 NIPOLET X 3-0.5"" PE SA105       PLAIN END   
15       10"" S-160 1.125W SA106B/SA333-GRADE-6 SEAMLESS PIPE             NAN   
16       10"" S-80 .594W SA333 GRADE6/SA106-B/C SEAMLESS PIPE             NAN   
17       10"" S-80 .594W SA333 GRADE6/SA106-B/C SEAMLESS PIPE             NAN   
18                     10"" S-160 1.125W SA106B SEAMLESS PIPE             NAN   
19                     10"" S-160 1.125W SA106B SEAMLESS PIPE             NAN   
20                     10"" S-160 1.125W SA106B SEAMLESS PIPE             NAN   
21            10"" S-160 1.125W SEAMLESS PIPE SA312-TP-316LSS             NAN   
22                    10"" S-160 1.125W SA106-B SEAMLESS PIPE             NAN   
23                    10"" S-160 1.125W SA106-B SEAMLESS PIPE             NAN   
24                    10"" S-160 1.125W SA106-B SEAMLESS PIPE             NAN   

   END_FINISH ID LENGTH MANUFACTURING_PROCESS MATERIAL_GRADE    MATERIAL_NAME  \
0         NAN       NAN              SEAMLESS              B     CARBON STEEL   
1         NAN       NAN              SEAMLESS    GRADE 6/B/C     CARBON STEEL   
2         NAN       NAN              SEAMLESS          6/B/C     CARBON STEEL   
3         NAN       NAN              SEAMLESS            6/B     CARBON STEEL   
4         NAN       NAN              SEAMLESS         TP1.0L  STAINLESS STEEL   
5         NAN     1.125              SEAMLESS         TP1.0L  STAINLESS STEEL   
6         NAN       NAN              SEAMLESS            6/B     CARBON STEEL   
7         NAN       NAN              SEAMLESS            6/B     CARBON STEEL   
8         NAN       NAN              SEAMLESS            6/B     CARBON STEEL   
9         NAN       NAN              SEAMLESS          GR6/B     CARBON STEEL   
10      BLACK       NAN              SEAMLESS            B/6     CARBON STEEL   
11        NAN       NAN              SEAMLESS             P9      ALLOY STEEL   
12        NAN       NAN              SEAMLESS            P-9      ALLOY STEEL   
13  PLAIN END       3.5                   NAN            NAN     CARBON STEEL   
14        NAN       3.5                   NAN            NAN     CARBON STEEL   
15        NAN       NAN              SEAMLESS              6     CARBON STEEL   
16        NAN       NAN              SEAMLESS     GRADE6/B/C     CARBON STEEL   
17        NAN       NAN                  SMLS    GRADE 6/B/C     CARBON STEEL   
18        NAN       NAN              SEAMLESS              B     CARBON STEEL   
19        NAN       NAN              SEAMLESS              B     CARBON STEEL   
20        NAN       NAN              SEAMLESS              B     CARBON STEEL   
21        NAN       NAN              SEAMLESS         TP316L  STAINLESS STEEL   
22        NAN       NAN              SEAMLESS              B     CARBON STEEL   
23        NAN       NAN              SEAMLESS              B     CARBON STEEL   
24        NAN       NAN              SEAMLESS              B     CARBON STEEL   

    ... PRIMARY_SIZE PRIMARY_WALL   PRODUCT_CODE REDUCING_SCHEDULE  \
0   ...         10.0                  IPA10016TM               NAN   
1   ...         10.0               IPA3/B10016PT               NAN   
2   ...         10.0               IPA3/B10016PT               NAN   
3   ...         10.0                  PA3/B10016               NAN   
4   ...         10.0                   IPS410016               NAN   
5   ...         10.0                   IPS410016               NAN   
6   ...         10.0                  PA3/B10010               NAN   
7   ...         10.0                  PA3/B10010               NAN   
8   ...         10.0                 SPA3/B10010               NAN   
9   ...         10.0                 SPA3/B10010               NAN   
10  ...         10.0               IPA3/B10014PT               NAN   
11  ...         10.0                    PA910016               NAN   
12  ...         10.0                    PA910016               NAN   
13  ...         10.0                  M16N015100               NAN   
14  ...         10.0                  M16N015100               NAN   
15  ...         10.0               IPA3/B10016VG               NAN   
16  ...         10.0               IPA3/B10008PT               NAN   
17  ...         10.0               IPA3/B10008PT               NAN   
18  ...         10.0                    IPA10016               NAN   
19  ...         10.0                   IPA10016C               NAN   
20  ...         10.0                   SIPA10016               NAN   
21  ...         10.0                   IPS610016               NAN   
22  ...         10.0                   HWPA10016               NAN   
23  ...         10.0                     PA10016               NAN   
24  ...         10.0                    SPA10016               NAN   

   REDUCING_SIZE REDUCING_WALL TRIM           TYPE WALL_THICKNESS     score  
0            NAN                NAN      SMLS PIPE                 0.905701  
1            NAN                NAN  SEAMLESS PIPE                 0.889121  
2            NAN                NAN       SEAMLESS                 0.889121  
3            NAN                NAN  SEAMLESS PIPE                 0.888434  
4            NAN                NAN  SEAMLESS PIPE                 0.888342  
5            NAN                NAN  SEAMLESS PIPE                 0.888342  
6            NAN                NAN  SEAMLESS PIPE                 0.887153  
7            NAN                NAN  SEAMLESS PIPE                 0.887153  
8            NAN                NAN  SEAMLESS PIPE                 0.887153  
9            NAN                NAN  SEAMLESS PIPE                 0.887153  
10           NAN                NAN       SEAMLESS                 0.885932  
11           NAN                NAN  SEAMLESS PIPE                 0.885817  
12           NAN                NAN  SEAMLESS PIPE                 0.885817  
13             6                NAN        NIPOLET                 0.885661  
14             6                NAN        NIPOLET                 0.885661  
15           NAN                NAN  SEAMLESS PIPE                 0.884725  
16           NAN                NAN  SEAMLESS PIPE                 0.883996  
17           NAN                NAN  SEAMLESS PIPE                 0.883996  
18           NAN                NAN  SEAMLESS PIPE                 0.883848  
19           NAN                NAN  SEAMLESS PIPE                 0.883848  
20           NAN                NAN  SEAMLESS PIPE                 0.883848  
21           NAN                NAN  SEAMLESS PIPE                 0.883242  
22           NAN                NAN  SEAMLESS PIPE                 0.881729  
23           NAN                NAN       SEAMLESS                 0.881729  
24           NAN                NAN  SEAMLESS PIPE                 0.881729  

[25 rows x 25 columns]",0,EXCELLENT
26,"11101079-FLG,WN,RF,8,300 ,S100-SA-105N","8"" 150 RF WELD NECK FLANGE STD BORE, SA105N-FGP",True,26,289,21.124972600000092,"   CATEGORY  CONFIDENCE                                 DESCRIPTION  \
0    FLANGE         0.9      8"" 900 RF LWN FLG X 16"" LG SA105N/ FGP   
1    FLANGE         0.9  8"" 900 RF LWN FLG X 20"" LG SA105 NORM -FGP   
2    FLANGE         0.9          8"" 300 RF BLIND FLANGE, SA105N-FGP   
3    FLANGE         0.9          8"" 150 RF BLIND FLANGE, SA105N-FGP   
4    FLANGE         0.9          8"" 150 RF BLIND FLANGE, SA105N-FGP   
5    FLANGE         0.9          8"" 150 RF BLIND FLANGE, SA105N-FGP   
6    FLANGE         0.9          8"" 600 RF BLIND FLANGE, SA105N FGP   
7    FLANGE         0.9          8"" 600 RF BLIND FLANGE, SA105N FGP   
8    FLANGE         0.9         8"" 600 RF BLIND FLANGE, SA105N- FGP   
9    FLANGE         0.9               8"" 300 RF BLIND FLANGE, SA105   
10   FLANGE         0.9               8"" 300 RF BLIND FLANGE, SA105   
11   FLANGE         0.9               8"" 300 RF BLIND FLANGE, SA105   
12   FLANGE         0.9               8"" 300 RF BLIND FLANGE, SA105   
13   FLANGE         1.0               8"" 300 RF BLIND FLANGE, SA105   
14  FITTING         0.9  8"" X 3"" 3000 FS THREADED FLEX-O-LET, SA105   
15  FITTING         0.9  8"" X 3"" 3000 FS THREADED FLEX-O-LET, SA105   
16   FLANGE         0.9              8"" 300 RF BLIND FLANGE, SA105N   
17   FLANGE         1.0              8"" 300 RF BLIND FLANGE, SA105N   
18   FLANGE         1.0              8"" 300 RF BLIND FLANGE, SA105N   
19   FLANGE         0.9               8"" 150 RF BLIND FLANGE, SA105   
20   FLANGE         0.9               8"" 150 RF BLIND FLANGE, SA105   
21   FLANGE         1.0               8"" 150 RF BLIND FLANGE, SA105   
22   FLANGE         0.9               8"" 150 RF BLIND FLANGE, SA105   
23   FLANGE         0.9               8"" 150 RF BLIND FLANGE, SA105   
24   FLANGE         0.9      8"" 150 RF BLIND FLANGE, SA105N-HFN S62   

   END_CONNECTIONS   END_FINISH ID LENGTH MANUFACTURING_PROCESS  \
0              NAN  RAISED FACE        16                   NAN   
1        WELD NECK  RAISED FACE        20            NORMALIZED   
2              NAN  RAISED FACE       NAN                   NAN   
3              NAN           RF       NAN                   NAN   
4              NAN  RAISED FACE       NAN                   NAN   
5              NAN  RAISED FACE       NAN                   NAN   
6              NAN  RAISED FACE       NAN                FORGED   
7              NAN  RAISED FACE       NAN                   NAN   
8              NAN  RAISED FACE       NAN                   NAN   
9              NAN  RAISED FACE       NAN                   NAN   
10             NAN  RAISED FACE       NAN                   NAN   
11             NAN  RAISED FACE       NAN                   NAN   
12             NAN  RAISED FACE       NAN                   NAN   
13             NAN  RAISED FACE       NAN                   NAN   
14        THREADED          NAN       NAN                   NAN   
15        THREADED          NAN       NAN                   NAN   
16             NAN  RAISED FACE       NAN                   NAN   
17             NAN  RAISED FACE       NAN                   NAN   
18             NAN  RAISED FACE       NAN                   NAN   
19             NAN  RAISED FACE       NAN                   NAN   
20             NAN  RAISED FACE       NAN                   NAN   
21             NAN  RAISED FACE       NAN                   NAN   
22             NAN  RAISED FACE       NAN                   NAN   
23             NAN  RAISED FACE       NAN                   NAN   
24             NAN           RF       NAN                   NAN   

   MATERIAL_GRADE MATERIAL_NAME  ... PRIMARY_SIZE PRIMARY_WALL  \
0               N  CARBON STEEL  ...          8.0                
1             NAN  CARBON STEEL  ...          8.0                
2               N  CARBON STEEL  ...          8.0                
3               N  CARBON STEEL  ...          8.0                
4               N  CARBON STEEL  ...          8.0                
5               N  CARBON STEEL  ...          8.0                
6               N  CARBON STEEL  ...          8.0                
7               N  CARBON STEEL  ...          8.0                
8               N  CARBON STEEL  ...          8.0                
9             NAN  CARBON STEEL  ...          8.0                
10            NAN  CARBON STEEL  ...          8.0                
11            NAN  CARBON STEEL  ...          8.0                
12            NAN  CARBON STEEL  ...          8.0                
13            NAN  CARBON STEEL  ...          8.0                
14            NAN  CARBON STEEL  ...          8.0                
15            NAN  CARBON STEEL  ...          8.0                
16              N  CARBON STEEL  ...          8.0                
17              N  CARBON STEEL  ...          8.0                
18              N  CARBON STEEL  ...          8.0                
19            NAN  CARBON STEEL  ...          8.0                
20            NAN  CARBON STEEL  ...          8.0                
21            NAN  CARBON STEEL  ...          8.0                
22            NAN  CARBON STEEL  ...          8.0                
23            NAN  CARBON STEEL  ...          8.0                
24              N  CARBON STEEL  ...          8.0                

        PRODUCT_CODE REDUCING_SCHEDULE REDUCING_SIZE REDUCING_WALL TRIM  \
0        FLW09080116               NAN           NAN                NAN   
1      FLW09080120-N               NAN           NAN                NAN   
2          FBD030801               NAN           NAN                NAN   
3          FBD010801               NAN           NAN                NAN   
4       IFBD010801UL               NAN           NAN                NAN   
5          FBD010801               NAN           NAN                NAN   
6        FBD060801AF               NAN           NAN                NAN   
7        FBD060801AF               NAN           NAN                NAN   
8          FBD060801               NAN           NAN                NAN   
9        ISFBD030801               NAN           NAN                NAN   
10       SIFBD030801               NAN           NAN                NAN   
11        LFBD030801               NAN           NAN                NAN   
12      FBD030801BTX               NAN           NAN                NAN   
13        LFBD030801               NAN           NAN                NAN   
14         M3T030080               NAN             3                NAN   
15         M3T030080               NAN             3                NAN   
16        FBDN030801               NAN           NAN                NAN   
17        FBDN030801               NAN           NAN                NAN   
18      IFBD030801NA               NAN           NAN                NAN   
19        IFBD010801               NAN           NAN                NAN   
20       ISFBD010801               NAN           NAN                NAN   
21      FBD010801BTX               NAN           NAN                NAN   
22        WFBD010801               NAN           NAN                NAN   
23      FBD010801BTX               NAN           NAN                NAN   
24  IFBD010801GB-HFN               NAN           NAN                NAN   

          TYPE WALL_THICKNESS     score  
0    WELD NECK                 0.897457  
1    WELD NECK                 0.892163  
2        BLIND                 0.885232  
3        BLIND                 0.883113  
4        BLIND                 0.883113  
5        BLIND                 0.883113  
6        BLIND                 0.883108  
7        BLIND                 0.883108  
8        BLIND                 0.882269  
9        BLIND                 0.881141  
10       BLIND                 0.881141  
11       BLIND                 0.881141  
12       BLIND                 0.881141  
13       BLIND                 0.881141  
14    FLEXOLET                 0.880736  
15  THREADOLET                 0.880736  
16       BLIND                 0.880576  
17       BLIND                 0.880576  
18       BLIND                 0.880576  
19       BLIND                 0.879197  
20       BLIND                 0.879197  
21       BLIND                 0.879197  
22       BLIND                 0.879197  
23       BLIND                 0.879197  
24       BLIND                 0.878708  

[25 rows x 25 columns]",0,EXCELLENT
27,"11100639-FLG,WN,RF,2,600 ,S160-SA-105N","2"" 600 RF WELD NECK FLANGE S-160 BORE, SA105N-FGP",True,27,45,23.52606220000007,"   CATEGORY  CONFIDENCE                                    DESCRIPTION  \
0   FITTING         0.9                2"" 9000 FS S/W FULL CPLG, SA105   
1    FLANGE         0.9               2"" 150 RF S/W FLG XH BORE, SA105   
2   FITTING         0.9         2"" X 1-0.25"" 3M FS S/W RED CPLG, SA105   
3   FITTING         0.9         2"" X 1-0.25"" 3M FS S/W RED CPLG, SA105   
4    FLANGE         1.0            2"" 1500 RF BLIND FLANGE, SA105N FGP   
5    FLANGE         0.9            2"" 1500 RF BLIND FLANGE, SA105N FGP   
6    FLANGE         0.9         2"" 600 RF BLIND FLANGE, SA105N-FGP/LF2   
7    FLANGE         0.9                 2"" 300 RF BLIND FLG, SA350-LF2   
8    FLANGE         0.9                 2"" 300 RF BLIND FLG, SA350-LF2   
9    FLANGE         0.9  2 X 1"" 1500 RF SW RED FLANGE S/160 BORE SA105   
10   FLANGE         0.9  2 X 1"" 1500 RF SW RED FLANGE S/160 BORE SA105   
11   FLANGE         0.9             2"" 150 RF BLIND FLANGE, SA105N-FGP   
12   FLANGE         0.9             2"" 150 RF BLIND FLANGE, SA105N-FGP   
13   FLANGE         0.9             2"" 300 RF BLIND FLANGE, SA105N-FGP   
14   FLANGE         1.0             2"" 300 RF BLIND FLANGE, SA105N-FGP   
15   FLANGE         0.9   2 X 1"" 300 RF SW RED FLANGE S/160 BORE SA105   
16   FLANGE         0.9   2 X 1"" 300 RF SW RED FLANGE S/160 BORE SA105   
17   FLANGE         0.9         2"" 150 RF BLIND FLANGE, SA105N-HFN S62   
18   FLANGE         1.0                 2"" 600 RF BLIND FLANGE, SA105N   
19   FLANGE         1.0                 2"" 600 RF BLIND FLANGE, SA105N   
20   FLANGE         1.0                 2"" 600 RF BLIND FLANGE, SA105N   
21   FLANGE         1.0                 2"" 600 RF BLIND FLANGE, SA105N   
22   FLANGE         1.0                 2"" 600 RF BLIND FLANGE, SA105N   
23   FLANGE         0.9                 2"" 600 RF BLIND FLANGE, SA105N   
24   FLANGE         1.0                 2"" 600 RF BLIND FLANGE, SA105N   

   END_CONNECTIONS   END_FINISH ID LENGTH MANUFACTURING_PROCESS  \
0      SOCKET WELD          NAN       NAN                   NAN   
1      SOCKET WELD          NAN       NAN                   NAN   
2      SOCKET WELD          NAN       NAN                FORGED   
3      SOCKET WELD          NAN       NAN                   NAN   
4              NAN  RAISED FACE       NAN                FORGED   
5              NAN  RAISED FACE       NAN                FORGED   
6              NAN  RAISED FACE       NAN                   NAN   
7              NAN  RAISED FACE       NAN                   NAN   
8              NAN  RAISED FACE       NAN                   NAN   
9      SOCKET WELD  RAISED FACE       NAN                   NAN   
10     SOCKET WELD          NAN       NAN                   NAN   
11             NAN           RF       NAN                   NAN   
12             NAN  RAISED FACE       NAN                   NAN   
13             NAN  RAISED FACE       NAN                   NAN   
14             NAN  RAISED FACE       NAN                   NAN   
15     SOCKET WELD           SW       NAN                   NAN   
16     SOCKET WELD  RAISED FACE       NAN                   NAN   
17             NAN  RAISED FACE       NAN                   NAN   
18             NAN           RF       NAN                   NAN   
19             NAN  RAISED FACE       NAN                   NAN   
20             NAN  RAISED FACE       NAN                   NAN   
21             NAN  RAISED FACE       NAN                   NAN   
22             NAN  RAISED FACE       NAN                   NAN   
23             NAN  RAISED FACE       NAN                   NAN   
24             NAN  RAISED FACE       NAN                   NAN   

   MATERIAL_GRADE MATERIAL_NAME  ... PRIMARY_SIZE PRIMARY_WALL  \
0             NAN  CARBON STEEL  ...          2.0                
1             NAN  CARBON STEEL  ...          2.0                
2             NAN  CARBON STEEL  ...          2.0                
3             NAN  CARBON STEEL  ...          2.0                
4               N  CARBON STEEL  ...          2.0                
5               N  CARBON STEEL  ...          2.0                
6             LF2  CARBON STEEL  ...          2.0                
7             LF2  CARBON STEEL  ...          2.0                
8             LF2  CARBON STEEL  ...          2.0                
9             NAN  CARBON STEEL  ...          2.0                
10            NAN  CARBON STEEL  ...          2.0                
11              N  CARBON STEEL  ...          2.0                
12            NAN  CARBON STEEL  ...          2.0                
13              N  CARBON STEEL  ...          2.0                
14              N  CARBON STEEL  ...          2.0                
15            NAN  CARBON STEEL  ...          2.0                
16            NAN  CARBON STEEL  ...          2.0                
17              N  CARBON STEEL  ...          2.0                
18              N  CARBON STEEL  ...          2.0                
19              N  CARBON STEEL  ...          2.0                
20              N  CARBON STEEL  ...          2.0                
21              N  CARBON STEEL  ...          2.0                
22              N  CARBON STEEL  ...          2.0                
23              N  CARBON STEEL  ...          2.0                
24              N  CARBON STEEL  ...          2.0                

        PRODUCT_CODE REDUCING_SCHEDULE REDUCING_SIZE REDUCING_WALL TRIM  \
0          SM9SFC020               NAN           NAN                NAN   
1        SFSW010201X               NAN           NAN                NAN   
2        SM3SRC02012               NAN          1.25                NAN   
3        SM3SRC02012               NAN          1.25                NAN   
4          FBD150201               NAN           NAN                NAN   
5          FBD150201               NAN           NAN                NAN   
6          FBD060201               NAN           NAN                NAN   
7        SFBDL030201               NAN           NAN                NAN   
8        SFBDL030201               NAN           NAN                NAN   
9    FRSW15020010116               NAN             1                NAN   
10   FRSW15020010116               NAN             1                NAN   
11         FBD010201               NAN           NAN                NAN   
12         FBD010201               NAN           NAN                NAN   
13      IFBD030201NA               NAN           NAN                NAN   
14      IFBD030201NA               NAN           NAN                NAN   
15   FRSW03020010116               NAN             1                NAN   
16   FRSW03020010116               NAN             1                NAN   
17  IFBD010201GB-HFN               NAN           NAN                NAN   
18        WFBD060201               NAN           NAN                NAN   
19        FBD060201A               NAN           NAN                NAN   
20       ISFBD060201               NAN           NAN                NAN   
21        WFBD060201               NAN           NAN                NAN   
22        IFBD060201               NAN           NAN                NAN   
23        FBD060201A               NAN           NAN                NAN   
24      IFBD060201NA               NAN           NAN                NAN   

                            TYPE WALL_THICKNESS     score  
0                  FULL COUPLING                 0.896777  
1                    RAISED FACE                 0.892835  
2              REDUCING COUPLING                 0.890944  
3              REDUCING COUPLING                 0.890944  
4                          BLIND                 0.888575  
5                          BLIND                 0.888575  
6                          BLIND                 0.887670  
7                          BLIND                 0.885747  
8                          BLIND                 0.885747  
9                REDUCING FLANGE                 0.885274  
10  REDUCING RAISED FACE SLIP ON                 0.885274  
11                         BLIND                 0.884390  
12                         BLIND                 0.884390  
13                         BLIND                 0.883830  
14                         BLIND                 0.883830  
15          REDUCING RAISED FACE                 0.883366  
16               REDUCING FLANGE                 0.883366  
17                         BLIND                 0.883180  
18                         BLIND                 0.882939  
19                         BLIND                 0.882939  
20                         BLIND                 0.882939  
21                         BLIND                 0.882939  
22                         BLIND                 0.882939  
23                         BLIND                 0.882939  
24                         BLIND                 0.882939  

[25 rows x 25 columns]",0,EXCELLENT
28,"12700464-PIPE,SMLS,20,S80-SA-106B","20"" S-80 1.031W BLK SA106-B SEAMLESS PIPE",True,28,29,15.585354200000438,"   CATEGORY  CONFIDENCE  \
0      PIPE         0.9   
1      PIPE         0.9   
2      PIPE         0.9   
3      PIPE         0.9   
4      PIPE         0.9   
5      PIPE         0.9   
6      PIPE         0.9   
7      PIPE         0.9   
8      PIPE         0.9   
9      PIPE         0.9   
10     PIPE         0.9   
11     PIPE         0.9   
12     PIPE         0.9   
13     PIPE         0.9   
14     PIPE         0.9   
15     PIPE         0.9   
16     PIPE         0.9   
17     PIPE         0.9   
18     PIPE         0.9   
19     PIPE         0.9   
20     PIPE         0.9   
21     PIPE         0.9   
22     PIPE         0.9   
23     PIPE         0.9   
24     PIPE         0.9   

                                              DESCRIPTION END_CONNECTIONS  \
0   20"" S-100 1.281W BLK SA106B/C API5L/X42 SEAMLESS PIPE             NAN   
1   20"" S-100 1.281W BLK SA106B/C API5L/X42 SEAMLESS PIPE             NAN   
2   20"" S-100 1.281W BLK SA106B/C API5L/X42 SEAMLESS PIPE             NAN   
3   20"" S-100 1.281W BLK SA106B/C API5L/X42 SEAMLESS PIPE             NAN   
4         20"" S-100 1.281W SA333 GR6/SA106B SEAMLESS PIPE             NAN   
5              20"" S-100 1.281W BLK SA106-B SEAMLESS PIPE             NAN   
6              20"" S-100 1.281W BLK SA106-B SEAMLESS PIPE             NAN   
7              20"" S-100 1.281W BLK SA106-B SEAMLESS PIPE             NAN   
8              20"" S-100 1.281W BLK SA106-B SEAMLESS PIPE             NAN   
9              20"" S-100 1.281W BLK SA106-B SEAMLESS PIPE             NAN   
10             20"" S-100 1.281W BLK SA106-B SEAMLESS PIPE             NAN   
11             20"" S-100 1.281W BLK SA106-B SEAMLESS PIPE             NAN   
12             20"" S-100 1.281W BLK SA106-B SEAMLESS PIPE             NAN   
13             20"" S-100 1.281W BLK SA106-B SEAMLESS PIPE             NAN   
14             20"" S-100 1.281W BLK SA106-B SEAMLESS PIPE             NAN   
15             20"" S-100 1.281W BLK SA106-B SEAMLESS PIPE             NAN   
16             20"" S-100 1.281W BLK SA106-B SEAMLESS PIPE             NAN   
17              20"" S-120 1.50W BLK SA106-B SEAMLESS PIPE             NAN   
18         20"" XH .500W SA106-B/C API5L/X42 SEAMLESS PIPE             NAN   
19         20"" XH .500W SA106-B/C API5L/X42 SEAMLESS PIPE             NAN   
20         20"" XH .500W SA106-B/C API5L/X42 SEAMLESS PIPE             NAN   
21        20"" STD .375W SA106-B/C API5L/X42 SEAMLESS PIPE             NAN   
22        20"" STD .375W SA106-B/C API5L/X42 SEAMLESS PIPE             NAN   
23        20"" STD .375W SA106-B/C API5L/X42 SEAMLESS PIPE             NAN   
24             20"" S-120 1.500W BLK SA106-B SEAMLESS PIPE             NAN   

   END_FINISH ID LENGTH MANUFACTURING_PROCESS MATERIAL_GRADE MATERIAL_NAME  \
0       BLACK       NAN              SEAMLESS            B/C  CARBON STEEL   
1       BLACK       NAN              SEAMLESS            B/C  CARBON STEEL   
2       BLACK       NAN              SEAMLESS            B/C  CARBON STEEL   
3         BLK       NAN              SEAMLESS            X42  CARBON STEEL   
4         NAN       NAN              SEAMLESS          GR6/B  CARBON STEEL   
5       BLACK       NAN              SEAMLESS              B  CARBON STEEL   
6       BLACK       NAN              SEAMLESS              B  CARBON STEEL   
7       BLACK       NAN              SEAMLESS              B  CARBON STEEL   
8       BLACK       NAN              SEAMLESS              B  CARBON STEEL   
9       BLACK       NAN              SEAMLESS              B  CARBON STEEL   
10      BLACK       NAN              SEAMLESS              B  CARBON STEEL   
11        BLK       NAN              SEAMLESS              B  CARBON STEEL   
12      BLACK       NAN              SEAMLESS              B  CARBON STEEL   
13        BLK       NAN              SEAMLESS              B  CARBON STEEL   
14        BLK       NAN              SEAMLESS              B  CARBON STEEL   
15      BLACK       NAN              SEAMLESS              B  CARBON STEEL   
16      BLACK       NAN              SEAMLESS              B  CARBON STEEL   
17      BLACK       NAN              SEAMLESS              B  CARBON STEEL   
18        NAN       NAN              SEAMLESS            B/C  CARBON STEEL   
19        NAN       NAN              SEAMLESS            B/C  CARBON STEEL   
20        NAN       NAN              SEAMLESS            B/C  CARBON STEEL   
21  PLAIN END       NAN              SEAMLESS            B/C  CARBON STEEL   
22        NAN       NAN              SEAMLESS            B/C  CARBON STEEL   
23        NAN       NAN              SEAMLESS            B/C  CARBON STEEL   
24      BLACK       NAN              SEAMLESS              B  CARBON STEEL   

    ... PRIMARY_SIZE PRIMARY_WALL PRODUCT_CODE REDUCING_SCHEDULE  \
0   ...         20.0                IPA20010AM               NAN   
1   ...         20.0               SIPA20010AM               NAN   
2   ...         20.0                IPA20010AM               NAN   
3   ...         20.0               SIPA20010AM               NAN   
4   ...         20.0                PA3/B20010               NAN   
5   ...         20.0                   PA20010               NAN   
6   ...         20.0                 SIPA20010               NAN   
7   ...         20.0                IPA20010TA               NAN   
8   ...         20.0                 IPA20010C               NAN   
9   ...         20.0                  SPA20010               NAN   
10  ...         20.0                 SIPA20010               NAN   
11  ...         20.0                  IPA20010               NAN   
12  ...         20.0                 IPA20010C               NAN   
13  ...         20.0                  IPA20010               NAN   
14  ...         20.0                IPA20010TA               NAN   
15  ...         20.0                   PA20010               NAN   
16  ...         20.0                  SPA20010               NAN   
17  ...         20.0                   PA20012               NAN   
18  ...         20.0                IPA200XHTA               NAN   
19  ...         20.0               SIPA200XHTA               NAN   
20  ...         20.0               SIPA200XHTA               NAN   
21  ...         20.0               SIPA200STTA               NAN   
22  ...         20.0               SIPA200STTA               NAN   
23  ...         20.0                IPA200STTA               NAN   
24  ...         20.0                  IPA20012               NAN   

   REDUCING_SIZE REDUCING_WALL TRIM           TYPE WALL_THICKNESS     score  
0            NAN                NAN  SEAMLESS PIPE                 0.898016  
1            NAN                NAN  SEAMLESS PIPE                 0.898016  
2            NAN                NAN  SEAMLESS PIPE                 0.898016  
3            NAN                NAN  SEAMLESS PIPE                 0.898016  
4            NAN                NAN  SEAMLESS PIPE                 0.893129  
5            NAN                NAN       SEAMLESS                 0.889862  
6            NAN                NAN  SEAMLESS PIPE                 0.889862  
7            NAN                NAN  SEAMLESS PIPE                 0.889862  
8            NAN                NAN  SEAMLESS PIPE                 0.889862  
9            NAN                NAN       SEAMLESS                 0.889862  
10           NAN                NAN  SEAMLESS PIPE                 0.889862  
11           NAN                NAN       SEAMLESS                 0.889862  
12           NAN                NAN       SEAMLESS                 0.889862  
13           NAN                NAN       SEAMLESS                 0.889862  
14           NAN                NAN  SEAMLESS PIPE                 0.889862  
15           NAN                NAN  SEAMLESS PIPE                 0.889862  
16           NAN                NAN       SEAMLESS                 0.889862  
17           NAN                NAN  SEAMLESS PIPE                 0.889467  
18           NAN                NAN  SEAMLESS PIPE                 0.889421  
19           NAN                NAN  SEAMLESS PIPE                 0.889421  
20           NAN                NAN  SEAMLESS PIPE                 0.889421  
21           NAN                NAN  SEAMLESS PIPE                 0.889140  
22           NAN                NAN  SEAMLESS PIPE                 0.889140  
23           NAN                NAN  SEAMLESS PIPE                 0.889140  
24           NAN                NAN       SEAMLESS                 0.887644  

[25 rows x 25 columns]",0,EXCELLENT
29,"H31943 EL6,90,LR,WLD,S40S,ASTM A403 GRWP1.0L","6"" STD LR 90 WELD ELL, SA403-WP304L",True,29,31,25.811018300000796,"   CATEGORY  CONFIDENCE  \
0   FITTING         0.9   
1   FITTING         0.9   
2      PIPE         0.9   
3      PIPE         0.9   
4   FITTING         0.9   
5   FITTING         0.9   
6      PIPE         0.9   
7      PIPE         0.9   
8   FITTING         0.9   
9   FITTING         0.9   
10  FITTING         0.9   
11  FITTING         0.9   
12     PIPE         0.9   
13     PIPE         0.9   
14     PIPE         0.9   
15  FITTING         0.9   
16  FITTING         0.9   
17     PIPE         0.9   
18     PIPE         0.9   
19     PIPE         0.9   
20     PIPE         0.9   
21  FITTING         0.9   
22     PIPE         0.9   
23     PIPE         0.9   
24     PIPE         0.9   

                                                       DESCRIPTION  \
0                              6"" S-120 LR 45 WELD ELL, SA420-WPL6   
1                              6"" S-120 LR 45 WELD ELL, SA420-WPL6   
2   6"" XH .432W API 5L/GR B/X42/PSL1/SA53B/SA106-B/C SEAMLESS PIPE   
3   6"" XH .432W API 5L/GR B/X42/PSL1/SA53B/SA106-B/C SEAMLESS PIPE   
4                              6"" S-120 LR 90 WELD ELL, SA420-WPL6   
5                              6"" S-120 LR 90 WELD ELL, SA420-WPL6   
6     6"" XH .432W API 5L/GR B/X42/PSL1/SA53B/SA106-B SEAMLESS PIPE   
7     6"" XH .432W API 5L/GR B/X42/PSL1/SA53B/SA106-B SEAMLESS PIPE   
8                                 6"" XH SR 90 WELD ELL, SA420-WPL6   
9                                 6"" XH SR 90 WELD ELL, SA420-WPL6   
10                                6"" XH SR 90 WELD ELL, SA420-WPL6   
11                                6"" XH SR 90 WELD ELL, SA420-WPL6   
12                                 6"" XH .432W WELDED SA312 TP1.0L   
13                                 6"" XH .432W WELDED SA312 TP1.0L   
14                                 6"" XH .432W WELDED SA312 TP1.0L   
15                                   6"" S-10 LR 45 WELD ELL, 304SS   
16                                   6"" S-10 LR 45 WELD ELL, 304SS   
17         6"" STD .280W API-5L X52/SA333 GR 6/SA106B SEAMLESS PIPE   
18         6"" STD .280W API-5L X52/SA333 GR 6/SA106B SEAMLESS PIPE   
19             6"" XH .432W SA333 GRADE 6/API-5L/ X52 SEAMLESS PIPE   
20             6"" XH .432W SA333 GRADE 6/API-5L/ X52 SEAMLESS PIPE   
21                               6"" STD LR 90 WELD ELL, SA420-WPL6   
22                           6"" S-10S .134W SMLS PIPE SA312 TP1.0L   
23                           6"" S-10S .134W SMLS PIPE SA312 TP1.0L   
24                              6"" S-10S .134W WELDED SA312 TP1.0L   

   END_CONNECTIONS END_FINISH ID LENGTH MANUFACTURING_PROCESS MATERIAL_GRADE  \
0        BUTT WELD        NAN       NAN                   NAN           WPL6   
1        BUTT WELD        NAN       NAN                  WELD           WPL6   
2              NAN        NAN       NAN              SEAMLESS     B/X42/PSL1   
3              NAN        NAN       NAN              SEAMLESS     B/X42/PSL1   
4        BUTT WELD        NAN       NAN                   NAN           WPL6   
5               BW        NAN       NAN                   NAN           WPL6   
6              NAN        NAN       NAN              SEAMLESS     B/X42/PSL1   
7              NAN        NAN       NAN              SEAMLESS            X42   
8        BUTT WELD       WELD       NAN                   NAN           WPL6   
9               BW  BUTT WELD       NAN                   NAN           WPL6   
10              BW  BUTT WELD       NAN                   NAN           WPL6   
11       BUTT WELD         BW       NAN                   NAN           WPL6   
12             NAN        NAN       NAN                WELDED         TP1.0L   
13             NAN        NAN       NAN                WELDED         TP1.0L   
14             NAN        NAN       NAN                WELDED         TP1.0L   
15             NAN        NAN       NAN                WELDED            304   
16       BUTT WELD        NAN       NAN                WELDED            304   
17             NAN        NAN       NAN                  SMLS     X52/GR 6/B   
18             NAN        NAN       NAN                  SMLS      X52/GR6/B   
19             NAN        NAN       NAN                  SMLS   6/API-5L/X52   
20             NAN        NAN       NAN              SEAMLESS    GRADE 6/X52   
21       BUTT WELD        NAN       NAN                   NAN           WPL6   
22             NAN        NAN       NAN                  SMLS         TP1.0L   
23             NAN        NAN       NAN                  SMLS         TP1.0L   
24             NAN  PLAIN END       NAN                WELDED           1.0L   

      MATERIAL_NAME  ... PRIMARY_SIZE PRIMARY_WALL PRODUCT_CODE  \
0      CARBON STEEL  ...          6.0                 WL4606012   
1      CARBON STEEL  ...          6.0                 WL4606012   
2      CARBON STEEL  ...          6.0                IPA060XHAM   
3      CARBON STEEL  ...          6.0                IPA060XHAM   
4      CARBON STEEL  ...          6.0                 WL9606012   
5      CARBON STEEL  ...          6.0                 WL9606012   
6      CARBON STEEL  ...          6.0               SIPA060XHAM   
7      CARBON STEEL  ...          6.0               SIPA060XHAM   
8      CARBON STEEL  ...          6.0                 IWS96060X   
9      CARBON STEEL  ...          6.0                 SWS96060X   
10     CARBON STEEL  ...          6.0                 IWS96060X   
11     CARBON STEEL  ...          6.0                 SWS96060X   
12  STAINLESS STEEL  ...          6.0                  PE6060XH   
13  STAINLESS STEEL  ...          6.0                 SPE4060XH   
14  STAINLESS STEEL  ...          6.0                  PE4060XH   
15  STAINLESS STEEL  ...          6.0                IWL4406001   
16  STAINLESS STEEL  ...          6.0                IWL4406001   
17     CARBON STEEL  ...          6.0                 PA060ST52   
18     CARBON STEEL  ...          6.0                 PA060ST52   
19     CARBON STEEL  ...          6.0                PA3060XH52   
20     CARBON STEEL  ...          6.0                PA3060XH52   
21     CARBON STEEL  ...          6.0                 IWL96060S   
22  STAINLESS STEEL  ...          6.0                  IPS60601   
23  STAINLESS STEEL  ...          6.0                  IPS60601   
24  STAINLESS STEEL  ...          6.0                  PE406001   

   REDUCING_SCHEDULE REDUCING_SIZE REDUCING_WALL TRIM  \
0                NAN           NAN                NAN   
1                NAN           NAN                NAN   
2                NAN           NAN                NAN   
3                NAN           NAN                NAN   
4                NAN           NAN                NAN   
5                NAN           NAN                NAN   
6                NAN           NAN                NAN   
7                NAN           NAN                NAN   
8                NAN           NAN                NAN   
9                NAN           NAN                NAN   
10               NAN           NAN                NAN   
11               NAN           NAN                NAN   
12               NAN           NAN                NAN   
13               NAN           NAN                NAN   
14               NAN           NAN                NAN   
15               NAN           NAN                NAN   
16               NAN           NAN                NAN   
17               NAN           NAN                NAN   
18               NAN           NAN                NAN   
19               NAN           NAN                NAN   
20               NAN           NAN                NAN   
21               NAN           NAN                NAN   
22               NAN           NAN                NAN   
23               NAN           NAN                NAN   
24               NAN           NAN                NAN   

                        TYPE WALL_THICKNESS     score  
0       LONG RADIUS 45 ELBOW                 0.882620  
1       LONG RADIUS 45 ELBOW                 0.882620  
2                   SEAMLESS                 0.880183  
3                   SEAMLESS                 0.880183  
4       LONG RADIUS 90 ELBOW                 0.879553  
5       ELBOW 90 LONG RADIUS                 0.879553  
6              SEAMLESS PIPE                 0.879241  
7              SEAMLESS PIPE                 0.879241  
8      SHORT RADIUS 90 ELBOW                 0.878699  
9      SHORT RADIUS 90 ELBOW                 0.878699  
10  SHORT RADIUS ELBOW 90DEG                 0.878699  
11     SHORT RADIUS 90 ELBOW                 0.878699  
12                    WELDED                 0.876486  
13                    WELDED                 0.876486  
14                    WELDED                 0.876486  
15               ELBOW 45 LR                 0.874317  
16      LONG RADIUS 45 ELBOW                 0.874317  
17             SEAMLESS PIPE                 0.873881  
18             SEAMLESS PIPE                 0.873881  
19             SEAMLESS PIPE                 0.873165  
20             SEAMLESS PIPE                 0.873165  
21      LONG RADIUS 90 ELBOW                 0.873150  
22                  SEAMLESS                 0.871894  
23             SEAMLESS PIPE                 0.871894  
24                    WELDED                 0.871766  

[25 rows x 25 columns]",0,EXCELLENT
30,"12700335-PIPE,SMLS,12,XH-SA-106B","12"" XH .500W BLK ASTM/ASME/SA53B/API5L/X42/SA106B/C SEAMLESS PIPE",True,30,53,17.966997300000003,"   CATEGORY  CONFIDENCE                                          DESCRIPTION  \
0      PIPE         0.9             12"" X 2"" STD A106-B SMLS NIPPLE GRV X PE   
1      PIPE         0.9     12"" XH .500W SA333 GRADE-6/SA106-B SEAMLESS PIPE   
2      PIPE         0.9     12"" XH .500W SA333 GRADE-6/SA106-B SEAMLESS PIPE   
3      PIPE         0.9     12"" XH .500W SA333 GRADE-6/SA106-B SEAMLESS PIPE   
4      PIPE         0.9     12"" XH .500W SA333 GRADE-6/SA106-B SEAMLESS PIPE   
5      PIPE         0.9   12"" S-120 1.00W SA333 GRADE-6/SA106B SEAMLESS PIPE   
6      PIPE         0.9   12"" S-120 1.00W SA333 GRADE-6/SA106B SEAMLESS PIPE   
7      PIPE         0.9    12"" STD .375W SA333 GRADE-6/SA106-B SEAMLESS PIPE   
8      PIPE         0.9    12"" STD .375W SA333 GRADE-6/SA106-B SEAMLESS PIPE   
9      PIPE         0.9              12"" S-100 .844W SA335 P22 SEAMLESS PIPE   
10     PIPE         0.9              12"" S-100 .844W SA335 P22 SEAMLESS PIPE   
11     PIPE         0.9  12"" S-160 1.312W SA333 GRADE-6/SA106B SEAMLESS PIPE   
12     PIPE         0.9  12"" S-160 1.312W SA333 GRADE-6/SA106B SEAMLESS PIPE   
13     PIPE         0.9  12"" S-160 1.312W SA333 GRADE-6/SA106B SEAMLESS PIPE   
14     PIPE         0.9  12"" S-160 1.312W SA333 GRADE-6/SA106B SEAMLESS PIPE   
15     PIPE         0.9  12"" S-160 1.312W SA333 GRADE-6/SA106B SEAMLESS PIPE   
16     PIPE         0.9  12"" S-160 1.312W SA333 GRADE-6/SA106B SEAMLESS PIPE   
17     PIPE         0.9  12"" S-160 1.312W SA333 GRADE-6/SA106B SEAMLESS PIPE   
18     PIPE         0.9    12"" XH .500W BLK SA106-B/SA53-B/X42 SEAMLESS PIPE   
19     PIPE         0.9    12"" XH .500W BLK SA106-B/SA53-B/X42 SEAMLESS PIPE   
20     PIPE         0.9    12"" XH .500W BLK SA106-B/SA53-B/X42 SEAMLESS PIPE   
21     PIPE         0.9    12"" XH .500W BLK SA106-B/SA53-B/X42 SEAMLESS PIPE   
22     PIPE         0.9   12"" STD .375W BLK SA106-B/SA53-B/X42 SEAMLESS PIPE   
23     PIPE         0.9   12"" STD .375W BLK SA106-B/SA53-B/X42 SEAMLESS PIPE   
24     PIPE         0.9  12"" S-140 1.125W SA333 GRADE-6/SA106B SEAMLESS PIPE   

        END_CONNECTIONS END_FINISH ID LENGTH MANUFACTURING_PROCESS  \
0   GROOVED X PLAIN END        NAN       NAN              SEAMLESS   
1                   NAN        NAN       NAN              SEAMLESS   
2                   NAN        NAN       NAN              SEAMLESS   
3                   NAN        NAN       NAN              SEAMLESS   
4                   NAN        NAN       NAN              SEAMLESS   
5                   NAN        NAN       NAN              SEAMLESS   
6                   NAN        NAN       NAN              SEAMLESS   
7                   NAN        NAN       NAN              SEAMLESS   
8                   NAN        NAN       NAN              SEAMLESS   
9                   NAN        NAN       NAN              SEAMLESS   
10                  NAN        NAN       NAN              SEAMLESS   
11                  NAN        NAN       NAN              SEAMLESS   
12                  NAN        NAN       NAN              SEAMLESS   
13                  NAN        NAN       NAN              SEAMLESS   
14                  NAN        NAN       NAN              SEAMLESS   
15                  NAN        NAN       NAN              SEAMLESS   
16                  NAN        NAN       NAN              SEAMLESS   
17                  NAN        NAN       NAN              SEAMLESS   
18                  NAN      BLACK       NAN              SEAMLESS   
19                  NAN      BLACK       NAN              SEAMLESS   
20                  NAN        BLK       NAN                  SMLS   
21                  NAN        BLK       NAN              SEAMLESS   
22                  NAN      BLACK       NAN              SEAMLESS   
23                  NAN      BLACK       NAN              SEAMLESS   
24                  NAN        NAN       NAN              SEAMLESS   

   MATERIAL_GRADE MATERIAL_NAME  ... PRIMARY_SIZE PRIMARY_WALL   PRODUCT_CODE  \
0               B  CARBON STEEL  ...         12.0                 VNS120020GP   
1             6/B  CARBON STEEL  ...         12.0                 SPA3/B120XH   
2             6/B  CARBON STEEL  ...         12.0                  PA3/B120XH   
3       GRADE 6/B  CARBON STEEL  ...         12.0                  PA3/B120XH   
4       GRADE 6/B  CARBON STEEL  ...         12.0                 SPA3/B120XH   
5               6  CARBON STEEL  ...         12.0                  PA3/B12012   
6             6/B  CARBON STEEL  ...         12.0                  PA3/B12012   
7       GRADE 6/B  CARBON STEEL  ...         12.0                 PA3/B120STL   
8       GRADE 6/B  CARBON STEEL  ...         12.0                 PA3/B120STL   
9             P22           NAN  ...         12.0                  IPA2212010   
10            P22   ALLOY STEEL  ...         12.0                  IPA2212010   
11              6  CARBON STEEL  ...         12.0                HWPA3/B12016   
12      GRADE 6/B  CARBON STEEL  ...         12.0               IPA3/B12016TM   
13            6/B  CARBON STEEL  ...         12.0                  PA3/B12016   
14            6/B  CARBON STEEL  ...         12.0                 IPA3/B12016   
15              6  CARBON STEEL  ...         12.0               IPA3/B12016TM   
16            6/B  CARBON STEEL  ...         12.0                 IPA3/B12016   
17              6  CARBON STEEL  ...         12.0                HWPA3/B12016   
18            NAN  CARBON STEEL  ...         12.0                    PA120XHL   
19          B/X42  CARBON STEEL  ...         12.0                   SPA120XHL   
20            NAN  CARBON STEEL  ...         12.0                    PA120XHL   
21            NAN  CARBON STEEL  ...         12.0                   SPA120XHL   
22          B/X42  CARBON STEEL  ...         12.0                    PA120STL   
23            NAN  CARBON STEEL  ...         12.0                    PA120STL   
24              6  CARBON STEEL  ...         12.0               IPA3/B12014PT   

   REDUCING_SCHEDULE REDUCING_SIZE REDUCING_WALL TRIM           TYPE  \
0                NAN             2                NAN         NIPPLE   
1                NAN           NAN                NAN       SEAMLESS   
2                NAN           NAN                NAN  SEAMLESS PIPE   
3                NAN           NAN                NAN  SEAMLESS PIPE   
4                NAN           NAN                NAN  SEAMLESS PIPE   
5                NAN           NAN                NAN  SEAMLESS PIPE   
6                NAN           NAN                NAN  SEAMLESS PIPE   
7                NAN           NAN                NAN       SEAMLESS   
8                NAN           NAN                NAN  SEAMLESS PIPE   
9                NAN           NAN                NAN  SEAMLESS PIPE   
10               NAN           NAN                NAN  SEAMLESS PIPE   
11               NAN           NAN                NAN  SEAMLESS PIPE   
12               NAN           NAN                NAN  SEAMLESS PIPE   
13               NAN           NAN                NAN  SEAMLESS PIPE   
14               NAN           NAN                NAN       SEAMLESS   
15               NAN           NAN                NAN  SEAMLESS PIPE   
16               NAN           NAN                NAN  SEAMLESS PIPE   
17               NAN           NAN                NAN       SEAMLESS   
18               NAN           NAN                NAN  SEAMLESS PIPE   
19               NAN           NAN                NAN  SEAMLESS PIPE   
20               NAN           NAN                NAN  SEAMLESS PIPE   
21               NAN           NAN                NAN  SEAMLESS PIPE   
22               NAN           NAN                NAN  SEAMLESS PIPE   
23               NAN           NAN                NAN       SEAMLESS   
24               NAN           NAN                NAN  SEAMLESS PIPE   

   WALL_THICKNESS     score  
0                  0.895872  
1                  0.892773  
2                  0.892773  
3                  0.892773  
4                  0.892773  
5                  0.891898  
6                  0.891898  
7                  0.891734  
8                  0.891734  
9                  0.889467  
10                 0.889467  
11                 0.889069  
12                 0.889069  
13                 0.889069  
14                 0.889069  
15                 0.889069  
16                 0.889069  
17                 0.889069  
18                 0.889007  
19                 0.889007  
20                 0.889007  
21                 0.889007  
22                 0.888166  
23                 0.888166  
24                 0.887056  

[25 rows x 25 columns]",0,EXCELLENT
31,"11100817-FLG,WN,RF,6,300 ,XXH-SA-105","6"" 300 RF WN FLG XXH BORE, SA105N/FGP",True,31,0,19.55254210000021,"   CATEGORY  CONFIDENCE  \
0    FLANGE         0.9   
1    FLANGE         0.9   
2    FLANGE         0.9   
3    FLANGE         0.9   
4   FITTING         0.9   
5   FITTING         0.9   
6    FLANGE         0.9   
7   FITTING         0.9   
8   FITTING         0.9   
9   FITTING         0.9   
10  FITTING         0.9   
11  FITTING         0.9   
12  FITTING         0.9   
13  FITTING         0.9   
14  FITTING         0.9   
15  FITTING         0.9   
16   FLANGE         0.9   
17   FLANGE         0.9   
18   FLANGE         0.9   
19   FLANGE         0.9   
20   FLANGE         0.9   
21   FLANGE         0.9   
22   FLANGE         0.9   
23   FLANGE         0.9   
24   FLANGE         0.9   

                                              DESCRIPTION END_CONNECTIONS  \
0                   6"" 300 RF WN FLG XXH BORE, SA105N/FGP             NAN   
1                   6"" 600 RF WN FLG XXH BORE SA105N/ FGP             NAN   
2                   6"" 600 RF WN FLG XXH BORE SA105N/ FGP             NAN   
3                   6"" 900 RF WN FLG XXH BORE SA105N/ FGP             NAN   
4                            6"" X 2"" 3000 FS T-O-L, SA105             NAN   
5                            6"" X 2"" 3000 FS T-O-L, SA105        THREADED   
6                  6"" 900 RTJ WN FLG XXH BORE SA105N/ FGP             NAN   
7           6""-5"" X 3"" 3000 FS THREADED FLEX-O-LET, SA105        THREADED   
8           6""-5"" X 3"" 3000 FS THREADED FLEX-O-LET, SA105        THREADED   
9     6"" - 5"" X 1-0.5"" 3000 FS THREADED FLEX-O-LET, SA105        THREADED   
10        6"" - 4"" X 2"" 3000 FS THREADED FLEX-O-LET, SA105        THREADED   
11        6"" - 4"" X 2"" 3000 FS THREADED FLEX-O-LET, SA105        THREADED   
12        6"" - 4"" X 2"" 6000 FS THREADED FLEX-O-LET, SA105        THREADED   
13        6"" - 4"" X 2"" 6000 FS THREADED FLEX-O-LET, SA105        THREADED   
14             6"" X 2"" 3000 FS THREADED FLEX-O-LET, SA105        THREADED   
15  6"" - 2-0.5"" X 0.5"" 6000 FS THREADED FLEX-O-LET, SA105        THREADED   
16                       6"" 300 RF THREADED FLANGE, SA105        THREADED   
17                       6"" 300 RF THREADED FLANGE, SA105        THREADED   
18                6"" 150 RF WN FLG STD BORE, SA182-304LSS             NAN   
19                6"" 150 RF WN FLG STD BORE, SA182-304LSS             NAN   
20                       6"" 150 FF THREADED FLANGE, SA105        THREADED   
21                       6"" 150 RF THREADED FLANGE, SA105        THREADED   
22                       6"" 150 RF THREADED FLANGE, SA105        THREADED   
23                       6"" 150 RF THREADED FLANGE, SA105        THREADED   
24               6"" 300 RF LONG WELD NECK X 16"" LG, SA105             NAN   

     END_FINISH ID LENGTH MANUFACTURING_PROCESS MATERIAL_GRADE  \
0   RAISED FACE       NAN                   NAN              N   
1   RAISED FACE       NAN                   NAN              N   
2   RAISED FACE       NAN                   NAN              N   
3   RAISED FACE       NAN                   NAN              N   
4           NAN       NAN                   NAN            NAN   
5           NAN       NAN                FORGED            NAN   
6           RTJ       NAN                   NAN              N   
7           NAN       NAN                   NAN            NAN   
8           NAN       NAN                   NAN            NAN   
9           NAN       NAN                   NAN            NAN   
10          NAN       NAN                   NAN            NAN   
11          NAN       NAN                   NAN            NAN   
12          NAN       NAN                   NAN            NAN   
13          NAN       NAN                   NAN            NAN   
14          NAN       NAN                   NAN            NAN   
15          NAN       NAN                   NAN            NAN   
16  RAISED FACE       NAN                   NAN            NAN   
17           RF       NAN                   NAN            NAN   
18  RAISED FACE       NAN                   NAN           304L   
19  RAISED FACE       NAN                   NAN           304L   
20    FLAT FACE       NAN                   NAN            NAN   
21  RAISED FACE       NAN                   NAN            NAN   
22           RF       NAN                   NAN            NAN   
23  RAISED FACE       NAN                   NAN            NAN   
24  RAISED FACE        16                   NAN            NAN   

      MATERIAL_NAME  ... PRIMARY_SIZE PRIMARY_WALL      PRODUCT_CODE  \
0      CARBON STEEL  ...          6.0                  IFWN030601XXA   
1      CARBON STEEL  ...          6.0               FWN060601XXPPI-N   
2      CARBON STEEL  ...          6.0               FWN060601XXPPI-N   
3      CARBON STEEL  ...          6.0               FWN090601XXPPI-N   
4      CARBON STEEL  ...          6.0                     SM3T020060   
5      CARBON STEEL  ...          6.0                     SM3T020060   
6      CARBON STEEL  ...          6.0               FWN090603XXPPI-N   
7      CARBON STEEL  ...          6.0                      M3T030060   
8      CARBON STEEL  ...          6.0                      M3T030060   
9      CARBON STEEL  ...          6.0                     IM3T015060   
10     CARBON STEEL  ...          6.0                    M3T02006040   
11     CARBON STEEL  ...          6.0                    M3T02006040   
12     CARBON STEEL  ...          6.0                      M6T020060   
13     CARBON STEEL  ...          6.0                      M6T020060   
14     CARBON STEEL  ...          6.0                     IM3T020060   
15     CARBON STEEL  ...          6.0                      M6T005060   
16     CARBON STEEL  ...          6.0                     IFTH030601   
17     CARBON STEEL  ...          6.0                     IFTH030601   
18  STAINLESS STEEL  ...          6.0                    SFWN410601S   
19  STAINLESS STEEL  ...          6.0                    SFWN410601S   
20     CARBON STEEL  ...          6.0                     IFTH010602   
21     CARBON STEEL  ...          6.0                     IFTH010601   
22     CARBON STEEL  ...          6.0                      FTH010601   
23     CARBON STEEL  ...          6.0                      FTH010601   
24     CARBON STEEL  ...          6.0                   FLW03060116A   

   REDUCING_SCHEDULE REDUCING_SIZE REDUCING_WALL TRIM                  TYPE  \
0                NAN           NAN                NAN             WELD NECK   
1                NAN           NAN                NAN             WELD NECK   
2                NAN           NAN                FGP             WELD NECK   
3                NAN           NAN                NAN             WELD NECK   
4                NAN             2                NAN            THREADOLET   
5                NAN             2                NAN            THREADOLET   
6                NAN           NAN                NAN             WELD NECK   
7                NAN             3                NAN              FLEXOLET   
8                NAN             3                NAN              FLEXOLET   
9                NAN           1.5                NAN              FLEXOLET   
10               NAN             2                NAN              FLEXOLET   
11               NAN             2                NAN              FLEXOLET   
12               NAN             2                NAN              FLEXOLET   
13               NAN             2                NAN              FLEXOLET   
14               NAN             2                NAN              FLEXOLET   
15               NAN           2.5                NAN              FLEXOLET   
16               NAN           NAN                NAN              THREADED   
17               NAN           NAN                NAN  THREADED RAISED FACE   
18               NAN           NAN                NAN             WELD NECK   
19               NAN           NAN                NAN             WELD NECK   
20               NAN           NAN                NAN    THREADED FLAT FACE   
21               NAN           NAN                NAN              THREADED   
22               NAN           NAN                NAN  THREADED RAISED FACE   
23               NAN           NAN                NAN  THREADED RAISED FACE   
24               NAN           NAN                NAN             WELD NECK   

   WALL_THICKNESS     score  
0                  0.899819  
1                  0.891522  
2                  0.891522  
3                  0.888587  
4                  0.883213  
5                  0.883213  
6                  0.882028  
7                  0.880458  
8                  0.880458  
9                  0.879449  
10                 0.879331  
11                 0.879331  
12                 0.879163  
13                 0.879163  
14                 0.878588  
15                 0.878280  
16                 0.877799  
17                 0.877799  
18                 0.876312  
19                 0.876312  
20                 0.875584  
21                 0.875305  
22                 0.875305  
23                 0.875305  
24                 0.875167  

[25 rows x 25 columns]",0,EXCELLENT
32,"XF0748 TOL,8X.5,CL3000,MSS SP-97,ASTM A182 GR.F1.0L","36"" - 0.75"" X 0.5"" 3000 FS THREADED FLEX-O-LET, SA182-F304L",True,32,10000,19.333634700000403,"   CATEGORY  CONFIDENCE  \
0      PIPE         0.9   
1      PIPE         0.9   
2      PIPE         0.9   
3      PIPE         0.9   
4      PIPE         0.9   
5      PIPE         0.9   
6      PIPE         0.9   
7      PIPE         0.9   
8      PIPE         0.9   
9      PIPE         0.9   
10     PIPE         0.9   
11     PIPE         0.9   
12     PIPE         0.9   
13     PIPE         0.9   
14     PIPE         0.9   
15     PIPE         0.9   
16     PIPE         0.9   
17     PIPE         0.9   
18     PIPE         0.9   
19     PIPE         0.9   
20     PIPE         0.9   
21     PIPE         0.8   
22     PIPE         0.9   
23     PIPE         0.9   
24     PIPE         0.9   

                                                                         DESCRIPTION  \
0                        8"" XH .500W SEAMLESS A/SA333 GR-6/A/SA106B/C/A/SA53B/API 5L   
1                        8"" XH .500W SEAMLESS A/SA333 GR-6/A/SA106B/C/A/SA53B/API 5L   
2                                            8"" .188W SA53-B ERW X 29-0.438"" LG, CTL   
3                                            8"" .188W SA53-B ERW X 29-0.438"" LG, CTL   
4                               8"" XH X 7-0.562"" LG A106B SEAMLESS PIPE 50 BOE X SOE   
5                           8"" XH X 7-0.562"" LG A106B SEAMLESS PIPE 50 DEG BOE X SOE   
6                           8"" XH X 7-0.562"" LG A106B SEAMLESS PIPE 50 DEG BOE X SOE   
7                                                   8"" STD .322W API5L X52 SMLS PIPE   
8                                                   8"" STD .322W API5L X52 SMLS PIPE   
9   8"" XH .500W API 5L/GR B/X42/PSL1/SA53B/SA106-B SEAMLESS PIPE ""ASSEMBLY USE ONLY""   
10  8"" XH .500W API 5L/GR B/X42/PSL1/SA53B/SA106-B SEAMLESS PIPE ""ASSEMBLY USE ONLY""   
11                      8"" XH .500W ASTM/ASME/SA53B/API5L/X42/SA106B/C SEAMLESS PIPE   
12                      8"" XH .500W ASTM/ASME/SA53B/API5L/X42/SA106B/C SEAMLESS PIPE   
13  8"" STD .322W ASTM/ASME/SA333 GRADE-6/SA53B/API5L/X42/SA106B/C/PSL2 SEAMLESS PIPE   
14  8"" STD .322W ASTM/ASME/SA333 GRADE-6/SA53B/API5L/X42/SA106B/C/PSL2 SEAMLESS PIPE   
15  8"" STD .322W ASTM/ASME/SA333 GRADE-6/SA53B/API5L/X42/SA106B/C/PSL2 SEAMLESS PIPE   
16  8"" STD .322W ASTM/ASME/SA333 GRADE-6/SA53B/API5L/X42/SA106B/C/PSL2 SEAMLESS PIPE   
17                                      8"" STD .322W SA53-B ERW X 20-0.562"" CTL, BBE   
18                                      8"" STD .322W SA53-B ERW X 20-0.562"" CTL, BBE   
19                                               8"" XH .500W API-5L/X42/X52 ERW PIPE   
20                                               8"" XH .500W API-5L/X42/X52 ERW PIPE   
21                                     QUAR 8"" X 2"" STD A106-B SMLS NIPPLE GRV X BEV   
22                                     QUAR 8"" X 2"" STD A106-B SMLS NIPPLE GRV X BEV   
23                        8"" XH .500W ASTM/ASME/SA53B/API5L/X42/SA106B SEAMLESS PIPE   
24                        8"" XH .500W ASTM/ASME/SA53B/API5L/X42/SA106B SEAMLESS PIPE   

      END_CONNECTIONS         END_FINISH ID   LENGTH MANUFACTURING_PROCESS  \
0                 NAN              .500W         NAN              SEAMLESS   
1                 NAN                NAN         NAN              SEAMLESS   
2                 NAN                CTL     29.4375                   ERW   
3                 NAN                CTL     29.4375                   ERW   
4           BOE X SOE            BEVELED      7.5625              SEAMLESS   
5                 NAN  BEVELED AND PLAIN      7.5625              SEAMLESS   
6           PLAIN END            BEVELED      7.5625              SEAMLESS   
7                 NAN                NAN         NAN                  SMLS   
8                 NAN                NAN         NAN                  SMLS   
9                 NAN                NAN         NAN              SEAMLESS   
10                NAN                NAN         NAN              SEAMLESS   
11                NAN                NAN         NAN              SEAMLESS   
12                NAN                NAN         NAN              SEAMLESS   
13                NAN                NAN         NAN                  SMLS   
14                NAN                NAN         NAN              SEAMLESS   
15                NAN                NAN         NAN              SEAMLESS   
16                NAN          PLAIN END         NAN              SEAMLESS   
17                NAN                BBE     20.5625                   ERW   
18                NAN                BBE     20.5625                   ERW   
19                NAN                NAN         NAN                   ERW   
20                NAN              .500W         NAN                   ERW   
21  GROOVED X BEVELED                NAN         NAN              SEAMLESS   
22          GRV X BEV                NAN        0.25                  SMLS   
23                NAN                NAN         NAN              SEAMLESS   
24                NAN                NAN         NAN              SEAMLESS   

                 MATERIAL_GRADE MATERIAL_NAME  ... PRIMARY_SIZE PRIMARY_WALL  \
0                     GR6/B/C/B  CARBON STEEL  ...          8.0                
1                    GR-6/B/C/B  CARBON STEEL  ...          8.0                
2                             B  CARBON STEEL  ...          8.0                
3                             B  CARBON STEEL  ...          8.0                
4                             B  CARBON STEEL  ...          8.0                
5                             B  CARBON STEEL  ...          8.0                
6                             B  CARBON STEEL  ...          8.0                
7                           X52  CARBON STEEL  ...          8.0                
8                           X52  CARBON STEEL  ...          8.0                
9   GR B/X42/PSL1/SA53B/SA106-B  CARBON STEEL  ...          8.0                
10                   B/X42/PSL1  CARBON STEEL  ...          8.0                
11                          X42  CARBON STEEL  ...          8.0                
12                          X42  CARBON STEEL  ...          8.0                
13                  GR6/B/X42/B  CARBON STEEL  ...          8.0                
14                  GR6/B/X42/B  CARBON STEEL  ...          8.0                
15              GRADE 6/B/X42/B  CARBON STEEL  ...          8.0                
16              GRADE-6/X42/B/C  CARBON STEEL  ...          8.0                
17                            B  CARBON STEEL  ...          8.0                
18                            B  CARBON STEEL  ...          8.0                
19                      X42/X52  CARBON STEEL  ...          8.0                
20                      X42/X52  CARBON STEEL  ...          8.0                
21                            B  CARBON STEEL  ...          8.0                
22                            B  CARBON STEEL  ...          8.0                
23                          X42  CARBON STEEL  ...          8.0                
24                          X42  CARBON STEEL  ...          8.0                

      PRODUCT_CODE REDUCING_SCHEDULE REDUCING_SIZE REDUCING_WALL TRIM  \
0     SIPA3/B080XH               NAN           NAN                NAN   
1     SIPA3/B080XH               NAN           NAN                NAN   
2        PIPE13941               NAN           NAN                NAN   
3        PIPE13941               NAN           NAN                NAN   
4    PA080XH7.5625               NAN           NAN                NAN   
5   IPA080XH7.5625               NAN           NAN                NAN   
6   IPA080XH7.5625               NAN           NAN                NAN   
7       WPA080ST52               NAN           NAN                NAN   
8       WPA080ST52               NAN           NAN                NAN   
9   IPA080XHAMASSM               NAN           NAN                NAN   
10  IPA080XHAMASSM               NAN           NAN                NAN   
11      IPA080XHAM               NAN           NAN                NAN   
12      IPA080XHAM               NAN           NAN                NAN   
13  SIPA3/B080STAM               NAN           NAN                NAN   
14  SIPA3/B080STAM               NAN           NAN                NAN   
15   IPA3/B080STAM               NAN           NAN                NAN   
16   IPA3/B080STAM               NAN           NAN                NAN   
17      SHELL14199               NAN           NAN                NAN   
18      SHELL14199               NAN           NAN                NAN   
19     PE080XH4252               NAN           NAN                NAN   
20     PE080XH4252               NAN           NAN                NAN   
21    QVNS080020GP               NAN             2                NAN   
22    QVNS080020GP               NAN             2                NAN   
23     SIPA080XHAM               NAN           NAN                NAN   
24     SIPA080XHAM               NAN           NAN                NAN   

                   TYPE WALL_THICKNESS     score  
0              SEAMLESS                 0.868984  
1              SEAMLESS                 0.868984  
2              ERW PIPE                 0.864646  
3                   ERW                 0.864646  
4         SEAMLESS PIPE                 0.863062  
5         SEAMLESS PIPE                 0.862942  
6         SEAMLESS PIPE                 0.862942  
7         SEAMLESS PIPE                 0.861446  
8             SMLS PIPE                 0.861446  
9         SEAMLESS PIPE                 0.860430  
10        SEAMLESS PIPE                 0.860430  
11        SEAMLESS PIPE                 0.860202  
12        SEAMLESS PIPE                 0.860202  
13        SEAMLESS PIPE                 0.859465  
14        SEAMLESS PIPE                 0.859465  
15        SEAMLESS PIPE                 0.859465  
16             SEAMLESS                 0.859465  
17             ERW PIPE                 0.859353  
18             ERW PIPE                 0.859353  
19             ERW PIPE                 0.859261  
20             ERW PIPE                 0.859261  
21  QUARTER TURN NIPPLE                 0.858623  
22          SMLS NIPPLE                 0.858623  
23        SEAMLESS PIPE                 0.857334  
24             SEAMLESS                 0.857334  

[25 rows x 25 columns]",0,EXCELLENT
33,"4"" 600 A-105 BLIND","4"" 600 RF BLIND FLANGE, SA105N",True,33,2,21.465872799999488,"   CATEGORY  CONFIDENCE                        DESCRIPTION END_CONNECTIONS  \
0    FLANGE         0.9  4"" 150 GALV RF BLIND FLANGE, A105             NAN   
1    FLANGE         0.9  4"" 150 GALV RF BLIND FLANGE, A105             NAN   
2    FLANGE         1.0     4"" 600 RF BLIND FLANGE, SA105N             NAN   
3    FLANGE         1.0     4"" 600 RF BLIND FLANGE, SA105N             NAN   
4    FLANGE         1.0     4"" 600 RF BLIND FLANGE, SA105N             NAN   
5    FLANGE         0.9     4"" 600 RF BLIND FLANGE, SA105N             NAN   
6    FLANGE         1.0     4"" 600 RF BLIND FLANGE, SA105N             NAN   
7    FLANGE         0.9     4"" 600 RF BLIND FLANGE, SA105N             NAN   
8    FLANGE         1.0     4"" 600 RF BLIND FLANGE, SA105N             NAN   
9    FLANGE         0.9     4"" 600 RF BLIND FLANGE, SA105N             NAN   
10   FLANGE         1.0      4"" 900 RF BLIND FLANGE, SA105             NAN   
11   FLANGE         0.9      4"" 900 RF BLIND FLANGE, SA105             NAN   
12   FLANGE         0.9      4"" 900 RF BLIND FLANGE, SA105             NAN   
13   FLANGE         0.9    4"" 600 RTJ BLIND FLANGE, SA105N             NAN   
14   FLANGE         1.0    4"" 600 RTJ BLIND FLANGE, SA105N             NAN   
15   FLANGE         0.9      4"" 300 RF BLIND FLANGE, SA105             NAN   
16   FLANGE         0.9      4"" 300 RF BLIND FLANGE, SA105             NAN   
17   FLANGE         0.9      4"" 300 RF BLIND FLANGE, SA105             NAN   
18   FLANGE         0.9      4"" 300 RF BLIND FLANGE, SA105             NAN   
19   FLANGE         0.9     4"" 900 RTJ BLIND FLANGE, SA105             NAN   
20   FLANGE         0.9      4"" 150 RF BLIND FLANGE, SA105             NAN   
21   FLANGE         1.0      4"" 150 RF BLIND FLANGE, SA105             NAN   
22   FLANGE         0.9      4"" 150 RF BLIND FLANGE, SA105             NAN   
23   FLANGE         0.9      4"" 150 RF BLIND FLANGE, SA105             NAN   
24   FLANGE         0.9      4"" 150 RF BLIND FLANGE, SA105             NAN   

     END_FINISH ID LENGTH MANUFACTURING_PROCESS MATERIAL_GRADE MATERIAL_NAME  \
0            RF       NAN                   NAN            NAN  CARBON STEEL   
1   RAISED FACE       NAN                   NAN            NAN  CARBON STEEL   
2   RAISED FACE       NAN                   NAN              N  CARBON STEEL   
3   RAISED FACE       NAN                   NAN              N  CARBON STEEL   
4            RF       NAN                   NAN              N  CARBON STEEL   
5   RAISED FACE       NAN                   NAN              N  CARBON STEEL   
6   RAISED FACE       NAN                   NAN              N  CARBON STEEL   
7            RF       NAN                   NAN              N  CARBON STEEL   
8   RAISED FACE       NAN                   NAN              N  CARBON STEEL   
9   RAISED FACE       NAN                   NAN              N  CARBON STEEL   
10  RAISED FACE       NAN                   NAN            NAN  CARBON STEEL   
11  RAISED FACE       NAN                   NAN            NAN  CARBON STEEL   
12  RAISED FACE       NAN                   NAN            NAN  CARBON STEEL   
13          RTJ       NAN                   NAN              N  CARBON STEEL   
14          RTJ       NAN                   NAN              N  CARBON STEEL   
15  RAISED FACE       NAN                   NAN            NAN  CARBON STEEL   
16  RAISED FACE       NAN                   NAN            NAN  CARBON STEEL   
17  RAISED FACE       NAN                   NAN            NAN  CARBON STEEL   
18  RAISED FACE       NAN                   NAN            NAN  CARBON STEEL   
19          RTJ       NAN                   NAN            NAN  CARBON STEEL   
20  RAISED FACE       NAN                   NAN            NAN  CARBON STEEL   
21  RAISED FACE       NAN                   NAN            NAN  CARBON STEEL   
22  RAISED FACE       NAN                   NAN            NAN  CARBON STEEL   
23  RAISED FACE       NAN                   NAN            NAN  CARBON STEEL   
24  RAISED FACE       NAN                   NAN            NAN  CARBON STEEL   

    ... PRIMARY_SIZE PRIMARY_WALL  PRODUCT_CODE REDUCING_SCHEDULE  \
0   ...          4.0                 SIFBD10401               NAN   
1   ...          4.0                 SIFBD10401               NAN   
2   ...          4.0                 WFBD060401               NAN   
3   ...          4.0                 IFBD060401               NAN   
4   ...          4.0                 WFBD060401               NAN   
5   ...          4.0                ISFBD060401               NAN   
6   ...          4.0               FBD060401BTX               NAN   
7   ...          4.0               FBD060401BTX               NAN   
8   ...          4.0                ISFBD060401               NAN   
9   ...          4.0                 IFBD060401               NAN   
10  ...          4.0               FBD090401BTX               NAN   
11  ...          4.0               FBD090401BTX               NAN   
12  ...          4.0                  FBD090401               NAN   
13  ...          4.0                  FBD060403               NAN   
14  ...          4.0                  FBD060403               NAN   
15  ...          4.0                 IFBD030401               NAN   
16  ...          4.0                ISFBD030401               NAN   
17  ...          4.0                 SFBD030401               NAN   
18  ...          4.0               FBD030401BTX               NAN   
19  ...          4.0                  FBD090403               NAN   
20  ...          4.0                ISFBD010401               NAN   
21  ...          4.0                 WFBD010401               NAN   
22  ...          4.0                 WFBD010401               NAN   
23  ...          4.0                 IFBD010401               NAN   
24  ...          4.0               FBD010401BTX               NAN   

   REDUCING_SIZE REDUCING_WALL TRIM   TYPE WALL_THICKNESS     score  
0            NAN                NAN  BLIND                 0.922794  
1            NAN                NAN  BLIND                 0.922794  
2            NAN                NAN  BLIND                 0.921920  
3            NAN                NAN  BLIND                 0.921920  
4            NAN                NAN  BLIND                 0.921920  
5            NAN                NAN  BLIND                 0.921920  
6            NAN                NAN  BLIND                 0.921920  
7            NAN                NAN  BLIND                 0.921920  
8            NAN                NAN  BLIND                 0.921920  
9            NAN                NAN  BLIND                 0.921920  
10           NAN                NAN  BLIND                 0.921801  
11           NAN                NAN  BLIND                 0.921801  
12           NAN                NAN  BLIND                 0.921801  
13           NAN                NAN  BLIND                 0.921319  
14           NAN                NAN  BLIND                 0.921319  
15           NAN                NAN  BLIND                 0.920587  
16           NAN                NAN  BLIND                 0.920587  
17           NAN                NAN  BLIND                 0.920587  
18           NAN                NAN  BLIND                 0.920587  
19           NAN                NAN  BLIND                 0.918231  
20           NAN                NAN  BLIND                 0.915166  
21           NAN                NAN  BLIND                 0.915166  
22           NAN                NAN  BLIND                 0.915166  
23           NAN                NAN  BLIND                 0.915166  
24           NAN                NAN  BLIND                 0.915166  

[25 rows x 25 columns]",0,EXCELLENT
34,"1-.5-XXA106BS-PIPE,SMLS,1.5,XXH","1-0.5"" XXH .400W BLK SA106-B SEAMLESS PIPE",True,34,79,11.707099299999754,"   CATEGORY  CONFIDENCE  \
0      PIPE         0.9   
1      PIPE         0.9   
2      PIPE         0.9   
3      PIPE         0.9   
4      PIPE         0.9   
5      PIPE         0.9   
6      PIPE         0.9   
7      PIPE         0.9   
8      PIPE         0.9   
9      PIPE         0.9   
10     PIPE         0.9   
11     PIPE         0.9   
12     PIPE         0.9   
13     PIPE         0.9   
14     PIPE         0.9   
15     PIPE         0.9   
16     PIPE         0.9   
17     PIPE         0.9   
18     PIPE         0.9   
19     PIPE         0.8   
20     PIPE         0.8   
21     PIPE         0.9   
22     PIPE         0.9   
23     PIPE         0.9   
24     PIPE         0.9   

                                                             DESCRIPTION  \
0   1-0.5"" XH .200W BLK QSPSL2 SA53-B/API5L/B/X42 SA106B/C SMLS PIPE SRL   
1   1-0.5"" XH .200W BLK QSPSL2 SA53-B/API5L/B/X42 SA106B/C SMLS PIPE SRL   
2       1-0.5"" XXH .400WBLK QS PSL2 SA53-B/API5L/B/X42 SA106B/C SMLSPIPE   
3       1-0.5"" XXH .400WBLK QS PSL2 SA53-B/API5L/B/X42 SA106B/C SMLSPIPE   
4                   1-0.5"" X 5-0.5"" XH SA106-B SEAMLESS PIPE NIPPLE, TBE   
5                   1-0.5"" X 5-0.5"" XH SA106-B SEAMLESS PIPE NIPPLE, TBE   
6       1-0.5"" XXH .400W BLK ASTM/ASME/API5L/PSL-1/SA106-B SEAMLESS PIPE   
7                   1-0.5"" X CLOSE"" XH SA106-B SEAMLESS PIPE NIPPLE, TBE   
8                   1-0.5"" X CLOSE"" XH SA106-B SEAMLESS PIPE NIPPLE, TBE   
9                   1-0.5"" X 4-0.5"" XH SA106-B SEAMLESS PIPE NIPPLE, TBE   
10                  1-0.5"" X 4-0.5"" XH SA106-B SEAMLESS PIPE NIPPLE, TBE   
11         1-0.5"" XH .200W BLK SA106-B/C/ SA53-B/API5L X42 SEAMLESS PIPE   
12         1-0.5"" XH .200W BLK SA106-B/C/ SA53-B/API5L X42 SEAMLESS PIPE   
13         1-0.5"" XH .200W BLK SA106-B/C/ SA53-B/API5L X42 SEAMLESS PIPE   
14         1-0.5"" XH .200W BLK SA106-B/C/ SA53-B/API5L X42 SEAMLESS PIPE   
15  1-0.5"" XH .200W BLK QSPSL2 SA53-B/API5L/B/X42 SA106B/C SMLS PIPE DRL   
16  1-0.5"" XH .200W BLK QSPSL2 SA53-B/API5L/B/X42 SA106B/C SMLS PIPE DRL   
17                  1-0.5"" X 3-0.5"" XH SA106-B SEAMLESS PIPE NIPPLE, TBE   
18                  1-0.5"" X 3-0.5"" XH SA106-B SEAMLESS PIPE NIPPLE, TBE   
19                               1-0.5"" X 3"" XH GALV SMLS PIPE NPLE, TBE   
20                               1-0.5"" X 3"" XH GALV SMLS PIPE NPLE, TBE   
21                      1-0.5"" X 5"" XH SA106-B SEAMLESS PIPE NIPPLE, TBE   
22                      1-0.5"" X 5"" XH SA106-B SEAMLESS PIPE NIPPLE, TBE   
23                  1-0.5"" X 2-0.5"" XH SA106-B SEAMLESS PIPE NIPPLE, TBE   
24                  1-0.5"" X 2-0.5"" XH SA106-B SEAMLESS PIPE NIPPLE, TBE   

       END_CONNECTIONS          END_FINISH ID LENGTH MANUFACTURING_PROCESS  \
0                  NAN                 BLK       NAN                  SMLS   
1                  NAN                 BLK       NAN                  SMLS   
2                  NAN                 BLK       NAN                  SMLS   
3                  NAN                 BLK       NAN                  SMLS   
4             THREADED                 NAN       5.5              SEAMLESS   
5             THREADED                 NAN       5.5              SEAMLESS   
6                  NAN               BLACK       NAN              SEAMLESS   
7             THREADED                 NAN       NAN              SEAMLESS   
8             THREADED                 TBE         0              SEAMLESS   
9             THREADED                 TBE       4.5              SEAMLESS   
10            THREADED                 TBE       4.5              SEAMLESS   
11                 NAN                 BLK       NAN                  SMLS   
12                 NAN               BLACK       NAN              SEAMLESS   
13                 NAN               BLACK       NAN              SEAMLESS   
14                 NAN               BLACK       NAN              SEAMLESS   
15                 DRL                 BLK       NAN                  SMLS   
16                 DRL                 BLK       NAN                  SMLS   
17                 THD  THREADED BOTH ENDS       NAN              SEAMLESS   
18  THREADED BOTH ENDS                 NAN       NAN              SEAMLESS   
19  THREADED BOTH ENDS          GALVANIZED       NAN              SEAMLESS   
20                 TBE                GALV       NAN                  SMLS   
21            THREADED                 NAN         5              SEAMLESS   
22            THREADED                 TBE         5              SEAMLESS   
23  THREADED BOTH ENDS                 NAN       NAN              SEAMLESS   
24            THREADED                 TBE       NAN              SEAMLESS   

   MATERIAL_GRADE MATERIAL_NAME  ... PRIMARY_SIZE PRIMARY_WALL   PRODUCT_CODE  \
0             X42  CARBON STEEL  ...          1.5               PA015XHSRLBTR   
1               B  CARBON STEEL  ...          1.5               PA015XHSRLBTR   
2           B/X42  CARBON STEEL  ...          1.5                  PA015XXBTR   
3             X42  CARBON STEEL  ...          1.5                  PA015XXBTR   
4               B  CARBON STEEL  ...          1.5                   BSX015055   
5               B  CARBON STEEL  ...          1.5                   BSX015055   
6               B  CARBON STEEL  ...          1.5                  IPA015XXAM   
7               B  CARBON STEEL  ...          1.5                   BSX015000   
8               B  CARBON STEEL  ...          1.5                   BSX015000   
9               B  CARBON STEEL  ...          1.5                   BSX015045   
10              B  CARBON STEEL  ...          1.5                   BSX015045   
11          BCX42  CARBON STEEL  ...          1.5                   IPA015XHK   
12        B/C/X42  CARBON STEEL  ...          1.5                  SIPA015XHK   
13        B/C/X42  CARBON STEEL  ...          1.5                  SIPA015XHK   
14        B/C/X42  CARBON STEEL  ...          1.5                   IPA015XHK   
15              B  CARBON STEEL  ...          1.5               PA015XHDRLBTR   
16          B/X42  CARBON STEEL  ...          1.5               PA015XHDRLBTR   
17              B  CARBON STEEL  ...          1.5                   BSX015035   
18              B  CARBON STEEL  ...          1.5                   BSX015035   
19            NAN  CARBON STEEL  ...          1.5                  SGSX015030   
20            NAN           NAN  ...          1.5                  SGSX015030   
21              B  CARBON STEEL  ...          1.5                   BSX015050   
22              B  CARBON STEEL  ...          1.5                   BSX015050   
23              B  CARBON STEEL  ...          1.5                   BSX015025   
24              B  CARBON STEEL  ...          1.5                   BSX015025   

   REDUCING_SCHEDULE REDUCING_SIZE REDUCING_WALL TRIM           TYPE  \
0                NAN           NAN                NAN       SEAMLESS   
1                NAN           NAN                NAN      PIPE SMLS   
2                NAN           NAN                NAN       SEAMLESS   
3                NAN           NAN                NAN           SMLS   
4                NAN           NAN                NAN         NIPPLE   
5                NAN           NAN                NAN         NIPPLE   
6                NAN           NAN                NAN  SEAMLESS PIPE   
7                NAN           NAN                NAN         NIPPLE   
8                NAN           NAN                NAN         NIPPLE   
9                NAN           NAN                NAN         NIPPLE   
10               NAN           NAN                NAN         NIPPLE   
11               NAN           NAN                NAN  SEAMLESS PIPE   
12               NAN           NAN                NAN       SEAMLESS   
13               NAN           NAN                NAN  SEAMLESS PIPE   
14               NAN           NAN                NAN  SEAMLESS PIPE   
15               NAN           NAN                NAN       SEAMLESS   
16               NAN           NAN                NAN       SEAMLESS   
17               NAN           3.5                NAN         NIPPLE   
18               NAN           3.5                NAN         NIPPLE   
19               NAN             3                NAN    PIPE NIPPLE   
20               NAN             3                NAN         NIPPLE   
21               NAN           NAN                NAN         NIPPLE   
22               NAN           NAN                NAN         NIPPLE   
23               NAN           2.5                NAN    PIPE NIPPLE   
24               NAN           2.5                NAN         NIPPLE   

   WALL_THICKNESS     score  
0                  0.910809  
1                  0.910809  
2                  0.908509  
3                  0.908509  
4                  0.907611  
5                  0.907611  
6                  0.907410  
7                  0.907141  
8                  0.907141  
9                  0.907067  
10                 0.907067  
11                 0.906356  
12                 0.906356  
13                 0.906356  
14                 0.906356  
15                 0.905902  
16                 0.905902  
17                 0.905846  
18                 0.905846  
19                 0.905456  
20                 0.905456  
21                 0.904890  
22                 0.904890  
23                 0.904536  
24                 0.904536  

[25 rows x 25 columns]",0,EXCELLENT
35,"11100758-FLG,WN,RF,4,600 ,XXH-SA105N","4"" 600 RF WELD NECK FLANGE XXH BORE, SA105N",True,35,343,17.9495637,"   CATEGORY  CONFIDENCE  \
0    FLANGE         0.9   
1    FLANGE         0.9   
2    FLANGE         0.9   
3    FLANGE         0.9   
4    FLANGE         0.9   
5    FLANGE         1.0   
6    FLANGE         1.0   
7    FLANGE         1.0   
8    FLANGE         1.0   
9    FLANGE         0.9   
10   FLANGE         1.0   
11   FLANGE         0.9   
12   FLANGE         0.9   
13   FLANGE         0.9   
14   FLANGE         1.0   
15   FLANGE         0.9   
16   FLANGE         0.9   
17   FLANGE         0.9   
18   FLANGE         0.9   
19   FLANGE         0.9   
20   FLANGE         0.9   
21   FLANGE         1.0   
22   FLANGE         0.9   
23   FLANGE         0.9   
24   FLANGE         1.0   

                                                 DESCRIPTION END_CONNECTIONS  \
0                     4"" 150 RF BLIND FLANGE, SA105N-HFN S62             NAN   
1                          4"" 600 RF THREADED FLANGE, SA105N             THD   
2                          4"" 600 RF THREADED FLANGE, SA105N        THREADED   
3                             4"" 600 RF BLIND FLANGE, SA105N             NAN   
4                             4"" 600 RF BLIND FLANGE, SA105N             NAN   
5                             4"" 600 RF BLIND FLANGE, SA105N             NAN   
6                             4"" 600 RF BLIND FLANGE, SA105N             NAN   
7                             4"" 600 RF BLIND FLANGE, SA105N             NAN   
8                             4"" 600 RF BLIND FLANGE, SA105N             NAN   
9                             4"" 600 RF BLIND FLANGE, SA105N             NAN   
10                            4"" 600 RF BLIND FLANGE, SA105N             NAN   
11  4"" 600 RF BLIND FLANGE, SA105N-FGP/SA350-LF2 CL1/A694F42             NAN   
12  4"" 600 RF BLIND FLANGE, SA105N-FGP/SA350-LF2 CL1/A694F42             NAN   
13                             4"" 900 RF BLIND FLANGE, SA105             NAN   
14                             4"" 900 RF BLIND FLANGE, SA105             NAN   
15                             4"" 900 RF BLIND FLANGE, SA105             NAN   
16                    4"" 300 RF BLIND FLANGE, SA105N-HFN S62             NAN   
17                    4"" 300 RF BLIND FLANGE, SA105N-HFN S62             NAN   
18                         4"" 150 RF THREADED FLANGE, SA105N        THREADED   
19                         4"" 150 RF THREADED FLANGE, SA105N             THD   
20                        4"" 150 RF BLIND FLANGE, SA105N-FGP             NAN   
21                            4"" 900 RF BLIND FLANGE, SA105N             NAN   
22                            4"" 900 RF BLIND FLANGE, SA105N             NAN   
23                            4"" 900 RF BLIND FLANGE, SA105N             NAN   
24                           4"" 1500 RF BLIND FLANGE, SA105N             NAN   

     END_FINISH ID LENGTH MANUFACTURING_PROCESS MATERIAL_GRADE MATERIAL_NAME  \
0            RF       NAN                   NAN              N  CARBON STEEL   
1            RF       NAN                   NAN              N  CARBON STEEL   
2   RAISED FACE       NAN                   NAN              N  CARBON STEEL   
3   RAISED FACE       NAN                   NAN              N  CARBON STEEL   
4   RAISED FACE       NAN                   NAN              N  CARBON STEEL   
5   RAISED FACE       NAN                   NAN              N  CARBON STEEL   
6   RAISED FACE       NAN                   NAN              N  CARBON STEEL   
7            RF       NAN                   NAN              N  CARBON STEEL   
8   RAISED FACE       NAN                   NAN              N  CARBON STEEL   
9            RF       NAN                   NAN              N  CARBON STEEL   
10  RAISED FACE       NAN                   NAN              N  CARBON STEEL   
11           RF       NAN                   NAN    NLF2 CL1F42  CARBON STEEL   
12           RF       NAN                   NAN            NAN  CARBON STEEL   
13  RAISED FACE       NAN                   NAN            NAN  CARBON STEEL   
14  RAISED FACE       NAN                   NAN            NAN  CARBON STEEL   
15  RAISED FACE       NAN                   NAN            NAN  CARBON STEEL   
16          NAN       NAN                   HFN              N  CARBON STEEL   
17  RAISED FACE       NAN                   HFN            NAN  CARBON STEEL   
18  RAISED FACE       NAN                   NAN              N  CARBON STEEL   
19           RF       NAN                   NAN              N  CARBON STEEL   
20  RAISED FACE       NAN                   NAN              N  CARBON STEEL   
21  RAISED FACE       NAN                   NAN              N  CARBON STEEL   
22           RF       NAN                   NAN              N  CARBON STEEL   
23  RAISED FACE       NAN                   NAN              N  CARBON STEEL   
24  RAISED FACE       NAN                   NAN              N  CARBON STEEL   

    ... PRIMARY_SIZE PRIMARY_WALL      PRODUCT_CODE REDUCING_SCHEDULE  \
0   ...          4.0               IFBD010401GB-HFN               NAN   
1   ...          4.0                      FTH060401               NAN   
2   ...          4.0                      FTH060401               NAN   
3   ...          4.0                    ISFBD060401               NAN   
4   ...          4.0                     IFBD060401               NAN   
5   ...          4.0                    ISFBD060401               NAN   
6   ...          4.0                     IFBD060401               NAN   
7   ...          4.0                     WFBD060401               NAN   
8   ...          4.0                     WFBD060401               NAN   
9   ...          4.0                   FBD060401BTX               NAN   
10  ...          4.0                   FBD060401BTX               NAN   
11  ...          4.0                      FBD060401               NAN   
12  ...          4.0                      FBD060401               NAN   
13  ...          4.0                      FBD090401               NAN   
14  ...          4.0                   FBD090401BTX               NAN   
15  ...          4.0                   FBD090401BTX               NAN   
16  ...          4.0               IFBD030401GB-HFN               NAN   
17  ...          4.0               IFBD030401GB-HFN               NAN   
18  ...          4.0                   IFTH010401NA               NAN   
19  ...          4.0                   IFTH010401NA               NAN   
20  ...          4.0                      FBD010401               NAN   
21  ...          4.0                    ISFBD090401               NAN   
22  ...          4.0                    ISFBD090401               NAN   
23  ...          4.0                     IFBD090401               NAN   
24  ...          4.0                      FBD150401               NAN   

   REDUCING_SIZE REDUCING_WALL TRIM                  TYPE WALL_THICKNESS  \
0            NAN                NAN                 BLIND                  
1            NAN                NAN  THREADED RAISED FACE                  
2            NAN                NAN              THREADED                  
3            NAN                NAN                 BLIND                  
4            NAN                NAN                 BLIND                  
5            NAN                NAN                 BLIND                  
6            NAN                NAN                 BLIND                  
7            NAN                NAN                 BLIND                  
8            NAN                NAN                 BLIND                  
9            NAN                NAN                 BLIND                  
10           NAN                NAN                 BLIND                  
11           NAN                NAN                 BLIND                  
12           NAN                NAN                 BLIND                  
13           NAN                NAN                 BLIND                  
14           NAN                NAN                 BLIND                  
15           NAN                NAN                 BLIND                  
16           NAN                NAN                 BLIND                  
17           NAN                NAN                 BLIND                  
18           NAN                NAN  THREADED RAISED FACE                  
19           NAN                NAN  THREADED RAISED FACE                  
20           NAN                NAN                 BLIND                  
21           NAN                NAN                 BLIND                  
22           NAN                NAN                 BLIND                  
23           NAN                NAN                 BLIND                  
24           NAN                NAN                 BLIND                  

       score  
0   0.890842  
1   0.889748  
2   0.889748  
3   0.889280  
4   0.889280  
5   0.889280  
6   0.889280  
7   0.889280  
8   0.889280  
9   0.889280  
10  0.889280  
11  0.888728  
12  0.888728  
13  0.886978  
14  0.886978  
15  0.886978  
16  0.886937  
17  0.886937  
18  0.886926  
19  0.886926  
20  0.886826  
21  0.886682  
22  0.886682  
23  0.886682  
24  0.886062  

[25 rows x 25 columns]",0,EXCELLENT
36,"HL6846 ROUND HEAD PLUG,NPT .75,ASTM A182 GR F1.0L","0.75"" 3000 FS THREADED ROUND HEAD PLUG, SA182-F304/L",True,36,5,17.687335099999473,"    CATEGORY  CONFIDENCE  \
0    FITTING         0.9   
1    FITTING         0.9   
2    FITTING         0.9   
3    FITTING         0.9   
4    FITTING         0.9   
5    FITTING         0.9   
6    FITTING         0.9   
7    FITTING         0.9   
8    FITTING         0.9   
9    FITTING         0.9   
10   FITTING         0.9   
11   FITTING         0.9   
12   FITTING         0.9   
13   FITTING         0.9   
14   FITTING         0.9   
15   FITTING         0.9   
16   FITTING         0.9   
17   FITTING         0.9   
18   FITTING         0.9   
19     VALVE         0.9   
20     VALVE         0.9   
21   FITTING         0.9   
22   FITTING         0.9   
23  FASTENER         0.8   
24  FASTENER         0.8   

                                                  DESCRIPTION END_CONNECTIONS  \
0                       0.75"" 0.001 ROUND HEAD PLUG, A182-F11        THREADED   
1                       0.75"" 0.001 ROUND HEAD PLUG, A182-F11             NAN   
2                         0.75"" 6000 ROUND HEAD PLUG, A182-F9        THREADED   
3        0.75"" 3000 FS THREADED ROUND HEAD PLUG, SA182-F316/L        THREADED   
4        0.75"" 3000 FS THREADED ROUND HEAD PLUG, SA182-F316/L        THREADED   
5        0.75"" 3000 FS THREADED ROUND HEAD PLUG, SA182-F304/L        THREADED   
6        0.75"" 3000 FS THREADED ROUND HEAD PLUG, SA182-F304/L        THREADED   
7        0.75"" 3000 FS THREADED ROUND HEAD PLUG, SA182-F304/L        THREADED   
8        0.75"" 3000 FS THREADED ROUND HEAD PLUG, SA182-F304/L        THREADED   
9        0.75"" 3000 FS THREADED ROUND HEAD PLUG, SA182-F304/L        THREADED   
10       0.75"" 3000 FS THREADED ROUND HEAD PLUG, SA182-F304/L        THREADED   
11            0.75"" 0.001 FS THREADED ROUND HEAD PLUG, SA105N        THREADED   
12            0.75"" 0.001 FS THREADED ROUND HEAD PLUG, SA105N        THREADED   
13            0.75"" 0.001 FS THREADED ROUND HEAD PLUG, SA105N        THREADED   
14            0.75"" 0.001 FS THREADED ROUND HEAD PLUG, SA105N        THREADED   
15         0.75"" 0.001 FS THREADED ROUND HEAD PLUG, SA350-LF2        THREADED   
16         0.75"" 0.001 FS THREADED ROUND HEAD PLUG, SA350-LF2        THREADED   
17             0.75"" 0.001 FS THREADED ROUND HEAD PLUG, SA105        THREADED   
18             0.75"" 0.001 FS THREADED ROUND HEAD PLUG, SA105        THREADED   
19                  0.75"" 0.5M THRD ROUND PLUG, SA182-F51/F60        THREADED   
20                  0.75"" 0.5M THRD ROUND PLUG, SA182-F51/F60        THREADED   
21        0.75"" 0.001 FS THREADED HEX HEAD PLUG, SA182-1.0LSS        THREADED   
22        0.75"" 0.001 FS THREADED HEX HEAD PLUG, SA182-1.0LSS        THREADED   
23  0.75"" X 3"" FS THREADED LONG ROUND HEAD BAR PLUG, SA182-F5        THREADED   
24  0.75"" X 3"" FS THREADED LONG ROUND HEAD BAR PLUG, SA182-F5        THREADED   

    END_FINISH ID LENGTH MANUFACTURING_PROCESS MATERIAL_GRADE  \
0          NAN       NAN                   NAN            F11   
1   ROUND HEAD       NAN                   NAN            F11   
2   ROUND HEAD       NAN                   NAN             F9   
3   ROUND HEAD       NAN                FORGED          F316L   
4   ROUND HEAD       NAN                   NAN          F316L   
5   ROUND HEAD       NAN                   NAN          F304L   
6   ROUND HEAD       NAN                   NAN          F304L   
7          NAN       NAN                FORGED          F304L   
8   ROUND HEAD       NAN                   NAN          F304L   
9   ROUND HEAD       NAN          FORGED STEEL          F304L   
10  ROUND HEAD       NAN                FORGED          F304L   
11  ROUND HEAD       NAN                   NAN              N   
12  ROUND HEAD       NAN          FORGED STEEL              N   
13  ROUND HEAD       NAN                   NAN              N   
14  ROUND HEAD       NAN                   NAN              N   
15  ROUND HEAD       NAN                FORGED            LF2   
16  ROUND HEAD       NAN                   NAN            LF2   
17  ROUND HEAD       NAN                   NAN            NAN   
18  ROUND HEAD       NAN                   NAN            NAN   
19         NAN       NAN                   NAN        F51/F60   
20         NAN       NAN                   NAN        F51/F60   
21         NAN       NAN                FORGED           1.0L   
22         NAN       NAN                FORGED           1.0L   
23  ROUND HEAD       NAN                   NAN             F5   
24  ROUND HEAD       NAN                   NAN             F5   

      MATERIAL_NAME  ... PRIMARY_SIZE PRIMARY_WALL        PRODUCT_CODE  \
0       ALLOY STEEL  ...         0.75                      SM3RPF11007   
1       ALLOY STEEL  ...         0.75                      SM3RPF11007   
2       ALLOY STEEL  ...         0.75                       M6TRPF9007   
3   STAINLESS STEEL  ...         0.75                        M3T6RP007   
4   STAINLESS STEEL  ...         0.75                        M3T6RP007   
5   STAINLESS STEEL  ...         0.75                       SM3T4RP007   
6   STAINLESS STEEL  ...         0.75                       IM3T4RP007   
7   STAINLESS STEEL  ...         0.75                        M3T4RP007   
8   STAINLESS STEEL  ...         0.75                        M3T4RP007   
9   STAINLESS STEEL  ...         0.75                       IM3T4RP007   
10  STAINLESS STEEL  ...         0.75                       SM3T4RP007   
11     CARBON STEEL  ...         0.75                       ISM3TRP007   
12     CARBON STEEL  ...         0.75                       ISM3TRP007   
13     CARBON STEEL  ...         0.75                        M3TRP007N   
14     CARBON STEEL  ...         0.75                        M3TRP007N   
15     CARBON STEEL  ...         0.75                        M3TRP2007   
16     CARBON STEEL  ...         0.75                        M3TRP2007   
17     CARBON STEEL  ...         0.75                         M3TRP007   
18     CARBON STEEL  ...         0.75                         M3TRP007   
19           DUPLEX  ...         0.75               M3TRP007030F51/F60   
20  STAINLESS STEEL  ...         0.75               M3TRP007030F51/F60   
21  STAINLESS STEEL  ...         0.75                        M3T6HP007   
22  STAINLESS STEEL  ...         0.75                       IM3T6HP007   
23    CHROMIUM MOLY  ...         0.75                    M3TRPF5007030   
24      ALLOY STEEL  ...         0.75                    M3TRPF5007030   

   REDUCING_SCHEDULE REDUCING_SIZE REDUCING_WALL TRIM             TYPE  \
0                NAN           NAN                NAN  ROUND HEAD PLUG   
1                NAN           NAN                NAN             PLUG   
2                NAN           NAN                NAN             PLUG   
3                NAN           NAN                NAN    THREADED PLUG   
4                NAN           NAN                NAN             PLUG   
5                NAN           NAN                NAN             PLUG   
6                NAN           NAN                NAN             PLUG   
7                NAN           NAN                NAN  ROUND HEAD PLUG   
8                NAN           NAN                NAN    THREADED PLUG   
9                NAN           NAN                NAN             PLUG   
10               NAN           NAN                NAN             PLUG   
11               NAN           NAN                NAN    THREADED PLUG   
12               NAN           NAN                NAN             PLUG   
13               NAN           NAN                NAN             PLUG   
14               NAN           NAN                NAN    THREADED PLUG   
15               NAN           NAN                NAN    THREADED PLUG   
16               NAN           NAN                NAN             PLUG   
17               NAN           NAN                NAN    THREADED PLUG   
18               NAN           NAN                NAN    THREADED PLUG   
19               NAN           NAN                NAN       PLUG VALVE   
20               NAN           NAN                NAN       PLUG VALVE   
21               NAN           NAN                NAN    HEX HEAD PLUG   
22               NAN           NAN                NAN    HEX HEAD PLUG   
23               NAN             3                NAN         BAR PLUG   
24               NAN             3                NAN    THREADED PLUG   

   WALL_THICKNESS     score  
0                  0.911847  
1                  0.911847  
2                  0.903133  
3                  0.898603  
4                  0.898603  
5                  0.894594  
6                  0.894594  
7                  0.894594  
8                  0.894594  
9                  0.894594  
10                 0.894594  
11                 0.892559  
12                 0.892559  
13                 0.892559  
14                 0.892559  
15                 0.890799  
16                 0.890799  
17                 0.888644  
18                 0.888644  
19                 0.883395  
20                 0.883395  
21                 0.882972  
22                 0.882972  
23                 0.882621  
24                 0.882621  

[25 rows x 25 columns]",0,EXCELLENT
37,"887483 PI8-10S,ASTM,A312,TP304L","8"" S-10 .148W SEAMLESS PIPE, SA312 TP304/L",True,37,1,26.967630299999655,"   CATEGORY  CONFIDENCE  \
0      PIPE         0.9   
1      PIPE         0.9   
2      PIPE         0.9   
3      PIPE         0.9   
4      PIPE         0.9   
5      PIPE         0.9   
6      PIPE         0.9   
7      PIPE         0.9   
8      PIPE         0.9   
9      PIPE         0.9   
10     PIPE         0.9   
11     PIPE         0.9   
12     PIPE         0.9   
13  FITTING         0.9   
14  FITTING         0.9   
15     PIPE         0.9   
16     PIPE         0.9   
17     PIPE         0.9   
18     PIPE         0.9   
19     PIPE         0.9   
20     PIPE         0.9   
21     PIPE         0.9   
22     PIPE         0.9   
23     PIPE         0.9   
24     PIPE         0.9   

                                                                         DESCRIPTION  \
0                                           8"" S-10 .148W SEAMLESS PIPE SA312 TP304L   
1                                         8"" S-10 .148W SEAMLESS PIPE, SA312 TP304/L   
2                                                 8"" S-10S .148W WELDED SA312 TP1.0L   
3                                                 8"" S-10S .148W WELDED SA312 TP1.0L   
4                                                 8"" S-10S .148W WELDED SA312 TP1.0L   
5                                                 8"" S-10S .148W WELDED SA312 TP1.0L   
6                                                 8"" S-10S .148W WELDED SA312 TP1.0L   
7                                                 8"" S-10S .148W WELDED SA312 TP1.0L   
8                                                 8"" S-10S .148W WELDED SA312 TP1.0L   
9   8"" STD .322W ASTM/ASME/SA333 GRADE-6/SA53B/API5L/X42/SA106B/C/PSL2 SEAMLESS PIPE   
10  8"" STD .322W ASTM/ASME/SA333 GRADE-6/SA53B/API5L/X42/SA106B/C/PSL2 SEAMLESS PIPE   
11  8"" STD .322W ASTM/ASME/SA333 GRADE-6/SA53B/API5L/X42/SA106B/C/PSL2 SEAMLESS PIPE   
12  8"" STD .322W ASTM/ASME/SA333 GRADE-6/SA53B/API5L/X42/SA106B/C/PSL2 SEAMLESS PIPE   
13                                              8"" S-10 LR 90 WELD ELL, SA403-WP304L   
14                                              8"" S-10 LR 90 WELD ELL, SA403-WP304L   
15                              8"" STD .322W ASME SA333 GR6/ SA106-B/C SEAMLESS PIPE   
16                              8"" STD .322W ASME SA333 GR6/ SA106-B/C SEAMLESS PIPE   
17                                        8"" S-40S .322W SA312 TP347/H SEAMLESS PIPE   
18                                                  8"" STD .322W WELDED SA312 TP1.0L   
19                                                  8"" STD .322W WELDED SA312 TP1.0L   
20                                                  8"" STD .322W WELDED SA312 TP1.0L   
21                                                  8"" STD .322W WELDED SA312 TP1.0L   
22                                                  8"" STD .322W WELDED SA312 TP1.0L   
23                                                  8"" STD .322W WELDED SA312 TP1.0L   
24                                                  8"" STD .322W WELDED SA312 TP1.0L   

   END_CONNECTIONS END_FINISH ID LENGTH MANUFACTURING_PROCESS  \
0              NAN        NAN       NAN              SEAMLESS   
1              NAN        NAN       NAN              SEAMLESS   
2              NAN        NAN       NAN                WELDED   
3              NAN        NAN       NAN                WELDED   
4              NAN        NAN       NAN                WELDED   
5              NAN        NAN       NAN                WELDED   
6              NAN        NAN       NAN                WELDED   
7              NAN        NAN       NAN                WELDED   
8              NAN        NAN       NAN                WELDED   
9              NAN        NAN       NAN                  SMLS   
10             NAN        NAN       NAN              SEAMLESS   
11             NAN  PLAIN END       NAN              SEAMLESS   
12             NAN        NAN       NAN              SEAMLESS   
13              BW  BUTT WELD       NAN                WELDED   
14       BUTT WELD        NAN       NAN                WELDED   
15             NAN        NAN       NAN              SEAMLESS   
16             NAN        NAN       NAN                  SMLS   
17             NAN        NAN       NAN              SEAMLESS   
18             NAN        NAN       NAN                WELDED   
19             NAN        NAN       NAN                WELDED   
20             NAN        NAN       NAN                WELDED   
21             NAN        NAN       NAN                WELDED   
22             NAN        NAN       NAN                WELDED   
23             NAN        NAN       NAN                WELDED   
24             NAN        NAN       NAN                WELDED   

     MATERIAL_GRADE    MATERIAL_NAME  ... PRIMARY_SIZE PRIMARY_WALL  \
0            TP304L  STAINLESS STEEL  ...          8.0                
1           TP304/L  STAINLESS STEEL  ...          8.0                
2            TP1.0L  STAINLESS STEEL  ...          8.0                
3            TP1.0L  STAINLESS STEEL  ...          8.0                
4            TP1.0L  STAINLESS STEEL  ...          8.0                
5            TP1.0L  STAINLESS STEEL  ...          8.0                
6            TP1.0L  STAINLESS STEEL  ...          8.0                
7            TP1.0L  STAINLESS STEEL  ...          8.0                
8            TP1.0L  STAINLESS STEEL  ...          8.0                
9       GR6/B/X42/B     CARBON STEEL  ...          8.0                
10  GRADE 6/B/X42/B     CARBON STEEL  ...          8.0                
11  GRADE-6/X42/B/C     CARBON STEEL  ...          8.0                
12      GR6/B/X42/B     CARBON STEEL  ...          8.0                
13           WP304L  STAINLESS STEEL  ...          8.0                
14           WP304L  STAINLESS STEEL  ...          8.0                
15          GR6/B/C     CARBON STEEL  ...          8.0                
16          GR6/B/C     CARBON STEEL  ...          8.0                
17          TP347/H  STAINLESS STEEL  ...          8.0                
18           TP1.0L  STAINLESS STEEL  ...          8.0                
19           TP1.0L  STAINLESS STEEL  ...          8.0                
20           TP1.0L  STAINLESS STEEL  ...          8.0                
21           TP1.0L  STAINLESS STEEL  ...          8.0                
22           TP1.0L  STAINLESS STEEL  ...          8.0                
23           TP1.0L  STAINLESS STEEL  ...          8.0                
24           TP1.0L  STAINLESS STEEL  ...          8.0                

      PRODUCT_CODE REDUCING_SCHEDULE REDUCING_SIZE REDUCING_WALL TRIM  \
0        SPS408010               NAN           NAN                NAN   
1        IPS408010               NAN           NAN                NAN   
2        IPE408001               NAN           NAN                NAN   
3        IPE408001               NAN           NAN                NAN   
4         PE408001               NAN           NAN                NAN   
5        SPE408001               NAN           NAN                NAN   
6         PE608001               NAN           NAN                NAN   
7         PE608001               NAN           NAN                NAN   
8        SPE408001               NAN           NAN                NAN   
9   SIPA3/B080STAM               NAN           NAN                NAN   
10   IPA3/B080STAM               NAN           NAN                NAN   
11   IPA3/B080STAM               NAN           NAN                NAN   
12  SIPA3/B080STAM               NAN           NAN                NAN   
13      IWL9408001               NAN           NAN                NAN   
14      IWL9408001               NAN           NAN                NAN   
15    IPA3/B080STA               NAN           NAN                NAN   
16    IPA3/B080STA               NAN           NAN                NAN   
17      IPS7H080ST               NAN           NAN                NAN   
18       IPE6080ST               NAN           NAN                NAN   
19      SIPE6080ST               NAN           NAN                NAN   
20        PE4080ST               NAN           NAN                NAN   
21       SPE6080ST               NAN           NAN                NAN   
22        PE6080ST               NAN           NAN                NAN   
23       SPE6080ST               NAN           NAN                NAN   
24      SIPE6080ST               NAN           NAN                NAN   

                    TYPE WALL_THICKNESS     score  
0          SEAMLESS PIPE                 0.885436  
1          SEAMLESS PIPE                 0.883808  
2            WELDED PIPE                 0.882385  
3                 WELDED                 0.882385  
4            WELDED PIPE                 0.882385  
5            WELDED PIPE                 0.882385  
6            WELDED PIPE                 0.882385  
7                 WELDED                 0.882385  
8                 WELDED                 0.882385  
9          SEAMLESS PIPE                 0.874244  
10         SEAMLESS PIPE                 0.874244  
11              SEAMLESS                 0.874244  
12         SEAMLESS PIPE                 0.874244  
13  LONG RADIUS 90 ELBOW                 0.872321  
14  LONG RADIUS 90 ELBOW                 0.872321  
15         SEAMLESS PIPE                 0.871057  
16         SEAMLESS PIPE                 0.871057  
17              SEAMLESS                 0.868672  
18                WELDED                 0.867869  
19           WELDED PIPE                 0.867869  
20                WELDED                 0.867869  
21                WELDED                 0.867869  
22           WELDED PIPE                 0.867869  
23           WELDED PIPE                 0.867869  
24                WELDED                 0.867869  

[25 rows x 25 columns]",0,EXCELLENT
38,"15000391-ELBOW,LR90,4,S160-SA-234-WPB","4"" S-160 LR 90 WELD ELL, SA234-WPB",True,38,1,17.025169900000037,"   CATEGORY  CONFIDENCE                          DESCRIPTION END_CONNECTIONS  \
0   FITTING         0.9    4"" S-160 LR 45WELD ELL, SA234-WPB       BUTT WELD   
1   FITTING         0.9   4"" S-160 LR 90 WELD ELL, SA234-WPB       BUTT WELD   
2   FITTING         0.9   4"" S-160 LR 90 WELD ELL, SA234-WPB              BW   
3   FITTING         0.9   4"" S-160 LR 90 WELD ELL, SA234-WPB       BUTT WELD   
4   FITTING         0.9   4"" S-160 LR 90 WELD ELL, SA234-WPB       BUTT WELD   
5   FITTING         0.9   4"" S-160 LR 90 WELD ELL, SA234-WPB       BUTT WELD   
6   FITTING         0.9   4"" S-160 LR 90 WELD ELL, SA234-WPB       BUTT WELD   
7   FITTING         0.9   4"" S-160 LR 90 WELD ELL, SA234-WPB       BUTT WELD   
8   FITTING         0.9   4"" S-160 LR 90 WELD ELL, SA234-WPB       BUTT WELD   
9   FITTING         0.9   4"" S-160 LR 90 WELD ELL, SA234-WPB       BUTT WELD   
10  FITTING         0.9   4"" S-160 LR 90 WELD ELL, SA234-WPB              BW   
11  FITTING         0.9   4"" S-160 LR 90 WELD ELL, SA234-WPB       BUTT WELD   
12  FITTING         0.9   4"" S-160 LR 90 WELD ELL, SA234-WPB       BUTT WELD   
13  FITTING         0.9   4"" S-160 LR 90 WELD ELL, SA234-WPB       BUTT WELD   
14  FITTING         0.9   4"" S-160 LR 90 WELD ELL, SA234-WPB       BUTT WELD   
15  FITTING         0.9  4"" S-160 LR 90 WELD ELL, SA420-WPL6       BUTT WELD   
16  FITTING         0.9    4"" S-120 LR 45WELD ELL, SA234-WPB       BUTT WELD   
17  FITTING         0.9    4"" S-120 LR 45WELD ELL, SA234-WPB       BUTT WELD   
18  FITTING         0.9    4"" S-120 LR 45WELD ELL, SA234-WPB       BUTT WELD   
19  FITTING         0.9    4"" S-120 LR 45WELD ELL, SA234-WPB       BUTT WELD   
20  FITTING         0.9   4"" S-120 LR 90 WELD ELL, SA234-WPB       BUTT WELD   
21  FITTING         0.9   4"" S-120 LR 90 WELD ELL, SA234-WPB       BUTT WELD   
22  FITTING         0.9   4"" S-120 LR 90 WELD ELL, SA234-WPB       BUTT WELD   
23  FITTING         0.9   4"" S-120 LR 90 WELD ELL, SA234-WPB       BUTT WELD   
24  FITTING         0.9   4"" S-120 LR 90 WELD ELL, SA234-WPB       BUTT WELD   

   END_FINISH ID LENGTH MANUFACTURING_PROCESS MATERIAL_GRADE MATERIAL_NAME  \
0          BW       NAN                   NAN            WPB  CARBON STEEL   
1          BW       NAN                   NAN            WPB  CARBON STEEL   
2   BUTT WELD       NAN                   NAN            WPB  CARBON STEEL   
3         NAN       NAN                   NAN            WPB  CARBON STEEL   
4          BW       NAN                   NAN            WPB  CARBON STEEL   
5         NAN       NAN                   NAN            WPB  CARBON STEEL   
6          BW       NAN                   NAN            WPB  CARBON STEEL   
7          BW       NAN                   NAN            WPB  CARBON STEEL   
8          BW       NAN                   NAN            WPB  CARBON STEEL   
9          BW       NAN                   NAN            WPB  CARBON STEEL   
10        NAN       NAN                   NAN            WPB  CARBON STEEL   
11         BW       NAN                   NAN            WPB  CARBON STEEL   
12        NAN       NAN                   NAN            WPB  CARBON STEEL   
13         BW       NAN                   NAN            WPB  CARBON STEEL   
14        NAN       NAN                   NAN            WPB  CARBON STEEL   
15        NAN       NAN                   NAN           WPL6  CARBON STEEL   
16       WELD       NAN                   NAN            WPB  CARBON STEEL   
17         BW       NAN                   NAN            WPB  CARBON STEEL   
18         BW       NAN                   NAN            WPB  CARBON STEEL   
19         BW       NAN                WELDED            WPB  CARBON STEEL   
20         BW       NAN                   NAN            WPB  CARBON STEEL   
21         BW       NAN                   NAN            WPB  CARBON STEEL   
22        NAN       NAN                WELDED            WPB  CARBON STEEL   
23         BW       NAN                   NAN            WPB  CARBON STEEL   
24        NAN       NAN                   NAN            WPB  CARBON STEEL   

    ... PRIMARY_SIZE PRIMARY_WALL PRODUCT_CODE REDUCING_SCHEDULE  \
0   ...          4.0                 IWL404016               NAN   
1   ...          4.0                 WWL904016               NAN   
2   ...          4.0                 KWL904016               NAN   
3   ...          4.0                ISWL904016               NAN   
4   ...          4.0               IWL904016TM               NAN   
5   ...          4.0                IWL904016A               NAN   
6   ...          4.0                ISWL904016               NAN   
7   ...          4.0                 KWL904016               NAN   
8   ...          4.0                IAWL904016               NAN   
9   ...          4.0                  WL904016               NAN   
10  ...          4.0                IAWL904016               NAN   
11  ...          4.0                IWL904016A               NAN   
12  ...          4.0               IWL904016TM               NAN   
13  ...          4.0                 IWL904016               NAN   
14  ...          4.0                  WL904016               NAN   
15  ...          4.0                 WL9604016               NAN   
16  ...          4.0                 IWL404012               NAN   
17  ...          4.0                IWL404012A               NAN   
18  ...          4.0                 IWL404012               NAN   
19  ...          4.0                IWL404012A               NAN   
20  ...          4.0                IWL904012A               NAN   
21  ...          4.0               IWL904012TM               NAN   
22  ...          4.0                IWL904012A               NAN   
23  ...          4.0                 IWL904012               NAN   
24  ...          4.0                  WL904012               NAN   

   REDUCING_SIZE REDUCING_WALL TRIM                  TYPE WALL_THICKNESS  \
0            NAN                NAN  LONG RADIUS 45 ELBOW                  
1            NAN                NAN  LONG RADIUS 90 ELBOW                  
2            NAN                NAN  LONG RADIUS 90 ELBOW                  
3            NAN                NAN  LONG RADIUS 90 ELBOW                  
4            NAN                NAN  LONG RADIUS 90 ELBOW                  
5            NAN                NAN  LONG RADIUS 90 ELBOW                  
6            NAN                NAN  LONG RADIUS 90 ELBOW                  
7            NAN                NAN  LONG RADIUS 90 ELBOW                  
8            NAN                NAN  LONG RADIUS 90 ELBOW                  
9            NAN                NAN  ELBOW 90 LONG RADIUS                  
10           NAN                NAN  LONG RADIUS 90 ELBOW                  
11           NAN                NAN  LONG RADIUS 90 ELBOW                  
12           NAN                NAN  LONG RADIUS 90 ELBOW                  
13           NAN                NAN  LONG RADIUS 90 ELBOW                  
14           NAN                NAN  LONG RADIUS 90 ELBOW                  
15           NAN                NAN  LONG RADIUS 90 ELBOW                  
16           NAN                NAN  LONG RADIUS 45 ELBOW                  
17           NAN                NAN  LONG RADIUS 45 ELBOW                  
18           NAN                NAN  LONG RADIUS 45 ELBOW                  
19           NAN                NAN  LONG RADIUS 45 ELBOW                  
20           NAN                NAN  LONG RADIUS 90 ELBOW                  
21           NAN                NAN  LONG RADIUS 90 ELBOW                  
22           NAN                NAN  LONG RADIUS 90 ELBOW                  
23           NAN                NAN  LONG RADIUS 90 ELBOW                  
24           NAN                NAN  ELBOW 90 LONG RADIUS                  

       score  
0   0.903571  
1   0.902044  
2   0.902044  
3   0.902044  
4   0.902044  
5   0.902044  
6   0.902044  
7   0.902044  
8   0.902044  
9   0.902044  
10  0.902044  
11  0.902044  
12  0.902044  
13  0.902044  
14  0.902044  
15  0.888212  
16  0.884647  
17  0.884647  
18  0.884647  
19  0.884647  
20  0.884265  
21  0.884265  
22  0.884265  
23  0.884265  
24  0.884265  

[25 rows x 25 columns]",0,EXCELLENT
39,"12700487-PIPE,SMLS,24,S30 GR C-SA-106C","24"" S-30 .562W BLK SA106-B SEAMLESS PIPE",True,39,62,19.204056299999138,"   CATEGORY  CONFIDENCE                                           DESCRIPTION  \
0      PIPE         0.9        24"" STD .375W SA333 GR-6/SA106-B SEAMLESS PIPE   
1      PIPE         0.9        24"" STD .375W SA333 GR-6/SA106-B SEAMLESS PIPE   
2      PIPE         0.9               24"" S-100 1.531W SA106B/C SEAMLESS PIPE   
3      PIPE         0.9               24"" S-100 1.531W SA106B/C SEAMLESS PIPE   
4      PIPE         0.9        24"" XH .500W SA106-B/C API5L/X42 SEAMLESS PIPE   
5      PIPE         0.9        24"" XH .500W SA106-B/C API5L/X42 SEAMLESS PIPE   
6      PIPE         0.9        24"" XH .500W SA106-B/C API5L/X42 SEAMLESS PIPE   
7      PIPE         0.9        24"" XH .500W SA106-B/C API5L/X42 SEAMLESS PIPE   
8      PIPE         0.9    24"" S-30 .562W BLK SA333 GR6/SA106-B SEAMLESS PIPE   
9      PIPE         0.9    24"" S-30 .562W BLK SA333 GR6/SA106-B SEAMLESS PIPE   
10     PIPE         0.9                   24"" STD .375W SA106-B SEAMLESS PIPE   
11     PIPE         0.9                   24"" STD .375W SA106-B SEAMLESS PIPE   
12     PIPE         0.9                   24"" STD .375W SA106-B SEAMLESS PIPE   
13     PIPE         0.9                   24"" STD .375W SA106-B SEAMLESS PIPE   
14     PIPE         0.9                   24"" STD .375W SA106-B SEAMLESS PIPE   
15     PIPE         0.9                   24"" STD .375W SA106-B SEAMLESS PIPE   
16     PIPE         0.9                   24"" STD .375W SA106-B SEAMLESS PIPE   
17     PIPE         0.9                   24"" STD .375W SA106-B SEAMLESS PIPE   
18     PIPE         0.9                   24"" STD .375W SA106-B SEAMLESS PIPE   
19     PIPE         0.9                   24"" STD .375W SA106-B SEAMLESS PIPE   
20     PIPE         0.9                24"" S-40 .688W SA106-B/C SEAMLESS PIPE   
21     PIPE         0.9                24"" S-40 .688W SA106-B/C SEAMLESS PIPE   
22     PIPE         0.9  24"" S-80 1.219W SA333-GRADE-6/SA106B/C SEAMLESS PIPE   
23     PIPE         0.9  24"" S-80 1.219W SA333-GRADE-6/SA106B/C SEAMLESS PIPE   
24     PIPE         0.9    24"" S-30 .562W SA333 GRADE-6/SA106-B SEAMLESS PIPE   

   END_CONNECTIONS END_FINISH ID LENGTH MANUFACTURING_PROCESS MATERIAL_GRADE  \
0              NAN        NAN       NAN              SEAMLESS         GR-6/B   
1              NAN        NAN       NAN              SEAMLESS         GR-6/B   
2              NAN        NAN       NAN              SEAMLESS            B/C   
3              NAN        NAN       NAN              SEAMLESS            B/C   
4              NAN      .500W       NAN                  SMLS            B/C   
5              NAN        NAN       NAN              SEAMLESS            B/C   
6              NAN        NAN       NAN                  SMLS            B/C   
7              NAN        NAN       NAN              SEAMLESS            B/C   
8              NAN      BLACK       NAN              SEAMLESS          GR6/B   
9              NAN      BLACK       NAN              SEAMLESS          GR6/B   
10             NAN        NAN       NAN              SEAMLESS              B   
11             NAN        NAN       NAN              SEAMLESS              B   
12             NAN        NAN       NAN              SEAMLESS              B   
13             NAN        NAN       NAN              SEAMLESS              B   
14             NAN        NAN       NAN              SEAMLESS              B   
15             NAN        NAN       NAN              SEAMLESS              B   
16             NAN        NAN       NAN              SEAMLESS              B   
17             NAN        NAN       NAN              SEAMLESS              B   
18             NAN        NAN       NAN              SEAMLESS              B   
19             NAN        NAN       NAN              SEAMLESS              B   
20             NAN        NAN       NAN              SEAMLESS            B/C   
21             NAN        NAN       NAN              SEAMLESS            B/C   
22             NAN        NAN       NAN              SEAMLESS    GRADE 6/B/C   
23             NAN        NAN       NAN              SEAMLESS    GRADE-6/B/C   
24             NAN        NAN       NAN              SEAMLESS            6/B   

   MATERIAL_NAME  ... PRIMARY_SIZE PRIMARY_WALL PRODUCT_CODE  \
0   CARBON STEEL  ...         24.0               HHWPA3240ST   
1   CARBON STEEL  ...         24.0               HHWPA3240ST   
2   CARBON STEEL  ...         24.0                IPA24010TR   
3   CARBON STEEL  ...         24.0                IPA24010TR   
4   CARBON STEEL  ...         24.0               SIPA240XHTA   
5   CARBON STEEL  ...         24.0                IPA240XHTA   
6   CARBON STEEL  ...         24.0                IPA240XHTA   
7   CARBON STEEL  ...         24.0               SIPA240XHTA   
8   CARBON STEEL  ...         24.0                  PA324003   
9   CARBON STEEL  ...         24.0                  PA324003   
10  CARBON STEEL  ...         24.0                  QPA240ST   
11  CARBON STEEL  ...         24.0                   PA240ST   
12  CARBON STEEL  ...         24.0                 IPA240STA   
13  CARBON STEEL  ...         24.0                  SPA240ST   
14  CARBON STEEL  ...         24.0                  SPA240ST   
15  CARBON STEEL  ...         24.0                HHWPA240ST   
16  CARBON STEEL  ...         24.0                SIPA240STA   
17  CARBON STEEL  ...         24.0                SIPA240STA   
18  CARBON STEEL  ...         24.0                 IPA240STA   
19  CARBON STEEL  ...         24.0                 HWPA240ST   
20  CARBON STEEL  ...         24.0                  IPA24004   
21  CARBON STEEL  ...         24.0                 SIPA24004   
22  CARBON STEEL  ...         24.0                  PA324008   
23  CARBON STEEL  ...         24.0                  PA324008   
24  CARBON STEEL  ...         24.0                PA3/B24003   

   REDUCING_SCHEDULE REDUCING_SIZE REDUCING_WALL TRIM           TYPE  \
0                NAN           NAN                NAN       SEAMLESS   
1                NAN           NAN                NAN  SEAMLESS PIPE   
2                NAN           NAN                NAN  SEAMLESS PIPE   
3                NAN           NAN                NAN       SEAMLESS   
4                NAN           NAN                NAN  SEAMLESS PIPE   
5                NAN           NAN                NAN  SEAMLESS PIPE   
6                NAN           NAN                NAN  SEAMLESS PIPE   
7                NAN           NAN                NAN  SEAMLESS PIPE   
8                NAN           NAN                NAN  SEAMLESS PIPE   
9                NAN           NAN                NAN  SEAMLESS PIPE   
10               NAN           NAN                NAN  SEAMLESS PIPE   
11               NAN           NAN                NAN  SEAMLESS PIPE   
12               NAN           NAN                NAN  SEAMLESS PIPE   
13               NAN           NAN                NAN  SEAMLESS PIPE   
14               NAN           NAN                NAN  SEAMLESS PIPE   
15               NAN           NAN                NAN  SEAMLESS PIPE   
16               NAN           NAN                NAN  SEAMLESS PIPE   
17               NAN           NAN                NAN       SEAMLESS   
18               NAN           NAN                NAN  SEAMLESS PIPE   
19               NAN           NAN                NAN  SEAMLESS PIPE   
20               NAN           NAN                NAN  SEAMLESS PIPE   
21               NAN           NAN                NAN  SEAMLESS PIPE   
22               NAN           NAN                NAN  SEAMLESS PIPE   
23               NAN           NAN                NAN  SEAMLESS PIPE   
24               NAN           NAN                NAN  SEAMLESS PIPE   

   WALL_THICKNESS     score  
0                  0.882843  
1                  0.882843  
2                  0.882349  
3                  0.882349  
4                  0.881627  
5                  0.881627  
6                  0.881627  
7                  0.881627  
8                  0.880095  
9                  0.880095  
10                 0.879689  
11                 0.879689  
12                 0.879689  
13                 0.879689  
14                 0.879689  
15                 0.879689  
16                 0.879689  
17                 0.879689  
18                 0.879689  
19                 0.879689  
20                 0.879665  
21                 0.879665  
22                 0.879145  
23                 0.879145  
24                 0.878503  

[25 rows x 25 columns]",0,EXCELLENT
40,"H31984 RED ECC.-WELD.6X4*SCH40S/SCH40S,ASTM A403","6"" X 4"" STD ECCENTRIC REDUCER, SA403 WP1.0L",True,40,12,21.071610499999224,"   CATEGORY  CONFIDENCE  \
0   FITTING         0.9   
1   FITTING         0.9   
2   FITTING         0.9   
3   FITTING         0.9   
4   FITTING         0.9   
5   FITTING         0.9   
6   FITTING         0.9   
7   FITTING         0.9   
8   FITTING         0.9   
9   FITTING         0.9   
10  FITTING         0.9   
11  FITTING         0.9   
12  FITTING         0.9   
13  FITTING         0.9   
14  FITTING         0.9   
15  FITTING         0.9   
16  FITTING         0.9   
17  FITTING         0.9   
18  FITTING         0.9   
19  FITTING         0.9   
20  FITTING         0.9   
21  FITTING         0.8   
22  FITTING         0.8   
23  FITTING         0.9   
24  FITTING         0.9   

                                                     DESCRIPTION  \
0                  6"" X 4"" STD CONCENTRIC WELD REDUCER, SA404.0L   
1                  6"" X 4"" STD CONCENTRIC WELD REDUCER, SA404.0L   
2                            6"" STD SR 90 WELD ELL, SA403-WP304L   
3                            6"" STD SR 90 WELD ELL, SA403-WP304L   
4                                     6"" XH WELD CAP, SA420-WPL6   
5                                     6"" XH WELD CAP, SA420-WPL6   
6                            6"" STD LR 90 WELD ELL, SA403-WP304L   
7                            6"" STD LR 90 WELD ELL, SA403-WP304L   
8                            6"" STD LR 90 WELD ELL, SA403-WP304L   
9                            6"" STD LR 90 WELD ELL, SA403-WP304L   
10                                    6"" STD WELD CAP SA420 WPL6   
11                                    6"" STD WELD CAP SA420 WPL6   
12                   6"" X 4"" STD ECCENTRIC REDUCER, SA403 WP1.0L   
13                 6"" X 4"" S10 CONCENTRIC WELD REDUCER, SA404.0L   
14                 6"" X 4"" S10 CONCENTRIC WELD REDUCER, SA404.0L   
15                              6"" STD 3R 45 WELD ELL, SA234-WPB   
16                              6"" STD 3R 45 WELD ELL, SA234-WPB   
17                      6"" X 4"" STD CONC WELD REDUCER SA420-WPL3   
18                      6"" X 4"" STD CONC WELD REDUCER SA420-WPL3   
19  6"" X 5"" S/120 SEAMLESS CONCENTRIC WELD REDUCER, SA403 WP310S   
20  6"" X 5"" S/120 SEAMLESS CONCENTRIC WELD REDUCER, SA403 WP310S   
21                                           6"" XH 38.6 WELD ELL   
22                                           6"" XH 38.6 WELD ELL   
23                              6"" XH SR 90 WELD ELL, SA420-WPL6   
24                              6"" XH SR 90 WELD ELL, SA420-WPL6   

   END_CONNECTIONS END_FINISH ID LENGTH MANUFACTURING_PROCESS MATERIAL_GRADE  \
0              NAN        NAN       NAN                  WELD           1.0L   
1              NAN        NAN       NAN                WELDED           1.0L   
2        BUTT WELD  BUTT WELD       NAN                   NAN         WP304L   
3        BUTT WELD        NAN       NAN                   NAN         WP304L   
4        BUTT WELD        NAN       NAN                WELDED           WPL6   
5        BUTT WELD        NAN       NAN                   NAN           WPL6   
6        BUTT WELD        NAN       NAN                   NAN         WP304L   
7        BUTT WELD        NAN       NAN                   NAN         WP304L   
8               BW  BUTT WELD       NAN                   NAN         WP304L   
9        BUTT WELD        NAN       NAN                   NAN         WP304L   
10             NAN        NAN       NAN                  WELD           WPL6   
11             NAN        NAN       NAN                WELDED           WPL6   
12             NAN        NAN       NAN                   NAN         WP1.0L   
13             NAN        NAN       NAN                  WELD           1.0L   
14             NAN        NAN       NAN                  WELD           1.0L   
15             NAN       WELD       NAN                   NAN            WPB   
16       BUTT WELD        NAN       NAN                   NAN            WPB   
17             NAN        NAN       NAN                  WELD           WPL3   
18       BUTT WELD        NAN       NAN                  WELD           WPL3   
19             NAN        NAN       NAN              SEAMLESS         WP310S   
20       BUTT WELD        NAN       NAN              SEAMLESS         WP310S   
21             NAN        NAN       NAN                WELDED            NAN   
22             NAN        NAN       NAN                  WELD            NAN   
23       BUTT WELD         BW       NAN                   NAN           WPL6   
24              BW  BUTT WELD       NAN                   NAN           WPL6   

      MATERIAL_NAME  ... PRIMARY_SIZE PRIMARY_WALL    PRODUCT_CODE  \
0   STAINLESS STEEL  ...          6.0                 IWCO4060040S   
1   STAINLESS STEEL  ...          6.0                 IWCO4060040S   
2   STAINLESS STEEL  ...          6.0                    IWS94060S   
3   STAINLESS STEEL  ...          6.0                    IWS94060S   
4      CARBON STEEL  ...          6.0                   IWCAL6060X   
5      CARBON STEEL  ...          6.0                   IWCAL6060X   
6   STAINLESS STEEL  ...          6.0                    IWL94060S   
7   STAINLESS STEEL  ...          6.0                    SWL94060S   
8   STAINLESS STEEL  ...          6.0                    IWL94060S   
9   STAINLESS STEEL  ...          6.0                    SWL94060S   
10     CARBON STEEL  ...          6.0                    IWCA6060S   
11     CARBON STEEL  ...          6.0                    IWCA6060S   
12  STAINLESS STEEL  ...          6.0                 IWEC4060040S   
13  STAINLESS STEEL  ...          6.0                IWCO406004001   
14  STAINLESS STEEL  ...          6.0                IWCO406004001   
15     CARBON STEEL  ...          6.0                      W34060S   
16     CARBON STEEL  ...          6.0                      W34060S   
17     CARBON STEEL  ...          6.0                  SICO060040S   
18     CARBON STEEL  ...          6.0                  SICO060040S   
19  STAINLESS STEEL  ...          6.0               WCO31006005012   
20  STAINLESS STEEL  ...          6.0               WCO31006005012   
21              NAN  ...          6.0                  WL38.6060XH   
22              NAN  ...          6.0                  WL38.6060XH   
23     CARBON STEEL  ...          6.0                    SWS96060X   
24     CARBON STEEL  ...          6.0                    IWS96060X   

   REDUCING_SCHEDULE REDUCING_SIZE REDUCING_WALL TRIM  \
0                NAN             4                NAN   
1                NAN             4                NAN   
2                NAN           NAN                NAN   
3                NAN           NAN                NAN   
4                NAN           NAN                NAN   
5                NAN           NAN                NAN   
6                NAN           NAN                NAN   
7                NAN           NAN                NAN   
8                NAN           NAN                NAN   
9                NAN           NAN                NAN   
10               NAN           NAN                NAN   
11               NAN           NAN                NAN   
12               NAN             4                NAN   
13               NAN             4                NAN   
14                10             4                NAN   
15               NAN           NAN                NAN   
16               NAN           NAN                NAN   
17               NAN             4                NAN   
18               NAN             4                NAN   
19               120             5                NAN   
20               120             5                NAN   
21               NAN           NAN                NAN   
22               NAN           NAN                NAN   
23               NAN           NAN                NAN   
24               NAN           NAN                NAN   

                        TYPE WALL_THICKNESS     score  
0         CONCENTRIC REDUCER                 0.867584  
1         CONCENTRIC REDUCER                 0.867584  
2      SHORT RADIUS 90 ELBOW                 0.866344  
3      SHORT RADIUS ELBOW 90                 0.866344  
4                        CAP                 0.866134  
5                        CAP                 0.866134  
6       LONG RADIUS 90 ELBOW                 0.865044  
7       LONG RADIUS 90 ELBOW                 0.865044  
8       LONG RADIUS 90 ELBOW                 0.865044  
9       LONG RADIUS 90 ELBOW                 0.865044  
10                       CAP                 0.860446  
11                       CAP                 0.860446  
12         ECCENTRIC REDUCER                 0.859512  
13        CONCENTRIC REDUCER                 0.858811  
14        CONCENTRIC REDUCER                 0.858811  
15               ELBOW 45DEG                 0.858655  
16           45 DEGREE ELBOW                 0.858655  
17        CONCENTRIC REDUCER                 0.857760  
18        CONCENTRIC REDUCER                 0.857760  
19        CONCENTRIC REDUCER                 0.854897  
20        CONCENTRIC REDUCER                 0.854897  
21                     ELBOW                 0.854386  
22                     ELBOW                 0.854386  
23     SHORT RADIUS 90 ELBOW                 0.854091  
24  SHORT RADIUS ELBOW 90DEG                 0.854091  

[25 rows x 25 columns]",0,EXCELLENT
41,"H32016 RED CON.-WELD.6X4*SCH40S/SCH40S,ASTM A403","6"" X 4"" STD CONCENTRIC WELD REDUCER, SA404.0L",True,41,10,23.967037999999775,"   CATEGORY  CONFIDENCE  \
0   FITTING         0.9   
1   FITTING         0.9   
2   FITTING         0.9   
3   FITTING         0.9   
4   FITTING         0.9   
5   FITTING         0.9   
6   FITTING         0.9   
7   FITTING         0.9   
8   FITTING         0.9   
9   FITTING         0.9   
10  FITTING         0.9   
11  FITTING         0.9   
12  FITTING         0.9   
13  FITTING         0.9   
14  FITTING         0.9   
15  FITTING         0.9   
16  FITTING         0.9   
17  FITTING         0.9   
18  FITTING         0.9   
19  FITTING         0.9   
20  FITTING         0.9   
21  FITTING         0.9   
22  FITTING         0.9   
23  FITTING         0.9   
24  FITTING         0.9   

                                                     DESCRIPTION  \
0   6"" X 5"" S/120 SEAMLESS CONCENTRIC WELD REDUCER, SA403 WP310S   
1   6"" X 5"" S/120 SEAMLESS CONCENTRIC WELD REDUCER, SA403 WP310S   
2                       6"" X 4"" STD CONC WELD REDUCER SA420-WPL3   
3                       6"" X 4"" STD CONC WELD REDUCER SA420-WPL3   
4                            6"" STD SR 90 WELD ELL, SA403-WP304L   
5                            6"" STD SR 90 WELD ELL, SA403-WP304L   
6                            6"" STD LR 90 WELD ELL, SA403-WP304L   
7                            6"" STD LR 90 WELD ELL, SA403-WP304L   
8                            6"" STD LR 90 WELD ELL, SA403-WP304L   
9                            6"" STD LR 90 WELD ELL, SA403-WP304L   
10                 6"" X 4"" STD CONCENTRIC WELD REDUCER, SA404.0L   
11                 6"" X 4"" STD CONCENTRIC WELD REDUCER, SA404.0L   
12                         6"" STD X 2"" S-160 WELD-O-LET, A182-F9   
13                                    6"" XH WELD CAP, SA420-WPL6   
14                                    6"" XH WELD CAP, SA420-WPL6   
15                 6"" X 4"" S10 CONCENTRIC WELD REDUCER, SA404.0L   
16                 6"" X 4"" S10 CONCENTRIC WELD REDUCER, SA404.0L   
17                              6"" STD 3R 45 WELD ELL, SA234-WPB   
18                              6"" STD 3R 45 WELD ELL, SA234-WPB   
19                                    6"" STD WELD CAP SA420 WPL6   
20                                    6"" STD WELD CAP SA420 WPL6   
21                                 6"" X 4"" STD WELD-O-LET, SA105   
22                                 6"" X 4"" STD WELD-O-LET, SA105   
23                        6 - 4 STD X 2"" - 160 WELD-O-LET, SA105   
24                        6 - 4 STD X 2"" - 160 WELD-O-LET, SA105   

   END_CONNECTIONS END_FINISH ID LENGTH MANUFACTURING_PROCESS MATERIAL_GRADE  \
0        BUTT WELD        NAN       NAN              SEAMLESS         WP310S   
1              NAN        NAN       NAN              SEAMLESS         WP310S   
2              NAN        NAN       NAN                  WELD           WPL3   
3        BUTT WELD        NAN       NAN                  WELD           WPL3   
4        BUTT WELD        NAN       NAN                   NAN         WP304L   
5        BUTT WELD  BUTT WELD       NAN                   NAN         WP304L   
6        BUTT WELD        NAN       NAN                   NAN         WP304L   
7        BUTT WELD        NAN       NAN                   NAN         WP304L   
8               BW  BUTT WELD       NAN                   NAN         WP304L   
9        BUTT WELD        NAN       NAN                   NAN         WP304L   
10             NAN        NAN       NAN                WELDED           1.0L   
11             NAN        NAN       NAN                  WELD           1.0L   
12             NAN        NAN       NAN                   NAN             F9   
13       BUTT WELD        NAN       NAN                WELDED           WPL6   
14       BUTT WELD        NAN       NAN                   NAN           WPL6   
15             NAN        NAN       NAN                  WELD           1.0L   
16             NAN        NAN       NAN                  WELD           1.0L   
17       BUTT WELD        NAN       NAN                   NAN            WPB   
18             NAN       WELD       NAN                   NAN            WPB   
19             NAN        NAN       NAN                WELDED           WPL6   
20             NAN        NAN       NAN                  WELD           WPL6   
21             NAN        NAN       NAN                   NAN            NAN   
22             NAN        NAN       NAN                   NAN            NAN   
23             NAN        NAN       NAN                   NAN            NAN   
24             NAN        NAN       NAN                   NAN            NAN   

      MATERIAL_NAME  ... PRIMARY_SIZE PRIMARY_WALL       PRODUCT_CODE  \
0   STAINLESS STEEL  ...          6.0                  WCO31006005012   
1   STAINLESS STEEL  ...          6.0                  WCO31006005012   
2      CARBON STEEL  ...          6.0                     SICO060040S   
3      CARBON STEEL  ...          6.0                     SICO060040S   
4   STAINLESS STEEL  ...          6.0                       IWS94060S   
5   STAINLESS STEEL  ...          6.0                       IWS94060S   
6   STAINLESS STEEL  ...          6.0                       IWL94060S   
7   STAINLESS STEEL  ...          6.0                       SWL94060S   
8   STAINLESS STEEL  ...          6.0                       IWL94060S   
9   STAINLESS STEEL  ...          6.0                       SWL94060S   
10  STAINLESS STEEL  ...          6.0                    IWCO4060040S   
11  STAINLESS STEEL  ...          6.0                    IWCO4060040S   
12      ALLOY STEEL  ...          6.0               M16W020060A182/F9   
13     CARBON STEEL  ...          6.0                      IWCAL6060X   
14     CARBON STEEL  ...          6.0                      IWCAL6060X   
15  STAINLESS STEEL  ...          6.0                   IWCO406004001   
16  STAINLESS STEEL  ...          6.0                   IWCO406004001   
17     CARBON STEEL  ...          6.0                         W34060S   
18     CARBON STEEL  ...          6.0                         W34060S   
19     CARBON STEEL  ...          6.0                       IWCA6060S   
20     CARBON STEEL  ...          6.0                       IWCA6060S   
21     CARBON STEEL  ...          6.0                      MSW0400601   
22     CARBON STEEL  ...          6.0                      MSW0400601   
23     CARBON STEEL  ...          6.0                      M16W020060   
24     CARBON STEEL  ...          6.0                      M16W020060   

   REDUCING_SCHEDULE REDUCING_SIZE REDUCING_WALL TRIM                   TYPE  \
0                120             5                NAN     CONCENTRIC REDUCER   
1                120             5                NAN     CONCENTRIC REDUCER   
2                NAN             4                NAN     CONCENTRIC REDUCER   
3                NAN             4                NAN     CONCENTRIC REDUCER   
4                NAN           NAN                NAN  SHORT RADIUS ELBOW 90   
5                NAN           NAN                NAN  SHORT RADIUS 90 ELBOW   
6                NAN           NAN                NAN   LONG RADIUS 90 ELBOW   
7                NAN           NAN                NAN   LONG RADIUS 90 ELBOW   
8                NAN           NAN                NAN   LONG RADIUS 90 ELBOW   
9                NAN           NAN                NAN   LONG RADIUS 90 ELBOW   
10               NAN             4                NAN     CONCENTRIC REDUCER   
11               NAN             4                NAN     CONCENTRIC REDUCER   
12               160             2                NAN               WELDOLET   
13               NAN           NAN                NAN                    CAP   
14               NAN           NAN                NAN                    CAP   
15               NAN             4                NAN     CONCENTRIC REDUCER   
16                10             4                NAN     CONCENTRIC REDUCER   
17               NAN           NAN                NAN        45 DEGREE ELBOW   
18               NAN           NAN                NAN            ELBOW 45DEG   
19               NAN           NAN                NAN                    CAP   
20               NAN           NAN                NAN                    CAP   
21               NAN             4                NAN               WELDOLET   
22               NAN             4                NAN               WELDOLET   
23               NAN             2                NAN               WELDOLET   
24               NAN             2                NAN               WELDOLET   

   WALL_THICKNESS     score  
0                  0.872902  
1                  0.872902  
2                  0.872500  
3                  0.872500  
4                  0.872051  
5                  0.872051  
6                  0.870588  
7                  0.870588  
8                  0.870588  
9                  0.870588  
10                 0.870414  
11                 0.870414  
12                 0.870250  
13                 0.866978  
14                 0.866978  
15                 0.866038  
16                 0.866038  
17                 0.865492  
18                 0.865492  
19                 0.864299  
20                 0.864299  
21                 0.863836  
22                 0.863836  
23                 0.863560  
24                 0.863560  

[25 rows x 25 columns]",0,EXCELLENT
42,"H23242 FL1.5,150,WN,RF,S40S,A-182-F304H","1"" 150 RF WELD NECK FLANGE STD BORE, SA182-F304H",True,42,10000,22.78018350000002,"   CATEGORY  CONFIDENCE  \
0    FLANGE         0.9   
1    FLANGE         0.9   
2    FLANGE         0.9   
3    FLANGE         0.9   
4    FLANGE         0.9   
5    FLANGE         0.9   
6      PIPE         0.9   
7      PIPE         0.9   
8      PIPE         0.9   
9      PIPE         0.9   
10  FITTING         0.9   
11  FITTING         0.9   
12  FITTING         0.9   
13  FITTING         0.9   
14  FITTING         0.9   
15  FITTING         0.9   
16  FITTING         0.9   
17  FITTING         0.9   
18   FLANGE         1.0   
19   FLANGE         1.0   
20   FLANGE         0.9   
21  FITTING         0.9   
22   FLANGE         0.9   
23   FLANGE         1.0   
24     PIPE         0.9   

                                                         DESCRIPTION  \
0                         1-0.5"" 150 RF BLIND FLANGE, SA105N-HFN S62   
1                         1-0.5"" 150 RF BLIND FLANGE, SA105N-HFN S62   
2                         1-0.5"" 300 RF BLIND FLANGE, SA105N-HFN S62   
3                                    1-0.5"" 300 FF S/O FLANGE, SA105   
4                              1-0.5"" 150 FF S/W FLG STD BORE, SA105   
5                              1-0.5"" 150 FF S/W FLG STD BORE, SA105   
6         1-0.5"" STD .145W SA106-B/C/ SA53-B/API5L X42 SEAMLESS PIPE   
7         1-0.5"" STD .145W SA106-B/C/ SA53-B/API5L X42 SEAMLESS PIPE   
8         1-0.5"" STD .145W SA106-B/C/ SA53-B/API5L X42 SEAMLESS PIPE   
9         1-0.5"" STD .145W SA106-B/C/ SA53-B/API5L X42 SEAMLESS PIPE   
10                            1-0.5"" S-160 LR 45 WELD ELL, SA234-WPB   
11                            1-0.5"" S-160 LR 45 WELD ELL, SA234-WPB   
12                            1-0.5"" S-160 LR 45 WELD ELL, SA234-WPB   
13                            1-0.5"" S-160 LR 45 WELD ELL, SA234-WPB   
14                                1-0.5"" XH LR 45WELD ELL, SA234-WPB   
15                                1-0.5"" XH LR 45WELD ELL, SA234-WPB   
16                                1-0.5"" XH LR 45WELD ELL, SA234-WPB   
17                                1-0.5"" XH LR 45WELD ELL, SA234-WPB   
18                           1-0.5"" 150 RF BLIND FLANGE, SA182-F304L   
19                           1-0.5"" 150 RF BLIND FLANGE, SA182-F304L   
20                        1-0.5"" 300 RF LWN X 9"" LG., SA350 LF2 CL 1   
21                           1-0.5"" S-160 LR 90 WELD ELL , SA234-WPB   
22                      1-0.5"" 150 RF THREADED FLANGE, SA182-F304LSS   
23                      1-0.5"" 150 RF THREADED FLANGE, SA182-F304LSS   
24  1-0.5"" XXH .400WBLK QS PSL2 SA53-B/API5L/B/X42 SA106B/C SMLSPIPE   

   END_CONNECTIONS   END_FINISH ID LENGTH MANUFACTURING_PROCESS  \
0              NAN           RF       NAN                   NAN   
1              NAN           RF       NAN                   NAN   
2              NAN           RF       NAN                   HFN   
3              NAN    FLAT FACE       NAN                   NAN   
4      SOCKET WELD    FLAT FACE       NAN                   NAN   
5      SOCKET WELD          NAN       NAN                   NAN   
6              NAN          NAN       NAN              SEAMLESS   
7              NAN          NAN       NAN              SEAMLESS   
8              NAN          NAN       NAN              SEAMLESS   
9              NAN          NAN       NAN              SEAMLESS   
10       BUTT WELD           BW       NAN                   NAN   
11       BUTT WELD          NAN       NAN                   NAN   
12       BUTT WELD           BW       NAN                   NAN   
13       BUTT WELD           BW       NAN                   NAN   
14       BUTT WELD         WELD       NAN                   NAN   
15       BUTT WELD         WELD       NAN                   NAN   
16       BUTT WELD         WELD       NAN                   NAN   
17              BW    BUTT WELD       NAN                   NAN   
18             NAN  RAISED FACE       NAN                   NAN   
19             NAN  RAISED FACE       NAN                   NAN   
20       WELD NECK  RAISED FACE         9                   NAN   
21       BUTT WELD           BW       NAN                   NAN   
22        THREADED  RAISED FACE       NAN                   NAN   
23             THD           RF       NAN                   NAN   
24             NAN          BLK       NAN                  SMLS   

   MATERIAL_GRADE    MATERIAL_NAME  ... PRIMARY_SIZE PRIMARY_WALL  \
0             HFN     CARBON STEEL  ...          1.5                
1               N     CARBON STEEL  ...          1.5                
2               N     CARBON STEEL  ...          1.5                
3             NAN     CARBON STEEL  ...          1.5                
4             NAN     CARBON STEEL  ...          1.5                
5             NAN     CARBON STEEL  ...          1.5                
6         B/C/X42     CARBON STEEL  ...          1.5                
7         B/C/X42     CARBON STEEL  ...          1.5                
8               B     CARBON STEEL  ...          1.5                
9               B     CARBON STEEL  ...          1.5                
10            WPB     CARBON STEEL  ...          1.5                
11            WPB     CARBON STEEL  ...          1.5                
12            WPB     CARBON STEEL  ...          1.5                
13            WPB     CARBON STEEL  ...          1.5                
14            WPB     CARBON STEEL  ...          1.5                
15            WPB     CARBON STEEL  ...          1.5                
16            WPB     CARBON STEEL  ...          1.5                
17            WPB     CARBON STEEL  ...          1.5                
18          F304L  STAINLESS STEEL  ...          1.5                
19          F304L  STAINLESS STEEL  ...          1.5                
20       LF2 CL 1     CARBON STEEL  ...          1.5                
21            WPB     CARBON STEEL  ...          1.5                
22          F304L  STAINLESS STEEL  ...          1.5                
23          F304L  STAINLESS STEEL  ...          1.5                
24            X42     CARBON STEEL  ...          1.5                

        PRODUCT_CODE REDUCING_SCHEDULE REDUCING_SIZE REDUCING_WALL  \
0   IFBD010151GB-HFN               NAN           NAN                 
1   IFBD010151GB-HFN               NAN           NAN                 
2   IFBD030151GB-HFN               NAN           NAN                 
3         SFSO030152               NAN           NAN                 
4         SFSW10152S               NAN           NAN                 
5         SFSW10152S               NAN           NAN                 
6         SIPA015STK               NAN           NAN                 
7          IPA015STK               NAN           NAN                 
8          IPA015STK               NAN           NAN                 
9         SIPA015STK               NAN           NAN                 
10        IWL401516A               NAN           NAN                 
11          WL401516               NAN           NAN                 
12          WL401516               NAN           NAN                 
13        IWL401516A               NAN           NAN                 
14          WWL4015X               NAN           NAN                 
15          IWL4015X               NAN           NAN                 
16          WWL4015X               NAN           NAN                 
17          IWL4015X               NAN           NAN                 
18        FBD4010151               NAN           NAN                 
19       IFBD4010151               NAN           NAN                 
20       FLWL3015109               NAN           NAN                 
21          WL901516               NAN           NAN                 
22       IFTH4010151               NAN           NAN                 
23       IFTH4010151               NAN           NAN                 
24        PA015XXBTR               NAN           NAN                 

             TRIM                         TYPE WALL_THICKNESS     score  
0             NAN                        BLIND                 0.864169  
1             NAN                        BLIND                 0.864169  
2             NAN                        BLIND                 0.863988  
3             NAN                      SLIP ON                 0.863582  
4   STANDARD BORE                  SOCKET WELD                 0.863088  
5   STANDARD BORE                    FLAT FACE                 0.863088  
6             NAN                     SEAMLESS                 0.862744  
7             NAN                SEAMLESS PIPE                 0.862744  
8             NAN                SEAMLESS PIPE                 0.862744  
9             NAN                SEAMLESS PIPE                 0.862744  
10            NAN  45 DEGREE LONG RADIUS ELBOW                 0.862477  
11            NAN         LONG RADIUS 45 ELBOW                 0.862477  
12            NAN         LONG RADIUS 45 ELBOW                 0.862477  
13            NAN         LONG RADIUS 45 ELBOW                 0.862477  
14            NAN      LONG RADIUS 45DEG ELBOW                 0.861330  
15            NAN         LONG RADIUS 45 ELBOW                 0.861330  
16            NAN         LONG RADIUS 45 ELBOW                 0.861330  
17            NAN         LONG RADIUS 45 ELBOW                 0.861330  
18            NAN                        BLIND                 0.861155  
19            NAN                        BLIND                 0.861155  
20            NAN                    WELD NECK                 0.860321  
21            NAN         LONG RADIUS 90 ELBOW                 0.860204  
22            NAN                     THREADED                 0.860122  
23            NAN         THREADED RAISED FACE                 0.860122  
24            NAN                         SMLS                 0.859807  

[25 rows x 25 columns]",0,EXCELLENT
43,"H05617 PI8-S10S,WLD,ASTM A312TP1.0L","8"" S-10S .148W WELDED SA312 TP1.0L",True,43,0,24.007142099999328,"   CATEGORY  CONFIDENCE                                DESCRIPTION  \
0      PIPE         0.9         8"" S-10S .148W WELDED SA312 TP1.0L   
1      PIPE         0.9         8"" S-10S .148W WELDED SA312 TP1.0L   
2      PIPE         0.9         8"" S-10S .148W WELDED SA312 TP1.0L   
3      PIPE         0.9         8"" S-10S .148W WELDED SA312 TP1.0L   
4      PIPE         0.9         8"" S-10S .148W WELDED SA312 TP1.0L   
5      PIPE         0.9         8"" S-10S .148W WELDED SA312 TP1.0L   
6      PIPE         0.9         8"" S-10S .148W WELDED SA312 TP1.0L   
7      PIPE         0.9           8"" STD .322W WELDED SA312 TP1.0L   
8      PIPE         0.9           8"" STD .322W WELDED SA312 TP1.0L   
9      PIPE         0.9           8"" STD .322W WELDED SA312 TP1.0L   
10     PIPE         0.9           8"" STD .322W WELDED SA312 TP1.0L   
11     PIPE         0.9           8"" STD .322W WELDED SA312 TP1.0L   
12     PIPE         0.9           8"" STD .322W WELDED SA312 TP1.0L   
13     PIPE         0.9           8"" STD .322W WELDED SA312 TP1.0L   
14     PIPE         0.9           8"" STD .322W WELDED SA312 TP1.0L   
15     PIPE         0.9           8"" STD .322W WELDED SA312 TP1.0L   
16     PIPE         0.9           8"" STD .322W WELDED SA312 TP1.0L   
17     PIPE         0.9            8"" XH .500W WELDED SA312 TP1.0L   
18     PIPE         0.9            8"" XH .500W WELDED SA312 TP1.0L   
19     PIPE         0.9            8"" XH .500W WELDED SA312 TP1.0L   
20     PIPE         0.9            8"" XH .500W WELDED SA312 TP1.0L   
21     PIPE         0.9  8"" S-120 .719W SEAMLESS PIPE SA312 TP1.0L   
22     PIPE         0.9  8"" S-120 .719W SEAMLESS PIPE SA312 TP1.0L   
23     PIPE         0.9  8"" S-120 .719W SEAMLESS PIPE SA312 TP1.0L   
24     PIPE         0.9   8"" S-10 .148W SEAMLESS PIPE SA312 TP304L   

   END_CONNECTIONS END_FINISH ID LENGTH MANUFACTURING_PROCESS MATERIAL_GRADE  \
0              NAN        NAN       NAN                WELDED         TP1.0L   
1              NAN        NAN       NAN                WELDED         TP1.0L   
2              NAN        NAN       NAN                WELDED         TP1.0L   
3              NAN        NAN       NAN                WELDED         TP1.0L   
4              NAN        NAN       NAN                WELDED         TP1.0L   
5              NAN        NAN       NAN                WELDED         TP1.0L   
6              NAN        NAN       NAN                WELDED         TP1.0L   
7              NAN        NAN       NAN                WELDED         TP1.0L   
8              NAN        NAN       NAN                WELDED         TP1.0L   
9              NAN        NAN       NAN                WELDED         TP1.0L   
10             NAN        NAN       NAN                WELDED         TP1.0L   
11             NAN        NAN       NAN                WELDED         TP1.0L   
12             NAN        NAN       NAN                WELDED         TP1.0L   
13             NAN        NAN       NAN                WELDED         TP1.0L   
14             NAN        NAN       NAN                WELDED         TP1.0L   
15             NAN        NAN       NAN                WELDED         TP1.0L   
16             NAN        NAN       NAN                WELDED         TP1.0L   
17             NAN        NAN       NAN                WELDED         TP1.0L   
18             NAN        NAN       NAN                WELDED         TP1.0L   
19             NAN        NAN       NAN                WELDED         TP1.0L   
20             NAN        NAN       NAN                WELDED         TP1.0L   
21             NAN        NAN       NAN              SEAMLESS         TP1.0L   
22             NAN        NAN       NAN              SEAMLESS         TP1.0L   
23             NAN        NAN       NAN              SEAMLESS         TP1.0L   
24             NAN        NAN       NAN              SEAMLESS         TP304L   

      MATERIAL_NAME  ... PRIMARY_SIZE PRIMARY_WALL PRODUCT_CODE  \
0   STAINLESS STEEL  ...          8.0                 SPE408001   
1   STAINLESS STEEL  ...          8.0                  PE608001   
2   STAINLESS STEEL  ...          8.0                 SPE408001   
3   STAINLESS STEEL  ...          8.0                 IPE408001   
4   STAINLESS STEEL  ...          8.0                  PE408001   
5   STAINLESS STEEL  ...          8.0                  PE608001   
6   STAINLESS STEEL  ...          8.0                 IPE408001   
7   STAINLESS STEEL  ...          8.0                  PE4080ST   
8   STAINLESS STEEL  ...          8.0                  PE6080ST   
9   STAINLESS STEEL  ...          8.0                  PE4080ST   
10  STAINLESS STEEL  ...          8.0                SIPE6080ST   
11  STAINLESS STEEL  ...          8.0                  PE6080ST   
12  STAINLESS STEEL  ...          8.0                 IPE6080ST   
13  STAINLESS STEEL  ...          8.0                SIPE6080ST   
14  STAINLESS STEEL  ...          8.0                 SPE4080ST   
15  STAINLESS STEEL  ...          8.0                 SPE6080ST   
16  STAINLESS STEEL  ...          8.0                 SPE6080ST   
17  STAINLESS STEEL  ...          8.0                  PE4080XH   
18  STAINLESS STEEL  ...          8.0                 SPE4080XH   
19  STAINLESS STEEL  ...          8.0                  PE4080XH   
20  STAINLESS STEEL  ...          8.0                 SPE4080XH   
21  STAINLESS STEEL  ...          8.0                 IPS408012   
22  STAINLESS STEEL  ...          8.0                SIPS408012   
23  STAINLESS STEEL  ...          8.0                 IPS408012   
24  STAINLESS STEEL  ...          8.0                 SPS408010   

   REDUCING_SCHEDULE REDUCING_SIZE REDUCING_WALL TRIM           TYPE  \
0                NAN           NAN                NAN         WELDED   
1                NAN           NAN                NAN         WELDED   
2                NAN           NAN                NAN    WELDED PIPE   
3                NAN           NAN                NAN    WELDED PIPE   
4                NAN           NAN                NAN    WELDED PIPE   
5                NAN           NAN                NAN    WELDED PIPE   
6                NAN           NAN                NAN         WELDED   
7                NAN           NAN                NAN         WELDED   
8                NAN           NAN                NAN         WELDED   
9                NAN           NAN                NAN    WELDED PIPE   
10               NAN           NAN                NAN    WELDED PIPE   
11               NAN           NAN                NAN    WELDED PIPE   
12               NAN           NAN                NAN         WELDED   
13               NAN           NAN                NAN         WELDED   
14               NAN           NAN                NAN    WELDED PIPE   
15               NAN           NAN                NAN         WELDED   
16               NAN           NAN                NAN    WELDED PIPE   
17               NAN           NAN                NAN    WELDED PIPE   
18               NAN           NAN                NAN    WELDED PIPE   
19               NAN           NAN                NAN         WELDED   
20               NAN           NAN                NAN    WELDED PIPE   
21               NAN           NAN                NAN  SEAMLESS PIPE   
22               NAN           NAN                NAN  SEAMLESS PIPE   
23               NAN           NAN                NAN  SEAMLESS PIPE   
24               NAN           NAN                NAN  SEAMLESS PIPE   

   WALL_THICKNESS     score  
0                  0.895836  
1                  0.895836  
2                  0.895836  
3                  0.895836  
4                  0.895836  
5                  0.895836  
6                  0.895836  
7                  0.894809  
8                  0.894809  
9                  0.894809  
10                 0.894809  
11                 0.894809  
12                 0.894809  
13                 0.894809  
14                 0.894809  
15                 0.894809  
16                 0.894809  
17                 0.893283  
18                 0.893283  
19                 0.893283  
20                 0.893283  
21                 0.883616  
22                 0.883616  
23                 0.883616  
24                 0.876612  

[25 rows x 25 columns]",0,EXCELLENT
44,"11100805-FLG,WN,RF,6,600 ,S120-SA-105N","6"" 600 RF WELD NECK FLANGE S-120 BORE, SA105N-FGP",True,44,63,12.615460099999837,"   CATEGORY  CONFIDENCE  \
0    FLANGE         0.9   
1    FLANGE         0.9   
2    FLANGE         0.9   
3   FITTING         0.9   
4   FITTING         0.9   
5    FLANGE         0.9   
6   FITTING         0.9   
7   FITTING         0.9   
8    FLANGE         0.9   
9    FLANGE         0.9   
10  FITTING         0.9   
11  FITTING         0.9   
12  FITTING         0.9   
13  FITTING         0.9   
14  FITTING         0.9   
15  FITTING         0.9   
16   FLANGE         0.9   
17   FLANGE         1.0   
18   FLANGE         0.9   
19  FITTING         0.9   
20  FITTING         0.9   
21   FLANGE         0.9   
22   FLANGE         0.9   
23  FITTING         0.9   
24  FITTING         0.9   

                                              DESCRIPTION END_CONNECTIONS  \
0                   6"" 600 RF WN FLG XXH BORE SA105N/ FGP             NAN   
1                   6"" 600 RF WN FLG XXH BORE SA105N/ FGP             NAN   
2                   6"" 300 RF WN FLG XXH BORE, SA105N/FGP             NAN   
3                            6"" X 2"" 3000 FS T-O-L, SA105             NAN   
4                            6"" X 2"" 3000 FS T-O-L, SA105        THREADED   
5                   6"" 900 RF WN FLG XXH BORE SA105N/ FGP             NAN   
6                        6"" X 4"" S-120 WELD-O-LET, SA105N             NAN   
7                        6"" X 4"" S-120 WELD-O-LET, SA105N              BW   
8      6"" X 5"" 900 RF RED WN FLANGE S/80 BORE SA105N -FGP             NAN   
9                  6"" 900 RTJ WN FLG XXH BORE SA105N/ FGP             NAN   
10        6"" - 4"" X 2"" 6000 FS THREADED FLEX-O-LET, SA105        THREADED   
11        6"" - 4"" X 2"" 6000 FS THREADED FLEX-O-LET, SA105        THREADED   
12  6"" - 2-0.5"" X 0.5"" 6000 FS THREADED FLEX-O-LET, SA105        THREADED   
13        6"" - 4"" X 2"" 3000 FS THREADED FLEX-O-LET, SA105        THREADED   
14        6"" - 4"" X 2"" 3000 FS THREADED FLEX-O-LET, SA105        THREADED   
15    6"" - 5"" X 1-0.5"" 3000 FS THREADED FLEX-O-LET, SA105        THREADED   
16                     6"" 300 RF BLIND FLANGE, SA105N-FGP             NAN   
17                     6"" 300 RF BLIND FLANGE, SA105N-FGP             NAN   
18                     6"" 150 RF BLIND FLANGE, SA105N-FGP             NAN   
19          6""-5"" X 3"" 3000 FS THREADED FLEX-O-LET, SA105        THREADED   
20          6""-5"" X 3"" 3000 FS THREADED FLEX-O-LET, SA105        THREADED   
21     6"" 1500 RF WELD NECK FLANGE S-120 BORE, SA105N/FGP             NAN   
22     6"" 1500 RF WELD NECK FLANGE S-120 BORE, SA105N/FGP             NAN   
23             6"" X 2"" 3000 FS THREADED FLEX-O-LET, SA105        THREADED   
24                    6"" S-120 LR 90 WELD ELL, SA420-WPL6       BUTT WELD   

     END_FINISH ID LENGTH MANUFACTURING_PROCESS MATERIAL_GRADE MATERIAL_NAME  \
0   RAISED FACE       NAN                   NAN              N  CARBON STEEL   
1   RAISED FACE       NAN                   NAN              N  CARBON STEEL   
2   RAISED FACE       NAN                   NAN              N  CARBON STEEL   
3           NAN       NAN                   NAN            NAN  CARBON STEEL   
4           NAN       NAN                FORGED            NAN  CARBON STEEL   
5   RAISED FACE       NAN                   NAN              N  CARBON STEEL   
6           NAN       NAN                   NAN              N  CARBON STEEL   
7           NAN       NAN                   NAN              N  CARBON STEEL   
8   RAISED FACE       NAN                   NAN              N  CARBON STEEL   
9           RTJ       NAN                   NAN              N  CARBON STEEL   
10          NAN       NAN                   NAN            NAN  CARBON STEEL   
11          NAN       NAN                   NAN            NAN  CARBON STEEL   
12          NAN       NAN                   NAN            NAN  CARBON STEEL   
13          NAN       NAN                   NAN            NAN  CARBON STEEL   
14          NAN       NAN                   NAN            NAN  CARBON STEEL   
15          NAN       NAN                   NAN            NAN  CARBON STEEL   
16  RAISED FACE       NAN                   NAN              N  CARBON STEEL   
17  RAISED FACE       NAN                   NAN              N  CARBON STEEL   
18  RAISED FACE       NAN                   NAN              N  CARBON STEEL   
19          NAN       NAN                   NAN            NAN  CARBON STEEL   
20          NAN       NAN                   NAN            NAN  CARBON STEEL   
21  RAISED FACE       NAN                   NAN              N  CARBON STEEL   
22  RAISED FACE       NAN                   NAN              N  CARBON STEEL   
23          NAN       NAN                   NAN            NAN  CARBON STEEL   
24          NAN       NAN                   NAN           WPL6  CARBON STEEL   

    ... PRIMARY_SIZE PRIMARY_WALL      PRODUCT_CODE REDUCING_SCHEDULE  \
0   ...          6.0               FWN060601XXPPI-N               NAN   
1   ...          6.0               FWN060601XXPPI-N               NAN   
2   ...          6.0                  IFWN030601XXA               NAN   
3   ...          6.0                     SM3T020060               NAN   
4   ...          6.0                     SM3T020060               NAN   
5   ...          6.0               FWN090601XXPPI-N               NAN   
6   ...          6.0                    M12W040060N               NAN   
7   ...          6.0                    M12W040060N               NAN   
8   ...          6.0                  FRW090600501X               NAN   
9   ...          6.0               FWN090603XXPPI-N               NAN   
10  ...          6.0                      M6T020060               NAN   
11  ...          6.0                      M6T020060               NAN   
12  ...          6.0                      M6T005060               NAN   
13  ...          6.0                    M3T02006040               NAN   
14  ...          6.0                    M3T02006040               NAN   
15  ...          6.0                     IM3T015060               NAN   
16  ...          6.0                      FBD030601               NAN   
17  ...          6.0                      FBD030601               NAN   
18  ...          6.0                      FBD010601               NAN   
19  ...          6.0                      M3T030060               NAN   
20  ...          6.0                      M3T030060               NAN   
21  ...          6.0               FWN15060112PPI-N               NAN   
22  ...          6.0                   KFWN15060112               NAN   
23  ...          6.0                     IM3T020060               NAN   
24  ...          6.0                      WL9606012               NAN   

   REDUCING_SIZE REDUCING_WALL TRIM                  TYPE WALL_THICKNESS  \
0            NAN                NAN             WELD NECK                  
1            NAN                FGP             WELD NECK                  
2            NAN                NAN             WELD NECK                  
3              2                NAN            THREADOLET                  
4              2                NAN            THREADOLET                  
5            NAN                NAN             WELD NECK                  
6              4                NAN              WELDOLET                  
7              4                NAN              WELDOLET                  
8              5                NAN    REDUCING WELD NECK                  
9            NAN                NAN             WELD NECK                  
10             2                NAN              FLEXOLET                  
11             2                NAN              FLEXOLET                  
12           2.5                NAN              FLEXOLET                  
13             2                NAN              FLEXOLET                  
14             2                NAN              FLEXOLET                  
15           1.5                NAN              FLEXOLET                  
16           NAN                NAN                 BLIND                  
17           NAN                NAN                 BLIND                  
18           NAN                NAN                 BLIND                  
19             3                NAN              FLEXOLET                  
20             3                NAN              FLEXOLET                  
21           NAN                NAN             WELD NECK                  
22           NAN                NAN             WELD NECK                  
23             2                NAN              FLEXOLET                  
24           NAN                NAN  LONG RADIUS 90 ELBOW                  

       score  
0   0.902090  
1   0.902090  
2   0.900856  
3   0.896313  
4   0.896313  
5   0.895356  
6   0.894060  
7   0.894060  
8   0.893432  
9   0.893199  
10  0.891389  
11  0.891389  
12  0.890133  
13  0.889704  
14  0.889704  
15  0.888599  
16  0.888526  
17  0.888526  
18  0.887824  
19  0.887705  
20  0.887705  
21  0.887294  
22  0.887294  
23  0.886951  
24  0.886721  

[25 rows x 25 columns]",0,EXCELLENT
45,"10-150RFBL-FLG,BL,RF,10,150 -SA-105","10"" 150 RF BLIND FLANGE, SA105N-FGP",True,45,8,29.90712690000055,"   CATEGORY  CONFIDENCE                                       DESCRIPTION  \
0    FLANGE         0.9                           10"" 150 RF BLIND, SA105   
1    FLANGE         1.0                    10"" 150 RF BLIND FLANGE, SA105   
2    FLANGE         0.9                    10"" 150 RF BLIND FLANGE, SA105   
3    FLANGE         1.0                    10"" 150 RF BLIND FLANGE, SA105   
4    FLANGE         0.9                    10"" 150 RF BLIND FLANGE, SA105   
5    FLANGE         1.0                    10"" 150 RF BLIND FLANGE, SA105   
6    FLANGE         0.9                    10"" 150 RF BLIND FLANGE, SA105   
7    FLANGE         0.9                    10"" 150 RF BLIND FLANGE, SA105   
8    FLANGE         1.0               10"" 150 RF BLIND FLANGE, SA105N-FGP   
9    FLANGE         0.9               10"" 150 RF BLIND FLANGE, SA105N-FGP   
10   FLANGE         0.9                   10"" 150 RF BLIND FLANGE, SA105N   
11   FLANGE         1.0                   10"" 150 RF BLIND FLANGE, SA105N   
12   FLANGE         1.0                   10"" 150 RF BLIND FLANGE, SA105N   
13   FLANGE         0.9                    10"" 300 RF BLIND FLANGE, SA105   
14   FLANGE         0.9                    10"" 300 RF BLIND FLANGE, SA105   
15   FLANGE         0.9                    10"" 300 RF BLIND FLANGE, SA105   
16   FLANGE         0.9                    10"" 300 RF BLIND FLANGE, SA105   
17   FLANGE         0.9                    10"" 300 RF BLIND FLANGE, SA105   
18   FLANGE         0.9                    10"" 300 RF BLIND FLANGE, SA105   
19   FLANGE         0.9                 10"" 150 RF THREADED FLANGE, SA105   
20   FLANGE         0.9                 10"" 150 RF THREADED FLANGE, SA105   
21  FITTING         0.9  10"" - 6"" X 1"" 3000 FS THREADED FLEX-O-LET, SA105   
22  FITTING         0.9  10"" - 6"" X 1"" 3000 FS THREADED FLEX-O-LET, SA105   
23   FLANGE         0.9               10"" 600 RF BLIND FLANGE, SA105N-FGP   
24   FLANGE         0.9               10"" 600 RF BLIND FLANGE, SA105N-FGP   

   END_CONNECTIONS   END_FINISH ID LENGTH MANUFACTURING_PROCESS  \
0              NAN  RAISED FACE       NAN                   NAN   
1              NAN  RAISED FACE       NAN                   NAN   
2              NAN  RAISED FACE       NAN                   NAN   
3              NAN  RAISED FACE       NAN                   NAN   
4              NAN  RAISED FACE       NAN                   NAN   
5              NAN  RAISED FACE       NAN                   NAN   
6              NAN  RAISED FACE       NAN                   NAN   
7              NAN  RAISED FACE       NAN                   NAN   
8              NAN  RAISED FACE       NAN                   NAN   
9              NAN  RAISED FACE       NAN                   NAN   
10             NAN  RAISED FACE       NAN                   NAN   
11             NAN  RAISED FACE       NAN                   NAN   
12             NAN  RAISED FACE       NAN                   NAN   
13             NAN  RAISED FACE       NAN                   NAN   
14             NAN  RAISED FACE       NAN                   NAN   
15             NAN           RF       NAN                   NAN   
16             NAN  RAISED FACE       NAN                   NAN   
17             NAN  RAISED FACE       NAN                   NAN   
18             NAN  RAISED FACE       NAN                   NAN   
19        THREADED  RAISED FACE       NAN                   NAN   
20        THREADED          NAN       NAN                   NAN   
21        THREADED          NAN         1                   NAN   
22        THREADED          NAN         1                   NAN   
23             NAN  RAISED FACE       NAN                   NAN   
24             NAN           RF       NAN                   NAN   

   MATERIAL_GRADE MATERIAL_NAME  ... PRIMARY_SIZE PRIMARY_WALL  PRODUCT_CODE  \
0             NAN  CARBON STEEL  ...         10.0                 SFBD011001   
1             NAN  CARBON STEEL  ...         10.0                ISFBD011001   
2             NAN  CARBON STEEL  ...         10.0                 WFBD011001   
3             NAN  CARBON STEEL  ...         10.0                 IFBD011001   
4             NAN  CARBON STEEL  ...         10.0                ISFBD011001   
5             NAN  CARBON STEEL  ...         10.0                 WFBD011001   
6             NAN  CARBON STEEL  ...         10.0                 IFBD011001   
7             NAN  CARBON STEEL  ...         10.0               FBD011001BTX   
8               N  CARBON STEEL  ...         10.0                  FBD011001   
9               N  CARBON STEEL  ...         10.0                  FBD011001   
10              N  CARBON STEEL  ...         10.0               IFBD011001NA   
11              N  CARBON STEEL  ...         10.0               IFBD011001NA   
12              N  CARBON STEEL  ...         10.0                 FBDN011001   
13            NAN  CARBON STEEL  ...         10.0                ISFBD031001   
14            NAN  CARBON STEEL  ...         10.0               FBD031001BTX   
15            NAN  CARBON STEEL  ...         10.0                  FBD031001   
16            NAN  CARBON STEEL  ...         10.0                  FBD031001   
17            NAN  CARBON STEEL  ...         10.0                 LFBD031001   
18            NAN  CARBON STEEL  ...         10.0                 WFBD031001   
19            NAN  CARBON STEEL  ...         10.0                 IFTH011001   
20            NAN  CARBON STEEL  ...         10.0                 IFTH011001   
21            NAN  CARBON STEEL  ...         10.0                 SM3T010100   
22            NAN  CARBON STEEL  ...         10.0                 SM3T010100   
23              N  CARBON STEEL  ...         10.0                  FBD061001   
24              N  CARBON STEEL  ...         10.0                  FBD061001   

   REDUCING_SCHEDULE REDUCING_SIZE REDUCING_WALL TRIM                  TYPE  \
0                NAN           NAN                NAN                 BLIND   
1                NAN           NAN                NAN                 BLIND   
2                NAN           NAN                NAN                 BLIND   
3                NAN           NAN                NAN                 BLIND   
4                NAN           NAN                NAN                 BLIND   
5                NAN           NAN                NAN                 BLIND   
6                NAN           NAN                NAN                 BLIND   
7                NAN           NAN                NAN                 BLIND   
8                NAN           NAN                NAN                 BLIND   
9                NAN           NAN                NAN                 BLIND   
10               NAN           NAN                NAN                 BLIND   
11               NAN           NAN                NAN                 BLIND   
12               NAN           NAN                NAN                 BLIND   
13               NAN           NAN                NAN                 BLIND   
14               NAN           NAN                NAN                 BLIND   
15               NAN           NAN                NAN                 BLIND   
16               NAN           NAN                NAN                 BLIND   
17               NAN           NAN                NAN                 BLIND   
18               NAN           NAN                NAN                 BLIND   
19               NAN           NAN                NAN              THREADED   
20               NAN           NAN                NAN  THREADED RAISED FACE   
21               NAN             6                NAN              FLEXOLET   
22               NAN             6                NAN              FLEXOLET   
23               NAN           NAN                NAN                 BLIND   
24               NAN           NAN                NAN                 BLIND   

   WALL_THICKNESS     score  
0                  0.926693  
1                  0.915823  
2                  0.915823  
3                  0.915823  
4                  0.915823  
5                  0.915823  
6                  0.915823  
7                  0.915823  
8                  0.912554  
9                  0.912554  
10                 0.908418  
11                 0.908418  
12                 0.908418  
13                 0.907867  
14                 0.907867  
15                 0.907867  
16                 0.907867  
17                 0.907867  
18                 0.907867  
19                 0.906920  
20                 0.906920  
21                 0.902767  
22                 0.902767  
23                 0.901980  
24                 0.901980  

[25 rows x 25 columns]",0,EXCELLENT
46,"3"" X 4"" SCH. STD WALL CONCENTRIC REDUCER A234 FR. WPB","4"" X 3"" STD CONCENTRIC WELD REDUCER, SA234-WPB",True,46,10000,29.362634199999775,"   CATEGORY  CONFIDENCE                                         DESCRIPTION  \
0   FITTING         0.9   3"" STD X 2"" XH CONCENTRIC WELD REDUCER, SA234-WPB   
1   FITTING         0.9   3"" STD X 2"" XH CONCENTRIC WELD REDUCER, SA234-WPB   
2   FITTING         0.9   3"" STD X 2"" XH CONCENTRIC WELD REDUCER, SA234-WPB   
3   FITTING         0.9   3"" STD X 2"" XH CONCENTRIC WELD REDUCER, SA234-WPB   
4   FITTING         0.9   3"" STD X 2"" XH CONCENTRIC WELD REDUCER, SA234-WPB   
5   FITTING         0.9      3"" X 2"" STD CONCENTRIC WELD REDUCER, SA234-WPB   
6   FITTING         0.9      3"" X 2"" STD CONCENTRIC WELD REDUCER, SA234-WPB   
7   FITTING         0.9      3"" X 2"" STD CONCENTRIC WELD REDUCER, SA234-WPB   
8   FITTING         0.9      3"" X 2"" STD CONCENTRIC WELD REDUCER, SA234-WPB   
9   FITTING         0.9      3"" X 2"" STD CONCENTRIC WELD REDUCER, SA234-WPB   
10  FITTING         0.9      3"" X 2"" STD CONCENTRIC WELD REDUCER, SA234-WPB   
11  FITTING         0.9      3"" X 2"" STD CONCENTRIC WELD REDUCER, SA234-WPB   
12  FITTING         0.9      3"" X 2"" STD CONCENTRIC WELD REDUCER, SA234-WPB   
13  FITTING         0.9      3"" X 2"" STD CONCENTRIC WELD REDUCER, SA234-WPB   
14  FITTING         0.9      3"" X 2"" STD CONCENTRIC WELD REDUCER, SA234-WPB   
15  FITTING         0.9      3"" X 2"" STD CONCENTRIC WELD REDUCER, SA234-WPB   
16  FITTING         0.9      3"" X 2"" STD CONCENTRIC WELD REDUCER, SA234-WPB   
17  FITTING         0.9  3"" X 2-0.5"" STD CONCENTRIC WELD REDUCER, SA234-WPB   
18  FITTING         0.9  3"" X 2-0.5"" STD CONCENTRIC WELD REDUCER, SA234-WPB   
19  FITTING         0.9  3"" X 2-0.5"" STD CONCENTRIC WELD REDUCER, SA234-WPB   
20  FITTING         0.9  3"" X 2-0.5"" STD CONCENTRIC WELD REDUCER, SA234-WPB   
21  FITTING         0.9  3"" X 2-0.5"" STD CONCENTRIC WELD REDUCER, SA234-WPB   
22  FITTING         0.9  3"" X 2-0.5"" STD CONCENTRIC WELD REDUCER, SA234-WPB   
23  FITTING         0.9  3"" X 1-0.5"" STD CONCENTRIC WELD REDUCER, SA234-WPB   
24  FITTING         0.9  3"" X 1-0.5"" STD CONCENTRIC WELD REDUCER, SA234-WPB   

   END_CONNECTIONS END_FINISH ID LENGTH MANUFACTURING_PROCESS MATERIAL_GRADE  \
0              NAN        NAN       NAN                  WELD            WPB   
1              NAN        NAN       NAN                  WELD            WPB   
2              NAN        NAN       NAN                  WELD            WPB   
3              NAN        NAN       NAN                WELDED            WPB   
4              NAN        NAN       NAN                  WELD            WPB   
5              NAN        NAN       NAN                  WELD            WPB   
6        BUTT WELD        NAN       NAN                   NAN            WPB   
7              NAN        NAN       NAN                  WELD            WPB   
8              NAN        NAN       NAN                  WELD            WPB   
9              NAN        NAN       NAN                WELDED            WPB   
10             NAN        NAN       NAN                  WELD            WPB   
11       BUTT WELD        NAN       NAN                   NAN            WPB   
12             NAN        NAN       NAN                  WELD            WPB   
13             NAN        NAN       NAN                  WELD            WPB   
14             NAN        NAN       NAN                  WELD            WPB   
15             NAN        NAN       NAN                  WELD            WPB   
16       BUTT WELD        NAN       NAN                   NAN            WPB   
17             NAN        NAN       NAN                  WELD            WPB   
18             NAN        NAN       NAN                  WELD            WPB   
19             NAN        NAN       NAN                  WELD            WPB   
20             NAN        NAN       NAN                  WELD            WPB   
21             NAN        NAN       NAN                  WELD            WPB   
22             NAN        NAN       NAN                  WELD            WPB   
23             NAN        NAN       NAN                WELDED            WPB   
24             NAN        NAN       NAN                  WELD            WPB   

   MATERIAL_NAME  ... PRIMARY_SIZE PRIMARY_WALL    PRODUCT_CODE  \
0   CARBON STEEL  ...          3.0                 KWCO030020SX   
1   CARBON STEEL  ...          3.0                 WWCO030020SX   
2   CARBON STEEL  ...          3.0                IWCO030020SXH   
3   CARBON STEEL  ...          3.0                 WWCO030020SX   
4   CARBON STEEL  ...          3.0                 KWCO030020SX   
5   CARBON STEEL  ...          3.0                 ISWCO030020S   
6   CARBON STEEL  ...          3.0               KWCO030020SSKB   
7   CARBON STEEL  ...          3.0                  SWCO030020S   
8   CARBON STEEL  ...          3.0                   WCO030020S   
9   CARBON STEEL  ...          3.0                  SWCO030020S   
10  CARBON STEEL  ...          3.0                  WWCO030020S   
11  CARBON STEEL  ...          3.0                  IWCO030020S   
12  CARBON STEEL  ...          3.0                   WCO030020S   
13  CARBON STEEL  ...          3.0                  IWCO030020S   
14  CARBON STEEL  ...          3.0               KWCO030020SSKB   
15  CARBON STEEL  ...          3.0                  WWCO030020S   
16  CARBON STEEL  ...          3.0                 ISWCO030020S   
17  CARBON STEEL  ...          3.0                  IWCO030025S   
18  CARBON STEEL  ...          3.0                   WCO030025S   
19  CARBON STEEL  ...          3.0                 ISWCO030025S   
20  CARBON STEEL  ...          3.0                 ISWCO030025S   
21  CARBON STEEL  ...          3.0                  WWCO030025S   
22  CARBON STEEL  ...          3.0                   WCO030025S   
23  CARBON STEEL  ...          3.0                  WWCO030015S   
24  CARBON STEEL  ...          3.0                   WCO030015S   

   REDUCING_SCHEDULE REDUCING_SIZE REDUCING_WALL TRIM                TYPE  \
0        EXTRA HEAVY             2                NAN  CONCENTRIC REDUCER   
1        EXTRA HEAVY             2                NAN  CONCENTRIC REDUCER   
2        EXTRA HEAVY             2                NAN  CONCENTRIC REDUCER   
3        EXTRA HEAVY             2                NAN  CONCENTRIC REDUCER   
4        EXTRA HEAVY             2                NAN  CONCENTRIC REDUCER   
5                NAN             2                NAN  CONCENTRIC REDUCER   
6                NAN             2                NAN  CONCENTRIC REDUCER   
7                NAN             2                NAN  CONCENTRIC REDUCER   
8                NAN             2                NAN  CONCENTRIC REDUCER   
9                NAN             2                NAN  CONCENTRIC REDUCER   
10               NAN             2                NAN  CONCENTRIC REDUCER   
11               NAN             2                NAN  CONCENTRIC REDUCER   
12               NAN             2                NAN  CONCENTRIC REDUCER   
13               NAN             2                NAN  CONCENTRIC REDUCER   
14               NAN             2                NAN  CONCENTRIC REDUCER   
15               NAN             2                NAN  CONCENTRIC REDUCER   
16               NAN             2                NAN  CONCENTRIC REDUCER   
17               NAN           2.5                NAN  CONCENTRIC REDUCER   
18               NAN           2.5                NAN  CONCENTRIC REDUCER   
19               NAN           2.5                NAN  CONCENTRIC REDUCER   
20               NAN           2.5                NAN  CONCENTRIC REDUCER   
21               NAN           2.5                NAN  CONCENTRIC REDUCER   
22               NAN           2.5                NAN  CONCENTRIC REDUCER   
23               NAN           1.5                NAN  CONCENTRIC REDUCER   
24               NAN           1.5                NAN  CONCENTRIC REDUCER   

   WALL_THICKNESS     score  
0                  0.952303  
1                  0.952303  
2                  0.952303  
3                  0.952303  
4                  0.952303  
5                  0.951628  
6                  0.951628  
7                  0.951628  
8                  0.951628  
9                  0.951628  
10                 0.951628  
11                 0.951628  
12                 0.951628  
13                 0.951628  
14                 0.951628  
15                 0.951628  
16                 0.951628  
17                 0.951103  
18                 0.951103  
19                 0.951103  
20                 0.951103  
21                 0.951103  
22                 0.951103  
23                 0.950872  
24                 0.950872  

[25 rows x 25 columns]",0,EXCELLENT
47,"2"" XXS 600 RF A105 WN B16.5 FLANGES","2"" 600 RF WELD NECK FLANGE XXH BORE, SA105N",True,47,88,17.92107809999925,"   CATEGORY  CONFIDENCE                                      DESCRIPTION  \
0    FLANGE         1.0                2"" 600 RF THREADED FLANGE, SA105N   
1    FLANGE         0.9                2"" 600 RF THREADED FLANGE, SA105N   
2    FLANGE         0.9                2"" 600 RF THREADED FLANGE, SA105N   
3    FLANGE         0.9                2"" 600 RF THREADED FLANGE, SA105N   
4    FLANGE         1.0                2"" 600 RF THREADED FLANGE, SA105N   
5    FLANGE         0.9  2 X 0.75"" 600 RF SW RED FLANGE S/160 BORE SA105   
6    FLANGE         1.0                   2"" 600 RF BLIND FLANGE, SA105N   
7    FLANGE         1.0                   2"" 600 RF BLIND FLANGE, SA105N   
8    FLANGE         1.0                   2"" 600 RF BLIND FLANGE, SA105N   
9    FLANGE         1.0                   2"" 600 RF BLIND FLANGE, SA105N   
10   FLANGE         1.0                   2"" 600 RF BLIND FLANGE, SA105N   
11   FLANGE         1.0                   2"" 600 RF BLIND FLANGE, SA105N   
12   FLANGE         1.0                   2"" 600 RF BLIND FLANGE, SA105N   
13   FLANGE         1.0                   2"" 600 RF BLIND FLANGE, SA105N   
14   FLANGE         0.9                   2"" 600 RF BLIND FLANGE, SA105N   
15   FLANGE         0.9          2 X 1"" 600 RF RED THREADED FLANGE SA105   
16   FLANGE         0.9          2 X 1"" 600 RF RED THREADED FLANGE SA105   
17   FLANGE         0.9        2 X 0.5"" 600 RF RED THREADED FLANGE SA105   
18   FLANGE         0.9        2 X 0.5"" 600 RF RED THREADED FLANGE SA105   
19   FLANGE         0.9       2 X 0.75"" 600 RF RED THREADED FLANGE SA105   
20   FLANGE         0.9       2 X 0.75"" 600 RF RED THREADED FLANGE SA105   
21   FLANGE         0.9           2"" 600 RF BLIND FLANGE, SA105N-FGP/LF2   
22   FLANGE         0.9                 2"" 150 RF THREADED FLANGE, SA105   
23   FLANGE         0.9                 2"" 150 RF THREADED FLANGE, SA105   
24   FLANGE         0.9                 2"" 150 RF THREADED FLANGE, SA105   

   END_CONNECTIONS   END_FINISH ID LENGTH MANUFACTURING_PROCESS  \
0         THREADED  RAISED FACE       NAN                   NAN   
1         THREADED           RF       NAN                   NAN   
2              THD           RF       NAN                   NAN   
3         THREADED  RAISED FACE       NAN                   NAN   
4         THREADED           RF       NAN                   NAN   
5      SOCKET WELD          NAN       NAN                   NAN   
6              NAN           RF       NAN                   NAN   
7              NAN  RAISED FACE       NAN                   NAN   
8              NAN  RAISED FACE       NAN                   NAN   
9              NAN  RAISED FACE       NAN                   NAN   
10             NAN  RAISED FACE       NAN                   NAN   
11             NAN           RF       NAN                   NAN   
12             NAN  RAISED FACE       NAN                   NAN   
13             NAN  RAISED FACE       NAN                   NAN   
14             NAN  RAISED FACE       NAN                   NAN   
15        THREADED  RAISED FACE       NAN                   NAN   
16        THREADED  RAISED FACE       NAN                   NAN   
17        THREADED           RF       NAN                   NAN   
18        THREADED     THREADED       NAN                   NAN   
19        THREADED  RAISED FACE       NAN                   NAN   
20        THREADED  RAISED FACE       NAN                   NAN   
21             NAN  RAISED FACE       NAN                   NAN   
22        THREADED  RAISED FACE       NAN                   NAN   
23        THREADED          NAN       NAN                   NAN   
24        THREADED           RF       NAN                   NAN   

   MATERIAL_GRADE MATERIAL_NAME  ... PRIMARY_SIZE PRIMARY_WALL  \
0               N  CARBON STEEL  ...          2.0                
1               N  CARBON STEEL  ...          2.0                
2               N  CARBON STEEL  ...          2.0                
3               N  CARBON STEEL  ...          2.0                
4               N  CARBON STEEL  ...          2.0                
5             NAN  CARBON STEEL  ...          2.0                
6               N  CARBON STEEL  ...          2.0                
7               N  CARBON STEEL  ...          2.0                
8               N  CARBON STEEL  ...          2.0                
9               N  CARBON STEEL  ...          2.0                
10              N  CARBON STEEL  ...          2.0                
11              N  CARBON STEEL  ...          2.0                
12              N  CARBON STEEL  ...          2.0                
13              N  CARBON STEEL  ...          2.0                
14              N  CARBON STEEL  ...          2.0                
15            NAN  CARBON STEEL  ...          2.0                
16            NAN  CARBON STEEL  ...          2.0                
17            NAN  CARBON STEEL  ...          2.0                
18            NAN  CARBON STEEL  ...          2.0                
19            NAN  CARBON STEEL  ...          2.0                
20            NAN  CARBON STEEL  ...          2.0                
21            LF2  CARBON STEEL  ...          2.0                
22            NAN  CARBON STEEL  ...          2.0                
23            NAN  CARBON STEEL  ...          2.0                
24            NAN  CARBON STEEL  ...          2.0                

       PRODUCT_CODE REDUCING_SCHEDULE REDUCING_SIZE REDUCING_WALL TRIM  \
0      FTH060201BTX               NAN           NAN                NAN   
1        WFTH060201               NAN           NAN                NAN   
2         FTH060201               NAN           NAN                NAN   
3         FTH060201               NAN           NAN                NAN   
4        WFTH060201               NAN           NAN                NAN   
5   FRSW06020007116               NAN          0.75                NAN   
6      FBD060201BTX               NAN           NAN                NAN   
7      FBD060201BTX               NAN           NAN                NAN   
8      IFBD060201NA               NAN           NAN                NAN   
9        FBD060201A               NAN           NAN                NAN   
10       IFBD060201               NAN           NAN                NAN   
11       WFBD060201               NAN           NAN                NAN   
12      ISFBD060201               NAN           NAN                NAN   
13       WFBD060201               NAN           NAN                NAN   
14       FBD060201A               NAN           NAN                NAN   
15     FRT060200101               NAN             1                NAN   
16     FRT060200101               NAN             1                NAN   
17     FRT060200051               NAN           0.5                NAN   
18     FRT060200051               NAN           0.5                NAN   
19     FRT060200071               NAN          0.75                NAN   
20     FRT060200071               NAN          0.75                NAN   
21        FBD060201               NAN           NAN                NAN   
22       IFTH010201               NAN           NAN                NAN   
23       WFTH010201               NAN           NAN                NAN   
24     ISFTH010201L               NAN           NAN                NAN   

                             TYPE WALL_THICKNESS     score  
0                        THREADED                 0.934006  
1            THREADED RAISED FACE                 0.934006  
2            THREADED RAISED FACE                 0.934006  
3            THREADED RAISED FACE                 0.934006  
4            THREADED RAISED FACE                 0.934006  
5     REDUCING FLANGE RAISED FACE                 0.932713  
6                           BLIND                 0.931408  
7                           BLIND                 0.931408  
8                           BLIND                 0.931408  
9                           BLIND                 0.931408  
10                          BLIND                 0.931408  
11                          BLIND                 0.931408  
12                          BLIND                 0.931408  
13                          BLIND                 0.931408  
14                          BLIND                 0.931408  
15                REDUCING FLANGE                 0.928313  
16  REDUCING THREADED RAISED FACE                 0.928313  
17    REDUCING FLANGE RAISED FACE                 0.928126  
18  REDUCING THREADED RAISED FACE                 0.928126  
19              REDUCING THREADED                 0.927646  
20       THREADED REDUCING FLANGE                 0.927646  
21                          BLIND                 0.926134  
22                       THREADED                 0.925892  
23           THREADED RAISED FACE                 0.925892  
24           THREADED RAISED FACE                 0.925892  

[25 rows x 25 columns]",0,EXCELLENT
48,"FLG,LWN,RF,10,300 ,13 INCHLG-FLG,LWN,RF,10,300 ,13 INCHLG-SA-105N","10"" 300 RF LONG WELD NECK X 14"" LG, SA105N-FGP/SA350LF2-FGP",True,48,0,15.837676400000419,"   CATEGORY  CONFIDENCE  \
0    FLANGE         0.9   
1    FLANGE         0.9   
2    FLANGE         0.9   
3    FLANGE         1.0   
4    FLANGE         0.9   
5    FLANGE         1.0   
6    FLANGE         0.9   
7    FLANGE         0.9   
8    FLANGE         0.9   
9    FLANGE         0.9   
10   FLANGE         0.9   
11   FLANGE         0.9   
12   FLANGE         0.9   
13   FLANGE         0.9   
14   FLANGE         0.9   
15   FLANGE         0.9   
16   FLANGE         0.9   
17   FLANGE         0.9   
18   FLANGE         1.0   
19   FLANGE         1.0   
20   FLANGE         0.9   
21   FLANGE         0.9   
22   FLANGE         0.9   
23   FLANGE         0.9   
24   FLANGE         0.9   

                                                    DESCRIPTION  \
0   10"" 300 RF LONG WELD NECK X 14"" LG, SA105N-FGP/SA350LF2-FGP   
1                           10"" 600 RF BLIND FLANGE, SA105N-FGP   
2                           10"" 600 RF BLIND FLANGE, SA105N-FGP   
3                           10"" 150 RF BLIND FLANGE, SA105N-FGP   
4                           10"" 150 RF BLIND FLANGE, SA105N-FGP   
5                               10"" 300 RF BLIND FLANGE, SA105N   
6         10"" 600 RF LONG WELD NECK X 12"" LG., SA105N/SA350 LF2   
7         10"" 600 RF LONG WELD NECK X 12"" LG., SA105N/SA350 LF2   
8                                10"" 300 RF BLIND FLANGE, SA105   
9                                10"" 300 RF BLIND FLANGE, SA105   
10                               10"" 300 RF BLIND FLANGE, SA105   
11                               10"" 300 RF BLIND FLANGE, SA105   
12                               10"" 300 RF BLIND FLANGE, SA105   
13                               10"" 300 RF BLIND FLANGE, SA105   
14           10"" 300 RF LONG WELD NECK X 12"" LG, SA105N-HFN S62   
15           10"" 300 RF LONG WELD NECK X 12"" LG, SA105N-HFN S62   
16                              10"" 600 RF BLIND FLANGE, SA105N   
17                              10"" 600 RF BLIND FLANGE, SA105N   
18                              10"" 600 RF BLIND FLANGE, SA105N   
19                              10"" 600 RF BLIND FLANGE, SA105N   
20                              10"" 600 RF BLIND FLANGE, SA105N   
21                              10"" 600 RF BLIND FLANGE, SA105N   
22                        10"" 150 RF SLIP ON FLANGE, SA105N-FGP   
23                        10"" 150 RF SLIP ON FLANGE, SA105N-FGP   
24                              10"" 150 RF BLIND FLANGE, SA105N   

   END_CONNECTIONS   END_FINISH ID LENGTH MANUFACTURING_PROCESS  \
0              NAN  RAISED FACE        14                  LONG   
1              NAN           RF       NAN                   NAN   
2              NAN  RAISED FACE       NAN                   NAN   
3              NAN  RAISED FACE       NAN                   NAN   
4              NAN  RAISED FACE       NAN                   NAN   
5              NAN  RAISED FACE       NAN                   NAN   
6              NAN  RAISED FACE        12                   NAN   
7              NAN  RAISED FACE        12                  LONG   
8              NAN  RAISED FACE       NAN                   NAN   
9              NAN  RAISED FACE       NAN                   NAN   
10             NAN           RF       NAN                   NAN   
11             NAN  RAISED FACE       NAN                   NAN   
12             NAN  RAISED FACE       NAN                   NAN   
13             NAN  RAISED FACE       NAN                   NAN   
14             NAN  RAISED FACE        12                   NAN   
15             NAN  RAISED FACE        12                   NAN   
16             NAN           RF       NAN                   NAN   
17             NAN  RAISED FACE       NAN                   NAN   
18             NAN  RAISED FACE       NAN                   NAN   
19             NAN  RAISED FACE       NAN                   NAN   
20             NAN  RAISED FACE       NAN                   NAN   
21             NAN  RAISED FACE       NAN                   NAN   
22             NAN  RAISED FACE       NAN                   NAN   
23             NAN  RAISED FACE       NAN                FORGED   
24             NAN  RAISED FACE       NAN                   NAN   

   MATERIAL_GRADE MATERIAL_NAME  ... PRIMARY_SIZE PRIMARY_WALL  \
0             FGP  CARBON STEEL  ...         10.0                
1               N  CARBON STEEL  ...         10.0                
2               N  CARBON STEEL  ...         10.0                
3               N  CARBON STEEL  ...         10.0                
4               N  CARBON STEEL  ...         10.0                
5               N  CARBON STEEL  ...         10.0                
6             LF2  CARBON STEEL  ...         10.0                
7             LF2  CARBON STEEL  ...         10.0                
8             NAN  CARBON STEEL  ...         10.0                
9             NAN  CARBON STEEL  ...         10.0                
10            NAN  CARBON STEEL  ...         10.0                
11            NAN  CARBON STEEL  ...         10.0                
12            NAN  CARBON STEEL  ...         10.0                
13            NAN  CARBON STEEL  ...         10.0                
14              N  CARBON STEEL  ...         10.0                
15              N  CARBON STEEL  ...         10.0                
16              N  CARBON STEEL  ...         10.0                
17              N  CARBON STEEL  ...         10.0                
18              N  CARBON STEEL  ...         10.0                
19              N  CARBON STEEL  ...         10.0                
20              N  CARBON STEEL  ...         10.0                
21              N  CARBON STEEL  ...         10.0                
22              N  CARBON STEEL  ...         10.0                
23              N  CARBON STEEL  ...         10.0                
24              N  CARBON STEEL  ...         10.0                

          PRODUCT_CODE REDUCING_SCHEDULE REDUCING_SIZE REDUCING_WALL TRIM  \
0         FLWN03100114               NAN           NAN                NAN   
1            FBD061001               NAN           NAN                NAN   
2            FBD061001               NAN           NAN                NAN   
3            FBD011001               NAN           NAN                NAN   
4            FBD011001               NAN           NAN                NAN   
5           FBDN031001               NAN           NAN                NAN   
6         FLW06100112A               NAN           NAN                NAN   
7         FLW06100112A               NAN           NAN                NAN   
8            FBD031001               NAN           NAN                NAN   
9          ISFBD031001               NAN           NAN                NAN   
10           FBD031001               NAN           NAN                NAN   
11        FBD031001BTX               NAN           NAN                NAN   
12          LFBD031001               NAN           NAN                NAN   
13          WFBD031001               NAN           NAN                NAN   
14  IFLW03100112GB-HFN               NAN           NAN                NAN   
15  IFLW03100112GB-HFN               NAN           NAN                NAN   
16         ISFBD061001               NAN           NAN                NAN   
17          IFBD061001               NAN           NAN                NAN   
18        FBD061001BTX               NAN           NAN                NAN   
19          IFBD061001               NAN           NAN                NAN   
20         ISFBD061001               NAN           NAN                NAN   
21        FBD061001BTX               NAN           NAN                NAN   
22           FSO011001               NAN           NAN                NAN   
23           FSO011001               NAN           NAN                NAN   
24        IFBD011001NA               NAN           NAN                NAN   

         TYPE WALL_THICKNESS     score  
0   WELD NECK                 0.892656  
1       BLIND                 0.888289  
2       BLIND                 0.888289  
3       BLIND                 0.886394  
4       BLIND                 0.886394  
5       BLIND                 0.882743  
6   WELD NECK                 0.881006  
7   WELD NECK                 0.881006  
8       BLIND                 0.880521  
9       BLIND                 0.880521  
10      BLIND                 0.880521  
11      BLIND                 0.880521  
12      BLIND                 0.880521  
13      BLIND                 0.880521  
14  WELD NECK                 0.879325  
15  WELD NECK                 0.879325  
16      BLIND                 0.879142  
17      BLIND                 0.879142  
18      BLIND                 0.879142  
19      BLIND                 0.879142  
20      BLIND                 0.879142  
21      BLIND                 0.879142  
22    SLIP ON                 0.878405  
23    SLIP ON                 0.878405  
24      BLIND                 0.878139  

[25 rows x 25 columns]",0,EXCELLENT
49,"933798 TEE STR, SMLS,8 X 8 * STD/STD, ASTM A234 GR,WPB","8"" STD WELD TEE, SA234-WPB (VIETNAM)",True,49,15,16.741822999999386,"   CATEGORY  CONFIDENCE                               DESCRIPTION  \
0   FITTING         0.9                8"" STD WELD TEE, SA234-WPB   
1   FITTING         0.9                8"" STD WELD TEE, SA234-WPB   
2   FITTING         0.9                8"" STD WELD TEE, SA234-WPB   
3   FITTING         0.9                8"" STD WELD TEE, SA234-WPB   
4   FITTING         0.9                8"" STD WELD TEE, SA234-WPB   
5   FITTING         0.9                8"" STD WELD TEE, SA234-WPB   
6   FITTING         0.9                8"" STD WELD TEE, SA234-WPB   
7   FITTING         0.9                8"" STD WELD TEE, SA234-WPB   
8   FITTING         0.9                8"" STD WELD TEE, SA234-WPB   
9   FITTING         0.9                8"" STD WELD TEE, SA234-WPB   
10  FITTING         0.9                8"" STD WELD TEE, SA234-WPB   
11  FITTING         0.9                8"" STD WELD TEE, SA234-WPB   
12  FITTING         0.9                8"" STD WELD TEE, SA234-WPB   
13  FITTING         0.9      8 X 3"" STD BW REDUCING TEE SA234-WPB   
14  FITTING         0.9      8 X 3"" STD BW REDUCING TEE SA234-WPB   
15  FITTING         0.9      8"" STD WELD TEE, SA234-WPB (VIETNAM)   
16  FITTING         0.9  8"" X 6"" STD REDUCING WELD TEE, SA234-WPB   
17  FITTING         0.9  8"" X 6"" STD REDUCING WELD TEE, SA234-WPB   
18  FITTING         0.9  8"" X 6"" STD REDUCING WELD TEE, SA234-WPB   
19  FITTING         0.9  8"" X 6"" STD REDUCING WELD TEE, SA234-WPB   
20  FITTING         0.9  8"" X 6"" STD REDUCING WELD TEE, SA234-WPB   
21  FITTING         0.9  8"" X 6"" STD REDUCING WELD TEE, SA234-WPB   
22  FITTING         0.9  8"" X 6"" STD REDUCING WELD TEE, SA234-WPB   
23  FITTING         0.9  8"" X 3"" STD REDUCING WELD TEE, SA234-WPB   
24  FITTING         0.9  8"" X 3"" STD REDUCING WELD TEE, SA234-WPB   

   END_CONNECTIONS END_FINISH ID LENGTH MANUFACTURING_PROCESS MATERIAL_GRADE  \
0              NAN        NAN       NAN                WELDED            WPB   
1              NAN        NAN       NAN                WELDED            WPB   
2              NAN        NAN       NAN                  WELD            WPB   
3              NAN        NAN       NAN                WELDED            WPB   
4              NAN        NAN       NAN                WELDED            WPB   
5              NAN        NAN       NAN                WELDED            WPB   
6              NAN        NAN       NAN                WELDED            WPB   
7              NAN        NAN       NAN                   NAN            WPB   
8              NAN        NAN       NAN                  WELD            WPB   
9              NAN        NAN       NAN                WELDED            WPB   
10             NAN        NAN       NAN                WELDED            WPB   
11             NAN        NAN       NAN                WELDED            WPB   
12             NAN        NAN       NAN                WELDED            WPB   
13       BUTT WELD        NAN       NAN                   NAN            WPB   
14       BUTT WELD        NAN       NAN                   NAN            WPB   
15             NAN        NAN       NAN                WELDED            WPB   
16             NAN        NAN       NAN                  WELD            WPB   
17       BUTT WELD        NAN       NAN                   NAN            WPB   
18             NAN        NAN       NAN                  WELD            WPB   
19       BUTT WELD        NAN       NAN                   NAN            WPB   
20       BUTT WELD        NAN       NAN                   NAN            WPB   
21       BUTT WELD        NAN       NAN                   NAN            WPB   
22       BUTT WELD        NAN       NAN                   NAN            WPB   
23             NAN        NAN       NAN                  WELD            WPB   
24       BUTT WELD        NAN       NAN                   NAN            WPB   

   MATERIAL_NAME  ... PRIMARY_SIZE PRIMARY_WALL    PRODUCT_CODE  \
0   CARBON STEEL  ...          8.0                     IWTE080S   
1   CARBON STEEL  ...          8.0                     LWTE080S   
2   CARBON STEEL  ...          8.0                     WWTE080S   
3   CARBON STEEL  ...          8.0                    ISWTE080S   
4   CARBON STEEL  ...          8.0                      WTE080S   
5   CARBON STEEL  ...          8.0                      WTE080S   
6   CARBON STEEL  ...          8.0                     LWTE080S   
7   CARBON STEEL  ...          8.0                    ISWTE080S   
8   CARBON STEEL  ...          8.0                     IWTE080S   
9   CARBON STEEL  ...          8.0                     WWTE080S   
10  CARBON STEEL  ...          8.0                    IWTE080SA   
11  CARBON STEEL  ...          8.0                  KWTE080SSKB   
12  CARBON STEEL  ...          8.0                   IWTE080STM   
13  CARBON STEEL  ...          8.0                   WRT080030S   
14  CARBON STEEL  ...          8.0                  KWRT080030S   
15  CARBON STEEL  ...          8.0                   IWTE080SVT   
16  CARBON STEEL  ...          8.0                  IWRT080060S   
17  CARBON STEEL  ...          8.0                  LWRT080060S   
18  CARBON STEEL  ...          8.0                   WRT080060S   
19  CARBON STEEL  ...          8.0                   WRT080060S   
20  CARBON STEEL  ...          8.0               IWRT080060SSKB   
21  CARBON STEEL  ...          8.0                  IWRT080060S   
22  CARBON STEEL  ...          8.0                  WWRT080060S   
23  CARBON STEEL  ...          8.0                  IWRT080030S   
24  CARBON STEEL  ...          8.0                  IWRT080030S   

   REDUCING_SCHEDULE REDUCING_SIZE REDUCING_WALL TRIM          TYPE  \
0                NAN           NAN                NAN           TEE   
1                NAN           NAN                NAN           TEE   
2                NAN           NAN                NAN           TEE   
3                NAN           NAN                NAN           TEE   
4                NAN           NAN                NAN           TEE   
5                NAN           NAN                NAN  STRAIGHT TEE   
6                NAN           NAN                NAN           TEE   
7                NAN           NAN                NAN  STRAIGHT TEE   
8                NAN           NAN                NAN           TEE   
9                NAN           NAN                NAN           TEE   
10               NAN           NAN                NAN           TEE   
11               NAN           NAN                NAN           TEE   
12               NAN           NAN                NAN           TEE   
13               NAN             3                NAN  REDUCING TEE   
14               NAN             3                NAN  REDUCING TEE   
15               NAN           NAN                NAN           TEE   
16               NAN             6                NAN  REDUCING TEE   
17               NAN             6                NAN  REDUCING TEE   
18               NAN             6                NAN  REDUCING TEE   
19               NAN             6                NAN  REDUCING TEE   
20               NAN             6                NAN  REDUCING TEE   
21               NAN             6                NAN  REDUCING TEE   
22               NAN             6                NAN  REDUCING TEE   
23          STANDARD             3                NAN  REDUCING TEE   
24               NAN             3                NAN  REDUCING TEE   

   WALL_THICKNESS     score  
0                  0.895394  
1                  0.895394  
2                  0.895394  
3                  0.895394  
4                  0.895394  
5                  0.895394  
6                  0.895394  
7                  0.895394  
8                  0.895394  
9                  0.895394  
10                 0.895394  
11                 0.895394  
12                 0.895394  
13                 0.893405  
14                 0.893405  
15                 0.892543  
16                 0.888903  
17                 0.888903  
18                 0.888903  
19                 0.888903  
20                 0.888903  
21                 0.888903  
22                 0.888903  
23                 0.888646  
24                 0.888646  

[25 rows x 25 columns]",0,EXCELLENT
50,"J75513 EL6,90,SR,SCH40S,SMLS,ASTM A403 GR.WP304L","6"" STD SR 90 WELD ELL, SA403-WP304L",True,50,0,18.94888230000015,"   CATEGORY  CONFIDENCE                               DESCRIPTION  \
0   FITTING         0.9       6"" STD SR 90 WELD ELL, SA403-WP304L   
1   FITTING         0.9       6"" STD SR 90 WELD ELL, SA403-WP304L   
2      PIPE         0.9     6"" S-10S .134W SMLS PIPE SA312 TP1.0L   
3      PIPE         0.9     6"" S-10S .134W SMLS PIPE SA312 TP1.0L   
4   FITTING         0.9       6"" STD LR 90 WELD ELL, SA403-WP304L   
5   FITTING         0.9       6"" STD LR 90 WELD ELL, SA403-WP304L   
6   FITTING         0.9       6"" STD LR 90 WELD ELL, SA403-WP304L   
7   FITTING         0.9       6"" STD LR 90 WELD ELL, SA403-WP304L   
8      PIPE         0.9        6"" S-10S .134W WELDED SA312 TP1.0L   
9      PIPE         0.9        6"" S-10S .134W WELDED SA312 TP1.0L   
10     PIPE         0.9        6"" S-10S .134W WELDED SA312 TP1.0L   
11     PIPE         0.9        6"" S-10S .134W WELDED SA312 TP1.0L   
12     PIPE         0.9        6"" S-10S .134W WELDED SA312 TP1.0L   
13     PIPE         0.9  6"" S-10 .134W SEAMLESS PIPE SA312 TP304L   
14     PIPE         0.9  6"" S-10 .134W SEAMLESS PIPE SA312 TP304L   
15     PIPE         0.9    6"" X 4"" STD A106B SMLS NIPPLE GRV X PE   
16     PIPE         0.9    6"" X 4"" STD A106B SMLS NIPPLE GRV X PE   
17  FITTING         0.9             6"" S-10 LR 45 WELD ELL, 304SS   
18  FITTING         0.9             6"" S-10 LR 45 WELD ELL, 304SS   
19     PIPE         0.9           6"" XH .432W WELDED SA312 TP1.0L   
20     PIPE         0.9           6"" XH .432W WELDED SA312 TP1.0L   
21     PIPE         0.9           6"" XH .432W WELDED SA312 TP1.0L   
22  FITTING         0.9          6"" XH SR 90 WELD ELL, SA420-WPL6   
23  FITTING         0.9          6"" XH SR 90 WELD ELL, SA420-WPL6   
24  FITTING         0.9          6"" XH SR 90 WELD ELL, SA420-WPL6   

        END_CONNECTIONS END_FINISH ID LENGTH MANUFACTURING_PROCESS  \
0             BUTT WELD        NAN       NAN                   NAN   
1             BUTT WELD  BUTT WELD       NAN                   NAN   
2                   NAN        NAN       NAN                  SMLS   
3                   NAN        NAN       NAN                  SMLS   
4             BUTT WELD        NAN       NAN                   NAN   
5                    BW  BUTT WELD       NAN                   NAN   
6             BUTT WELD        NAN       NAN                   NAN   
7             BUTT WELD        NAN       NAN                   NAN   
8                   NAN  PLAIN END       NAN                WELDED   
9                   NAN        NAN       NAN                WELDED   
10                  NAN        NAN       NAN                WELDED   
11                  NAN        NAN       NAN                WELDED   
12                  NAN        NAN       NAN                WELDED   
13                  NAN        NAN       NAN              SEAMLESS   
14                  NAN        NAN       NAN              SEAMLESS   
15   GROOVE X PLAIN END        NAN       NAN              SEAMLESS   
16  GROOVED X PLAIN END        NAN       NAN              SEAMLESS   
17                  NAN        NAN       NAN                WELDED   
18            BUTT WELD        NAN       NAN                WELDED   
19                  NAN        NAN       NAN                WELDED   
20                  NAN        NAN       NAN                WELDED   
21                  NAN        NAN       NAN                WELDED   
22                   BW  BUTT WELD       NAN                   NAN   
23            BUTT WELD         BW       NAN                   NAN   
24            BUTT WELD       WELD       NAN                   NAN   

   MATERIAL_GRADE    MATERIAL_NAME  ... PRIMARY_SIZE PRIMARY_WALL  \
0          WP304L  STAINLESS STEEL  ...          6.0                
1          WP304L  STAINLESS STEEL  ...          6.0                
2          TP1.0L  STAINLESS STEEL  ...          6.0                
3          TP1.0L  STAINLESS STEEL  ...          6.0                
4          WP304L  STAINLESS STEEL  ...          6.0                
5          WP304L  STAINLESS STEEL  ...          6.0                
6          WP304L  STAINLESS STEEL  ...          6.0                
7          WP304L  STAINLESS STEEL  ...          6.0                
8            1.0L  STAINLESS STEEL  ...          6.0                
9          TP1.0L  STAINLESS STEEL  ...          6.0                
10         TP1.0L  STAINLESS STEEL  ...          6.0                
11         TP1.0L  STAINLESS STEEL  ...          6.0                
12         TP1.0L  STAINLESS STEEL  ...          6.0                
13         TP304L  STAINLESS STEEL  ...          6.0                
14         TP304L  STAINLESS STEEL  ...          6.0                
15              B     CARBON STEEL  ...          6.0                
16              B     CARBON STEEL  ...          6.0                
17            304  STAINLESS STEEL  ...          6.0                
18            304  STAINLESS STEEL  ...          6.0                
19         TP1.0L  STAINLESS STEEL  ...          6.0                
20         TP1.0L  STAINLESS STEEL  ...          6.0                
21         TP1.0L  STAINLESS STEEL  ...          6.0                
22           WPL6     CARBON STEEL  ...          6.0                
23           WPL6     CARBON STEEL  ...          6.0                
24           WPL6     CARBON STEEL  ...          6.0                

   PRODUCT_CODE REDUCING_SCHEDULE REDUCING_SIZE REDUCING_WALL TRIM  \
0     IWS94060S               NAN           NAN                NAN   
1     IWS94060S               NAN           NAN                NAN   
2      IPS60601               NAN           NAN                NAN   
3      IPS60601               NAN           NAN                NAN   
4     IWL94060S               NAN           NAN                NAN   
5     IWL94060S               NAN           NAN                NAN   
6     SWL94060S               NAN           NAN                NAN   
7     SWL94060S               NAN           NAN                NAN   
8      PE406001               NAN           NAN                NAN   
9      PE606001               NAN           NAN                NAN   
10     PE406001               NAN           NAN                NAN   
11     PE606001               NAN           NAN                NAN   
12    IPE406001               NAN           NAN                NAN   
13    SPS406010               NAN           NAN                NAN   
14    SPS406010               NAN           NAN                NAN   
15    VNS060040               NAN             4                NAN   
16    VNS060040               NAN             4                NAN   
17   IWL4406001               NAN           NAN                NAN   
18   IWL4406001               NAN           NAN                NAN   
19     PE6060XH               NAN           NAN                NAN   
20     PE4060XH               NAN           NAN                NAN   
21    SPE4060XH               NAN           NAN                NAN   
22    IWS96060X               NAN           NAN                NAN   
23    SWS96060X               NAN           NAN                NAN   
24    IWS96060X               NAN           NAN                NAN   

                        TYPE WALL_THICKNESS     score  
0      SHORT RADIUS ELBOW 90                 0.879146  
1      SHORT RADIUS 90 ELBOW                 0.879146  
2                   SEAMLESS                 0.877259  
3              SEAMLESS PIPE                 0.877259  
4       LONG RADIUS 90 ELBOW                 0.875884  
5       LONG RADIUS 90 ELBOW                 0.875884  
6       LONG RADIUS 90 ELBOW                 0.875884  
7       LONG RADIUS 90 ELBOW                 0.875884  
8                     WELDED                 0.875577  
9                WELDED PIPE                 0.875577  
10                    WELDED                 0.875577  
11                    WELDED                 0.875577  
12                    WELDED                 0.875577  
13             SEAMLESS PIPE                 0.867810  
14             SEAMLESS PIPE                 0.867810  
15                    NIPPLE                 0.866056  
16                    NIPPLE                 0.866056  
17               ELBOW 45 LR                 0.865611  
18      LONG RADIUS 45 ELBOW                 0.865611  
19                    WELDED                 0.862992  
20                    WELDED                 0.862992  
21                    WELDED                 0.862992  
22  SHORT RADIUS ELBOW 90DEG                 0.862330  
23     SHORT RADIUS 90 ELBOW                 0.862330  
24     SHORT RADIUS 90 ELBOW                 0.862330  

[25 rows x 25 columns]",0,EXCELLENT
51,"18"" 300 RFWN FLANGE S/60 BORE A/SA350-LF2 CL. 1","18"" 150 RF WELD NECK FLANGE STD BORE, SA350-LF2 CL1",True,51,22,23.750723299999663,"   CATEGORY  CONFIDENCE                                          DESCRIPTION  \
0    FLANGE         1.0              18"" 600 RF BLIND FLANGE, SA350-LF2 CL 1   
1    FLANGE         0.9              18"" 600 RF BLIND FLANGE, SA350-LF2 CL 1   
2    FLANGE         1.0              18"" 150 RF BLIND FLANGE, SA350-LF2 CL 1   
3    FLANGE         1.0              18"" 150 RF BLIND FLANGE, SA350-LF2 CL 1   
4    FLANGE         0.9               18"" 150 RF BLIND FLANGE,SA350-LF2 CL 1   
5    FLANGE         0.9   18"" 300 RF WELD NECK FLANGE XH BORE, SA350 LF2 CL1   
6    FLANGE         1.0            18"" 150 RF SLIP ON FLANGE, SA350-LF2 CL 1   
7    FLANGE         1.0            18"" 150 RF SLIP ON FLANGE, SA350-LF2 CL 1   
8    FLANGE         0.9   18"" 150 RF WELD NECK FLANGE XH BORE, SA350-LF2 CL1   
9    FLANGE         1.0                      18"" 300 RF BLIND FLANGE, SA105N   
10   FLANGE         0.9                       18"" 300 RF BLIND FLANGE, SA105   
11   FLANGE         0.9                       18"" 300 RF BLIND FLANGE, SA105   
12   FLANGE         0.9                       18"" 300 RF BLIND FLANGE, SA105   
13   FLANGE         1.0                       18"" 300 RF BLIND FLANGE, SA105   
14   FLANGE         0.9                      18"" 600 RF BLIND FLANGE, SA105N   
15   FLANGE         0.9                      18"" 600 RF BLIND FLANGE, SA105N   
16   FLANGE         0.9                      18"" 600 RF BLIND FLANGE, SA105N   
17   FLANGE         1.0                      18"" 600 RF BLIND FLANGE, SA105N   
18   FLANGE         1.0                      18"" 600 RF BLIND FLANGE, SA105N   
19   FLANGE         1.0                      18"" 600 RF BLIND FLANGE, SA105N   
20   FLANGE         1.0                      18"" 600 RF BLIND FLANGE, SA105N   
21   FLANGE         1.0                      18"" 600 RF BLIND FLANGE, SA105N   
22   FLANGE         0.9  18"" 150 RF WELD NECK FLANGE STD BORE, SA350-LF2 CL1   
23   FLANGE         0.9        18"" 600 RF WELD NECK FLANGE S-80 BORE, SA105N   
24   FLANGE         0.9        18"" 600 RF WELD NECK FLANGE S-80 BORE, SA105N   

   END_CONNECTIONS   END_FINISH ID LENGTH MANUFACTURING_PROCESS  \
0              NAN           RF       NAN                   NAN   
1              NAN  RAISED FACE       NAN                   NAN   
2              NAN  RAISED FACE       NAN                   NAN   
3              NAN           RF       NAN                   NAN   
4              NAN           RF       NAN                   NAN   
5              NAN  RAISED FACE       NAN                   NAN   
6              NAN  RAISED FACE       NAN                   NAN   
7              NAN  RAISED FACE       NAN                   NAN   
8              NAN  RAISED FACE       NAN                   NAN   
9              NAN  RAISED FACE       NAN                   NAN   
10             NAN  RAISED FACE       NAN                   NAN   
11             NAN  RAISED FACE       NAN                   NAN   
12             NAN  RAISED FACE       NAN                   NAN   
13             NAN  RAISED FACE       NAN                   NAN   
14             NAN  RAISED FACE       NAN                   NAN   
15             NAN           RF       NAN                   NAN   
16             NAN  RAISED FACE       NAN                   NAN   
17             NAN           RF       NAN                   NAN   
18             NAN  RAISED FACE       NAN                   NAN   
19             NAN  RAISED FACE       NAN                   NAN   
20             NAN           RF       NAN                   NAN   
21             NAN  RAISED FACE       NAN                   NAN   
22             NAN  RAISED FACE       NAN                   NAN   
23             NAN  RAISED FACE       NAN                   NAN   
24             NAN  RAISED FACE       NAN                   NAN   

   MATERIAL_GRADE MATERIAL_NAME  ... PRIMARY_SIZE PRIMARY_WALL  \
0             LF2  CARBON STEEL  ...         18.0                
1             LF2  CARBON STEEL  ...         18.0                
2             LF2  CARBON STEEL  ...         18.0                
3             LF2  CARBON STEEL  ...         18.0                
4             LF2  CARBON STEEL  ...         18.0                
5         LF2 CL1  CARBON STEEL  ...         18.0                
6             LF2  CARBON STEEL  ...         18.0                
7             LF2  CARBON STEEL  ...         18.0                
8             LF2  CARBON STEEL  ...         18.0                
9               N  CARBON STEEL  ...         18.0                
10            NAN  CARBON STEEL  ...         18.0                
11            NAN  CARBON STEEL  ...         18.0                
12            NAN  CARBON STEEL  ...         18.0                
13            NAN  CARBON STEEL  ...         18.0                
14              N  CARBON STEEL  ...         18.0                
15              N  CARBON STEEL  ...         18.0                
16              N  CARBON STEEL  ...         18.0                
17              N  CARBON STEEL  ...         18.0                
18              N  CARBON STEEL  ...         18.0                
19              N  CARBON STEEL  ...         18.0                
20              N  CARBON STEEL  ...         18.0                
21              N  CARBON STEEL  ...         18.0                
22            LF2  CARBON STEEL  ...         18.0                
23              N  CARBON STEEL  ...         18.0                
24              N  CARBON STEEL  ...         18.0                

      PRODUCT_CODE REDUCING_SCHEDULE REDUCING_SIZE REDUCING_WALL TRIM  \
0       FBDL061801               NAN           NAN                NAN   
1       FBDL061801               NAN           NAN                NAN   
2       FBDL011801               NAN           NAN                NAN   
3       FBDL011801               NAN           NAN                NAN   
4    IFBDL011801MF               NAN           NAN                NAN   
5    IFWNL031801XA               NAN           NAN                NAN   
6       FSOL011801               NAN           NAN                NAN   
7    IFSOL011801MF               NAN           NAN                NAN   
8      FWNL011801X               NAN           NAN                NAN   
9     IFBD031801NA               NAN           NAN                NAN   
10     ISFBD031801               NAN           NAN                NAN   
11    FBD031801BTX               NAN           NAN                NAN   
12       FBD031801               NAN           NAN                NAN   
13    FBD031801BTX               NAN           NAN                NAN   
14    FBD061801BTX               NAN           NAN                NAN   
15       FBD061801               NAN           NAN                NAN   
16     ISFBD061801               NAN           NAN                NAN   
17      IFBD061801               NAN           NAN                NAN   
18       FBD061801               NAN           NAN                NAN   
19    FBD061801BTX               NAN           NAN                NAN   
20     ISFBD061801               NAN           NAN                NAN   
21      IFBD061801               NAN           NAN                NAN   
22     FWNL011801S               NAN           NAN                NAN   
23  FWN061801S8BTX               NAN           NAN                NAN   
24     FWN061801S8               NAN           NAN                NAN   

         TYPE WALL_THICKNESS     score  
0       BLIND                 0.951267  
1       BLIND                 0.951267  
2       BLIND                 0.947026  
3       BLIND                 0.947026  
4       BLIND                 0.946915  
5   WELD NECK                 0.937970  
6     SLIP ON                 0.935315  
7     SLIP ON                 0.935315  
8   WELD NECK                 0.932386  
9       BLIND                 0.925880  
10      BLIND                 0.922940  
11      BLIND                 0.922940  
12      BLIND                 0.922940  
13      BLIND                 0.922940  
14      BLIND                 0.922818  
15      BLIND                 0.922818  
16      BLIND                 0.922818  
17      BLIND                 0.922818  
18      BLIND                 0.922818  
19      BLIND                 0.922818  
20      BLIND                 0.922818  
21      BLIND                 0.922818  
22  WELD NECK                 0.922760  
23  WELD NECK                 0.921128  
24  WELD NECK                 0.921128  

[25 rows x 25 columns]",0,EXCELLENT
52,"8-LR45X-ELBOW,LR45,8,XH","8"" XH LR 45WELD ELL, SA234-WPB",True,52,0,20.96157850000054,"   CATEGORY  CONFIDENCE                                 DESCRIPTION  \
0   FITTING         0.9              8"" XH LR 45WELD ELL, SA234-WPB   
1   FITTING         0.9              8"" XH LR 45WELD ELL, SA234-WPB   
2   FITTING         0.9              8"" XH LR 45WELD ELL, SA234-WPB   
3   FITTING         0.9              8"" XH LR 45WELD ELL, SA234-WPB   
4   FITTING         0.9              8"" XH LR 45WELD ELL, SA234-WPB   
5   FITTING         0.9              8"" XH LR 45WELD ELL, SA234-WPB   
6   FITTING         0.9                8"" XH LR 90 WELD ELL WPH-Y52   
7   FITTING         0.9                8"" XH LR 90 WELD ELL WPH-Y52   
8   FITTING         0.9             8"" XH LR 45 WELD ELL, SA234-WPB   
9   FITTING         0.9             8"" XH LR 45 WELD ELL, SA234-WPB   
10  FITTING         0.9             8"" XH LR 45 WELD ELL, SA234-WPB   
11  FITTING         0.9             8"" XH LR 45 WELD ELL, SA234-WPB   
12  FITTING         0.9              8"" XH LR 45 WELD ELL SA234-WPB   
13  FITTING         0.9              8"" XH LR 45 WELD ELL SA234-WPB   
14     PIPE         0.9       8"" .188W SA53-B ERW X 46"" LG. SQ. CUT   
15     PIPE         0.9       8"" .188W SA53-B ERW X 46"" LG. SQ. CUT   
16     PIPE         0.9  8"" .188W SA53-B ERW X 57-0.875"" LG SQ. CUT   
17     PIPE         0.9  8"" .188W SA53-B ERW X 57-0.875"" LG SQ. CUT   
18  FITTING         0.9            8"" S-60 LR 45WELD ELL, SA234-WPB   
19     PIPE         0.9  8"" .188W SA53-B ERW X 69-0.875"" LG SQ. CUT   
20     PIPE         0.9  8"" .188W SA53-B ERW X 69-0.875"" LG SQ. CUT   
21     PIPE         0.9     8"" .188W SA53-B ERW X 29-0.438"" LG, CTL   
22     PIPE         0.9     8"" .188W SA53-B ERW X 29-0.438"" LG, CTL   
23  FITTING         0.9             8"" STD LR 45WELD ELL, SA234-WPB   
24  FITTING         0.9             8"" STD LR 45WELD ELL, SA234-WPB   

   END_CONNECTIONS  END_FINISH ID   LENGTH MANUFACTURING_PROCESS  \
0        BUTT WELD          BW         NAN                   NAN   
1        BUTT WELD          BW         NAN                   NAN   
2        BUTT WELD         NAN         NAN                   NAN   
3        BUTT WELD         NAN         NAN                   NAN   
4        BUTT WELD          BW         NAN                   NAN   
5        BUTT WELD          BW         NAN                   NAN   
6               BW   BUTT WELD         NAN                   NAN   
7        BUTT WELD   BUTT WELD         NAN                   NAN   
8               BW         NAN         NAN                   NAN   
9        BUTT WELD         NAN         NAN                   NAN   
10       BUTT WELD         NAN         NAN                   NAN   
11              BW   BUTT WELD         NAN                   NAN   
12              BW   BUTT WELD         NAN                   NAN   
13       BUTT WELD          BW         NAN                   NAN   
14             NAN  SQUARE CUT          46                   ERW   
15             NAN  SQUARE CUT          46                   ERW   
16             NAN  SQUARE CUT      57.875                   ERW   
17             NAN  SQUARE CUT      57.875                   ERW   
18       BUTT WELD          BW         NAN                   NAN   
19             NAN  SQUARE CUT      69.875                   ERW   
20             NAN  SQUARE CUT      69.875                   ERW   
21             NAN         CTL     29.4375                   ERW   
22             NAN         CTL     29.4375                   ERW   
23       BUTT WELD         NAN         NAN                   NAN   
24       BUTT WELD        WELD         NAN                   NAN   

   MATERIAL_GRADE MATERIAL_NAME  ... PRIMARY_SIZE PRIMARY_WALL PRODUCT_CODE  \
0             WPB  CARBON STEEL  ...          8.0                  IWL4080X   
1             WPB  CARBON STEEL  ...          8.0                  IWL4080X   
2             WPB  CARBON STEEL  ...          8.0                 IWL4080XA   
3             WPB  CARBON STEEL  ...          8.0                IWL4080XTM   
4             WPB  CARBON STEEL  ...          8.0                 IWL4080XA   
5             WPB  CARBON STEEL  ...          8.0                IWL4080XTM   
6          WPHY52    HIGH YIELD  ...          8.0                 WL952080X   
7          WPHY52    HIGH YIELD  ...          8.0                 WL952080X   
8             WPB  CARBON STEEL  ...          8.0               KWL4080XSKB   
9             WPB  CARBON STEEL  ...          8.0                   WL4080X   
10            WPB  CARBON STEEL  ...          8.0               KWL4080XSKB   
11            WPB  CARBON STEEL  ...          8.0                   WL4080X   
12            WPB  CARBON STEEL  ...          8.0                  WWL4080X   
13            WPB  CARBON STEEL  ...          8.0                  WWL4080X   
14              B  CARBON STEEL  ...          8.0                     DT804   
15              B  CARBON STEEL  ...          8.0                     DT804   
16              B  CARBON STEEL  ...          8.0                     HX805   
17              B  CARBON STEEL  ...          8.0                     HX805   
18            WPB  CARBON STEEL  ...          8.0                 IWL408006   
19              B  CARBON STEEL  ...          8.0                     HX806   
20              B  CARBON STEEL  ...          8.0                     HX806   
21              B  CARBON STEEL  ...          8.0                 PIPE13941   
22              B  CARBON STEEL  ...          8.0                 PIPE13941   
23            WPB  CARBON STEEL  ...          8.0                IWL4080SCI   
24            WPB  CARBON STEEL  ...          8.0                  IWL4080S   

   REDUCING_SCHEDULE REDUCING_SIZE REDUCING_WALL TRIM                  TYPE  \
0                NAN           NAN                NAN  LONG RADIUS ELBOW 45   
1                NAN           NAN                NAN  LONG RADIUS 45 ELBOW   
2                NAN           NAN                NAN  LONG RADIUS 45 ELBOW   
3                NAN           NAN                NAN  LONG RADIUS 45 ELBOW   
4                NAN           NAN                NAN  LONG RADIUS 45 ELBOW   
5                NAN           NAN                NAN  LONG RADIUS 45 ELBOW   
6                NAN           NAN                NAN  LONG RADIUS 90 ELBOW   
7                NAN           NAN                NAN  LONG RADIUS 90 ELBOW   
8                NAN           NAN                NAN  LONG RADIUS 45 ELBOW   
9                NAN           NAN                NAN  LONG RADIUS 45 ELBOW   
10               NAN           NAN                NAN  LONG RADIUS 45 ELBOW   
11               NAN           NAN                NAN  LONG RADIUS 45 ELBOW   
12               NAN           NAN                NAN  LONG RADIUS 45 ELBOW   
13               NAN           NAN                NAN  LONG RADIUS 45 ELBOW   
14               NAN           NAN                NAN              ERW PIPE   
15               NAN           NAN                NAN                   ERW   
16               NAN           NAN                NAN                   ERW   
17               NAN           NAN                NAN              ERW PIPE   
18               NAN           NAN                NAN  LONG RADIUS 45 ELBOW   
19               NAN           NAN                NAN                   ERW   
20               NAN           NAN                NAN              ERW PIPE   
21               NAN           NAN                NAN                   ERW   
22               NAN           NAN                NAN              ERW PIPE   
23               NAN           NAN                NAN  LONG RADIUS 45 ELBOW   
24               NAN           NAN                NAN  LONG RADIUS 45 ELBOW   

   WALL_THICKNESS     score  
0                  0.900506  
1                  0.900506  
2                  0.900506  
3                  0.900506  
4                  0.900506  
5                  0.900506  
6                  0.896296  
7                  0.896296  
8                  0.893933  
9                  0.893933  
10                 0.893933  
11                 0.893933  
12                 0.890086  
13                 0.890086  
14                 0.884051  
15                 0.884051  
16                 0.880781  
17                 0.880781  
18                 0.878909  
19                 0.878503  
20                 0.878503  
21                 0.877935  
22                 0.877935  
23                 0.877650  
24                 0.877650  

[25 rows x 25 columns]",0,EXCELLENT
53,"STD WALL ASTM A53 GR. A OR B TYPE F 8""","8"" STD .322WAPI-5L GR-B/X42/SA53-B ERW PIPE",True,53,25,26.207020199999533,"   CATEGORY  CONFIDENCE  \
0      PIPE         0.9   
1      PIPE         0.9   
2      PIPE         0.9   
3      PIPE         0.9   
4      PIPE         0.9   
5      PIPE         0.9   
6      PIPE         0.9   
7      PIPE         0.9   
8      PIPE         0.9   
9      PIPE         0.9   
10     PIPE         0.9   
11     PIPE         0.9   
12     PIPE         0.9   
13     PIPE         0.9   
14     PIPE         0.9   
15     PIPE         0.9   
16     PIPE         0.9   
17     PIPE         0.9   
18     PIPE         0.9   
19     PIPE         0.9   
20     PIPE         0.9   
21     PIPE         0.9   
22     PIPE         0.9   
23     PIPE         0.9   
24     PIPE         0.9   

                                                                         DESCRIPTION  \
0   8"" STD .322W ASTM/ASME/SA333 GRADE-6/SA53B/API5L/X42/SA106B/C/PSL2 SEAMLESS PIPE   
1   8"" STD .322W ASTM/ASME/SA333 GRADE-6/SA53B/API5L/X42/SA106B/C/PSL2 SEAMLESS PIPE   
2   8"" STD .322W ASTM/ASME/SA333 GRADE-6/SA53B/API5L/X42/SA106B/C/PSL2 SEAMLESS PIPE   
3   8"" STD .322W ASTM/ASME/SA333 GRADE-6/SA53B/API5L/X42/SA106B/C/PSL2 SEAMLESS PIPE   
4                                           8"" STD .322W SA53-B/API-5LB/X52 ERW PIPE   
5                                           8"" STD .322W SA53-B/API-5LB/X52 ERW PIPE   
6              8"" STD .322W ASTM/ASME/SA53B/API5L/X42/SA106B/C SEAMLESS PIPE (SPAIN)   
7              8"" STD .322W ASTM/ASME/SA53B/API5L/X42/SA106B/C SEAMLESS PIPE (SPAIN)   
8                      8"" STD .322W ASTM/ASME/SA53B/API5L/X42/SA106B/C SEAMLESS PIPE   
9                      8"" STD .322W ASTM/ASME/SA53B/API5L/X42/SA106B/C SEAMLESS PIPE   
10                     8"" STD .322W ASTM/ASME/SA53B/API5L/X42/SA106B/C SEAMLESS PIPE   
11                     8"" STD .322W ASTM/ASME/SA53B/API5L/X42/SA106B/C SEAMLESS PIPE   
12                     8"" STD .322W ASTM/ASME/SA53B/API5L/X42/SA106B/C SEAMLESS PIPE   
13                     8"" STD .322W ASTM/ASME/SA53B/API5L/X42/SA106B/C SEAMLESS PIPE   
14                     8"" STD .322W ASTM/ASME/SA53B/API5L/X42/SA106B/C SEAMLESS PIPE   
15                     8"" STD .322W ASTM/ASME/SA53B/API5L/X42/SA106B/C SEAMLESS PIPE   
16                     8"" STD .322W ASTM/ASME/SA53B/API5L/X42/SA106B/C SEAMLESS PIPE   
17                     8"" STD .322W ASTM/ASME/SA53B/API5L/X42/SA106B/C SEAMLESS PIPE   
18                     8"" STD .322W ASTM/ASME/SA53B/API5L/X42/SA106B/C SEAMLESS PIPE   
19                     8"" STD .322W ASTM/ASME/SA53B/API5L/X42/SA106B/C SEAMLESS PIPE   
20                     8"" STD .322W ASTM/ASME/SA53B/API5L/X42/SA106B/C SEAMLESS PIPE   
21                   8"" STD .322W SA53-B/API-5LB/X52 ERW PIPE 14-16 MIL FBE (COATED)   
22                   8"" STD .322W SA53-B/API-5LB/X52 ERW PIPE 14-16 MIL FBE (COATED)   
23                                      8"" STD .322W SA53-B ERW X 20-0.562"" CTL, BBE   
24                                      8"" STD .322W SA53-B ERW X 20-0.562"" CTL, BBE   

   END_CONNECTIONS  END_FINISH ID   LENGTH MANUFACTURING_PROCESS  \
0              NAN         NAN         NAN              SEAMLESS   
1              NAN   PLAIN END         NAN              SEAMLESS   
2              NAN         NAN         NAN                  SMLS   
3              NAN         NAN         NAN              SEAMLESS   
4              NAN         NAN         NAN                   ERW   
5              NAN         NAN         NAN                   ERW   
6              NAN         NAN         NAN                  SMLS   
7              NAN         NAN         NAN              SEAMLESS   
8              NAN         NAN         NAN                  SMLS   
9              NAN         NAN         NAN                  SMLS   
10             NAN         NAN         NAN              SEAMLESS   
11             NAN         NAN         NAN              SEAMLESS   
12             NAN         NAN         NAN                  SMLS   
13             NAN          PE         NAN                  SMLS   
14             NAN   PLAIN END         NAN              SEAMLESS   
15             NAN         NAN         NAN                  SMLS   
16             NAN         NAN         NAN              SEAMLESS   
17             NAN         NAN         NAN                  SMLS   
18             NAN         NAN         NAN                  SMLS   
19             NAN         NAN         NAN              SEAMLESS   
20             NAN         NAN         NAN              SEAMLESS   
21             NAN         FBE         NAN                   ERW   
22             NAN  FBE COATED         NAN                   ERW   
23             NAN         BBE     20.5625                   ERW   
24             NAN         BBE     20.5625                   ERW   

     MATERIAL_GRADE MATERIAL_NAME  ... PRIMARY_SIZE PRIMARY_WALL  \
0       GR6/B/X42/B  CARBON STEEL  ...          8.0                
1   GRADE-6/X42/B/C  CARBON STEEL  ...          8.0                
2       GR6/B/X42/B  CARBON STEEL  ...          8.0                
3   GRADE 6/B/X42/B  CARBON STEEL  ...          8.0                
4               X52  CARBON STEEL  ...          8.0                
5               X52  CARBON STEEL  ...          8.0                
6               X42  CARBON STEEL  ...          8.0                
7               X42  CARBON STEEL  ...          8.0                
8               X42  CARBON STEEL  ...          8.0                
9               X42  CARBON STEEL  ...          8.0                
10              X42  CARBON STEEL  ...          8.0                
11              X42  CARBON STEEL  ...          8.0                
12              X42  CARBON STEEL  ...          8.0                
13              X42  CARBON STEEL  ...          8.0                
14              X42  CARBON STEEL  ...          8.0                
15              X42  CARBON STEEL  ...          8.0                
16              X42  CARBON STEEL  ...          8.0                
17              X42  CARBON STEEL  ...          8.0                
18              X42  CARBON STEEL  ...          8.0                
19              X42  CARBON STEEL  ...          8.0                
20              X42  CARBON STEEL  ...          8.0                
21              X52  CARBON STEEL  ...          8.0                
22              X52  CARBON STEEL  ...          8.0                
23                B  CARBON STEEL  ...          8.0                
24                B  CARBON STEEL  ...          8.0                

      PRODUCT_CODE REDUCING_SCHEDULE REDUCING_SIZE REDUCING_WALL TRIM  \
0   SIPA3/B080STAM               NAN           NAN                NAN   
1    IPA3/B080STAM               NAN           NAN                NAN   
2   SIPA3/B080STAM               NAN           NAN                NAN   
3    IPA3/B080STAM               NAN           NAN                NAN   
4        PE080ST52               NAN           NAN                NAN   
5       SPE080ST52               NAN           NAN                NAN   
6       IPA080STTR               NAN           NAN                NAN   
7       IPA080STTR               NAN           NAN                NAN   
8   IPA080STAM-SRL               NAN           NAN                NAN   
9      SIPA080STTM               NAN           NAN                NAN   
10       IPA080STK               NAN           NAN                NAN   
11     SIPA080STTM               NAN           NAN                NAN   
12      IPA080STTM               NAN           NAN                NAN   
13  IPA080STAM-SRL               NAN           NAN                NAN   
14      IPA080STTM               NAN           NAN                NAN   
15       IPA080STK               NAN           NAN                NAN   
16      IPA080STVB               NAN           NAN                NAN   
17     SIPA080STVB               NAN           NAN                NAN   
18      IPA080STVB               NAN           NAN                NAN   
19     SIPA080STVB               NAN           NAN                NAN   
20      IPA080STAM               NAN           NAN                NAN   
21    PE080ST52FBE               NAN           NAN                NAN   
22    PE080ST52FBE               NAN           NAN                NAN   
23      SHELL14199               NAN           NAN                NAN   
24      SHELL14199               NAN           NAN                NAN   

             TYPE WALL_THICKNESS     score  
0   SEAMLESS PIPE                 0.911481  
1        SEAMLESS                 0.911481  
2   SEAMLESS PIPE                 0.911481  
3   SEAMLESS PIPE                 0.911481  
4        ERW PIPE                 0.906599  
5        ERW PIPE                 0.906599  
6   SEAMLESS PIPE                 0.904873  
7   SEAMLESS PIPE                 0.904873  
8   SEAMLESS PIPE                 0.904476  
9   SEAMLESS PIPE                 0.904476  
10  SEAMLESS PIPE                 0.904476  
11  SEAMLESS PIPE                 0.904476  
12  SEAMLESS PIPE                 0.904476  
13  SEAMLESS PIPE                 0.904476  
14  SEAMLESS PIPE                 0.904476  
15  SEAMLESS PIPE                 0.904476  
16  SEAMLESS PIPE                 0.904476  
17  SEAMLESS PIPE                 0.904476  
18  SEAMLESS PIPE                 0.904476  
19  SEAMLESS PIPE                 0.904476  
20  SEAMLESS PIPE                 0.904476  
21       ERW PIPE                 0.904288  
22       ERW PIPE                 0.904288  
23       ERW PIPE                 0.903765  
24       ERW PIPE                 0.903765  

[25 rows x 25 columns]",0,EXCELLENT
54,"H23245 EL1,45,LR,S/40S,A403,GR.WP304L","1"" STD LR 45 WELD ELL, A403 WP1.0L",True,54,0,27.214853099999345,"   CATEGORY  CONFIDENCE                              DESCRIPTION  \
0   FITTING         0.9       1"" STD LR 45 WELD ELL, A403 WP1.0L   
1   FITTING         0.9       1"" STD LR 45 WELD ELL, A403 WP1.0L   
2   FITTING         0.9              1"" XH LR 45 WELD ELL,WP304L   
3   FITTING         0.9              1"" XH LR 45 WELD ELL,WP304L   
4   FITTING         0.9           1"" XH LR 45WELD ELL, SA234-WPB   
5   FITTING         0.9           1"" XH LR 45WELD ELL, SA234-WPB   
6   FITTING         0.9          1"" STD LR 45WELD ELL, SA234-WPB   
7   FITTING         0.9          1"" STD LR 45WELD ELL, SA234-WPB   
8   FITTING         0.9          1"" XH LR 45 WELD ELL, SA234-WPB   
9   FITTING         0.9          1"" XH LR 45 WELD ELL, SA234-WPB   
10  FITTING         0.9       1"" XH LR 90 WELD ELL, SA403-WP304L   
11  FITTING         0.9       1"" XH LR 90 WELD ELL, SA403-WP304L   
12  FITTING         0.9       1"" XH LR 90 WELD ELL, SA403-WP304L   
13  FITTING         0.9       1"" XH LR 90 WELD ELL, SA403-WP304L   
14  FITTING         0.9         1"" STD LR 45 WELD ELL, SA234-WPB   
15  FITTING         0.9      1"" S-40 LR 90 WELD ELL, SA403-F316L   
16  FITTING         0.9      1"" S-40 LR 90 WELD ELL, SA403-F316L   
17  FITTING         0.9      1"" STD LR 90 WELD ELL, SA403-WP304L   
18  FITTING         0.9      1"" STD LR 90 WELD ELL, SA403-WP304L   
19  FITTING         0.9    1"" S-160 LR 90 WELD ELL, SA403-WP304L   
20  FITTING         0.9    1"" S-160 LR 90 WELD ELL, SA403-WP304L   
21  FITTING         0.9  1"" XXH LR 45 DEGREE WELD ELL, A420-WPL6   
22  FITTING         0.9  1"" XXH LR 45 DEGREE WELD ELL, A420-WPL6   
23  FITTING         0.9     1"" 3000 FS THRD 45 DEGREE ELL, SA105   
24  FITTING         0.9     1"" 3000 FS THRD 45 DEGREE ELL, SA105   

   END_CONNECTIONS END_FINISH ID LENGTH MANUFACTURING_PROCESS MATERIAL_GRADE  \
0        BUTT WELD        NAN       NAN                   NAN         WP1.0L   
1        BUTT WELD        NAN       NAN                   NAN         WP1.0L   
2        BUTT WELD        NAN       NAN                   NAN           304L   
3        BUTT WELD        NAN       NAN                WELDED           304L   
4        BUTT WELD        NAN       NAN                   NAN            WPB   
5              NAN        NAN       NAN                  WELD            WPB   
6        BUTT WELD        NAN       NAN                   NAN            WPB   
7              NAN        NAN       NAN                WELDED            WPB   
8        BUTT WELD       WELD       NAN                   NAN            WPB   
9        BUTT WELD        NAN       NAN                   NAN            WPB   
10              BW        NAN       NAN                   NAN         WP304L   
11             NAN  BUTT WELD       NAN                   NAN         WP304L   
12              BW  BUTT WELD       NAN                   NAN         WP304L   
13       BUTT WELD        NAN       NAN                   NAN         WP304L   
14       BUTT WELD        NAN       NAN                   NAN            WPB   
15       BUTT WELD         BW       NAN                   NAN          F316L   
16       BUTT WELD        NAN       NAN                  WELD          F316L   
17       BUTT WELD        NAN       NAN                   NAN         WP304L   
18       BUTT WELD        NAN       NAN                   NAN         WP304L   
19       BUTT WELD         BW       NAN                   NAN         WP304L   
20       BUTT WELD        NAN       NAN                WELDED         WP304L   
21              BW        NAN       NAN                   NAN           WPL6   
22              BW        NAN       NAN                   NAN           WPL6   
23        THREADED        NAN       NAN                FORGED            NAN   
24        THREADED        NAN       NAN          FORGED STEEL            NAN   

      MATERIAL_NAME  ... PRIMARY_SIZE PRIMARY_WALL PRODUCT_CODE  \
0   STAINLESS STEEL  ...          1.0                 IWL44010S   
1   STAINLESS STEEL  ...          1.0                 IWL44010S   
2   STAINLESS STEEL  ...          1.0                  WL44010X   
3   STAINLESS STEEL  ...          1.0                  WL44010X   
4      CARBON STEEL  ...          1.0                  WWL4010X   
5      CARBON STEEL  ...          1.0                  WWL4010X   
6      CARBON STEEL  ...          1.0                  IWL4010S   
7      CARBON STEEL  ...          1.0                  IWL4010S   
8      CARBON STEEL  ...          1.0                   WL4010X   
9      CARBON STEEL  ...          1.0                   WL4010X   
10  STAINLESS STEEL  ...          1.0                  WL94010X   
11  STAINLESS STEEL  ...          1.0                 IWL94010X   
12  STAINLESS STEEL  ...          1.0                  WL94010X   
13  STAINLESS STEEL  ...          1.0                 IWL94010X   
14     CARBON STEEL  ...          1.0                   WL4010S   
15  STAINLESS STEEL  ...          1.0                IWL9601004   
16  STAINLESS STEEL  ...          1.0                IWL9601004   
17  STAINLESS STEEL  ...          1.0                 IWL94010S   
18  STAINLESS STEEL  ...          1.0                 IWL94010S   
19  STAINLESS STEEL  ...          1.0               SWL94H01016   
20  STAINLESS STEEL  ...          1.0               SWL94H01016   
21     CARBON STEEL  ...          1.0                SWL46010XX   
22     CARBON STEEL  ...          1.0                SWL46010XX   
23     CARBON STEEL  ...          1.0                 SM3T4E010   
24     CARBON STEEL  ...          1.0                 SM3T4E010   

   REDUCING_SCHEDULE REDUCING_SIZE REDUCING_WALL TRIM  \
0                NAN           NAN                NAN   
1                NAN           NAN                NAN   
2                NAN           NAN                NAN   
3                NAN           NAN                NAN   
4                NAN           NAN                NAN   
5                NAN           NAN                NAN   
6                NAN           NAN                NAN   
7                NAN           NAN                NAN   
8                NAN           NAN                NAN   
9                NAN           NAN                NAN   
10               NAN           NAN                NAN   
11               NAN           NAN                NAN   
12               NAN           NAN                NAN   
13               NAN           NAN                NAN   
14               NAN           NAN                NAN   
15               NAN           NAN                NAN   
16               NAN           NAN                NAN   
17               NAN           NAN                NAN   
18               NAN           NAN                NAN   
19               NAN           NAN                NAN   
20               NAN           NAN                NAN   
21               NAN           NAN                NAN   
22               NAN           NAN                NAN   
23               NAN           NAN                NAN   
24               NAN           NAN                NAN   

                           TYPE WALL_THICKNESS     score  
0   45 DEGREE LONG RADIUS ELBOW                 0.889419  
1          LONG RADIUS 45 ELBOW                 0.889419  
2          LONG RADIUS 45 ELBOW                 0.887626  
3          LONG RADIUS 45 ELBOW                 0.887626  
4          LONG RADIUS 45 ELBOW                 0.881527  
5          LONG RADIUS 45 ELBOW                 0.881527  
6          LONG RADIUS 45 ELBOW                 0.876645  
7          LONG RADIUS 45 ELBOW                 0.876645  
8          LONG RADIUS 45 ELBOW                 0.875008  
9          LONG RADIUS 45 ELBOW                 0.875008  
10         LONG RADIUS 90 ELBOW                 0.874731  
11         LONG RADIUS ELBOW 90                 0.874731  
12         LONG RADIUS 90 ELBOW                 0.874731  
13         LONG RADIUS 90 ELBOW                 0.874731  
14         LONG RADIUS 45 ELBOW                 0.870633  
15         LONG RADIUS 90 ELBOW                 0.869784  
16         LONG RADIUS 90 ELBOW                 0.869784  
17         LONG RADIUS 90 ELBOW                 0.869432  
18         ELBOW 90 LONG RADIUS                 0.869432  
19         LONG RADIUS 90 ELBOW                 0.868633  
20         LONG RADIUS 90 ELBOW                 0.868633  
21         LONG RADIUS 45 ELBOW                 0.865830  
22              45 DEGREE ELBOW                 0.865830  
23              45 DEGREE ELBOW                 0.862827  
24              45 DEGREE ELBOW                 0.862827  

[25 rows x 25 columns]",0,EXCELLENT
55,"11100114-FLG,BL,RF,20"",600 -SA-105N (NORMALIZED)","20"" 600 RF BLIND FLANGE, SA105N",True,55,6,21.470540499999515,"   CATEGORY  CONFIDENCE  \
0    FLANGE         0.9   
1    FLANGE         0.9   
2    FLANGE         0.9   
3    FLANGE         0.9   
4    FLANGE         0.9   
5    FLANGE         0.9   
6    FLANGE         0.9   
7    FLANGE         1.0   
8    FLANGE         1.0   
9    FLANGE         1.0   
10   FLANGE         0.9   
11   FLANGE         0.9   
12   FLANGE         0.9   
13   FLANGE         0.9   
14   FLANGE         0.9   
15   FLANGE         0.9   
16   FLANGE         0.9   
17   FLANGE         1.0   
18   FLANGE         1.0   
19   FLANGE         1.0   
20   FLANGE         0.9   
21   FLANGE         0.9   
22   FLANGE         0.9   
23   FLANGE         0.9   
24   FLANGE         1.0   

                                                  DESCRIPTION END_CONNECTIONS  \
0   20"" 600 RF BLIND FLANGE, SA105N-FGP/SA350-LF2 CL1/A694F42             NAN   
1   20"" 600 RF BLIND FLANGE, SA105N-FGP/SA350-LF2 CL1/A694F42             NAN   
2                20"" 600 RF HB NECK X 20"" LG, SA105 NORM -FGP             NAN   
3                20"" 600 RF HB NECK X 20"" LG, SA105 NORM -FGP             NAN   
4                              20"" 600 RF BLIND FLANGE, SA105             NAN   
5                              20"" 600 RF BLIND FLANGE, SA105             NAN   
6                             20"" 600 RF BLIND FLANGE, SA105N             NAN   
7                             20"" 600 RF BLIND FLANGE, SA105N             NAN   
8                             20"" 600 RF BLIND FLANGE, SA105N             NAN   
9                             20"" 600 RF BLIND FLANGE, SA105N             NAN   
10                            20"" 600 RF BLIND FLANGE, SA105N             NAN   
11                             20"" 150 RF BLIND FLANGE, SA105             NAN   
12                             20"" 150 RF BLIND FLANGE, SA105             NAN   
13                             20"" 150 RF BLIND FLANGE, SA105             NAN   
14                             20"" 150 RF BLIND FLANGE, SA105             NAN   
15                             20"" 150 RF BLIND FLANGE, SA105             NAN   
16                             20"" 150 RF BLIND FLANGE, SA105             NAN   
17                             20"" 150 RF BLIND FLANGE, SA105             NAN   
18                            20"" 150 RF BLIND FLANGE, SA105N             NAN   
19                            20"" 150 RF BLIND FLANGE, SA105N             NAN   
20                             20"" 300 RF BLIND FLANGE, SA105             NAN   
21                             20"" 300 RF BLIND FLANGE, SA105             NAN   
22                             20"" 300 RF BLIND FLANGE, SA105             NAN   
23                             20"" 300 RF BLIND FLANGE, SA105             NAN   
24                            20"" 300 RF BLIND FLANGE, SA105N             NAN   

     END_FINISH ID LENGTH MANUFACTURING_PROCESS         MATERIAL_GRADE  \
0            RF       NAN                   NAN                    LF2   
1            RF       NAN                   NAN  SA350-LF2 CL1/A694F42   
2   RAISED FACE        20            NORMALIZED                    NAN   
3   RAISED FACE        20            NORMALIZED                    NAN   
4   RAISED FACE       NAN                   NAN                    NAN   
5   RAISED FACE       NAN                   NAN                    NAN   
6            RF       NAN                   NAN                      N   
7   RAISED FACE       NAN                   NAN                      N   
8   RAISED FACE       NAN                   NAN                      N   
9   RAISED FACE       NAN                   NAN                      N   
10           RF       NAN                   NAN                      N   
11  RAISED FACE       NAN                   NAN                    NAN   
12  RAISED FACE       NAN                   NAN                    NAN   
13  RAISED FACE       NAN                   NAN                    NAN   
14  RAISED FACE       NAN                   NAN                    NAN   
15           RF       NAN                   NAN                    NAN   
16  RAISED FACE       NAN                   NAN                    NAN   
17  RAISED FACE       NAN                   NAN                    NAN   
18  RAISED FACE       NAN                   NAN                      N   
19           RF       NAN                   NAN                      N   
20  RAISED FACE       NAN                   NAN                    NAN   
21  RAISED FACE       NAN                   NAN                    NAN   
22  RAISED FACE       NAN                   NAN                    NAN   
23  RAISED FACE       NAN                   NAN                    NAN   
24  RAISED FACE       NAN                   NAN                      N   

   MATERIAL_NAME  ... PRIMARY_SIZE PRIMARY_WALL   PRODUCT_CODE  \
0   CARBON STEEL  ...         20.0                   FBD062001   
1   CARBON STEEL  ...         20.0                   FBD062001   
2   CARBON STEEL  ...         20.0               FHB06200120-N   
3   CARBON STEEL  ...         20.0               FHB06200120-N   
4   CARBON STEEL  ...         20.0                 FBD062001DL   
5   CARBON STEEL  ...         20.0                 FBD062001DL   
6   CARBON STEEL  ...         20.0                FBD062001BTX   
7   CARBON STEEL  ...         20.0                FBD062001BTX   
8   CARBON STEEL  ...         20.0                  IFBD062001   
9   CARBON STEEL  ...         20.0                 ISFBD062001   
10  CARBON STEEL  ...         20.0                 ISFBD062001   
11  CARBON STEEL  ...         20.0                   FBD012001   
12  CARBON STEEL  ...         20.0                 ISFBD012001   
13  CARBON STEEL  ...         20.0                  IFBD012001   
14  CARBON STEEL  ...         20.0                  WFBD012001   
15  CARBON STEEL  ...         20.0                  IFBD012001   
16  CARBON STEEL  ...         20.0                FBD012001BTX   
17  CARBON STEEL  ...         20.0                FBD012001BTX   
18  CARBON STEEL  ...         20.0                IFBD012001NA   
19  CARBON STEEL  ...         20.0                IFBD012001NA   
20  CARBON STEEL  ...         20.0                 ISFBD032001   
21  CARBON STEEL  ...         20.0                FBD032001BTX   
22  CARBON STEEL  ...         20.0                  IFBD032001   
23  CARBON STEEL  ...         20.0                   FBD032001   
24  CARBON STEEL  ...         20.0                IFBD032001NA   

   REDUCING_SCHEDULE REDUCING_SIZE REDUCING_WALL TRIM              TYPE  \
0                NAN           NAN                NAN             BLIND   
1                NAN           NAN                NAN             BLIND   
2                NAN           NAN                NAN  HUBBED WELD NECK   
3                NAN           NAN                NAN         WELD NECK   
4                NAN           NAN                NAN             BLIND   
5                NAN           NAN                NAN             BLIND   
6                NAN           NAN                NAN             BLIND   
7                NAN           NAN                NAN             BLIND   
8                NAN           NAN                NAN             BLIND   
9                NAN           NAN                NAN             BLIND   
10               NAN           NAN                NAN             BLIND   
11               NAN           NAN                NAN             BLIND   
12               NAN           NAN                NAN             BLIND   
13               NAN           NAN                NAN             BLIND   
14               NAN           NAN                NAN             BLIND   
15               NAN           NAN                NAN             BLIND   
16               NAN           NAN                NAN             BLIND   
17               NAN           NAN                NAN             BLIND   
18               NAN           NAN                NAN             BLIND   
19               NAN           NAN                NAN             BLIND   
20               NAN           NAN                NAN             BLIND   
21               NAN           NAN                NAN             BLIND   
22               NAN           NAN                NAN             BLIND   
23               NAN           NAN                NAN             BLIND   
24               NAN           NAN                NAN             BLIND   

   WALL_THICKNESS     score  
0                  0.894288  
1                  0.894288  
2                  0.893025  
3                  0.893025  
4                  0.892522  
5                  0.892522  
6                  0.891469  
7                  0.891469  
8                  0.891469  
9                  0.891469  
10                 0.891469  
11                 0.891435  
12                 0.891435  
13                 0.891435  
14                 0.891435  
15                 0.891435  
16                 0.891435  
17                 0.891435  
18                 0.890866  
19                 0.890866  
20                 0.888214  
21                 0.888214  
22                 0.888214  
23                 0.888214  
24                 0.887183  

[25 rows x 25 columns]",0,EXCELLENT
56,"2"" XXS LR WN 90 DEG. A234WPB","2"" XXH LR 90 WELD ELL, SA234-WPB",True,56,16,20.568618199999946,"   CATEGORY  CONFIDENCE                       DESCRIPTION END_CONNECTIONS  \
0   FITTING         0.9   2"" XXH LR 90 WELD ELL SA234-WPB              BW   
1   FITTING         0.9   2"" XH LR 90 WELD ELL, SA234-WPB       BUTT WELD   
2   FITTING         0.9   2"" XH LR 90 WELD ELL, SA234-WPB       BUTT WELD   
3   FITTING         0.9   2"" XH LR 90 WELD ELL, SA234-WPB              BW   
4   FITTING         0.9   2"" XH LR 90 WELD ELL, SA234-WPB       BUTT WELD   
5   FITTING         0.9   2"" XH LR 90 WELD ELL, SA234-WPB       BUTT WELD   
6   FITTING         0.9   2"" XH LR 90 WELD ELL, SA234-WPB       BUTT WELD   
7   FITTING         0.9   2"" XH LR 90 WELD ELL, SA234-WPB       BUTT WELD   
8   FITTING         0.9   2"" XH LR 90 WELD ELL, SA234-WPB              BW   
9   FITTING         0.9   2"" XH LR 90 WELD ELL, SA234-WPB              BW   
10  FITTING         0.9   2"" XH LR 90 WELD ELL, SA234-WPB              BW   
11  FITTING         0.9   2"" XH LR 90 WELD ELL, SA234-WPB              BW   
12  FITTING         0.9   2"" XH LR 90 WELD ELL, SA234-WPB              BW   
13  FITTING         0.9   2"" XH LR 90 WELD ELL, SA234-WPB       BUTT WELD   
14  FITTING         0.9   2"" XH LR 90 WELD ELL, SA234-WPB              BW   
15  FITTING         0.9   2"" XH LR 90 WELD ELL, SA234-WPB       BUTT WELD   
16  FITTING         0.9  2"" XXH LR 90 WELD ELL, SA234-WPB       BUTT WELD   
17  FITTING         0.9  2"" XXH LR 90 WELD ELL, SA234-WPB              BW   
18  FITTING         0.9  2"" XXH LR 90 WELD ELL, SA234-WPB       BUTT WELD   
19  FITTING         0.9  2"" XXH LR 90 WELD ELL, SA234-WPB       BUTT WELD   
20  FITTING         0.9  2"" XXH LR 90 WELD ELL, SA234-WPB              BW   
21  FITTING         0.9  2"" XXH LR 90 WELD ELL, SA234-WPB       BUTT WELD   
22  FITTING         0.9   2"" XH SR 90 WELD ELL, SA234-WPB       BUTT WELD   
23  FITTING         0.9   2"" XH SR 90 WELD ELL, SA234-WPB       BUTT WELD   
24  FITTING         0.9   2"" XH SR 90 WELD ELL, SA234-WPB              BW   

   END_FINISH ID LENGTH MANUFACTURING_PROCESS MATERIAL_GRADE MATERIAL_NAME  \
0         NAN       NAN                   NAN            WPB  CARBON STEEL   
1         NAN       NAN                   NAN            WPB  CARBON STEEL   
2         NAN       NAN                   NAN            WPB  CARBON STEEL   
3   BUTT WELD       NAN                   NAN            WPB  CARBON STEEL   
4          BW       NAN                   NAN            WPB  CARBON STEEL   
5          BW       NAN                   NAN            WPB  CARBON STEEL   
6        WELD       NAN                   NAN            WPB  CARBON STEEL   
7          BW       NAN                   NAN            WPB  CARBON STEEL   
8   BUTT WELD       NAN                   NAN            WPB  CARBON STEEL   
9   BUTT WELD       NAN                   NAN            WPB  CARBON STEEL   
10  BUTT WELD       NAN                   NAN            WPB  CARBON STEEL   
11  BUTT WELD       NAN                   NAN            WPB  CARBON STEEL   
12  BUTT WELD       NAN                   NAN            WPB  CARBON STEEL   
13       WELD       NAN                   NAN            WPB  CARBON STEEL   
14  BUTT WELD       NAN                   NAN            WPB  CARBON STEEL   
15        NAN       NAN                   NAN            WPB  CARBON STEEL   
16         BW       NAN                   NAN            WPB  CARBON STEEL   
17        NAN       NAN                   NAN            WPB  CARBON STEEL   
18         BW       NAN                   NAN            WPB  CARBON STEEL   
19         BW       NAN                   NAN            WPB  CARBON STEEL   
20        NAN       NAN                WELDED            WPB  CARBON STEEL   
21         BW       NAN                   NAN            WPB  CARBON STEEL   
22       WELD       NAN                   NAN            WPB  CARBON STEEL   
23        NAN       NAN                WELDED            WPB  CARBON STEEL   
24  BUTT WELD       NAN                   NAN            WPB  CARBON STEEL   

    ... PRIMARY_SIZE PRIMARY_WALL PRODUCT_CODE REDUCING_SCHEDULE  \
0   ...          2.0                 WWL9020XX               NAN   
1   ...          2.0                 SIWL9020X               NAN   
2   ...          2.0               KWL9020XSKB               NAN   
3   ...          2.0                   WL9020X               NAN   
4   ...          2.0                  IWL9020X               NAN   
5   ...          2.0                 ISWL9020X               NAN   
6   ...          2.0                   WL9020X               NAN   
7   ...          2.0                IWL9020XCI               NAN   
8   ...          2.0                IWL9020XCI               NAN   
9   ...          2.0                  WWL9020X               NAN   
10  ...          2.0               KWL9020XSKB               NAN   
11  ...          2.0                  SWL9020X               NAN   
12  ...          2.0                IWL9020XTM               NAN   
13  ...          2.0                  WWL9020X               NAN   
14  ...          2.0                  IWL9020X               NAN   
15  ...          2.0                 ISWL9020X               NAN   
16  ...          2.0                 IWL9020XX               NAN   
17  ...          2.0                 KWL9020XX               NAN   
18  ...          2.0                IWL9020XXA               NAN   
19  ...          2.0                  WL9020XX               NAN   
20  ...          2.0                 IWL9020XX               NAN   
21  ...          2.0                 KWL9020XX               NAN   
22  ...          2.0                   WS9020X               NAN   
23  ...          2.0                  IWS9020X               NAN   
24  ...          2.0                IWS9020XTM               NAN   

   REDUCING_SIZE REDUCING_WALL TRIM                   TYPE WALL_THICKNESS  \
0            NAN                NAN   LONG RADIUS 90 ELBOW                  
1            NAN                NAN   LONG RADIUS 90 ELBOW                  
2            NAN                NAN   LONG RADIUS 90 ELBOW                  
3            NAN                NAN   LONG RADIUS 90 ELBOW                  
4            NAN                NAN   LONG RADIUS 90 ELBOW                  
5            NAN                NAN   LONG RADIUS 90 ELBOW                  
6            NAN                NAN   LONG RADIUS 90 ELBOW                  
7            NAN                NAN   LONG RADIUS 90 ELBOW                  
8            NAN                NAN   LONG RADIUS 90 ELBOW                  
9            NAN                NAN   LONG RADIUS 90 ELBOW                  
10           NAN                NAN   LONG RADIUS 90 ELBOW                  
11           NAN                NAN   LONG RADIUS 90 ELBOW                  
12           NAN                NAN   LONG RADIUS 90 ELBOW                  
13           NAN                NAN   LONG RADIUS 90 ELBOW                  
14           NAN                NAN   LONG RADIUS 90 ELBOW                  
15           NAN                NAN   LONG RADIUS 90 ELBOW                  
16           NAN                NAN   LONG RADIUS 90 ELBOW                  
17           NAN                NAN   LONG RADIUS 90 ELBOW                  
18           NAN                NAN   LONG RADIUS 90 ELBOW                  
19           NAN                NAN   LONG RADIUS 90 ELBOW                  
20           NAN                NAN   LONG RADIUS 90 ELBOW                  
21           NAN                NAN   LONG RADIUS 90 ELBOW                  
22           NAN                NAN  SHORT RADIUS 90 ELBOW                  
23           NAN                NAN  SHORT RADIUS 90 ELBOW                  
24           NAN                NAN  SHORT RADIUS 90 ELBOW                  

       score  
0   0.933887  
1   0.932951  
2   0.932951  
3   0.932951  
4   0.932951  
5   0.932951  
6   0.932951  
7   0.932951  
8   0.932951  
9   0.932951  
10  0.932951  
11  0.932951  
12  0.932951  
13  0.932951  
14  0.932951  
15  0.932951  
16  0.930411  
17  0.930411  
18  0.930411  
19  0.930411  
20  0.930411  
21  0.930411  
22  0.920562  
23  0.920562  
24  0.920562  

[25 rows x 25 columns]",0,EXCELLENT
57,"12700032-PIPE,ERW,20,S10-SA-53B","20"" S-10 .250W API5L/X42/SA53-B ERW PIPE",True,57,0,18.72100429999955,"   CATEGORY  CONFIDENCE  \
0      PIPE         0.9   
1      PIPE         0.9   
2      PIPE         0.9   
3      PIPE         0.9   
4      PIPE         0.9   
5      PIPE         0.9   
6      PIPE         0.9   
7      PIPE         0.9   
8      PIPE         0.9   
9      PIPE         0.9   
10     PIPE         0.9   
11     PIPE         0.9   
12     PIPE         0.9   
13     PIPE         0.9   
14     PIPE         0.9   
15     PIPE         0.9   
16     PIPE         0.9   
17     PIPE         0.9   
18     PIPE         0.9   
19     PIPE         0.9   
20     PIPE         0.9   
21     PIPE         0.9   
22     PIPE         0.9   
23     PIPE         0.9   
24     PIPE         0.9   

                                                          DESCRIPTION  \
0                            20"" S-10 .250W API5L/X42/SA53-B ERW PIPE   
1                            20"" S-10 .250W API5L/X42/SA53-B ERW PIPE   
2                           20"" S-10 .250W API-5L/X42/SA53-B ERW PIPE   
3                           20"" S-10 .250W API-5L/X42/SA53-B ERW PIPE   
4                           20"" S-10 .250W API-5L/X42/SA53-B ERW PIPE   
5                                  20"" S-10 .250W BLK SA53-B ERW PIPE   
6   20"" S-10 .250W ASTM/ASME SA53B/API5L GRADE-B/X42 ERW BLK PEB PIPE   
7   20"" S-10 .250W ASTM/ASME SA53B/API5L GRADE-B/X42 ERW BLK PEB PIPE   
8                              20"" S-10 .250 WALL BLK SA53-B ERW PIPE   
9                              20"" S-10 .250 WALL BLK SA53-B ERW PIPE   
10         20"" S-10 .250W BLK API-5L GRADE-B/X42/PSL1/SA53-B ERW PIPE   
11         20"" S-10 .250W BLK API-5L GRADE-B/X42/PSL1/SA53-B ERW PIPE   
12                                  20"" STD .375W BLK SA53-B ERW PIPE   
13                                  20"" STD .375W BLK SA53-B ERW PIPE   
14                                  20"" STD .375W BLK SA53-B ERW PIPE   
15                                  20"" STD .375W BLK SA53-B ERW PIPE   
16                                  20"" STD .375W BLK SA53-B ERW PIPE   
17                                      20"" .312W BLK SA53-B ERW PIPE   
18                                      20"" .312W BLK SA53-B ERW PIPE   
19                                      20"" .312 WALL SA53-B ERW PIPE   
20                                 20"" 1.250 WALL BLK SA53-B ERW PIPE   
21                                 20"" 1.250 WALL BLK SA53-B ERW PIPE   
22                    20"" S-100 1.281W SA333 GR6/SA106B SEAMLESS PIPE   
23                        20"" STD .375W BLK API5L/X42/SA53-B ERW PIPE   
24                        20"" STD .375W BLK API5L/X42/SA53-B ERW PIPE   

   END_CONNECTIONS END_FINISH ID LENGTH MANUFACTURING_PROCESS  \
0              NAN        NAN       NAN                   ERW   
1              NAN        NAN       NAN                   ERW   
2              NAN        NAN       NAN                   ERW   
3              NAN        NAN       NAN                   ERW   
4              NAN        NAN       NAN                   ERW   
5              NAN        BLK       NAN                   ERW   
6               PE        BLK       NAN                   ERW   
7               PE        BLK       NAN                   ERW   
8              NAN        BLK       NAN                   ERW   
9              NAN        BLK       NAN                   ERW   
10             NAN      BLACK       NAN                   ERW   
11             NAN        BLK       NAN                   ERW   
12             NAN      BLACK       NAN                   ERW   
13             NAN      BLACK       NAN                   ERW   
14             NAN      BLACK       NAN                   ERW   
15             NAN        BLK       NAN                   ERW   
16             NAN      BLACK       NAN                   ERW   
17             NAN        BLK       NAN                   ERW   
18             NAN        BLK       NAN                   ERW   
19             NAN        NAN       NAN                   ERW   
20             NAN        BLK       NAN                   ERW   
21             NAN      BLACK       NAN                   ERW   
22             NAN        NAN       NAN              SEAMLESS   
23             NAN      BLACK       NAN                   ERW   
24             NAN      BLACK       NAN                   ERW   

             MATERIAL_GRADE MATERIAL_NAME  ... PRIMARY_SIZE PRIMARY_WALL  \
0                       X42  CARBON STEEL  ...         20.0                
1                       X42  CARBON STEEL  ...         20.0                
2                       X42  CARBON STEEL  ...         20.0                
3                       X42  CARBON STEEL  ...         20.0                
4                       X42  CARBON STEEL  ...         20.0                
5                         B  CARBON STEEL  ...         20.0                
6                     B/X42  CARBON STEEL  ...         20.0                
7               GRADE-B/X42  CARBON STEEL  ...         20.0                
8                         B  CARBON STEEL  ...         20.0                
9                         B  CARBON STEEL  ...         20.0                
10        B/X42/PSL1/SA53-B  CARBON STEEL  ...         20.0                
11  GRADE-B/X42/PSL1/SA53-B  CARBON STEEL  ...         20.0                
12                        B  CARBON STEEL  ...         20.0                
13                        B  CARBON STEEL  ...         20.0                
14                        B  CARBON STEEL  ...         20.0                
15                        B  CARBON STEEL  ...         20.0                
16                        B  CARBON STEEL  ...         20.0                
17                        B  CARBON STEEL  ...         20.0                
18                        B  CARBON STEEL  ...         20.0                
19                        B  CARBON STEEL  ...         20.0                
20                        B  CARBON STEEL  ...         20.0                
21                        B  CARBON STEEL  ...         20.0                
22                    GR6/B  CARBON STEEL  ...         20.0                
23                      X42  CARBON STEEL  ...         20.0                
24                      X42  CARBON STEEL  ...         20.0                

   PRODUCT_CODE REDUCING_SCHEDULE REDUCING_SIZE REDUCING_WALL TRIM  \
0    IPE2000142               NAN           NAN                NAN   
1    IPE2000142               NAN           NAN                NAN   
2    SIPE20001K               NAN           NAN                NAN   
3     IPE20001K               NAN           NAN                NAN   
4    SIPE20001K               NAN           NAN                NAN   
5     IPE20001C               NAN           NAN                NAN   
6     PE2000142               NAN           NAN                NAN   
7     PE2000142               NAN           NAN                NAN   
8      SPE20001               NAN           NAN                NAN   
9      SPE20001               NAN           NAN                NAN   
10  SIPE20001K1               NAN           NAN                NAN   
11  SIPE20001K1               NAN           NAN                NAN   
12      PE200ST               NAN           NAN                NAN   
13    IPE200STC               NAN           NAN                NAN   
14     IPE200ST               NAN           NAN                NAN   
15     IPE200ST               NAN           NAN                NAN   
16    SIPE200ST               NAN           NAN                NAN   
17     PE200312               NAN           NAN                NAN   
18     PE200312               NAN           NAN                NAN   
19    IPE200312               NAN           NAN                NAN   
20   SPE2001.25               NAN           NAN                NAN   
21   SPE2001.25               NAN           NAN                NAN   
22   PA3/B20010               NAN           NAN                NAN   
23   IPE200ST42               NAN           NAN                NAN   
24   IPE200ST42               NAN           NAN                NAN   

             TYPE WALL_THICKNESS     score  
0        ERW PIPE                 0.911505  
1             ERW                 0.911505  
2        ERW PIPE                 0.907940  
3        ERW PIPE                 0.907940  
4        ERW PIPE                 0.907940  
5        ERW PIPE                 0.907178  
6        ERW PIPE                 0.902508  
7        ERW PIPE                 0.902508  
8        ERW PIPE                 0.901428  
9             ERW                 0.901428  
10       ERW PIPE                 0.896158  
11       ERW PIPE                 0.896158  
12       ERW PIPE                 0.893658  
13       ERW PIPE                 0.893658  
14       ERW PIPE                 0.893658  
15       ERW PIPE                 0.893658  
16       ERW PIPE                 0.893658  
17       ERW PIPE                 0.893615  
18            ERW                 0.893615  
19       ERW PIPE                 0.891764  
20       PIPE ERW                 0.889190  
21       ERW PIPE                 0.889190  
22  SEAMLESS PIPE                 0.887746  
23       ERW PIPE                 0.887636  
24       ERW PIPE                 0.887636  

[25 rows x 25 columns]",0,EXCELLENT
58,"H30452 FL6,150,WN,RF,S10S,ASTM A182,GR. F1.0L","6"" X 4"" S10 CONCENTRIC WELD REDUCER, SA404.0L",True,58,1364,27.598012200000085,"   CATEGORY  CONFIDENCE  \
0    FLANGE         0.9   
1    FLANGE         0.9   
2    FLANGE         0.9   
3    FLANGE         0.9   
4    FLANGE         0.9   
5   FITTING         0.9   
6   FITTING         0.9   
7      PIPE         0.9   
8      PIPE         0.9   
9    FLANGE         1.0   
10   FLANGE         1.0   
11   FLANGE         0.9   
12   FLANGE         0.9   
13     PIPE         0.9   
14     PIPE         0.9   
15     PIPE         0.9   
16     PIPE         0.9   
17     PIPE         0.9   
18     PIPE         0.9   
19  FITTING         0.9   
20  FITTING         0.9   
21  FITTING         0.9   
22  FITTING         0.9   
23  FITTING         0.9   
24  FITTING         0.9   

                                                             DESCRIPTION  \
0                                    6"" 150 RF BLIND FLANGE, SA182 F1.0L   
1                           6"" 150 RF BLIND FLANGE SA105N/SA350-LF2 CL 1   
2                           6"" 150 RF BLIND FLANGE SA105N/SA350-LF2 CL 1   
3                                6"" 150 RF WN FLG STD BORE, SA182-304LSS   
4                                6"" 150 RF WN FLG STD BORE, SA182-304LSS   
5                                    6"" XH LR 45WELD ELL, SA234-WPB (VF)   
6                                    6"" XH LR 45WELD ELL, SA234-WPB (VF)   
7                                 6"" X 4"" STD A106B SMLS NIPPLE GRV X PE   
8                                 6"" X 4"" STD A106B SMLS NIPPLE GRV X PE   
9                                 6"" 150 RF BLIND FLANGE, SA350-LF2 CL 1   
10                                6"" 150 RF BLIND FLANGE, SA350-LF2 CL 1   
11                                6"" 150 RF BLIND FLANGE, SA350-LF2 CL 1   
12                                6"" 150 RF BLIND FLANGE, SA350-LF2 CL 1   
13  6"" STD .280W API-5L/X52, SA53-B PSL2 ERW PIPE 14-16 MIL FBE (COATED)   
14  6"" STD .280W API-5L/X52, SA53-B PSL2 ERW PIPE 14-16 MIL FBE (COATED)   
15  6"" STD .280W API-5L/X52, SA53-B PSL2 ERW PIPE 14-16 MIL FBE (COATED)   
16  6"" STD .280W API-5L/X52, SA53-B PSL2 ERW PIPE 14-16 MIL FBE (COATED)   
17  6"" STD .280W API-5L/X52, SA53-B PSL2 ERW PIPE 14-16 MIL FBE (COATED)   
18  6"" STD .280W API-5L/X52, SA53-B PSL2 ERW PIPE 14-16 MIL FBE (COATED)   
19                                        6"" XH LR 45WELD ELL, SA234-WPB   
20                                        6"" XH LR 45WELD ELL, SA234-WPB   
21                                        6"" XH LR 45WELD ELL, SA234-WPB   
22                                        6"" XH LR 45WELD ELL, SA234-WPB   
23                                        6"" XH LR 45WELD ELL, SA234-WPB   
24                                        6"" XH LR 45WELD ELL, SA234-WPB   

        END_CONNECTIONS   END_FINISH ID LENGTH MANUFACTURING_PROCESS  \
0                   NAN  RAISED FACE       NAN                   NAN   
1                   NAN  RAISED FACE       NAN                   NAN   
2                   NAN  RAISED FACE       NAN                   NAN   
3                   NAN  RAISED FACE       NAN                   NAN   
4                   NAN  RAISED FACE       NAN                   NAN   
5             BUTT WELD           VF       NAN                   NAN   
6             BUTT WELD          NAN       NAN                WELDED   
7    GROOVE X PLAIN END          NAN       NAN              SEAMLESS   
8   GROOVED X PLAIN END          NAN       NAN              SEAMLESS   
9                   NAN           RF       NAN                   NAN   
10                  NAN           RF       NAN                   NAN   
11                  NAN  RAISED FACE       NAN                   NAN   
12                  NAN  RAISED FACE       NAN                   NAN   
13                  NAN   FBE COATED       NAN                   ERW   
14                  NAN   FBE COATED       NAN                   ERW   
15                  NAN   FBE COATED       NAN                   ERW   
16                  NAN       COATED       NAN                   ERW   
17                  NAN   FBE COATED       NAN                   ERW   
18                  NAN   FBE COATED       NAN                   ERW   
19            BUTT WELD      BEVELED       NAN                   NAN   
20            BUTT WELD          NAN       NAN                   NAN   
21            BUTT WELD           BW       NAN                   NAN   
22            BUTT WELD           BW       NAN                   NAN   
23            BUTT WELD           BW       NAN                   NAN   
24            BUTT WELD    BUTT WELD       NAN                   NAN   

   MATERIAL_GRADE    MATERIAL_NAME  ... PRIMARY_SIZE PRIMARY_WALL  \
0           F1.0L  STAINLESS STEEL  ...          6.0                
1           [LF2]     CARBON STEEL  ...          6.0                
2             LF2     CARBON STEEL  ...          6.0                
3            304L  STAINLESS STEEL  ...          6.0                
4            304L  STAINLESS STEEL  ...          6.0                
5             WPB     CARBON STEEL  ...          6.0                
6             WPB     CARBON STEEL  ...          6.0                
7               B     CARBON STEEL  ...          6.0                
8               B     CARBON STEEL  ...          6.0                
9             LF2     CARBON STEEL  ...          6.0                
10            LF2     CARBON STEEL  ...          6.0                
11            LF2     CARBON STEEL  ...          6.0                
12            LF2     CARBON STEEL  ...          6.0                
13            X52     CARBON STEEL  ...          6.0                
14            X52     CARBON STEEL  ...          6.0                
15          X52/B     CARBON STEEL  ...          6.0                
16            X52     CARBON STEEL  ...          6.0                
17            X52     CARBON STEEL  ...          6.0                
18            X52     CARBON STEEL  ...          6.0                
19            WPB     CARBON STEEL  ...          6.0                
20            WPB     CARBON STEEL  ...          6.0                
21            WPB     CARBON STEEL  ...          6.0                
22            WPB     CARBON STEEL  ...          6.0                
23            WPB     CARBON STEEL  ...          6.0                
24            WPB     CARBON STEEL  ...          6.0                

         PRODUCT_CODE REDUCING_SCHEDULE REDUCING_SIZE REDUCING_WALL TRIM  \
0         IFBD6010601               NAN           NAN                NAN   
1       IFBDL010601NA               NAN           NAN                NAN   
2       IFBDL010601NA               NAN           NAN                NAN   
3         SFWN410601S               NAN           NAN                NAN   
4         SFWN410601S               NAN           NAN                NAN   
5          IWL4060XVF               NAN           NAN                NAN   
6          IWL4060XVF               NAN           NAN                NAN   
7           VNS060040               NAN             4                NAN   
8           VNS060040               NAN             4                NAN   
9       IFBDL010601MF               NAN           NAN                NAN   
10         FBDL010601               NAN           NAN                NAN   
11      IFBDL010601MF               NAN           NAN                NAN   
12         FBDL010601               NAN           NAN                NAN   
13  SPE060STA1.019FBE               NAN           NAN                NAN   
14   PE060STA1.019FBE               NAN           NAN                NAN   
15   PE060STA1.019FBE               NAN           NAN                NAN   
16  HPE060STA1.019FBE               NAN           NAN                NAN   
17  HPE060STA1.019FBE               NAN           NAN                NAN   
18  SPE060STA1.019FBE               NAN           NAN                NAN   
19          IWL4060XA               NAN           NAN                NAN   
20         IWL4060XCI               NAN           NAN                NAN   
21         IWL4060XCI               NAN           NAN                NAN   
22           KWL4060X               NAN           NAN                NAN   
23          IWL4060XA               NAN           NAN                NAN   
24           KWL4060X               NAN           NAN                NAN   

                    TYPE WALL_THICKNESS     score  
0                  BLIND                 0.862826  
1                  BLIND                 0.860347  
2                  BLIND                 0.860347  
3              WELD NECK                 0.859197  
4              WELD NECK                 0.859197  
5   LONG RADIUS 45 ELBOW                 0.858248  
6   LONG RADIUS 45 ELBOW                 0.858248  
7                 NIPPLE                 0.855993  
8                 NIPPLE                 0.855993  
9                  BLIND                 0.855755  
10                 BLIND                 0.855755  
11                 BLIND                 0.855755  
12                 BLIND                 0.855755  
13              ERW PIPE                 0.854035  
14              ERW PIPE                 0.854035  
15              ERW PIPE                 0.854035  
16              ERW PIPE                 0.854035  
17              ERW PIPE                 0.854035  
18              ERW PIPE                 0.854035  
19  LONG RADIUS 45 ELBOW                 0.853972  
20  LONG RADIUS 45 ELBOW                 0.853972  
21  LONG RADIUS 45 ELBOW                 0.853972  
22  LONG RADIUS 45 ELBOW                 0.853972  
23  LONG RADIUS 45 ELBOW                 0.853972  
24  LONG RADIUS 45 ELBOW                 0.853972  

[25 rows x 25 columns]",0,EXCELLENT
59,"STD WALL ASTM A53 GR. A OR B TYPE F 6""","6"" STD .280W BLK SA53-B/SA106-B/C SEAMLESS PIPE (SPAIN)",True,59,43,18.261535300000105,"   CATEGORY  CONFIDENCE  \
0      PIPE         0.8   
1      PIPE         0.9   
2      PIPE         0.9   
3      PIPE         0.9   
4      PIPE         0.9   
5      PIPE         0.9   
6      PIPE         0.9   
7      PIPE         0.9   
8      PIPE         0.9   
9      PIPE         0.9   
10     PIPE         0.9   
11     PIPE         0.9   
12     PIPE         0.9   
13     PIPE         0.9   
14     PIPE         0.9   
15     PIPE         0.9   
16     PIPE         0.9   
17     PIPE         0.9   
18     PIPE         0.9   
19     PIPE         0.9   
20     PIPE         0.9   
21     PIPE         0.9   
22     PIPE         0.9   
23     PIPE         0.9   
24  FITTING         0.9   

                                                                 DESCRIPTION  \
0                                         6"" X 6"" STD BLK BW A53 NIPPLE, TBE   
1                                        6"" X 12"" STD BLK BW A53 NIPPLE, TBE   
2   6"" STD .280W API 5L/GR B/X42/PSL1/SA53B/SA106-B/C SMLS PIPE X 33'0-0.25""   
3   6"" STD .280W API 5L/GR B/X42/PSL1/SA53B/SA106-B/C SMLS PIPE X 33'0-0.25""   
4       6"" STD .280W API-5L/X52, SA53-B PSL2 ERW PIPE 14-16 MIL FBE (COATED)   
5       6"" STD .280W API-5L/X52, SA53-B PSL2 ERW PIPE 14-16 MIL FBE (COATED)   
6       6"" STD .280W API-5L/X52, SA53-B PSL2 ERW PIPE 14-16 MIL FBE (COATED)   
7       6"" STD .280W API-5L/X52, SA53-B PSL2 ERW PIPE 14-16 MIL FBE (COATED)   
8       6"" STD .280W API-5L/X52, SA53-B PSL2 ERW PIPE 14-16 MIL FBE (COATED)   
9       6"" STD .280W API-5L/X52, SA53-B PSL2 ERW PIPE 14-16 MIL FBE (COATED)   
10                             6"" STD .280W API-5L/X52, SA53-B PSL2 ERW PIPE   
11                             6"" STD .280W API-5L/X52, SA53-B PSL2 ERW PIPE   
12                             6"" STD .280W API-5L/X52, SA53-B PSL2 ERW PIPE   
13                             6"" STD .280W API-5L/X52, SA53-B PSL2 ERW PIPE   
14                             6"" STD .280W API-5L/X52, SA53-B PSL2 ERW PIPE   
15                             6"" STD .280W API-5L/X52, SA53-B PSL2 ERW PIPE   
16                             6"" STD .280W API-5L/X52, SA53-B PSL2 ERW PIPE   
17                             6"" STD .280W API-5L/X52, SA53-B PSL2 ERW PIPE   
18                             6"" STD .280W API-5L/X52, SA53-B PSL2 ERW PIPE   
19                          6"" STD .280W BLK API-5L GR-B/X42/SA53-B ERW PIPE   
20                          6"" STD .280W BLK API-5L GR-B/X42/SA53-B ERW PIPE   
21                          6"" STD .280W BLK API-5L GR-B/X42/SA53-B ERW PIPE   
22                          6"" STD .280W BLK API-5L GR-B/X42/SA53-B ERW PIPE   
23                          6"" STD .280W BLK API-5L GR-B/X42/SA53-B ERW PIPE   
24                                     6"" STD X 2"" S-160 WELD-O-LET, A182-F9   

   END_CONNECTIONS  END_FINISH ID    LENGTH MANUFACTURING_PROCESS  \
0        BUTT WELD       BLACK          NAN                   NAN   
1        BUTT WELD       BLACK           12                   NAN   
2              NAN         NAN     33.02083                  SMLS   
3              NAN         NAN        33.02                  SMLS   
4              NAN  FBE COATED          NAN                   ERW   
5              NAN  FBE COATED          NAN                   ERW   
6              NAN  FBE COATED          NAN                   ERW   
7              NAN  FBE COATED          NAN                   ERW   
8              NAN  FBE COATED          NAN                   ERW   
9              NAN      COATED          NAN                   ERW   
10             NAN         NAN          NAN                   ERW   
11             NAN         NAN          NAN                   ERW   
12             NAN         NAN          NAN                   ERW   
13             NAN         NAN          NAN                   ERW   
14             NAN         NAN          NAN                   ERW   
15             NAN         NAN          NAN                   ERW   
16             NAN         NAN          NAN                   ERW   
17             NAN         NAN          NAN                   ERW   
18             NAN         NAN          NAN                   ERW   
19             NAN         BLK          NAN                   ERW   
20             NAN       BLACK          NAN                   ERW   
21             NAN         BLK          NAN                   ERW   
22             NAN         BLK          NAN                   ERW   
23             NAN       BLACK          NAN                   ERW   
24             NAN         NAN          NAN                   NAN   

     MATERIAL_GRADE MATERIAL_NAME  ... PRIMARY_SIZE PRIMARY_WALL  \
0               NAN  CARBON STEEL  ...          6.0                
1               NAN  CARBON STEEL  ...          6.0                
2               X42  CARBON STEEL  ...          6.0                
3               X42  CARBON STEEL  ...          6.0                
4               X52  CARBON STEEL  ...          6.0                
5               X52  CARBON STEEL  ...          6.0                
6             X52/B  CARBON STEEL  ...          6.0                
7               X52  CARBON STEEL  ...          6.0                
8               X52  CARBON STEEL  ...          6.0                
9               X52  CARBON STEEL  ...          6.0                
10             PSL2  CARBON STEEL  ...          6.0                
11              X52  CARBON STEEL  ...          6.0                
12              X52  CARBON STEEL  ...          6.0                
13              X52  CARBON STEEL  ...          6.0                
14            X52/B  CARBON STEEL  ...          6.0                
15            X52/B  CARBON STEEL  ...          6.0                
16              X52  CARBON STEEL  ...          6.0                
17              X52  CARBON STEEL  ...          6.0                
18              X52  CARBON STEEL  ...          6.0                
19     B/X42/SA53-B  CARBON STEEL  ...          6.0                
20     B/X42/SA53-B  CARBON STEEL  ...          6.0                
21  GR-B/X42/SA53-B  CARBON STEEL  ...          6.0                
22     B/X42/SA53-B  CARBON STEEL  ...          6.0                
23     B/X42/SA53-B  CARBON STEEL  ...          6.0                
24               F9   ALLOY STEEL  ...          6.0                

         PRODUCT_CODE REDUCING_SCHEDULE REDUCING_SIZE REDUCING_WALL TRIM  \
0           BNS060060               NAN           NAN                NAN   
1           BNS060120               NAN           NAN                NAN   
2      IPA060STAM-LPL               NAN           NAN                NAN   
3      IPA060STAM-LPL               NAN           NAN                NAN   
4   SPE060STA1.019FBE               NAN           NAN                NAN   
5   HPE060STA1.019FBE               NAN           NAN                NAN   
6    PE060STA1.019FBE               NAN           NAN                NAN   
7   SPE060STA1.019FBE               NAN           NAN                NAN   
8    PE060STA1.019FBE               NAN           NAN                NAN   
9   HPE060STA1.019FBE               NAN           NAN                NAN   
10     SPE060STA1.019               NAN           NAN                NAN   
11     SPE060STA1.019               NAN           NAN                NAN   
12   HPE060STA1.019-1               NAN           NAN                NAN   
13     HPE060STA1.019               NAN           NAN                NAN   
14   HPE060STA1.019-1               NAN           NAN                NAN   
15      PE060STA1.019               NAN           NAN                NAN   
16      PE060STA1.019               NAN           NAN                NAN   
17     HPE060STA1.019               NAN           NAN                NAN   
18    PE060STA1.019-1               NAN           NAN                NAN   
19         QIPE060STK               NAN           NAN                NAN   
20         SIPE060STK               NAN           NAN                NAN   
21         SIPE060STK               NAN           NAN                NAN   
22         QIPE060STK               NAN           NAN                NAN   
23          IPE060STK               NAN           NAN                NAN   
24  M16W020060A182/F9               160             2                NAN   

             TYPE WALL_THICKNESS     score  
0          NIPPLE                 0.902442  
1          NIPPLE                 0.897869  
2   SEAMLESS PIPE                 0.894202  
3   SEAMLESS PIPE                 0.894202  
4        ERW PIPE                 0.892752  
5        ERW PIPE                 0.892752  
6        ERW PIPE                 0.892752  
7        ERW PIPE                 0.892752  
8        ERW PIPE                 0.892752  
9        ERW PIPE                 0.892752  
10       ERW PIPE                 0.892075  
11       ERW PIPE                 0.892075  
12       ERW PIPE                 0.892075  
13       ERW PIPE                 0.892075  
14       ERW PIPE                 0.892075  
15       ERW PIPE                 0.892075  
16       ERW PIPE                 0.892075  
17       ERW PIPE                 0.892075  
18       ERW PIPE                 0.892075  
19       ERW PIPE                 0.889958  
20       ERW PIPE                 0.889958  
21       ERW PIPE                 0.889958  
22       ERW PIPE                 0.889958  
23       ERW PIPE                 0.889958  
24       WELDOLET                 0.889915  

[25 rows x 25 columns]",0,EXCELLENT
60,"QV2438 RE CONC.SMLS.10X8,SCH80S/SCH80S,ASTM A403","10"" X 8"" 80S (.500W)CONCENTRIC WELD REDUCER, 316/L",True,60,198,23.045784099999764,"   CATEGORY  CONFIDENCE  \
0      PIPE         0.9   
1      PIPE         0.9   
2   FITTING         0.9   
3   FITTING         0.8   
4      PIPE         0.9   
5      PIPE         0.9   
6   FITTING         0.8   
7      PIPE         0.9   
8      PIPE         0.9   
9      PIPE         0.9   
10     PIPE         0.9   
11     PIPE         0.9   
12     PIPE         0.9   
13     PIPE         0.9   
14     PIPE         0.9   
15     PIPE         0.9   
16     PIPE         0.9   
17     PIPE         0.9   
18     PIPE         0.9   
19     PIPE         0.9   
20     PIPE         0.9   
21     PIPE         0.9   
22     PIPE         0.9   
23     PIPE         0.9   
24     PIPE         0.9   

                                                                          DESCRIPTION  \
0   10"" STD .365W ASTM/ASME/SA333 GRADE-6/SA53B/API5L/X42/SA106B/C/PSL2 SEAMLESS PIPE   
1   10"" STD .365W ASTM/ASME/SA333 GRADE-6/SA53B/API5L/X42/SA106B/C/PSL2 SEAMLESS PIPE   
2                                   10"" S/80S(.500W) TRANSITION NOZZLE, SA403 WP316/L   
3                                   10"" S/80S(.500W) TRANSITION NOZZLE, SA403 WP316/L   
4                                              10"" S-80 .594W SA335 P22 SEAMLESS PIPE   
5                                              10"" S-80 .594W SA335 P22 SEAMLESS PIPE   
6                                   10"" S/80S(.500W) TRANSITION NOZZLE, SA403 WP304/L   
7   10"" S-80 .594W ASTM/ASME/SA53B/API5L/X42/SA106B SEAMLESS PIPE ""ASSEMBLY USE ONLY""   
8   10"" S-80 .594W ASTM/ASME/SA53B/API5L/X42/SA106B SEAMLESS PIPE ""ASSEMBLY USE ONLY""   
9                     10"" S-120 .844W SA333 GRADE-6/SA106-B/C API5L/X42 SEAMLESS PIPE   
10                    10"" S-120 .844W SA333 GRADE-6/SA106-B/C API5L/X42 SEAMLESS PIPE   
11                    10"" S-120 .844W SA333 GRADE-6/SA106-B/C API5L/X42 SEAMLESS PIPE   
12                    10"" S-120 .844W SA333 GRADE-6/SA106-B/C API5L/X42 SEAMLESS PIPE   
13                   10"" S-120 .844W ASTM/ASME/SA53B/API5L/X42/SA106B/C SEAMLESS PIPE   
14                   10"" S-120 .844W ASTM/ASME/SA53B/API5L/X42/SA106B/C SEAMLESS PIPE   
15                   10"" S-120 .844W ASTM/ASME/SA53B/API5L/X42/SA106B/C SEAMLESS PIPE   
16                   10"" S-120 .844W ASTM/ASME/SA53B/API5L/X42/SA106B/C SEAMLESS PIPE   
17                                      10"" STD .365W SA53-B ERW X 25-0.125"" CTL, BBE   
18                                      10"" STD .365W SA53-B ERW X 25-0.125"" CTL, BBE   
19                      10"" XH .500W ASTM/ASME/SA53B/API5L/X42/SA106B/C SEAMLESS PIPE   
20                      10"" XH .500W ASTM/ASME/SA53B/API5L/X42/SA106B/C SEAMLESS PIPE   
21                      10"" XH .500W ASTM/ASME/SA53B/API5L/X42/SA106B/C SEAMLESS PIPE   
22          10"" S-120 .844W BLK SA106-B/C API5L/X42 SEAMLESS PIPE ""ASSEMBLY USE ONLY""   
23          10"" S-120 .844W BLK SA106-B/C API5L/X42 SEAMLESS PIPE ""ASSEMBLY USE ONLY""   
24                            10"" STD .365 WALL API-5L GR.B/X52/SA53-B PSL-2 ERW PIPE   

   END_CONNECTIONS END_FINISH ID  LENGTH MANUFACTURING_PROCESS  \
0              NAN        NAN        NAN              SEAMLESS   
1              NAN  PLAIN END        NAN                  SMLS   
2              NAN        NAN        NAN                   NAN   
3              NAN        NAN        NAN                   NAN   
4              NAN        NAN        NAN              SEAMLESS   
5              NAN        NAN        NAN              SEAMLESS   
6              NAN        NAN        NAN                   NAN   
7              NAN        NAN        NAN              SEAMLESS   
8              NAN        NAN        NAN              SEAMLESS   
9              NAN        NAN        NAN                  SMLS   
10             NAN        NAN        NAN                  SMLS   
11             NAN        NAN        NAN                  SMLS   
12             NAN        NAN        NAN                  SMLS   
13             NAN        NAN        NAN              SEAMLESS   
14             NAN        NAN        NAN              SEAMLESS   
15             NAN        NAN        NAN              SEAMLESS   
16             NAN        NAN        NAN              SEAMLESS   
17             NAN        BBE     25.125                   ERW   
18       PLAIN END        BBE     25.125                   ERW   
19             NAN        NAN        NAN              SEAMLESS   
20             NAN        NAN        NAN              SEAMLESS   
21             NAN        NAN        NAN              SEAMLESS   
22             NAN      BLACK        NAN              SEAMLESS   
23             NAN      BLACK        NAN              SEAMLESS   
24             NAN        NAN        NAN                   ERW   

     MATERIAL_GRADE    MATERIAL_NAME  ... PRIMARY_SIZE PRIMARY_WALL  \
0   GRADE 6/B/X42/B     CARBON STEEL  ...         10.0                
1       GR6/B/X42/B     CARBON STEEL  ...         10.0                
2           WP316/L  STAINLESS STEEL  ...         10.0                
3           WP316/L  STAINLESS STEEL  ...         10.0                
4               P22      ALLOY STEEL  ...         10.0                
5               P22      ALLOY STEEL  ...         10.0                
6           WP304/L  STAINLESS STEEL  ...         10.0                
7               X42     CARBON STEEL  ...         10.0                
8               X42     CARBON STEEL  ...         10.0                
9   GRADE 6/B/C/X42     CARBON STEEL  ...         10.0                
10        GR6/B/X42     CARBON STEEL  ...         10.0                
11  GRADE-6/B/C/X42     CARBON STEEL  ...         10.0                
12  GRADE-6/B/C/X42     CARBON STEEL  ...         10.0                
13              X42     CARBON STEEL  ...         10.0                
14              X42     CARBON STEEL  ...         10.0                
15              X42     CARBON STEEL  ...         10.0                
16              X42     CARBON STEEL  ...         10.0                
17                B     CARBON STEEL  ...         10.0                
18                B     CARBON STEEL  ...         10.0                
19              X42     CARBON STEEL  ...         10.0                
20              X42     CARBON STEEL  ...         10.0                
21              X42     CARBON STEEL  ...         10.0                
22              B/C     CARBON STEEL  ...         10.0                
23              B/C     CARBON STEEL  ...         10.0                
24              X52     CARBON STEEL  ...         10.0                

      PRODUCT_CODE REDUCING_SCHEDULE REDUCING_SIZE REDUCING_WALL TRIM  \
0    IPA3/B100STAM               NAN           NAN                NAN   
1    IPA3/B100STAM               NAN           NAN                NAN   
2         WTR6100X               NAN           NAN                NAN   
3         WTR6100X               NAN           NAN                NAN   
4       IPA2210008               NAN           NAN                NAN   
5       IPA2210008               NAN           NAN                NAN   
6         WTR4100X               NAN           NAN                NAN   
7   IPA10008AMASSM               NAN           NAN                NAN   
8   IPA10008AMASSM               NAN           NAN                NAN   
9    IPA3/B10012PT               NAN           NAN                NAN   
10  SIPA3/B10012PT               NAN           NAN                NAN   
11  SIPA3/B10012PT               NAN           NAN                NAN   
12   IPA3/B10012PT               NAN           NAN                NAN   
13     SIPA10012AM               NAN           NAN                NAN   
14      IPA10012AM               NAN           NAN                NAN   
15      IPA10012AM               NAN           NAN                NAN   
16     SIPA10012AM               NAN           NAN                NAN   
17      SHELL14201               NAN           NAN                NAN   
18      SHELL14201               NAN           NAN                NAN   
19      IPA100XHAM               NAN           NAN                NAN   
20     SIPA100XHAM               NAN           NAN                NAN   
21     SIPA100XHAM               NAN           NAN                NAN   
22  IPA10012PTASSM               NAN           NAN                NAN   
23  IPA10012PTASSM               NAN           NAN                NAN   
24     IPE100STK52               NAN           NAN                NAN   

                 TYPE WALL_THICKNESS     score  
0            SEAMLESS                 0.865528  
1       SEAMLESS PIPE                 0.865528  
2   TRANSITION NOZZLE                 0.859079  
3   TRANSITION NOZZLE                 0.859079  
4            SEAMLESS                 0.858550  
5       SEAMLESS PIPE                 0.858550  
6   TRANSITION NOZZLE                 0.857706  
7       SEAMLESS PIPE                 0.855616  
8       SEAMLESS PIPE                 0.855616  
9       SEAMLESS PIPE                 0.854777  
10      SEAMLESS PIPE                 0.854777  
11      SEAMLESS PIPE                 0.854777  
12      SEAMLESS PIPE                 0.854777  
13      SEAMLESS PIPE                 0.854740  
14      SEAMLESS PIPE                 0.854740  
15      SEAMLESS PIPE                 0.854740  
16      SEAMLESS PIPE                 0.854740  
17           ERW PIPE                 0.852756  
18           ERW PIPE                 0.852756  
19      SEAMLESS PIPE                 0.852268  
20      SEAMLESS PIPE                 0.852268  
21           SEAMLESS                 0.852268  
22           SEAMLESS                 0.851937  
23      SEAMLESS PIPE                 0.851937  
24           ERW PIPE                 0.851544  

[25 rows x 25 columns]",0,EXCELLENT
61,"111008090-FLG,WN,RF,6,900 ,XH (S80)-SA-105","6"" 900 RF WELD NECK FLANGE XH BORE, SA105N FGP",True,61,105,20.441273000000365,"   CATEGORY  CONFIDENCE  \
0    FLANGE         0.9   
1    FLANGE         0.9   
2    FLANGE         0.9   
3    FLANGE         0.9   
4    FLANGE         0.9   
5    FLANGE         0.9   
6   FITTING         0.9   
7   FITTING         0.9   
8    FLANGE         1.0   
9    FLANGE         0.9   
10   FLANGE         0.9   
11   FLANGE         0.9   
12  FITTING         0.9   
13  FITTING         0.9   
14  FITTING         0.9   
15   FLANGE         0.9   
16   FLANGE         1.0   
17  FITTING         0.9   
18  FITTING         0.9   
19  FITTING         0.9   
20  FITTING         0.9   
21  FITTING         0.9   
22   FLANGE         0.9   
23   FLANGE         0.9   
24   FLANGE         0.9   

                                              DESCRIPTION END_CONNECTIONS  \
0                   6"" 900 RF WN FLG XXH BORE SA105N/ FGP             NAN   
1                   6"" 300 RF WN FLG XXH BORE, SA105N/FGP             NAN   
2                   6"" 600 RF WN FLG XXH BORE SA105N/ FGP             NAN   
3                   6"" 600 RF WN FLG XXH BORE SA105N/ FGP             NAN   
4      6"" X 5"" 900 RF RED WN FLANGE S/80 BORE SA105N -FGP             NAN   
5                  6"" 900 RTJ WN FLG XXH BORE SA105N/ FGP             NAN   
6                            6"" X 2"" 3000 FS T-O-L, SA105        THREADED   
7                            6"" X 2"" 3000 FS T-O-L, SA105             NAN   
8                           6"" 900 RF BLIND FLANGE, SA105             NAN   
9                           6"" 900 RF BLIND FLANGE, SA105             NAN   
10                          6"" 900 RF BLIND FLANGE, SA105             NAN   
11                     6"" 150 RF BLIND FLANGE, SA105N-FGP             NAN   
12        6"" - 4"" X 2"" 6000 FS THREADED FLEX-O-LET, SA105        THREADED   
13        6"" - 4"" X 2"" 6000 FS THREADED FLEX-O-LET, SA105        THREADED   
14  6"" - 2-0.5"" X 0.5"" 6000 FS THREADED FLEX-O-LET, SA105        THREADED   
15                     6"" 300 RF BLIND FLANGE, SA105N-FGP             NAN   
16                     6"" 300 RF BLIND FLANGE, SA105N-FGP             NAN   
17    6"" - 5"" X 1-0.5"" 3000 FS THREADED FLEX-O-LET, SA105        THREADED   
18        6"" - 4"" X 2"" 3000 FS THREADED FLEX-O-LET, SA105        THREADED   
19        6"" - 4"" X 2"" 3000 FS THREADED FLEX-O-LET, SA105        THREADED   
20          6""-5"" X 3"" 3000 FS THREADED FLEX-O-LET, SA105        THREADED   
21          6""-5"" X 3"" 3000 FS THREADED FLEX-O-LET, SA105        THREADED   
22                          6"" 150 RF BLIND FLANGE, SA105             NAN   
23                          6"" 150 RF BLIND FLANGE, SA105             NAN   
24                          6"" 150 RF BLIND FLANGE, SA105             NAN   

     END_FINISH ID LENGTH MANUFACTURING_PROCESS MATERIAL_GRADE MATERIAL_NAME  \
0   RAISED FACE       NAN                   NAN              N  CARBON STEEL   
1   RAISED FACE       NAN                   NAN              N  CARBON STEEL   
2   RAISED FACE       NAN                   NAN              N  CARBON STEEL   
3   RAISED FACE       NAN                   NAN              N  CARBON STEEL   
4   RAISED FACE       NAN                   NAN              N  CARBON STEEL   
5           RTJ       NAN                   NAN              N  CARBON STEEL   
6           NAN       NAN                FORGED            NAN  CARBON STEEL   
7           NAN       NAN                   NAN            NAN  CARBON STEEL   
8   RAISED FACE       NAN                   NAN            NAN  CARBON STEEL   
9   RAISED FACE       NAN                   NAN            NAN  CARBON STEEL   
10  RAISED FACE       NAN                   NAN            NAN  CARBON STEEL   
11  RAISED FACE       NAN                   NAN              N  CARBON STEEL   
12          NAN       NAN                   NAN            NAN  CARBON STEEL   
13          NAN       NAN                   NAN            NAN  CARBON STEEL   
14          NAN       NAN                   NAN            NAN  CARBON STEEL   
15  RAISED FACE       NAN                   NAN              N  CARBON STEEL   
16  RAISED FACE       NAN                   NAN              N  CARBON STEEL   
17          NAN       NAN                   NAN            NAN  CARBON STEEL   
18          NAN       NAN                   NAN            NAN  CARBON STEEL   
19          NAN       NAN                   NAN            NAN  CARBON STEEL   
20          NAN       NAN                   NAN            NAN  CARBON STEEL   
21          NAN       NAN                   NAN            NAN  CARBON STEEL   
22  RAISED FACE       NAN                   NAN            NAN  CARBON STEEL   
23  RAISED FACE       NAN                   NAN            NAN  CARBON STEEL   
24  RAISED FACE       NAN                   NAN            NAN  CARBON STEEL   

    ... PRIMARY_SIZE PRIMARY_WALL      PRODUCT_CODE REDUCING_SCHEDULE  \
0   ...          6.0               FWN090601XXPPI-N               NAN   
1   ...          6.0                  IFWN030601XXA               NAN   
2   ...          6.0               FWN060601XXPPI-N               NAN   
3   ...          6.0               FWN060601XXPPI-N               NAN   
4   ...          6.0                  FRW090600501X               NAN   
5   ...          6.0               FWN090603XXPPI-N               NAN   
6   ...          6.0                     SM3T020060               NAN   
7   ...          6.0                     SM3T020060               NAN   
8   ...          6.0                      FBD090601               NAN   
9   ...          6.0                      FBD090601               NAN   
10  ...          6.0                   FBD090601BTX               NAN   
11  ...          6.0                      FBD010601               NAN   
12  ...          6.0                      M6T020060               NAN   
13  ...          6.0                      M6T020060               NAN   
14  ...          6.0                      M6T005060               NAN   
15  ...          6.0                      FBD030601               NAN   
16  ...          6.0                      FBD030601               NAN   
17  ...          6.0                     IM3T015060               NAN   
18  ...          6.0                    M3T02006040               NAN   
19  ...          6.0                    M3T02006040               NAN   
20  ...          6.0                      M3T030060               NAN   
21  ...          6.0                      M3T030060               NAN   
22  ...          6.0                   FBD010601BTX               NAN   
23  ...          6.0                     WFBD010601               NAN   
24  ...          6.0                     IFBD010601               NAN   

   REDUCING_SIZE REDUCING_WALL TRIM                TYPE WALL_THICKNESS  \
0            NAN                NAN           WELD NECK                  
1            NAN                NAN           WELD NECK                  
2            NAN                FGP           WELD NECK                  
3            NAN                NAN           WELD NECK                  
4              5                NAN  REDUCING WELD NECK                  
5            NAN                NAN           WELD NECK                  
6              2                NAN          THREADOLET                  
7              2                NAN          THREADOLET                  
8            NAN                NAN               BLIND                  
9            NAN                NAN               BLIND                  
10           NAN                NAN               BLIND                  
11           NAN                NAN               BLIND                  
12             2                NAN            FLEXOLET                  
13             2                NAN            FLEXOLET                  
14           2.5                NAN            FLEXOLET                  
15           NAN                NAN               BLIND                  
16           NAN                NAN               BLIND                  
17           1.5                NAN            FLEXOLET                  
18             2                NAN            FLEXOLET                  
19             2                NAN            FLEXOLET                  
20             3                NAN            FLEXOLET                  
21             3                NAN            FLEXOLET                  
22           NAN                NAN               BLIND                  
23           NAN                NAN               BLIND                  
24           NAN                NAN               BLIND                  

       score  
0   0.901175  
1   0.900403  
2   0.898046  
3   0.898046  
4   0.896568  
5   0.896414  
6   0.891755  
7   0.891755  
8   0.887403  
9   0.887403  
10  0.887403  
11  0.884153  
12  0.884035  
13  0.884035  
14  0.883890  
15  0.883457  
16  0.883457  
17  0.882562  
18  0.882540  
19  0.882540  
20  0.882185  
21  0.882185  
22  0.881775  
23  0.881775  
24  0.881775  

[25 rows x 25 columns]",0,EXCELLENT
62,"933793 PIPE,8"", STD,SMLS,ASTM A106 GR.B","8"" STD .322W ASTM/ASME/SA53B/API5L/X42/SA106B/C SEAMLESS PIPE",True,62,19,21.562408400000095,"   CATEGORY  CONFIDENCE  \
0      PIPE         0.9   
1      PIPE         0.9   
2      PIPE         0.9   
3      PIPE         0.9   
4      PIPE         0.9   
5      PIPE         0.9   
6      PIPE         0.9   
7      PIPE         0.9   
8      PIPE         0.9   
9      PIPE         0.9   
10     PIPE         0.9   
11     PIPE         0.9   
12     PIPE         0.9   
13     PIPE         0.9   
14     PIPE         0.9   
15     PIPE         0.9   
16     PIPE         0.9   
17     PIPE         0.9   
18     PIPE         0.9   
19     PIPE         0.9   
20     PIPE         0.9   
21     PIPE         0.9   
22     PIPE         0.9   
23     PIPE         0.9   
24     PIPE         0.9   

                                                                         DESCRIPTION  \
0                               8"" STD .322W ASME SA333 GR6/ SA106-B/C SEAMLESS PIPE   
1                               8"" STD .322W ASME SA333 GR6/ SA106-B/C SEAMLESS PIPE   
2                                   8"" STD .322W SA333 GRADE-6/SA106-B SEAMLESS PIPE   
3                                   8"" STD .322W SA333 GRADE-6/SA106-B SEAMLESS PIPE   
4                                              8"" STD .322W SA333 GR-6 SEAMLESS PIPE   
5                                              8"" STD .322W SA333 GR-6 SEAMLESS PIPE   
6                                              8"" STD .322W SA333 GR-6 SEAMLESS PIPE   
7                             8"" S-120 .719W ASME SA333 GR6/ SA106-B/C SEAMLESS PIPE   
8                             8"" S-120 .719W ASME SA333 GR6/ SA106-B/C SEAMLESS PIPE   
9                                           8"" X 2"" STD A106-B SMLS NIPPLE GRV X BEV   
10                                          8"" X 2"" STD A106-B SMLS NIPPLE GRV X BEV   
11  8"" STD .322W ASTM/ASME/SA333 GRADE-6/SA53B/API5L/X42/SA106B/C/PSL2 SEAMLESS PIPE   
12  8"" STD .322W ASTM/ASME/SA333 GRADE-6/SA53B/API5L/X42/SA106B/C/PSL2 SEAMLESS PIPE   
13  8"" STD .322W ASTM/ASME/SA333 GRADE-6/SA53B/API5L/X42/SA106B/C/PSL2 SEAMLESS PIPE   
14  8"" STD .322W ASTM/ASME/SA333 GRADE-6/SA53B/API5L/X42/SA106B/C/PSL2 SEAMLESS PIPE   
15                     8"" STD .322W API 5L/GR B/X42/PSL1/SA53B/SA106-B SEAMLESS PIPE   
16                     8"" STD .322W API 5L/GR B/X42/PSL1/SA53B/SA106-B SEAMLESS PIPE   
17             8"" STD .322W ASTM/ASME/SA53B/API5L/X42/SA106B/C SEAMLESS PIPE (SPAIN)   
18             8"" STD .322W ASTM/ASME/SA53B/API5L/X42/SA106B/C SEAMLESS PIPE (SPAIN)   
19                     8"" STD .322W ASTM/ASME/SA53B/API5L/X42/SA106B/C SEAMLESS PIPE   
20                     8"" STD .322W ASTM/ASME/SA53B/API5L/X42/SA106B/C SEAMLESS PIPE   
21                     8"" STD .322W ASTM/ASME/SA53B/API5L/X42/SA106B/C SEAMLESS PIPE   
22                     8"" STD .322W ASTM/ASME/SA53B/API5L/X42/SA106B/C SEAMLESS PIPE   
23                     8"" STD .322W ASTM/ASME/SA53B/API5L/X42/SA106B/C SEAMLESS PIPE   
24                     8"" STD .322W ASTM/ASME/SA53B/API5L/X42/SA106B/C SEAMLESS PIPE   

      END_CONNECTIONS END_FINISH ID LENGTH MANUFACTURING_PROCESS  \
0                 NAN        NAN       NAN                  SMLS   
1                 NAN        NAN       NAN              SEAMLESS   
2                 NAN        NAN       NAN              SEAMLESS   
3                 NAN        NAN       NAN              SEAMLESS   
4                 NAN        NAN       NAN              SEAMLESS   
5                 NAN        NAN       NAN              SEAMLESS   
6                 NAN        NAN       NAN              SEAMLESS   
7                 NAN        NAN       NAN              SEAMLESS   
8                 NAN        NAN       NAN                  SMLS   
9   GROOVED X BEVELED        NAN       NAN              SEAMLESS   
10     GROOVE X BEVEL        NAN       NAN              SEAMLESS   
11                NAN        NAN       NAN              SEAMLESS   
12                NAN        NAN       NAN              SEAMLESS   
13                NAN        NAN       NAN                  SMLS   
14                NAN  PLAIN END       NAN              SEAMLESS   
15                NAN        NAN       NAN              SEAMLESS   
16                NAN        NAN       NAN              SEAMLESS   
17                NAN        NAN       NAN              SEAMLESS   
18                NAN        NAN       NAN                  SMLS   
19                NAN        NAN       NAN                  SMLS   
20                NAN        NAN       NAN                  SMLS   
21                NAN        NAN       NAN                  SMLS   
22                NAN  PLAIN END       NAN              SEAMLESS   
23                NAN        NAN       NAN              SEAMLESS   
24                NAN        NAN       NAN              SEAMLESS   

     MATERIAL_GRADE MATERIAL_NAME  ... PRIMARY_SIZE PRIMARY_WALL  \
0           GR6/B/C  CARBON STEEL  ...          8.0                
1           GR6/B/C  CARBON STEEL  ...          8.0                
2               6/B  CARBON STEEL  ...          8.0                
3         GRADE 6/B  CARBON STEEL  ...          8.0                
4                 6  CARBON STEEL  ...          8.0                
5                 6  CARBON STEEL  ...          8.0                
6                 6  CARBON STEEL  ...          8.0                
7           GR6/B/C  CARBON STEEL  ...          8.0                
8           GR6/B/C  CARBON STEEL  ...          8.0                
9                 B  CARBON STEEL  ...          8.0                
10                B  CARBON STEEL  ...          8.0                
11  GRADE 6/B/X42/B  CARBON STEEL  ...          8.0                
12      GR6/B/X42/B  CARBON STEEL  ...          8.0                
13      GR6/B/X42/B  CARBON STEEL  ...          8.0                
14  GRADE-6/X42/B/C  CARBON STEEL  ...          8.0                
15       B/X42/PSL1  CARBON STEEL  ...          8.0                
16       B/X42/PSL1  CARBON STEEL  ...          8.0                
17              X42  CARBON STEEL  ...          8.0                
18              X42  CARBON STEEL  ...          8.0                
19              X42  CARBON STEEL  ...          8.0                
20              X42  CARBON STEEL  ...          8.0                
21              X42  CARBON STEEL  ...          8.0                
22              X42  CARBON STEEL  ...          8.0                
23              X42  CARBON STEEL  ...          8.0                
24              X42  CARBON STEEL  ...          8.0                

      PRODUCT_CODE REDUCING_SCHEDULE REDUCING_SIZE REDUCING_WALL TRIM  \
0     IPA3/B080STA               NAN           NAN                NAN   
1     IPA3/B080STA               NAN           NAN                NAN   
2       PA3/B080ST               NAN           NAN                NAN   
3       PA3/B080ST               NAN           NAN                NAN   
4        SPA3080ST               NAN           NAN                NAN   
5        SPA3080ST               NAN           NAN                NAN   
6       HWPA3080ST               NAN           NAN                NAN   
7    IPA3/B08012VG               NAN           NAN                NAN   
8    IPA3/B08012VG               NAN           NAN                NAN   
9      VNS080020GP               NAN             2                NAN   
10     VNS080020GP               NAN             2                NAN   
11   IPA3/B080STAM               NAN           NAN                NAN   
12  SIPA3/B080STAM               NAN           NAN                NAN   
13  SIPA3/B080STAM               NAN           NAN                NAN   
14   IPA3/B080STAM               NAN           NAN                NAN   
15     SIPA080STAM               NAN           NAN                NAN   
16     SIPA080STAM               NAN           NAN                NAN   
17      IPA080STTR               NAN           NAN                NAN   
18      IPA080STTR               NAN           NAN                NAN   
19       IPA080STK               NAN           NAN                NAN   
20  IPA080STAM-SRL               NAN           NAN                NAN   
21     SIPA080STVB               NAN           NAN                NAN   
22      IPA080STTM               NAN           NAN                NAN   
23       IPA080STK               NAN           NAN                NAN   
24      IPA080STVB               NAN           NAN                NAN   

             TYPE WALL_THICKNESS     score  
0   SEAMLESS PIPE                 0.928054  
1   SEAMLESS PIPE                 0.928054  
2   SEAMLESS PIPE                 0.916705  
3        SEAMLESS                 0.916705  
4   SEAMLESS PIPE                 0.910529  
5   SEAMLESS PIPE                 0.910529  
6   SEAMLESS PIPE                 0.910529  
7   SEAMLESS PIPE                 0.909690  
8   SEAMLESS PIPE                 0.909690  
9          NIPPLE                 0.908899  
10         NIPPLE                 0.908899  
11  SEAMLESS PIPE                 0.906857  
12  SEAMLESS PIPE                 0.906857  
13  SEAMLESS PIPE                 0.906857  
14       SEAMLESS                 0.906857  
15       SEAMLESS                 0.904941  
16  SEAMLESS PIPE                 0.904941  
17  SEAMLESS PIPE                 0.902471  
18  SEAMLESS PIPE                 0.902471  
19  SEAMLESS PIPE                 0.901301  
20  SEAMLESS PIPE                 0.901301  
21  SEAMLESS PIPE                 0.901301  
22  SEAMLESS PIPE                 0.901301  
23  SEAMLESS PIPE                 0.901301  
24  SEAMLESS PIPE                 0.901301  

[25 rows x 25 columns]",0,EXCELLENT
63,"0.25"" STD A106B MIN SMLS OR WELDED","0.25"" STD .088W BLK SA106-B SEAMLESS PIPE",True,63,8,25.007062399999995,"   CATEGORY  CONFIDENCE                                 DESCRIPTION  \
0      PIPE         0.9         0.25"" STD .088W WELDED SA312 TP1.0L   
1      PIPE         0.9         0.25"" STD .088W WELDED SA312 TP1.0L   
2      PIPE         0.9         0.25"" STD .088W WELDED SA312 TP1.0L   
3      PIPE         0.9         0.25"" STD .088W WELDED SA312 TP1.0L   
4      PIPE         0.8  0.25"" X 11-0.062"" STD 304SS WELDED TOEXBOE   
5      PIPE         0.8  0.25"" X 11-0.062"" STD 304SS WELDED TOEXBOE   
6      PIPE         0.8     0.25"" X 11.81"" STD 304SS WELDED TOEXBOE   
7      PIPE         0.8     0.25"" X 11.81"" STD 304SS WELDED TOEXBOE   
8      PIPE         0.9   0.25"" STD .088W BLK SA106-B SEAMLESS PIPE   
9      PIPE         0.9   0.25"" STD .088W BLK SA106-B SEAMLESS PIPE   
10     PIPE         0.9   0.25"" STD .088W BLK SA106-B SEAMLESS PIPE   
11     PIPE         0.9   0.25"" STD .088W BLK SA106-B SEAMLESS PIPE   
12  FITTING         0.9        0.25"" 6000 FS THREADED 90 ELL, SA105   
13  FITTING         0.9        0.25"" 6000 FS THREADED 90 ELL, SA105   
14  FITTING         0.9         0.25"" 2000 FS THREADED 90ELL, SA105   
15  FITTING         0.8               0.25"" STD BRASS 90 DEGREE ELL   
16     PIPE         0.8      0.25"" X CLOSE"" STD BLK BW NIPPLE, TBE.   
17  FITTING         0.8      0.25"" X CLOSE"" STD BLK BW NIPPLE, TBE.   
18  FITTING         0.8          0.25"" X 10"" STD BLK BW NIPPLE, TBE   
19  FITTING         0.9        0.25"" 3000 FS THREADED 90 ELL, SA105   
20  FITTING         0.9        0.25"" 3000 FS THREADED 90 ELL, SA105   
21  FITTING         0.9        0.25"" 3000 FS THREADED 90 ELL, SA105   
22  FITTING         0.9        0.25"" 3000 FS THREADED 90 ELL, SA105   
23  FITTING         0.9        0.25"" 3000 FS THREADED 90 ELL, SA105   
24     PIPE         0.8           0.25"" X 12"" STD BLK BW NIPPLE TBE   

                          END_CONNECTIONS END_FINISH ID   LENGTH  \
0                                     NAN  PLAIN END         NAN   
1                                     NAN        NAN         NAN   
2                                     NAN        NAN         NAN   
3                                     NAN        NAN         NAN   
4    THREADED ONE END X BEVELED OTHER END        NAN     11.0625   
5   THREADED ONE END BY BEVELED OTHER END        NAN     11.0625   
6   THREADED ONE END BY BEVELED OTHER END        NAN       11.81   
7                               TOE X BOE        NAN       11.81   
8                                     NAN      BLACK         NAN   
9                                     NAN      BLACK         NAN   
10                                    NAN      BLACK         NAN   
11                                    NAN      BLACK         NAN   
12                               THREADED        NAN         NAN   
13                               THREADED        NAN         NAN   
14                               THREADED        NAN         NAN   
15                                    NAN        NAN         NAN   
16                              BUTT WELD      BLACK         NAN   
17                              BUTT WELD      BLACK         NAN   
18                              BUTT WELD      BLACK          10   
19                               THREADED        NAN         NAN   
20                               THREADED        NAN         NAN   
21                               THREADED        NAN         NAN   
22                               THREADED        NAN         NAN   
23                               THREADED        NAN         NAN   
24                              BUTT WELD      BLACK          12   

   MANUFACTURING_PROCESS MATERIAL_GRADE    MATERIAL_NAME  ... PRIMARY_SIZE  \
0                 WELDED         TP1.0L  STAINLESS STEEL  ...         0.25   
1                 WELDED         TP1.0L  STAINLESS STEEL  ...         0.25   
2                 WELDED         TP1.0L  STAINLESS STEEL  ...         0.25   
3                 WELDED         TP1.0L  STAINLESS STEEL  ...         0.25   
4                 WELDED            304  STAINLESS STEEL  ...         0.25   
5                 WELDED            304  STAINLESS STEEL  ...         0.25   
6                 WELDED            304  STAINLESS STEEL  ...         0.25   
7                 WELDED            304  STAINLESS STEEL  ...         0.25   
8               SEAMLESS              B     CARBON STEEL  ...         0.25   
9               SEAMLESS              B     CARBON STEEL  ...         0.25   
10              SEAMLESS              B     CARBON STEEL  ...         0.25   
11              SEAMLESS              B     CARBON STEEL  ...         0.25   
12                   NAN            NAN     CARBON STEEL  ...         0.25   
13                   NAN            NAN     CARBON STEEL  ...         0.25   
14          FORGED STEEL            NAN     CARBON STEEL  ...         0.25   
15                   NAN            NAN            BRASS  ...         0.25   
16                   NAN            NAN     CARBON STEEL  ...         0.25   
17                   NAN            NAN     CARBON STEEL  ...         0.25   
18                   NAN            NAN              NAN  ...         0.25   
19                   NAN            NAN     CARBON STEEL  ...         0.25   
20                FORGED            NAN     CARBON STEEL  ...         0.25   
21                   NAN            NAN     CARBON STEEL  ...         0.25   
22                   NAN            NAN     CARBON STEEL  ...         0.25   
23                FORGED            NAN     CARBON STEEL  ...         0.25   
24                   NAN            NAN              NAN  ...         0.25   

   PRIMARY_WALL PRODUCT_CODE REDUCING_SCHEDULE REDUCING_SIZE REDUCING_WALL  \
0                   PE4002ST               NAN           NAN                 
1                   PE6002ST               NAN           NAN                 
2                   PE4002ST               NAN           NAN                 
3                   PE6002ST               NAN           NAN                 
4                S304N002116               NAN           NAN                 
5                S304N002116               NAN           NAN                 
6                S304N002118               NAN           NAN                 
7                S304N002118               NAN           NAN                 
8                   IPA002ST               NAN           NAN                 
9                    PA002ST               NAN           NAN                 
10                  IPA002ST               NAN           NAN                 
11                   PA002ST               NAN           NAN                 
12                  M6T9E002               NAN           NAN                 
13                  M6T9E002               NAN           NAN                 
14                  M2T9E002               NAN           NAN                 
15                   BR9E002               NAN           NAN                 
16                 BNS002000               NAN           NAN                 
17                 BNS002000               NAN           NAN                 
18                 BNS002100               NAN           NAN                 
19                  M3T9E002               NAN           NAN                 
20                 IM3T9E002               NAN           NAN                 
21                  M3T9E002               NAN           NAN                 
22                 IM3T9E002               NAN           NAN                 
23                 SM3T9E002               NAN           NAN                 
24                 BNS002120               NAN           NAN                 

   TRIM                TYPE WALL_THICKNESS     score  
0   NAN              WELDED                 0.917739  
1   NAN              WELDED                 0.917739  
2   NAN         WELDED PIPE                 0.917739  
3   NAN         WELDED PIPE                 0.917739  
4   NAN              WELDED                 0.910705  
5   NAN              WELDED                 0.910705  
6   NAN              WELDED                 0.909757  
7   NAN         WELDED PIPE                 0.909757  
8   NAN            SEAMLESS                 0.901575  
9   NAN       SEAMLESS PIPE                 0.901575  
10  NAN       SEAMLESS PIPE                 0.901575  
11  NAN            SEAMLESS                 0.901575  
12  NAN     ELBOW 90 DEGREE                 0.898617  
13  NAN     90 DEGREE ELBOW                 0.898617  
14  NAN     90 DEGREE ELBOW                 0.897970  
15  NAN     90 DEGREE ELBOW                 0.896784  
16  NAN              NIPPLE                 0.896648  
17  NAN              NIPPLE                 0.896648  
18  NAN              NIPPLE                 0.895255  
19  NAN  FULL SIZE ELBOW 90                 0.894806  
20  NAN     ELBOW 90 DEGREE                 0.894806  
21  NAN     90 DEGREE ELBOW                 0.894806  
22  NAN     ELBOW 90 DEGREE                 0.894806  
23  NAN            ELBOW 90                 0.894806  
24  NAN              NIPPLE                 0.894221  

[25 rows x 25 columns]",0,EXCELLENT
64,"15000392-ELBOW,LR90,4,S120","4"" S-120 LR 90 WELD ELL, SA234-WPB",True,64,12,24.841831300000194,"   CATEGORY  CONFIDENCE                          DESCRIPTION END_CONNECTIONS  \
0   FITTING         0.9  4"" S-120 LR 90 WELD ELL, SA420-WPL6       BUTT WELD   
1   FITTING         0.9  4"" S-120 LR 90 WELD ELL, SA420-WPL6       BUTT WELD   
2   FITTING         0.9  4"" S-160 LR 90 WELD ELL, SA420-WPL6       BUTT WELD   
3   FITTING         0.9    4"" S-120 LR 45WELD ELL, SA234-WPB       BUTT WELD   
4   FITTING         0.9    4"" S-120 LR 45WELD ELL, SA234-WPB       BUTT WELD   
5   FITTING         0.9    4"" S-120 LR 45WELD ELL, SA234-WPB       BUTT WELD   
6   FITTING         0.9    4"" S-120 LR 45WELD ELL, SA234-WPB       BUTT WELD   
7   FITTING         0.9    4"" S-160 LR 45WELD ELL, SA234-WPB       BUTT WELD   
8   FITTING         0.9     4"" XH LR 90 WELD ELL, SA420-WPL6       BUTT WELD   
9   FITTING         0.9     4"" XH LR 90 WELD ELL, SA420-WPL6              BW   
10  FITTING         0.9     4"" XH LR 90 WELD ELL, SA420-WPL6       BUTT WELD   
11  FITTING         0.9     4"" XH LR 90 WELD ELL, SA420-WPL6       BUTT WELD   
12  FITTING         0.9   4"" S-120 LR 90 WELD ELL, SA234-WPB       BUTT WELD   
13  FITTING         0.9   4"" S-120 LR 90 WELD ELL, SA234-WPB       BUTT WELD   
14  FITTING         0.9   4"" S-120 LR 90 WELD ELL, SA234-WPB       BUTT WELD   
15  FITTING         0.9   4"" S-120 LR 90 WELD ELL, SA234-WPB       BUTT WELD   
16  FITTING         0.9   4"" S-120 LR 90 WELD ELL, SA234-WPB       BUTT WELD   
17  FITTING         0.9   4"" S-120 LR 90 WELD ELL, SA234-WPB       BUTT WELD   
18  FITTING         0.9   4"" S-120 LR 90 WELD ELL, SA234-WPB       BUTT WELD   
19  FITTING         0.9   4"" S-120 LR 90 WELD ELL, SA234-WPB       BUTT WELD   
20  FITTING         0.9   4"" S-160 LR 90 WELD ELL, SA234-WPB       BUTT WELD   
21  FITTING         0.9   4"" S-160 LR 90 WELD ELL, SA234-WPB       BUTT WELD   
22  FITTING         0.9   4"" S-160 LR 90 WELD ELL, SA234-WPB              BW   
23  FITTING         0.9   4"" S-160 LR 90 WELD ELL, SA234-WPB       BUTT WELD   
24  FITTING         0.9   4"" S-160 LR 90 WELD ELL, SA234-WPB       BUTT WELD   

   END_FINISH ID LENGTH MANUFACTURING_PROCESS MATERIAL_GRADE MATERIAL_NAME  \
0         NAN       NAN                   NAN           WPL6  CARBON STEEL   
1          BW       NAN                   NAN           WPL6  CARBON STEEL   
2         NAN       NAN                   NAN           WPL6  CARBON STEEL   
3          BW       NAN                WELDED            WPB  CARBON STEEL   
4        WELD       NAN                   NAN            WPB  CARBON STEEL   
5          BW       NAN                   NAN            WPB  CARBON STEEL   
6          BW       NAN                   NAN            WPB  CARBON STEEL   
7          BW       NAN                   NAN            WPB  CARBON STEEL   
8         NAN       NAN                   NAN           WPL6  CARBON STEEL   
9         NAN       NAN                   NAN           WPL6  CARBON STEEL   
10         BW       NAN                   NAN           WPL6  CARBON STEEL   
11       WELD       NAN                   NAN           WPL6  CARBON STEEL   
12         BW       NAN                   NAN            WPB  CARBON STEEL   
13         BW       NAN                   NAN            WPB  CARBON STEEL   
14        NAN       NAN                WELDED            WPB  CARBON STEEL   
15        NAN       NAN                   NAN            WPB  CARBON STEEL   
16         BW       NAN                   NAN            WPB  CARBON STEEL   
17         BW       NAN                   NAN            WPB  CARBON STEEL   
18         BW       NAN                   NAN            WPB  CARBON STEEL   
19        NAN       NAN                   NAN            WPB  CARBON STEEL   
20         BW       NAN                   NAN            WPB  CARBON STEEL   
21        NAN       NAN                   NAN            WPB  CARBON STEEL   
22        NAN       NAN                   NAN            WPB  CARBON STEEL   
23         BW       NAN                   NAN            WPB  CARBON STEEL   
24         BW       NAN                   NAN            WPB  CARBON STEEL   

    ... PRIMARY_SIZE PRIMARY_WALL PRODUCT_CODE REDUCING_SCHEDULE  \
0   ...          4.0                IWL9604012               NAN   
1   ...          4.0                 WL9604012               NAN   
2   ...          4.0                 WL9604016               NAN   
3   ...          4.0                IWL404012A               NAN   
4   ...          4.0                 IWL404012               NAN   
5   ...          4.0                IWL404012A               NAN   
6   ...          4.0                 IWL404012               NAN   
7   ...          4.0                 IWL404016               NAN   
8   ...          4.0                 SWL96040X               NAN   
9   ...          4.0                 IWL96040X               NAN   
10  ...          4.0                 SWL96040X               NAN   
11  ...          4.0                 IWL96040X               NAN   
12  ...          4.0                  WL904012               NAN   
13  ...          4.0               IWL904012TM               NAN   
14  ...          4.0                IWL904012A               NAN   
15  ...          4.0                  WL904012               NAN   
16  ...          4.0                 IWL904012               NAN   
17  ...          4.0                IWL904012A               NAN   
18  ...          4.0                 KWL904012               NAN   
19  ...          4.0                 KWL904012               NAN   
20  ...          4.0               IWL904016TM               NAN   
21  ...          4.0                  WL904016               NAN   
22  ...          4.0                IAWL904016               NAN   
23  ...          4.0                 KWL904016               NAN   
24  ...          4.0                IWL904016A               NAN   

   REDUCING_SIZE REDUCING_WALL TRIM                  TYPE WALL_THICKNESS  \
0            NAN                NAN  LONG RADIUS 90 ELBOW                  
1            NAN                NAN  LONG RADIUS 90 ELBOW                  
2            NAN                NAN  LONG RADIUS 90 ELBOW                  
3            NAN                NAN  LONG RADIUS 45 ELBOW                  
4            NAN                NAN  LONG RADIUS 45 ELBOW                  
5            NAN                NAN  LONG RADIUS 45 ELBOW                  
6            NAN                NAN  LONG RADIUS 45 ELBOW                  
7            NAN                NAN  LONG RADIUS 45 ELBOW                  
8            NAN                NAN  LONG RADIUS 90 ELBOW                  
9            NAN                NAN  LONG RADIUS 90 ELBOW                  
10           NAN                NAN  LONG RADIUS 90 ELBOW                  
11           NAN                NAN  LONG RADIUS 90 ELBOW                  
12           NAN                NAN  LONG RADIUS 90 ELBOW                  
13           NAN                NAN  LONG RADIUS 90 ELBOW                  
14           NAN                NAN  LONG RADIUS 90 ELBOW                  
15           NAN                NAN  ELBOW 90 LONG RADIUS                  
16           NAN                NAN  LONG RADIUS 90 ELBOW                  
17           NAN                NAN  LONG RADIUS 90 ELBOW                  
18           NAN                NAN  LONG RADIUS 90 ELBOW                  
19           NAN                NAN  LONG RADIUS 90 ELBOW                  
20           NAN                NAN  LONG RADIUS 90 ELBOW                  
21           NAN                NAN  LONG RADIUS 90 ELBOW                  
22           NAN                NAN  LONG RADIUS 90 ELBOW                  
23           NAN                NAN  LONG RADIUS 90 ELBOW                  
24           NAN                NAN  LONG RADIUS 90 ELBOW                  

       score  
0   0.885641  
1   0.885641  
2   0.884500  
3   0.883909  
4   0.883909  
5   0.883909  
6   0.883909  
7   0.882780  
8   0.881124  
9   0.881124  
10  0.881124  
11  0.881124  
12  0.878176  
13  0.878176  
14  0.878176  
15  0.878176  
16  0.878176  
17  0.878176  
18  0.878176  
19  0.878176  
20  0.877991  
21  0.877991  
22  0.877991  
23  0.877991  
24  0.877991  

[25 rows x 25 columns]",0,EXCELLENT
65,"11100576-FLG,WN,RF,10,600 ,XH (S60)-SA-105","10"" 600 RF WELD NECK FLANGE XH BORE, SA105N",True,65,182,23.750377899999876,"   CATEGORY  CONFIDENCE  \
0    FLANGE         0.9   
1    FLANGE         0.9   
2   FITTING         0.9   
3   FITTING         0.9   
4      PIPE         0.9   
5      PIPE         0.9   
6   FITTING         0.9   
7   FITTING         0.9   
8    FLANGE         0.9   
9    FLANGE         1.0   
10   FLANGE         0.9   
11   FLANGE         1.0   
12   FLANGE         0.9   
13   FLANGE         0.9   
14     PIPE         0.9   
15     PIPE         0.9   
16  FITTING         0.9   
17  FITTING         0.9   
18   FLANGE         0.9   
19   FLANGE         0.9   
20   FLANGE         0.9   
21   FLANGE         0.9   
22   FLANGE         0.9   
23   FLANGE         0.9   
24  FITTING         0.9   

                                                      DESCRIPTION  \
0                             10"" 600 RF BLIND FLANGE, SA105N-FGP   
1                             10"" 600 RF BLIND FLANGE, SA105N-FGP   
2                10"" - 6"" X 1"" 3000 FS THREADED FLEX-O-LET, SA105   
3                10"" - 6"" X 1"" 3000 FS THREADED FLEX-O-LET, SA105   
4   10"" S-80 .594W X 3-0.562"" LG SA106-B BBE37.5 DEGW/0.062"" LAND   
5   10"" S-80 .594W X 3-0.562"" LG SA106-B BBE37.5 DEGW/0.062"" LAND   
6                10"" - 8"" X 2"" 3000 FS THREADED FLEX-O-LET, SA105   
7                10"" - 8"" X 2"" 3000 FS THREADED FLEX-O-LET, SA105   
8                                 10"" 600 RF BLIND FLANGE, SA105N   
9                                 10"" 600 RF BLIND FLANGE, SA105N   
10                                10"" 600 RF BLIND FLANGE, SA105N   
11                                10"" 600 RF BLIND FLANGE, SA105N   
12                                10"" 600 RF BLIND FLANGE, SA105N   
13                                10"" 600 RF BLIND FLANGE, SA105N   
14   10"" S-80 .594W X 6"" LG, SA106-B BBE 37-0.5 DEGW/ 0.062"" LAND   
15   10"" S-80 .594W X 6"" LG, SA106-B BBE 37-0.5 DEGW/ 0.062"" LAND   
16                                10"" X 5"" "" XH WELD-O-LET, SA105   
17                                10"" X 5"" "" XH WELD-O-LET, SA105   
18                          10"" 150 RF SLIP ON FLANGE, SA105N-FGP   
19                          10"" 150 RF SLIP ON FLANGE, SA105N-FGP   
20                              10"" 150 RF THREADED FLANGE, SA105   
21                              10"" 150 RF THREADED FLANGE, SA105   
22             10"" 150 RF LONG WELD NECK X 12"" LG, SA105N-HFN S62   
23             10"" 150 RF LONG WELD NECK X 12"" LG, SA105N-HFN S62   
24                              10"" X 0.75"" XH WELD-O-LET, SA105N   

   END_CONNECTIONS         END_FINISH ID LENGTH MANUFACTURING_PROCESS  \
0              NAN                 RF       NAN                   NAN   
1              NAN        RAISED FACE       NAN                   NAN   
2         THREADED                NAN         1                   NAN   
3         THREADED                NAN         1                   NAN   
4              BBE            BEVELED       NAN                   NAN   
5        BEVEL END  37.5 DEGREE BEVEL       NAN                   NAN   
6         THREADED                NAN       NAN                   NAN   
7         THREADED                NAN       NAN                   NAN   
8              NAN        RAISED FACE       NAN                   NAN   
9              NAN        RAISED FACE       NAN                   NAN   
10             NAN        RAISED FACE       NAN                   NAN   
11             NAN        RAISED FACE       NAN                   NAN   
12             NAN                 RF       NAN                   NAN   
13             NAN        RAISED FACE       NAN                   NAN   
14             NAN                BBE         6                   NAN   
15             NAN            BEVELED         6                   NAN   
16             NAN                NAN       NAN                   NAN   
17             NAN                NAN       NAN                   NAN   
18             NAN        RAISED FACE       NAN                FORGED   
19             NAN        RAISED FACE       NAN                   NAN   
20        THREADED                NAN       NAN                   NAN   
21        THREADED        RAISED FACE       NAN                   NAN   
22             NAN        RAISED FACE        12                  LONG   
23             NAN                 RF        12                   NAN   
24             NAN                NAN       NAN                   NAN   

   MATERIAL_GRADE MATERIAL_NAME  ... PRIMARY_SIZE PRIMARY_WALL  \
0               N  CARBON STEEL  ...         10.0                
1               N  CARBON STEEL  ...         10.0                
2             NAN  CARBON STEEL  ...         10.0                
3             NAN  CARBON STEEL  ...         10.0                
4               B  CARBON STEEL  ...         10.0                
5               B  CARBON STEEL  ...         10.0                
6             NAN  CARBON STEEL  ...         10.0                
7             NAN  CARBON STEEL  ...         10.0                
8               N  CARBON STEEL  ...         10.0                
9               N  CARBON STEEL  ...         10.0                
10              N  CARBON STEEL  ...         10.0                
11              N  CARBON STEEL  ...         10.0                
12              N  CARBON STEEL  ...         10.0                
13              N  CARBON STEEL  ...         10.0                
14              B  CARBON STEEL  ...         10.0                
15              B  CARBON STEEL  ...         10.0                
16            NAN  CARBON STEEL  ...         10.0                
17            NAN  CARBON STEEL  ...         10.0                
18              N  CARBON STEEL  ...         10.0                
19              N  CARBON STEEL  ...         10.0                
20            NAN  CARBON STEEL  ...         10.0                
21            NAN  CARBON STEEL  ...         10.0                
22              N  CARBON STEEL  ...         10.0                
23              N  CARBON STEEL  ...         10.0                
24              N  CARBON STEEL  ...         10.0                

          PRODUCT_CODE REDUCING_SCHEDULE REDUCING_SIZE REDUCING_WALL TRIM  \
0            FBD061001               NAN           NAN                NAN   
1            FBD061001               NAN           NAN                NAN   
2           SM3T010100               NAN             6                NAN   
3           SM3T010100               NAN             6                NAN   
4           PA10008035               NAN        3.5625                NAN   
5           PA10008035               NAN        3.5625                NAN   
6           SM3T020100               NAN             2                NAN   
7           SM3T020100               NAN             2                NAN   
8         FBD061001BTX               NAN           NAN                NAN   
9           IFBD061001               NAN           NAN                NAN   
10          IFBD061001               NAN           NAN                NAN   
11        FBD061001BTX               NAN           NAN                NAN   
12         ISFBD061001               NAN           NAN                NAN   
13         ISFBD061001               NAN           NAN                NAN   
14          PA10008060               NAN           NAN                NAN   
15          PA10008060               NAN           NAN                NAN   
16           MXW050100               NAN             5                NAN   
17           MXW050100               NAN             5                NAN   
18           FSO011001               NAN           NAN                NAN   
19           FSO011001               NAN           NAN                NAN   
20          IFTH011001               NAN           NAN                NAN   
21          IFTH011001               NAN           NAN                NAN   
22  IFLW01100112GB-HFN               NAN           NAN                HFN   
23  IFLW01100112GB-HFN               NAN           NAN                NAN   
24          MXW007100N               NAN          0.75                NAN   

                    TYPE WALL_THICKNESS     score  
0                  BLIND                 0.887524  
1                  BLIND                 0.887524  
2               FLEXOLET                 0.884374  
3               FLEXOLET                 0.884374  
4                   PIPE                 0.884130  
5              BEVEL END                 0.884130  
6               FLEXOLET                 0.883422  
7               FLEXOLET                 0.883422  
8                  BLIND                 0.882945  
9                  BLIND                 0.882945  
10                 BLIND                 0.882945  
11                 BLIND                 0.882945  
12                 BLIND                 0.882945  
13                 BLIND                 0.882945  
14                  PIPE                 0.882164  
15                  PIPE                 0.882164  
16              WELDOLET                 0.881727  
17              WELDOLET                 0.881727  
18               SLIP ON                 0.880872  
19               SLIP ON                 0.880872  
20  THREADED RAISED FACE                 0.880750  
21              THREADED                 0.880750  
22             WELD NECK                 0.879888  
23             WELD NECK                 0.879888  
24              WELDOLET                 0.879445  

[25 rows x 25 columns]",0,EXCELLENT
66,"12700485-PIPE,SMLS,22,S30 (XH)","22"" XH .500W SA106-B/C API5L/X42 SEAMLESS PIPE",True,66,8,24.57070290000047,"   CATEGORY  CONFIDENCE  \
0      PIPE         0.9   
1      PIPE         0.9   
2      PIPE         0.9   
3      PIPE         0.9   
4      PIPE         0.9   
5      PIPE         0.9   
6      PIPE         0.9   
7      PIPE         0.9   
8      PIPE         0.9   
9      PIPE         0.9   
10     PIPE         0.9   
11     PIPE         0.9   
12     PIPE         0.9   
13     PIPE         0.9   
14     PIPE         0.9   
15     PIPE         0.9   
16     PIPE         0.9   
17     PIPE         0.9   
18     PIPE         0.9   
19     PIPE         0.9   
20     PIPE         0.9   
21     PIPE         0.9   
22     PIPE         0.9   
23     PIPE         0.9   
24     PIPE         0.9   

                                              DESCRIPTION END_CONNECTIONS  \
0                      22"" S-80 1.125"" SA106B/C SMLE PIPE             NAN   
1                      22"" S-80 1.125"" SA106B/C SMLE PIPE             NAN   
2                       22"" S-60 .875W SA106B/C SMLS PIPE             NAN   
3                       22"" S-60 .875W SA106B/C SMLS PIPE             NAN   
4     22"" XH .500WSA333 GRADE 6/API-5L/ X52 SEAMLESS PIPE             NAN   
5     22"" XH .500WSA333 GRADE 6/API-5L/ X52 SEAMLESS PIPE             NAN   
6   22"" STD .375W SA333 GRADE 6/API-5L/ X52 SEAMLESS PIPE             NAN   
7   22"" STD .375W SA333 GRADE 6/API-5L/ X52 SEAMLESS PIPE             NAN   
8          22"" XH .500W SA106-B/C API5L/X42 SEAMLESS PIPE             NAN   
9          22"" XH .500W SA106-B/C API5L/X42 SEAMLESS PIPE             NAN   
10         22"" XH .500W SA106-B/C API5L/X42 SEAMLESS PIPE             NAN   
11         22"" XH .500W SA106-B/C API5L/X42 SEAMLESS PIPE             NAN   
12       22"" XH .500W SA333 GRADE-6/SA106-B SEAMLESS PIPE             NAN   
13       22"" XH .500W SA333 GRADE-6/SA106-B SEAMLESS PIPE             NAN   
14       22"" XH .500W SA333 GRADE-6/SA106-B SEAMLESS PIPE             NAN   
15       22"" XH .500W SA333 GRADE-6/SA106-B SEAMLESS PIPE             NAN   
16        22"" STD .375W SA106-B/C API5L/X42 SEAMLESS PIPE             NAN   
17        22"" STD .375W SA106-B/C API5L/X42 SEAMLESS PIPE             NAN   
18        22"" STD .375W SA106-B/C API5L/X42 SEAMLESS PIPE             NAN   
19        22"" STD .375W SA106-B/C API5L/X42 SEAMLESS PIPE             NAN   
20               22"" S-10 .250W API-5L/X42/SA53B ERW PIPE             NAN   
21               22"" S-10 .250W API-5L/X42/SA53B ERW PIPE             NAN   
22               22"" S-10 .250W API-5L/X42/SA53B ERW PIPE             NAN   
23               22"" S-10 .250W API-5L/X42/SA53B ERW PIPE             NAN   
24              22"" STD .375W SA333-GRADE-6 SEAMLESS PIPE             NAN   

   END_FINISH ID LENGTH MANUFACTURING_PROCESS MATERIAL_GRADE MATERIAL_NAME  \
0         NAN     1.125              SEAMLESS            B/C  CARBON STEEL   
1         NAN     1.125              SEAMLESS            B/C  CARBON STEEL   
2         NAN       NAN              SEAMLESS            B/C  CARBON STEEL   
3         NAN       NAN              SEAMLESS            B/C  CARBON STEEL   
4         NAN       NAN              SEAMLESS    GRADE 6/X52  CARBON STEEL   
5         NAN       NAN                  SMLS    GRADE 6/X52  CARBON STEEL   
6         NAN       NAN                  SMLS    GRADE 6/X52  CARBON STEEL   
7         NAN       NAN                  SMLS          6/X52  CARBON STEEL   
8         NAN       NAN                  SMLS            B/C  CARBON STEEL   
9         NAN       NAN              SEAMLESS            B/C  CARBON STEEL   
10        NAN       NAN              SEAMLESS            B/C  CARBON STEEL   
11        NAN       NAN              SEAMLESS            B/C  CARBON STEEL   
12      .500W       NAN              SEAMLESS            6/B  CARBON STEEL   
13      .500W       NAN              SEAMLESS      GRADE 6/B  CARBON STEEL   
14        NAN       NAN              SEAMLESS          GR6/B  CARBON STEEL   
15        NAN       NAN              SEAMLESS            6/B  CARBON STEEL   
16        NAN       NAN              SEAMLESS            B/C  CARBON STEEL   
17        NAN       NAN              SEAMLESS            B/C  CARBON STEEL   
18      .375W       NAN                  SMLS            B/C  CARBON STEEL   
19        NAN       NAN              SEAMLESS            B/C  CARBON STEEL   
20        NAN       NAN                   ERW            X42  CARBON STEEL   
21        NAN       NAN                   ERW            X42  CARBON STEEL   
22        NAN       NAN                   ERW            X42  CARBON STEEL   
23        NAN       NAN                   ERW            X42  CARBON STEEL   
24        NAN       NAN              SEAMLESS              6  CARBON STEEL   

    ... PRIMARY_SIZE PRIMARY_WALL PRODUCT_CODE REDUCING_SCHEDULE  \
0   ...         22.0                 IPA22008A               NAN   
1   ...         22.0                 IPA22008A               NAN   
2   ...         22.0               SIPA22006TA               NAN   
3   ...         22.0                IPA22006TA               NAN   
4   ...         22.0                PA3220XH52               NAN   
5   ...         22.0                PA3220XH52               NAN   
6   ...         22.0                PA3220ST52               NAN   
7   ...         22.0                PA3220ST52               NAN   
8   ...         22.0                IPA220XHTA               NAN   
9   ...         22.0               SIPA220XHTA               NAN   
10  ...         22.0               SIPA220XHTA               NAN   
11  ...         22.0                IPA220XHTA               NAN   
12  ...         22.0                PA3/B220XH               NAN   
13  ...         22.0                PA3/B220XH               NAN   
14  ...         22.0               SPA3/B220XH               NAN   
15  ...         22.0               SPA3/B220XH               NAN   
16  ...         22.0               SIPA220STTA               NAN   
17  ...         22.0               SIPA220STTA               NAN   
18  ...         22.0                IPA220STTA               NAN   
19  ...         22.0                IPA220STTA               NAN   
20  ...         22.0                SIPE22001K               NAN   
21  ...         22.0                 IPE22001K               NAN   
22  ...         22.0                SIPE22001K               NAN   
23  ...         22.0                 IPE22001K               NAN   
24  ...         22.0                  PA3220ST               NAN   

   REDUCING_SIZE REDUCING_WALL TRIM           TYPE WALL_THICKNESS     score  
0            NAN                NAN  SEAMLESS PIPE                 0.880382  
1            NAN                NAN      SMLS PIPE                 0.880382  
2            NAN                NAN      SMLS PIPE                 0.878741  
3            NAN                NAN      SMLS PIPE                 0.878741  
4            NAN                NAN  SEAMLESS PIPE                 0.878126  
5            NAN                NAN  SEAMLESS PIPE                 0.878126  
6            NAN                NAN  SEAMLESS PIPE                 0.875606  
7            NAN                NAN  SEAMLESS PIPE                 0.875606  
8            NAN                NAN  SEAMLESS PIPE                 0.874975  
9            NAN                NAN  SEAMLESS PIPE                 0.874975  
10           NAN                NAN  SEAMLESS PIPE                 0.874975  
11           NAN                NAN  SEAMLESS PIPE                 0.874975  
12           NAN                NAN  SEAMLESS PIPE                 0.870519  
13           NAN                NAN  SEAMLESS PIPE                 0.870519  
14           NAN                NAN  SEAMLESS PIPE                 0.870519  
15           NAN                NAN  SEAMLESS PIPE                 0.870519  
16           NAN                NAN  SEAMLESS PIPE                 0.868873  
17           NAN                NAN  SEAMLESS PIPE                 0.868873  
18           NAN                NAN  SEAMLESS PIPE                 0.868873  
19           NAN                NAN  SEAMLESS PIPE                 0.868873  
20           NAN                NAN       ERW PIPE                 0.868481  
21           NAN                NAN       ERW PIPE                 0.868481  
22           NAN                NAN       ERW PIPE                 0.868481  
23           NAN                NAN       ERW PIPE                 0.868481  
24           NAN                NAN  SEAMLESS PIPE                 0.867155  

[25 rows x 25 columns]",0,EXCELLENT
67,"11100833-FLG,WN,RF,8,600 ,XH (S80)-SA-105N","8"" 600 RF WELD NECK FLANGE XH BORE, SA105N",True,67,204,19.836836500000572,"   CATEGORY  CONFIDENCE                                 DESCRIPTION  \
0    FLANGE         0.9      8"" 900 RF LWN FLG X 16"" LG SA105N/ FGP   
1    FLANGE         0.9  8"" 900 RF LWN FLG X 20"" LG SA105 NORM -FGP   
2    FLANGE         0.9          8"" 600 RF BLIND FLANGE, SA105N FGP   
3    FLANGE         0.9          8"" 600 RF BLIND FLANGE, SA105N FGP   
4    FLANGE         0.9         8"" 600 RF BLIND FLANGE, SA105N- FGP   
5    FLANGE         0.9          8"" 300 RF BLIND FLANGE, SA105N-FGP   
6    FLANGE         0.9          8"" 150 RF BLIND FLANGE, SA105N-FGP   
7    FLANGE         0.9          8"" 150 RF BLIND FLANGE, SA105N-FGP   
8    FLANGE         0.9          8"" 150 RF BLIND FLANGE, SA105N-FGP   
9    FLANGE         0.9      8"" 150 RF BLIND FLANGE, SA105N-HFN S62   
10   FLANGE         0.9      8"" 150 RF BLIND FLANGE, SA105N-HFN S62   
11   FLANGE         0.9                 8"" 300 FF WN XH BORE, SA105   
12   FLANGE         0.9                 8"" 300 FF WN XH BORE, SA105   
13   FLANGE         1.0       8""' 150 RF SLIP ON FLANGE, SA105N-FGP   
14   FLANGE         0.9       8""' 150 RF SLIP ON FLANGE, SA105N-FGP   
15   FLANGE         1.0              8"" 600 RF BLIND FLANGE, SA105N   
16   FLANGE         1.0              8"" 600 RF BLIND FLANGE, SA105N   
17   FLANGE         0.9              8"" 600 RF BLIND FLANGE, SA105N   
18   FLANGE         0.9              8"" 600 RF BLIND FLANGE, SA105N   
19   FLANGE         0.9              8"" 600 RF BLIND FLANGE, SA105N   
20   FLANGE         1.0              8"" 600 RF BLIND FLANGE, SA105N   
21   FLANGE         1.0              8"" 300 RF BLIND FLANGE, SA105N   
22   FLANGE         1.0              8"" 300 RF BLIND FLANGE, SA105N   
23   FLANGE         0.9              8"" 300 RF BLIND FLANGE, SA105N   
24   FLANGE         1.0              8"" 150 RF BLIND FLANGE, SA105N   

   END_CONNECTIONS   END_FINISH ID LENGTH MANUFACTURING_PROCESS  \
0              NAN  RAISED FACE        16                   NAN   
1        WELD NECK  RAISED FACE        20            NORMALIZED   
2              NAN  RAISED FACE       NAN                   NAN   
3              NAN  RAISED FACE       NAN                FORGED   
4              NAN  RAISED FACE       NAN                   NAN   
5              NAN  RAISED FACE       NAN                   NAN   
6              NAN  RAISED FACE       NAN                   NAN   
7              NAN  RAISED FACE       NAN                   NAN   
8              NAN           RF       NAN                   NAN   
9              NAN  RAISED FACE       NAN                   NAN   
10             NAN           RF       NAN                   NAN   
11             NAN    FLAT FACE       NAN                   NAN   
12             NAN    FLAT FACE       NAN                   NAN   
13             NAN  RAISED FACE       NAN                   NAN   
14             NAN  RAISED FACE       NAN                   NAN   
15             NAN  RAISED FACE       NAN                   NAN   
16             NAN  RAISED FACE       NAN                   NAN   
17             NAN  RAISED FACE       NAN                   NAN   
18             NAN  RAISED FACE       NAN                   NAN   
19             NAN  RAISED FACE       NAN                   NAN   
20             NAN  RAISED FACE       NAN                   NAN   
21             NAN  RAISED FACE       NAN                   NAN   
22             NAN  RAISED FACE       NAN                   NAN   
23             NAN  RAISED FACE       NAN                   NAN   
24             NAN  RAISED FACE       NAN                   NAN   

   MATERIAL_GRADE MATERIAL_NAME  ... PRIMARY_SIZE PRIMARY_WALL  \
0               N  CARBON STEEL  ...          8.0                
1             NAN  CARBON STEEL  ...          8.0                
2               N  CARBON STEEL  ...          8.0                
3               N  CARBON STEEL  ...          8.0                
4               N  CARBON STEEL  ...          8.0                
5               N  CARBON STEEL  ...          8.0                
6               N  CARBON STEEL  ...          8.0                
7               N  CARBON STEEL  ...          8.0                
8               N  CARBON STEEL  ...          8.0                
9               N  CARBON STEEL  ...          8.0                
10              N  CARBON STEEL  ...          8.0                
11            NAN  CARBON STEEL  ...          8.0                
12            NAN  CARBON STEEL  ...          8.0                
13            NAN  CARBON STEEL  ...          8.0                
14              N  CARBON STEEL  ...          8.0                
15              N  CARBON STEEL  ...          8.0                
16              N  CARBON STEEL  ...          8.0                
17              N  CARBON STEEL  ...          8.0                
18              N  CARBON STEEL  ...          8.0                
19              N  CARBON STEEL  ...          8.0                
20              N  CARBON STEEL  ...          8.0                
21              N  CARBON STEEL  ...          8.0                
22              N  CARBON STEEL  ...          8.0                
23              N  CARBON STEEL  ...          8.0                
24              N  CARBON STEEL  ...          8.0                

        PRODUCT_CODE REDUCING_SCHEDULE REDUCING_SIZE REDUCING_WALL     TRIM  \
0        FLW09080116               NAN           NAN                    NAN   
1      FLW09080120-N               NAN           NAN                    NAN   
2        FBD060801AF               NAN           NAN                    NAN   
3        FBD060801AF               NAN           NAN                    NAN   
4          FBD060801               NAN           NAN                    NAN   
5          FBD030801               NAN           NAN                    NAN   
6       IFBD010801UL               NAN           NAN                    NAN   
7          FBD010801               NAN           NAN                    NAN   
8          FBD010801               NAN           NAN                    NAN   
9   IFBD010801GB-HFN               NAN           NAN                    NAN   
10  IFBD010801GB-HFN               NAN           NAN                    NAN   
11       SFWN030802X               NAN           NAN                XH BORE   
12       SFWN030802X               NAN           NAN                    NAN   
13         FSO010801               NAN           NAN                    NAN   
14         FSO010801               NAN           NAN                    NAN   
15       ISFBD060801               NAN           NAN                    NAN   
16        IFBD060801               NAN           NAN                    NAN   
17      FBD060801BTX               NAN           NAN                    NAN   
18       IFBD060801A               NAN           NAN                    NAN   
19        LFBD060801               NAN           NAN                    NAN   
20        LFBD060801               NAN           NAN                    NAN   
21      IFBD030801NA               NAN           NAN                    NAN   
22        FBDN030801               NAN           NAN                    NAN   
23        FBDN030801               NAN           NAN                    NAN   
24      IFBD010801-N               NAN           NAN                    NAN   

         TYPE WALL_THICKNESS     score  
0   WELD NECK                 0.898257  
1   WELD NECK                 0.890308  
2       BLIND                 0.889422  
3       BLIND                 0.889422  
4       BLIND                 0.889223  
5       BLIND                 0.886696  
6       BLIND                 0.885590  
7       BLIND                 0.885590  
8       BLIND                 0.885590  
9       BLIND                 0.884570  
10      BLIND                 0.884570  
11  WELD NECK                 0.884237  
12  WELD NECK                 0.884237  
13    SLIP ON                 0.883913  
14    SLIP ON                 0.883913  
15      BLIND                 0.883722  
16      BLIND                 0.883722  
17      BLIND                 0.883722  
18      BLIND                 0.883722  
19      BLIND                 0.883722  
20      BLIND                 0.883722  
21      BLIND                 0.881424  
22      BLIND                 0.881424  
23      BLIND                 0.881424  
24      BLIND                 0.880555  

[25 rows x 25 columns]",0,EXCELLENT
68,"12700565-PIPE,SMLS,4,S120-SA-106B","4"" S-120 .438W BLK SA53-B/ SA106-B/CSEAMLESS PIPE (SPAIN)",True,68,0,20.850672599999598,"   CATEGORY  CONFIDENCE  \
0      PIPE         0.9   
1      PIPE         0.9   
2      PIPE         0.9   
3      PIPE         0.9   
4      PIPE         0.9   
5      PIPE         0.9   
6      PIPE         0.9   
7      PIPE         0.9   
8      PIPE         0.9   
9      PIPE         0.9   
10     PIPE         0.9   
11     PIPE         0.9   
12     PIPE         0.9   
13     PIPE         0.9   
14     PIPE         0.9   
15     PIPE         0.9   
16     PIPE         0.9   
17     PIPE         0.9   
18     PIPE         0.9   
19     PIPE         0.9   
20     PIPE         0.9   
21     PIPE         0.9   
22     PIPE         0.9   
23     PIPE         0.9   
24     PIPE         0.9   

                                                        DESCRIPTION  \
0         4"" S-120 .438W BLK SA53-B/ SA106-B/CSEAMLESS PIPE (SPAIN)   
1         4"" S-120 .438W BLK SA53-B/ SA106-B/CSEAMLESS PIPE (SPAIN)   
2         4"" S-120 .438W BLK SA53-B/ SA106-B/CSEAMLESS PIPE (SPAIN)   
3         4"" S-120 .438W BLK SA53-B/ SA106-B/CSEAMLESS PIPE (SPAIN)   
4                 4"" S-120 .438W BLK SA53-B/ SA106-B/CSEAMLESS PIPE   
5                 4"" S-120 .438W BLK SA53-B/ SA106-B/CSEAMLESS PIPE   
6                 4"" S-120 .438W BLK SA53-B/ SA106-B/CSEAMLESS PIPE   
7                 4"" S-120 .438W BLK SA53-B/ SA106-B/CSEAMLESS PIPE   
8                             4"" S-10S .120W SMLS PIPE SA312 TP1.0L   
9                             4"" S-10S .120W SMLS PIPE SA312 TP1.0L   
10                            4"" S-10S .120W SMLS PIPE SA312 TP1.0L   
11  4"" S-160 .531W SA333 GR6/SA106-B SMLS PIPE PER S2/SP SUPPLEMENT   
12  4"" S-160 .531W SA333 GR6/SA106-B SMLS PIPE PER S2/SP SUPPLEMENT   
13          4"" S-120 .438W A/SA333 GRADE-6/A/SA106B/C SEAMLESS PIPE   
14          4"" S-120 .438W A/SA333 GRADE-6/A/SA106B/C SEAMLESS PIPE   
15          4"" S-120 .438W A/SA333 GRADE-6/A/SA106B/C SEAMLESS PIPE   
16          4"" S-120 .438W A/SA333 GRADE-6/A/SA106B/C SEAMLESS PIPE   
17                     4"" X 6"" XH SA106-B SEAMLESS PIPE NIPPLE, TBE   
18                     4"" X 6"" XH SA106-B SEAMLESS PIPE NIPPLE, TBE   
19                     4"" X 4"" XH SA106-B SEAMLESS PIPE NIPPLE, TBE   
20                     4"" X 4"" XH SA106-B SEAMLESS PIPE NIPPLE, TBE   
21              4"" S-120 .438W SA333 GRADE-6/SA106B/C SEAMLESS PIPE   
22              4"" S-120 .438W SA333 GRADE-6/SA106B/C SEAMLESS PIPE   
23              4"" S-120 .438W SA333 GRADE-6/SA106B/C SEAMLESS PIPE   
24              4"" S-120 .438W SA333 GRADE-6/SA106B/C SEAMLESS PIPE   

       END_CONNECTIONS END_FINISH ID LENGTH MANUFACTURING_PROCESS  \
0                  NAN      BLACK       NAN              SEAMLESS   
1                  NAN      BLACK       NAN              SEAMLESS   
2                  NAN      BLACK       NAN              SEAMLESS   
3                  NAN      BLACK       NAN              SEAMLESS   
4                  NAN      BLACK       NAN              SEAMLESS   
5                  NAN      BLACK       NAN              SEAMLESS   
6                  NAN      BLACK       NAN              SEAMLESS   
7                  NAN      BLACK       NAN              SEAMLESS   
8                  NAN        NAN       NAN              SEAMLESS   
9                  NAN        NAN       NAN                  SMLS   
10                 NAN        NAN       NAN                  SMLS   
11                 NAN        NAN       NAN                  SMLS   
12                 NAN        NAN       NAN              SEAMLESS   
13                 NAN        NAN       NAN              SEAMLESS   
14                 NAN        NAN       NAN              SEAMLESS   
15                 NAN        NAN       NAN              SEAMLESS   
16                 NAN        NAN       NAN              SEAMLESS   
17  THREADED BOTH ENDS        NAN       NAN              SEAMLESS   
18            THREADED        NAN       NAN              SEAMLESS   
19  THREADED BOTH ENDS        NAN       NAN              SEAMLESS   
20            THREADED        TBE       NAN              SEAMLESS   
21                 NAN        NAN       NAN              SEAMLESS   
22                 NAN        NAN       NAN              SEAMLESS   
23                 NAN        NAN       NAN              SEAMLESS   
24                 NAN        NAN       NAN              SEAMLESS   

   MATERIAL_GRADE    MATERIAL_NAME  ... PRIMARY_SIZE PRIMARY_WALL  \
0             NAN     CARBON STEEL  ...          4.0                
1             NAN     CARBON STEEL  ...          4.0                
2             NAN     CARBON STEEL  ...          4.0                
3             NAN     CARBON STEEL  ...          4.0                
4             NAN     CARBON STEEL  ...          4.0                
5             NAN     CARBON STEEL  ...          4.0                
6             NAN     CARBON STEEL  ...          4.0                
7             NAN     CARBON STEEL  ...          4.0                
8          TP1.0L  STAINLESS STEEL  ...          4.0                
9          TP1.0L  STAINLESS STEEL  ...          4.0                
10         TP1.0L  STAINLESS STEEL  ...          4.0                
11          GR6/B     CARBON STEEL  ...          4.0                
12          GR6/B     CARBON STEEL  ...          4.0                
13          6/B/C     CARBON STEEL  ...          4.0                
14          6/B/C     CARBON STEEL  ...          4.0                
15    GRADE 6/B/C     CARBON STEEL  ...          4.0                
16        [6 B/C]     CARBON STEEL  ...          4.0                
17              B     CARBON STEEL  ...          4.0                
18              B     CARBON STEEL  ...          4.0                
19              B     CARBON STEEL  ...          4.0                
20              B     CARBON STEEL  ...          4.0                
21    GRADE 6/B/C     CARBON STEEL  ...          4.0                
22    GRADE-6/B/C     CARBON STEEL  ...          4.0                
23    GRADE-6/B/C     CARBON STEEL  ...          4.0                
24    GRADE 6/B/C     CARBON STEEL  ...          4.0                

         PRODUCT_CODE REDUCING_SCHEDULE REDUCING_SIZE REDUCING_WALL TRIM  \
0         SIPA04012TR               NAN           NAN                NAN   
1          IPA04012TR               NAN           NAN                NAN   
2          IPA04012TR               NAN           NAN                NAN   
3         SIPA04012TR               NAN           NAN                NAN   
4         SIPA04012AM               NAN           NAN                NAN   
5         SIPA04012AM               NAN           NAN                NAN   
6          IPA04012AM               NAN           NAN                NAN   
7          IPA04012AM               NAN           NAN                NAN   
8           SIPS60401               NAN           NAN                NAN   
9           SIPS60401               NAN           NAN                NAN   
10           IPS60401               NAN           NAN                NAN   
11  IPA3/B04016A-ALKY               NAN           NAN                NAN   
12  IPA3/B04016A-ALKY               NAN           NAN                NAN   
13       IPA3/B04012K               NAN           NAN                NAN   
14       SIPA/B04012K               NAN           NAN                NAN   
15       IPA3/B04012K               NAN           NAN                NAN   
16       SIPA/B04012K               NAN           NAN                NAN   
17          BSX040060               NAN             6                NAN   
18          BSX040060               NAN             6                NAN   
19          BSX040040               NAN           NAN                NAN   
20          BSX040040               NAN           NAN                NAN   
21        IPA3/B04012               NAN           NAN                NAN   
22        IPA3/B04012               NAN           NAN                NAN   
23       SIPA3/B04012               NAN           NAN                NAN   
24       SIPA3/B04012               NAN           NAN                NAN   

                    TYPE WALL_THICKNESS     score  
0               SEAMLESS                 0.905253  
1               SEAMLESS                 0.905253  
2               SEAMLESS                 0.905253  
3               SEAMLESS                 0.905253  
4               SEAMLESS                 0.902770  
5               SEAMLESS                 0.902770  
6               SEAMLESS                 0.902770  
7               SEAMLESS                 0.902770  
8              SMLS PIPE                 0.901119  
9          SEAMLESS PIPE                 0.901119  
10         SEAMLESS PIPE                 0.901119  
11         SEAMLESS PIPE                 0.899782  
12              SEAMLESS                 0.899782  
13         SEAMLESS PIPE                 0.896700  
14         SEAMLESS PIPE                 0.896700  
15         SEAMLESS PIPE                 0.896700  
16         SEAMLESS PIPE                 0.896700  
17                NIPPLE                 0.896497  
18                NIPPLE                 0.896497  
19  SEAMLESS PIPE NIPPLE                 0.896243  
20                NIPPLE                 0.896243  
21         SEAMLESS PIPE                 0.894712  
22         SEAMLESS PIPE                 0.894712  
23              SEAMLESS                 0.894712  
24         SEAMLESS PIPE                 0.894712  

[25 rows x 25 columns]",0,EXCELLENT
69,"10-150RFWNS-FLG,WN,RF,10,150 ,STD-SA-105","10"" 150 RF WELD NECK FLANGE S-80 BORE, SA105N-FGP/LF2",True,69,65,18.568560400000024,"   CATEGORY  CONFIDENCE  \
0    FLANGE         0.9   
1    FLANGE         0.9   
2    FLANGE         0.9   
3    FLANGE         0.9   
4    FLANGE         1.0   
5    FLANGE         0.9   
6    FLANGE         0.9   
7    FLANGE         0.9   
8    FLANGE         1.0   
9    FLANGE         0.9   
10   FLANGE         1.0   
11   FLANGE         1.0   
12   FLANGE         0.9   
13   FLANGE         0.9   
14   FLANGE         0.9   
15   FLANGE         1.0   
16   FLANGE         1.0   
17   FLANGE         0.9   
18   FLANGE         0.9   
19   FLANGE         0.9   
20   FLANGE         0.9   
21   FLANGE         0.9   
22   FLANGE         0.9   
23   FLANGE         0.9   
24   FLANGE         0.9   

                                                    DESCRIPTION  \
0                                       10"" 150 RF BLIND, SA105   
1                       10"" X 8"" 150 RF RED WN STD, SA105*SURPL   
2                       10"" X 8"" 150 RF RED WN STD, SA105*SURPL   
3                           10"" 150 RF BLIND FLANGE, SA105N-FGP   
4                           10"" 150 RF BLIND FLANGE, SA105N-FGP   
5                                10"" 150 RF BLIND FLANGE, SA105   
6                                10"" 150 RF BLIND FLANGE, SA105   
7                                10"" 150 RF BLIND FLANGE, SA105   
8                                10"" 150 RF BLIND FLANGE, SA105   
9                                10"" 150 RF BLIND FLANGE, SA105   
10                               10"" 150 RF BLIND FLANGE, SA105   
11                               10"" 150 RF BLIND FLANGE, SA105   
12                            10"" 150 RF THREADED FLANGE, SA105   
13                            10"" 150 RF THREADED FLANGE, SA105   
14                              10"" 150 RF BLIND FLANGE, SA105N   
15                              10"" 150 RF BLIND FLANGE, SA105N   
16                              10"" 150 RF BLIND FLANGE, SA105N   
17  10"" 300 RF LONG WELD NECK X 14"" LG, SA105N-FGP/SA350LF2-FGP   
18                      10"" 150 RF WELD NECK FLG STD BORE, A105   
19                      10"" 150 RF WELD NECK FLG STD BORE, A105   
20                               10"" 300 RF BLIND FLANGE, SA105   
21                               10"" 300 RF BLIND FLANGE, SA105   
22                               10"" 300 RF BLIND FLANGE, SA105   
23                               10"" 300 RF BLIND FLANGE, SA105   
24                               10"" 300 RF BLIND FLANGE, SA105   

   END_CONNECTIONS   END_FINISH ID LENGTH MANUFACTURING_PROCESS  \
0              NAN  RAISED FACE       NAN                   NAN   
1              NAN  RAISED FACE       NAN                   NAN   
2              NAN  RAISED FACE       NAN                   NAN   
3              NAN  RAISED FACE       NAN                   NAN   
4              NAN  RAISED FACE       NAN                   NAN   
5              NAN  RAISED FACE       NAN                   NAN   
6              NAN  RAISED FACE       NAN                   NAN   
7              NAN  RAISED FACE       NAN                   NAN   
8              NAN  RAISED FACE       NAN                   NAN   
9              NAN  RAISED FACE       NAN                   NAN   
10             NAN  RAISED FACE       NAN                   NAN   
11             NAN  RAISED FACE       NAN                   NAN   
12        THREADED  RAISED FACE       NAN                   NAN   
13        THREADED          NAN       NAN                   NAN   
14             NAN  RAISED FACE       NAN                   NAN   
15             NAN  RAISED FACE       NAN                   NAN   
16             NAN  RAISED FACE       NAN                   NAN   
17             NAN  RAISED FACE        14                  LONG   
18             NAN  RAISED FACE       NAN                   NAN   
19             NAN  RAISED FACE       NAN                   NAN   
20             NAN  RAISED FACE       NAN                   NAN   
21             NAN  RAISED FACE       NAN                   NAN   
22             NAN           RF       NAN                   NAN   
23             NAN  RAISED FACE       NAN                   NAN   
24             NAN  RAISED FACE       NAN                   NAN   

   MATERIAL_GRADE MATERIAL_NAME  ... PRIMARY_SIZE PRIMARY_WALL  PRODUCT_CODE  \
0             NAN  CARBON STEEL  ...         10.0                 SFBD011001   
1             NAN  CARBON STEEL  ...         10.0                SFWN110081S   
2             NAN  CARBON STEEL  ...         10.0                SFWN110081S   
3               N  CARBON STEEL  ...         10.0                  FBD011001   
4               N  CARBON STEEL  ...         10.0                  FBD011001   
5             NAN  CARBON STEEL  ...         10.0                 IFBD011001   
6             NAN  CARBON STEEL  ...         10.0                 WFBD011001   
7             NAN  CARBON STEEL  ...         10.0                ISFBD011001   
8             NAN  CARBON STEEL  ...         10.0                 IFBD011001   
9             NAN  CARBON STEEL  ...         10.0               FBD011001BTX   
10            NAN  CARBON STEEL  ...         10.0                 WFBD011001   
11            NAN  CARBON STEEL  ...         10.0                ISFBD011001   
12            NAN  CARBON STEEL  ...         10.0                 IFTH011001   
13            NAN  CARBON STEEL  ...         10.0                 IFTH011001   
14              N  CARBON STEEL  ...         10.0               IFBD011001NA   
15              N  CARBON STEEL  ...         10.0                 FBDN011001   
16              N  CARBON STEEL  ...         10.0               IFBD011001NA   
17            FGP  CARBON STEEL  ...         10.0               FLWN03100114   
18            NAN  CARBON STEEL  ...         10.0                SFWN011001S   
19            NAN  CARBON STEEL  ...         10.0                SFWN011001S   
20            NAN  CARBON STEEL  ...         10.0                  FBD031001   
21            NAN  CARBON STEEL  ...         10.0                 LFBD031001   
22            NAN  CARBON STEEL  ...         10.0                  FBD031001   
23            NAN  CARBON STEEL  ...         10.0               FBD031001BTX   
24            NAN  CARBON STEEL  ...         10.0                ISFBD031001   

   REDUCING_SCHEDULE REDUCING_SIZE REDUCING_WALL TRIM                  TYPE  \
0                NAN           NAN                NAN                 BLIND   
1                NAN             8                NAN             WELD NECK   
2                NAN             8                NAN    REDUCING WELD NECK   
3                NAN           NAN                NAN                 BLIND   
4                NAN           NAN                NAN                 BLIND   
5                NAN           NAN                NAN                 BLIND   
6                NAN           NAN                NAN                 BLIND   
7                NAN           NAN                NAN                 BLIND   
8                NAN           NAN                NAN                 BLIND   
9                NAN           NAN                NAN                 BLIND   
10               NAN           NAN                NAN                 BLIND   
11               NAN           NAN                NAN                 BLIND   
12               NAN           NAN                NAN              THREADED   
13               NAN           NAN                NAN  THREADED RAISED FACE   
14               NAN           NAN                NAN                 BLIND   
15               NAN           NAN                NAN                 BLIND   
16               NAN           NAN                NAN                 BLIND   
17               NAN           NAN                NAN             WELD NECK   
18               NAN           NAN                NAN             WELD NECK   
19               NAN           NAN                NAN             WELD NECK   
20               NAN           NAN                NAN                 BLIND   
21               NAN           NAN                NAN                 BLIND   
22               NAN           NAN                NAN                 BLIND   
23               NAN           NAN                NAN                 BLIND   
24               NAN           NAN                NAN                 BLIND   

   WALL_THICKNESS     score  
0                  0.906414  
1                  0.904008  
2                  0.904008  
3                  0.903466  
4                  0.903466  
5                  0.901590  
6                  0.901590  
7                  0.901590  
8                  0.901590  
9                  0.901590  
10                 0.901590  
11                 0.901590  
12                 0.901210  
13                 0.901210  
14                 0.901161  
15                 0.901161  
16                 0.901161  
17                 0.894761  
18                 0.893991  
19                 0.893991  
20                 0.893836  
21                 0.893836  
22                 0.893836  
23                 0.893836  
24                 0.893836  

[25 rows x 25 columns]",0,EXCELLENT
70,"11100786-FLG,WN,RF,6,150 ,XH (S80)-SA-105N","6"" 150 RF WELD NECK FLANGE XH BORE, SA105N-FGP",True,70,150,20.7345992999999,"   CATEGORY  CONFIDENCE  \
0    FLANGE         0.9   
1    FLANGE         0.9   
2    FLANGE         0.9   
3    FLANGE         0.9   
4    FLANGE         0.9   
5    FLANGE         0.9   
6    FLANGE         0.9   
7    FLANGE         0.9   
8    FLANGE         0.9   
9   FITTING         0.9   
10  FITTING         0.9   
11   FLANGE         0.9   
12   FLANGE         0.9   
13   FLANGE         0.9   
14   FLANGE         0.9   
15   FLANGE         0.9   
16   FLANGE         0.9   
17   FLANGE         1.0   
18   FLANGE         0.9   
19   FLANGE         0.9   
20   FLANGE         0.9   
21   FLANGE         0.9   
22   FLANGE         0.9   
23  FITTING         0.9   
24   FLANGE         0.9   

                                              DESCRIPTION END_CONNECTIONS  \
0                   6"" 600 RF WN FLG XXH BORE SA105N/ FGP             NAN   
1                   6"" 600 RF WN FLG XXH BORE SA105N/ FGP             NAN   
2                   6"" 900 RF WN FLG XXH BORE SA105N/ FGP             NAN   
3                   6"" 300 RF WN FLG XXH BORE, SA105N/FGP             NAN   
4                  6"" 900 RTJ WN FLG XXH BORE SA105N/ FGP             NAN   
5                      6"" 150 RF BLIND FLANGE, SA105N-FGP             NAN   
6                  6"" 150 RF BLIND FLANGE, SA105N-HFN S62             NAN   
7                  6"" 150 RF BLIND FLANGE, SA105N-HFN S62             NAN   
8      6"" X 5"" 900 RF RED WN FLANGE S/80 BORE SA105N -FGP             NAN   
9                            6"" X 2"" 3000 FS T-O-L, SA105             NAN   
10                           6"" X 2"" 3000 FS T-O-L, SA105        THREADED   
11                       6"" 150 FF THREADED FLANGE, SA105        THREADED   
12           6"" 150 RF BLIND FLANGE SA105N/SA350-LF2 CL 1             NAN   
13           6"" 150 RF BLIND FLANGE SA105N/SA350-LF2 CL 1             NAN   
14                      6"" 150 RF THREADED FLANGE, SA105N             THD   
15                      6"" 150 RF THREADED FLANGE, SA105N        THREADED   
16                          6"" 150 RF BLIND FLANGE, SA105             NAN   
17                          6"" 150 RF BLIND FLANGE, SA105             NAN   
18                          6"" 150 RF BLIND FLANGE, SA105             NAN   
19                          6"" 150 RF BLIND FLANGE, SA105             NAN   
20                          6"" 150 RF BLIND FLANGE, SA105             NAN   
21                          6"" 150 RF BLIND FLANGE, SA105             NAN   
22                          6"" 150 RF BLIND FLANGE, SA105             NAN   
23  6"" - 2-0.5"" X 0.5"" 6000 FS THREADED FLEX-O-LET, SA105        THREADED   
24                       6"" 150 RF THREADED FLANGE, SA105        THREADED   

     END_FINISH ID LENGTH MANUFACTURING_PROCESS MATERIAL_GRADE MATERIAL_NAME  \
0   RAISED FACE       NAN                   NAN              N  CARBON STEEL   
1   RAISED FACE       NAN                   NAN              N  CARBON STEEL   
2   RAISED FACE       NAN                   NAN              N  CARBON STEEL   
3   RAISED FACE       NAN                   NAN              N  CARBON STEEL   
4           RTJ       NAN                   NAN              N  CARBON STEEL   
5   RAISED FACE       NAN                   NAN              N  CARBON STEEL   
6   RAISED FACE       NAN                   NAN              N  CARBON STEEL   
7            RF       NAN                   NAN              N  CARBON STEEL   
8   RAISED FACE       NAN                   NAN              N  CARBON STEEL   
9           NAN       NAN                   NAN            NAN  CARBON STEEL   
10          NAN       NAN                FORGED            NAN  CARBON STEEL   
11    FLAT FACE       NAN                   NAN            NAN  CARBON STEEL   
12  RAISED FACE       NAN                   NAN            LF2  CARBON STEEL   
13  RAISED FACE       NAN                   NAN          [LF2]  CARBON STEEL   
14           RF       NAN                   NAN              N  CARBON STEEL   
15  RAISED FACE       NAN                   NAN              N  CARBON STEEL   
16  RAISED FACE       NAN                   NAN            NAN  CARBON STEEL   
17  RAISED FACE       NAN                   NAN            NAN  CARBON STEEL   
18  RAISED FACE       NAN                   NAN            NAN  CARBON STEEL   
19  RAISED FACE       NAN                   NAN            NAN  CARBON STEEL   
20  RAISED FACE       NAN                   NAN            NAN  CARBON STEEL   
21  RAISED FACE       NAN                   NAN            NAN  CARBON STEEL   
22  RAISED FACE       NAN                   NAN            NAN  CARBON STEEL   
23          NAN       NAN                   NAN            NAN  CARBON STEEL   
24  RAISED FACE       NAN                   NAN            NAN  CARBON STEEL   

    ... PRIMARY_SIZE PRIMARY_WALL      PRODUCT_CODE REDUCING_SCHEDULE  \
0   ...          6.0               FWN060601XXPPI-N               NAN   
1   ...          6.0               FWN060601XXPPI-N               NAN   
2   ...          6.0               FWN090601XXPPI-N               NAN   
3   ...          6.0                  IFWN030601XXA               NAN   
4   ...          6.0               FWN090603XXPPI-N               NAN   
5   ...          6.0                      FBD010601               NAN   
6   ...          6.0               IFBD010601GB-HFN               NAN   
7   ...          6.0               IFBD010601GB-HFN               NAN   
8   ...          6.0                  FRW090600501X               NAN   
9   ...          6.0                     SM3T020060               NAN   
10  ...          6.0                     SM3T020060               NAN   
11  ...          6.0                     IFTH010602               NAN   
12  ...          6.0                  IFBDL010601NA               NAN   
13  ...          6.0                  IFBDL010601NA               NAN   
14  ...          6.0                   IFTH010601NA               NAN   
15  ...          6.0                   IFTH010601NA               NAN   
16  ...          6.0                     IFBD010601               NAN   
17  ...          6.0                     IFBD010601               NAN   
18  ...          6.0                   FBD010601BTX               NAN   
19  ...          6.0                     WFBD010601               NAN   
20  ...          6.0                    ISFBD010601               NAN   
21  ...          6.0                   FBD010601BTX               NAN   
22  ...          6.0                    SIFBD010601               NAN   
23  ...          6.0                      M6T005060               NAN   
24  ...          6.0                      FTH010601               NAN   

   REDUCING_SIZE REDUCING_WALL TRIM                  TYPE WALL_THICKNESS  \
0            NAN                NAN             WELD NECK                  
1            NAN                FGP             WELD NECK                  
2            NAN                NAN             WELD NECK                  
3            NAN                NAN             WELD NECK                  
4            NAN                NAN             WELD NECK                  
5            NAN                NAN                 BLIND                  
6            NAN                NAN                 BLIND                  
7            NAN                NAN                 BLIND                  
8              5                NAN    REDUCING WELD NECK                  
9              2                NAN            THREADOLET                  
10             2                NAN            THREADOLET                  
11           NAN                NAN    THREADED FLAT FACE                  
12           NAN                NAN                 BLIND                  
13           NAN                NAN                 BLIND                  
14           NAN                NAN  THREADED RAISED FACE                  
15           NAN                NAN              THREADED                  
16           NAN                NAN                 BLIND                  
17           NAN                NAN                 BLIND                  
18           NAN                NAN                 BLIND                  
19           NAN                NAN                 BLIND                  
20           NAN                NAN                 BLIND                  
21           NAN                NAN                 BLIND                  
22           NAN                NAN                 BLIND                  
23           2.5                NAN              FLEXOLET                  
24           NAN                NAN  THREADED RAISED FACE                  

       score  
0   0.893125  
1   0.893125  
2   0.892293  
3   0.891656  
4   0.888663  
5   0.884357  
6   0.884160  
7   0.884160  
8   0.884111  
9   0.884071  
10  0.884071  
11  0.882567  
12  0.882508  
13  0.882508  
14  0.882463  
15  0.882463  
16  0.882225  
17  0.882225  
18  0.882225  
19  0.882225  
20  0.882225  
21  0.882225  
22  0.882225  
23  0.882066  
24  0.881564  

[25 rows x 25 columns]",0,EXCELLENT
71,"12700321-PIPE,SMLS,10,S160-SA-106B","10"" S-160 1.125W SA106-B SEAMLESS PIPE",True,71,25,18.334757999999965,"   CATEGORY  CONFIDENCE  \
0      PIPE         0.9   
1      PIPE         0.9   
2      PIPE         0.9   
3      PIPE         0.9   
4      PIPE         0.9   
5      PIPE         0.9   
6      PIPE         0.9   
7      PIPE         0.9   
8      PIPE         0.9   
9      PIPE         0.9   
10     PIPE         0.9   
11     PIPE         0.9   
12     PIPE         0.9   
13     PIPE         0.9   
14     PIPE         0.9   
15     PIPE         0.9   
16     PIPE         0.9   
17     PIPE         0.9   
18     PIPE         0.9   
19     PIPE         0.9   
20     PIPE         0.9   
21     PIPE         0.9   
22     PIPE         0.9   
23     PIPE         0.9   
24     PIPE         0.9   

                                                          DESCRIPTION  \
0                               10"" S-160 1.125WA53/SA106-B SMLS PIPE   
1                10"" S-160 1.125W SA333 GRADE-6/SA106-B SEAMLESS PIPE   
2              10"" S-160 1.125W SA333 GRADE-6/SA106-B/C SEAMLESS PIPE   
3              10"" S-160 1.125W SA333 GRADE-6/SA106-B/C SEAMLESS PIPE   
4                          10"" S-160 1.125 SEAMLESS PIPE SA312-TP1.0L   
5                          10"" S-160 1.125 SEAMLESS PIPE SA312-TP1.0L   
6                 10"" S-160 1.125W SA106B/SA333-GRADE-6 SEAMLESS PIPE   
7                  10"" S-160 1.125W SA106-B/C API5L/X42 SEAMLESS PIPE   
8                  10"" S-160 1.125W SA106-B/C API5L/X42 SEAMLESS PIPE   
9                  10"" S-160 1.125W SA106-B/C API5L/X42 SEAMLESS PIPE   
10  10"" S-160 1.125W ASTM/ASME/SA53B/API5L/X42/SA106B/C SEAMLESS PIPE   
11  10"" S-160 1.125W ASTM/ASME/SA53B/API5L/X42/SA106B/C SEAMLESS PIPE   
12  10"" S-160 1.125W ASTM/ASME/SA53B/API5L/X42/SA106B/C SEAMLESS PIPE   
13    10"" S-120 .844W SA333 GRADE-6/SA106-B/C API5L/X42 SEAMLESS PIPE   
14    10"" S-120 .844W SA333 GRADE-6/SA106-B/C API5L/X42 SEAMLESS PIPE   
15    10"" S-120 .844W SA333 GRADE-6/SA106-B/C API5L/X42 SEAMLESS PIPE   
16    10"" S-120 .844W SA333 GRADE-6/SA106-B/C API5L/X42 SEAMLESS PIPE   
17                              10"" S-160 1.125W SA106B SEAMLESS PIPE   
18                              10"" S-160 1.125W SA106B SEAMLESS PIPE   
19                              10"" S-160 1.125W SA106B SEAMLESS PIPE   
20               10"" S-1401.000W BLK SA106-B/SA333 GR 6 SEAMLESS PIPE   
21                           10"" S-160 1.125W SA335-P11 SEAMLESS PIPE   
22                           10"" S-160 1.125W SA335-P11 SEAMLESS PIPE   
23                           10"" S-160 1.125W SA335-P11 SEAMLESS PIPE   
24                           10"" S-160 1.125W SA335-P11 SEAMLESS PIPE   

   END_CONNECTIONS END_FINISH ID LENGTH MANUFACTURING_PROCESS  \
0              NAN        NAN       NAN              SEAMLESS   
1              NAN        NAN       NAN              SEAMLESS   
2              NAN        NAN       NAN              SEAMLESS   
3              NAN        NAN       NAN              SEAMLESS   
4              NAN        NAN     1.125              SEAMLESS   
5              NAN        NAN       NAN              SEAMLESS   
6              NAN        NAN       NAN              SEAMLESS   
7              NAN        NAN       NAN              SEAMLESS   
8              NAN        NAN       NAN              SEAMLESS   
9              NAN        NAN       NAN              SEAMLESS   
10             NAN        NAN       NAN              SEAMLESS   
11             NAN        NAN       NAN              SEAMLESS   
12             NAN        NAN       NAN              SEAMLESS   
13             NAN        NAN       NAN                  SMLS   
14             NAN        NAN       NAN                  SMLS   
15             NAN        NAN       NAN                  SMLS   
16             NAN        NAN       NAN                  SMLS   
17             NAN        NAN       NAN              SEAMLESS   
18             NAN        NAN       NAN              SEAMLESS   
19             NAN        NAN       NAN              SEAMLESS   
20             NAN      BLACK       NAN              SEAMLESS   
21             NAN        NAN       NAN              SEAMLESS   
22             NAN        NAN       NAN              SEAMLESS   
23             NAN        NAN       NAN              SEAMLESS   
24             NAN        NAN       NAN              SEAMLESS   

     MATERIAL_GRADE    MATERIAL_NAME  ... PRIMARY_SIZE PRIMARY_WALL  \
0                 B     CARBON STEEL  ...         10.0                
1               6/B     CARBON STEEL  ...         10.0                
2             6/B/C     CARBON STEEL  ...         10.0                
3       GRADE 6/B/C     CARBON STEEL  ...         10.0                
4            TP1.0L  STAINLESS STEEL  ...         10.0                
5            TP1.0L  STAINLESS STEEL  ...         10.0                
6                 6     CARBON STEEL  ...         10.0                
7               B/C     CARBON STEEL  ...         10.0                
8               B/C     CARBON STEEL  ...         10.0                
9               B/C     CARBON STEEL  ...         10.0                
10              X42     CARBON STEEL  ...         10.0                
11              X42     CARBON STEEL  ...         10.0                
12              X42     CARBON STEEL  ...         10.0                
13  GRADE 6/B/C/X42     CARBON STEEL  ...         10.0                
14        GR6/B/X42     CARBON STEEL  ...         10.0                
15  GRADE-6/B/C/X42     CARBON STEEL  ...         10.0                
16  GRADE-6/B/C/X42     CARBON STEEL  ...         10.0                
17                B     CARBON STEEL  ...         10.0                
18                B     CARBON STEEL  ...         10.0                
19                B     CARBON STEEL  ...         10.0                
20              B/6     CARBON STEEL  ...         10.0                
21              P11      ALLOY STEEL  ...         10.0                
22              P11      CHROME MOLY  ...         10.0                
23              P11      CHROME MOLY  ...         10.0                
24              P11      ALLOY STEEL  ...         10.0                

      PRODUCT_CODE REDUCING_SCHEDULE REDUCING_SIZE REDUCING_WALL TRIM  \
0       IPA10016TM               NAN           NAN                NAN   
1       PA3/B10016               NAN           NAN                NAN   
2    IPA3/B10016PT               NAN           NAN                NAN   
3    IPA3/B10016PT               NAN           NAN                NAN   
4        IPS410016               NAN           NAN                NAN   
5        IPS410016               NAN           NAN                NAN   
6    IPA3/B10016VG               NAN           NAN                NAN   
7      SIPA10016PT               NAN           NAN                NAN   
8      SIPA10016PT               NAN           NAN                NAN   
9       IPA10016PT               NAN           NAN                NAN   
10     SIPA10016AM               NAN           NAN                NAN   
11      IPA10016AM               NAN           NAN                NAN   
12     SIPA10016AM               NAN           NAN                NAN   
13   IPA3/B10012PT               NAN           NAN                NAN   
14  SIPA3/B10012PT               NAN           NAN                NAN   
15   IPA3/B10012PT               NAN           NAN                NAN   
16  SIPA3/B10012PT               NAN           NAN                NAN   
17       IPA10016C               NAN           NAN                NAN   
18        IPA10016               NAN           NAN                NAN   
19       SIPA10016               NAN           NAN                NAN   
20   IPA3/B10014PT               NAN           NAN                NAN   
21     SIPA1110016               NAN           NAN                NAN   
22      SPA1110016               NAN           NAN                NAN   
23     SIPA1110016               NAN           NAN                NAN   
24      SPA1110016               NAN           NAN                NAN   

             TYPE WALL_THICKNESS     score  
0       SMLS PIPE                 0.920689  
1   SEAMLESS PIPE                 0.905086  
2        SEAMLESS                 0.904933  
3   SEAMLESS PIPE                 0.904933  
4   SEAMLESS PIPE                 0.903671  
5   SEAMLESS PIPE                 0.903671  
6   SEAMLESS PIPE                 0.902120  
7        SEAMLESS                 0.901724  
8   SEAMLESS PIPE                 0.901724  
9   SEAMLESS PIPE                 0.901724  
10  SEAMLESS PIPE                 0.901406  
11  SEAMLESS PIPE                 0.901406  
12  SEAMLESS PIPE                 0.901406  
13  SEAMLESS PIPE                 0.899807  
14  SEAMLESS PIPE                 0.899807  
15  SEAMLESS PIPE                 0.899807  
16  SEAMLESS PIPE                 0.899807  
17  SEAMLESS PIPE                 0.899244  
18  SEAMLESS PIPE                 0.899244  
19  SEAMLESS PIPE                 0.899244  
20       SEAMLESS                 0.898391  
21  SEAMLESS PIPE                 0.898035  
22  SEAMLESS PIPE                 0.898035  
23  SEAMLESS PIPE                 0.898035  
24  SEAMLESS PIPE                 0.898035  

[25 rows x 25 columns]",0,EXCELLENT
72,"11100639-FLG,WN,RF,2,600 ,S160","2"" 600 RF WELD NECK FLANGE S-160 BORE, SA105N-FGP",True,72,13,25.035133500000484,"   CATEGORY  CONFIDENCE                                           DESCRIPTION  \
0    FLANGE         0.9                        2"" 300 RF BLIND FLG, SA350-LF2   
1    FLANGE         0.9                        2"" 300 RF BLIND FLG, SA350-LF2   
2   FITTING         0.9                       2"" 9000 FS S/W FULL CPLG, SA105   
3    FLANGE         0.9                      2"" 150 RF S/W FLG XH BORE, SA105   
4   FITTING         0.9                   2"" S-160 LR 90 WELD ELL, SA420-WPL6   
5   FITTING         0.9                   2"" S-160 LR 90 WELD ELL, SA420-WPL6   
6   FITTING         0.9                   2"" S-160 LR 90 WELD ELL, SA420-WPL6   
7   FITTING         0.9                   2"" S-160 LR 90 WELD ELL, SA420-WPL6   
8   FITTING         0.9                    2"" S-160 LR 45WELD ELL, SA420-WPL6   
9   FITTING         0.9                    2"" S-160 LR 45WELD ELL, SA420-WPL6   
10   FLANGE         0.9                2"" 600 RF BLIND FLANGE, SA105N-FGP/LF2   
11   FLANGE         0.9                   2"" 1500 RF BLIND FLANGE, SA105N FGP   
12   FLANGE         1.0                   2"" 1500 RF BLIND FLANGE, SA105N FGP   
13   FLANGE         0.9     2"" 600 RF WELD NECK FLANGE S-160 BORE, SA105N-FGP   
14   FLANGE         0.9     2"" 600 RF WELD NECK FLANGE S-160 BORE, SA105N-FGP   
15   FLANGE         0.9     2"" 600 RF WELD NECK FLANGE S-160 BORE, SA105N-FGP   
16   FLANGE         0.9         2 X 1"" 1500 RF SW RED FLANGE S/160 BORE SA105   
17   FLANGE         0.9         2 X 1"" 1500 RF SW RED FLANGE S/160 BORE SA105   
18   FLANGE         0.9    2"" 1500 RF WELD NECK FLANGE S-160 BORE, SA105N-FGP   
19  FITTING         0.9                2"" X 1-0.25"" 3M FS S/W RED CPLG, SA105   
20  FITTING         0.9                2"" X 1-0.25"" 3M FS S/W RED CPLG, SA105   
21   FLANGE         1.0  2"" 600 RF WELD NECK FLANGE S-160 BORE, SA350 LF2 CL1   
22   FLANGE         0.9  2"" 600 RF WELD NECK FLANGE S-160 BORE, SA350 LF2 CL1   
23   FLANGE         0.9                2"" 150 RF BLIND FLANGE, SA105N-HFN S62   
24   FLANGE         0.9                 2"" 600 RF BLIND FLANGE, SA350-LF2 CL1   

   END_CONNECTIONS   END_FINISH ID LENGTH MANUFACTURING_PROCESS  \
0              NAN  RAISED FACE       NAN                   NAN   
1              NAN  RAISED FACE       NAN                   NAN   
2      SOCKET WELD          NAN       NAN                   NAN   
3      SOCKET WELD          NAN       NAN                   NAN   
4        BUTT WELD           BW       NAN                   NAN   
5        BUTT WELD           BW       NAN                   NAN   
6        BUTT WELD           BW       NAN                   NAN   
7        BUTT WELD          NAN       NAN                   NAN   
8               BW          NAN       NAN                   NAN   
9        BUTT WELD           BW       NAN                   NAN   
10             NAN  RAISED FACE       NAN                   NAN   
11             NAN  RAISED FACE       NAN                FORGED   
12             NAN  RAISED FACE       NAN                FORGED   
13             NAN  RAISED FACE       NAN                   NAN   
14             NAN  RAISED FACE       NAN                   NAN   
15             NAN  RAISED FACE       NAN                   NAN   
16     SOCKET WELD  RAISED FACE       NAN                   NAN   
17     SOCKET WELD          NAN       NAN                   NAN   
18             NAN  RAISED FACE       NAN                   NAN   
19     SOCKET WELD          NAN       NAN                   NAN   
20     SOCKET WELD          NAN       NAN                FORGED   
21             NAN  RAISED FACE       NAN                   NAN   
22             NAN  RAISED FACE       NAN                   NAN   
23             NAN  RAISED FACE       NAN                   NAN   
24             NAN  RAISED FACE       NAN                   NAN   

   MATERIAL_GRADE MATERIAL_NAME  ... PRIMARY_SIZE PRIMARY_WALL  \
0             LF2  CARBON STEEL  ...          2.0                
1             LF2  CARBON STEEL  ...          2.0                
2             NAN  CARBON STEEL  ...          2.0                
3             NAN  CARBON STEEL  ...          2.0                
4            WPL6  CARBON STEEL  ...          2.0                
5            WPL6  CARBON STEEL  ...          2.0                
6            WPL6  CARBON STEEL  ...          2.0                
7            WPL6  CARBON STEEL  ...          2.0                
8            WPL6  CARBON STEEL  ...          2.0                
9            WPL6  CARBON STEEL  ...          2.0                
10            LF2  CARBON STEEL  ...          2.0                
11              N  CARBON STEEL  ...          2.0                
12              N  CARBON STEEL  ...          2.0                
13              N  CARBON STEEL  ...          2.0                
14              N  CARBON STEEL  ...          2.0                
15              N  CARBON STEEL  ...          2.0                
16            NAN  CARBON STEEL  ...          2.0                
17            NAN  CARBON STEEL  ...          2.0                
18              N  CARBON STEEL  ...          2.0                
19            NAN  CARBON STEEL  ...          2.0                
20            NAN  CARBON STEEL  ...          2.0                
21            LF2  CARBON STEEL  ...          2.0                
22            LF2  CARBON STEEL  ...          2.0                
23              N  CARBON STEEL  ...          2.0                
24            LF2  CARBON STEEL  ...          2.0                

        PRODUCT_CODE REDUCING_SCHEDULE REDUCING_SIZE REDUCING_WALL TRIM  \
0        SFBDL030201               NAN           NAN                NAN   
1        SFBDL030201               NAN           NAN                NAN   
2          SM9SFC020               NAN           NAN                NAN   
3        SFSW010201X               NAN           NAN                NAN   
4       IWL9PL602016               NAN           NAN                NAN   
5        WL9PL602016               NAN           NAN                NAN   
6         IWL9602016               NAN           NAN                NAN   
7        WL9PL602016               NAN           NAN                NAN   
8         IWL4602016               NAN           NAN                NAN   
9         IWL4602016               NAN           NAN                NAN   
10         FBD060201               NAN           NAN                NAN   
11         FBD150201               NAN           NAN                NAN   
12         FBD150201               NAN           NAN                NAN   
13       FWN06020116               NAN           NAN                NAN   
14    FWN06020116PPI               NAN           NAN                NAN   
15     FWN06020116KU               NAN           NAN                NAN   
16   FRSW15020010116               NAN             1                NAN   
17   FRSW15020010116               NAN             1                NAN   
18       FWN15020116               NAN           NAN                NAN   
19       SM3SRC02012               NAN          1.25                NAN   
20       SM3SRC02012               NAN          1.25                NAN   
21      FWNL06020116               NAN           NAN                NAN   
22      FWNL06020116               NAN           NAN                NAN   
23  IFBD010201GB-HFN               NAN           NAN                NAN   
24     IFBDL060201MF               NAN           NAN                NAN   

                            TYPE WALL_THICKNESS     score  
0                          BLIND                 0.890929  
1                          BLIND                 0.890929  
2                  FULL COUPLING                 0.890909  
3                    RAISED FACE                 0.887692  
4           LONG RADIUS 90 ELBOW                 0.883478  
5           LONG RADIUS 90 ELBOW                 0.883478  
6           LONG RADIUS 90 ELBOW                 0.883478  
7           LONG RADIUS 90 ELBOW                 0.883478  
8           LONG RADIUS 45 ELBOW                 0.883395  
9           LONG RADIUS 45 ELBOW                 0.883395  
10                         BLIND                 0.882867  
11                         BLIND                 0.881385  
12                         BLIND                 0.881385  
13                     WELD NECK                 0.880269  
14                     WELD NECK                 0.880269  
15                     WELD NECK                 0.880269  
16               REDUCING FLANGE                 0.879047  
17  REDUCING RAISED FACE SLIP ON                 0.879047  
18                     WELD NECK                 0.878915  
19             REDUCING COUPLING                 0.878894  
20             REDUCING COUPLING                 0.878894  
21                     WELD NECK                 0.878034  
22                     WELD NECK                 0.878034  
23                         BLIND                 0.877651  
24                         BLIND                 0.877515  

[25 rows x 25 columns]",0,EXCELLENT
73,"12700464-PIPE,SMLS,20,S80","20"" S-80 1.031W BLK SA106-B SEAMLESS PIPE",True,73,36,18.650878599999487,"   CATEGORY  CONFIDENCE  \
0      PIPE         0.9   
1      PIPE         0.9   
2      PIPE         0.9   
3      PIPE         0.9   
4      PIPE         0.9   
5      PIPE         0.9   
6      PIPE         0.9   
7      PIPE         0.9   
8      PIPE         0.9   
9      PIPE         0.9   
10     PIPE         0.9   
11     PIPE         0.9   
12     PIPE         0.9   
13     PIPE         0.9   
14     PIPE         0.9   
15     PIPE         0.9   
16     PIPE         0.9   
17     PIPE         0.9   
18     PIPE         0.9   
19     PIPE         0.9   
20     PIPE         0.9   
21     PIPE         0.9   
22     PIPE         0.9   
23     PIPE         0.9   
24     PIPE         0.9   

                                                          DESCRIPTION  \
0               20"" S-100 1.281W BLK SA106B/C API5L/X42 SEAMLESS PIPE   
1               20"" S-100 1.281W BLK SA106B/C API5L/X42 SEAMLESS PIPE   
2               20"" S-100 1.281W BLK SA106B/C API5L/X42 SEAMLESS PIPE   
3               20"" S-100 1.281W BLK SA106B/C API5L/X42 SEAMLESS PIPE   
4                             20"" S-80 1.031W SA335-P11 SEAMLESS PIPE   
5                             20"" S-80 1.031W SA335-P11 SEAMLESS PIPE   
6                             20"" S-80 1.031W SA335-P11 SEAMLESS PIPE   
7                          20"" S-100 1.281W API-5LB X52 SEAMLESS PIPE   
8                          20"" S-100 1.281W API-5LB X52 SEAMLESS PIPE   
9   20"" S-10 .250W ASTM/ASME SA53B/API5L GRADE-B/X42 ERW BLK PEB PIPE   
10  20"" S-10 .250W ASTM/ASME SA53B/API5L GRADE-B/X42 ERW BLK PEB PIPE   
11                    20"" S-100 1.281W SA333 GR6/SA106B SEAMLESS PIPE   
12                         20"" S-100 1.281W BLK SA106-B SEAMLESS PIPE   
13                         20"" S-100 1.281W BLK SA106-B SEAMLESS PIPE   
14                         20"" S-100 1.281W BLK SA106-B SEAMLESS PIPE   
15                         20"" S-100 1.281W BLK SA106-B SEAMLESS PIPE   
16                         20"" S-100 1.281W BLK SA106-B SEAMLESS PIPE   
17                         20"" S-100 1.281W BLK SA106-B SEAMLESS PIPE   
18                         20"" S-100 1.281W BLK SA106-B SEAMLESS PIPE   
19                         20"" S-100 1.281W BLK SA106-B SEAMLESS PIPE   
20                         20"" S-100 1.281W BLK SA106-B SEAMLESS PIPE   
21                         20"" S-100 1.281W BLK SA106-B SEAMLESS PIPE   
22                         20"" S-100 1.281W BLK SA106-B SEAMLESS PIPE   
23                         20"" S-100 1.281W BLK SA106-B SEAMLESS PIPE   
24                        20"" S-80 1.031W SA333-GRADE-6 SEAMLESS PIPE   

   END_CONNECTIONS END_FINISH ID LENGTH MANUFACTURING_PROCESS MATERIAL_GRADE  \
0              NAN      BLACK       NAN              SEAMLESS            B/C   
1              NAN      BLACK       NAN              SEAMLESS            B/C   
2              NAN      BLACK       NAN              SEAMLESS            B/C   
3              NAN        BLK       NAN              SEAMLESS            X42   
4              NAN        NAN       NAN              SEAMLESS            P11   
5              NAN        NAN       NAN              SEAMLESS            P11   
6              NAN        NAN       NAN              SEAMLESS            P11   
7              NAN        NAN       NAN              SEAMLESS            X52   
8              NAN  PLAIN END       NAN                  SMLS            X52   
9               PE        BLK       NAN                   ERW          B/X42   
10              PE        BLK       NAN                   ERW    GRADE-B/X42   
11             NAN        NAN       NAN              SEAMLESS          GR6/B   
12             NAN        BLK       NAN              SEAMLESS              B   
13             NAN      BLACK       NAN              SEAMLESS              B   
14             NAN      BLACK       NAN              SEAMLESS              B   
15             NAN      BLACK       NAN              SEAMLESS              B   
16             NAN      BLACK       NAN              SEAMLESS              B   
17             NAN      BLACK       NAN              SEAMLESS              B   
18             NAN      BLACK       NAN              SEAMLESS              B   
19             NAN        BLK       NAN              SEAMLESS              B   
20             NAN      BLACK       NAN              SEAMLESS              B   
21             NAN        BLK       NAN              SEAMLESS              B   
22             NAN      BLACK       NAN              SEAMLESS              B   
23             NAN      BLACK       NAN              SEAMLESS              B   
24             NAN        NAN       NAN              SEAMLESS              6   

   MATERIAL_NAME  ... PRIMARY_SIZE PRIMARY_WALL  PRODUCT_CODE  \
0   CARBON STEEL  ...         20.0                 IPA20010AM   
1   CARBON STEEL  ...         20.0                SIPA20010AM   
2   CARBON STEEL  ...         20.0                 IPA20010AM   
3   CARBON STEEL  ...         20.0                SIPA20010AM   
4    ALLOY STEEL  ...         20.0                SIPA1120008   
5    ALLOY STEEL  ...         20.0                 IPA1120008   
6    CHROME MOLY  ...         20.0                SIPA1120008   
7   CARBON STEEL  ...         20.0                  PA2001052   
8   CARBON STEEL  ...         20.0                  PA2001052   
9   CARBON STEEL  ...         20.0                  PE2000142   
10  CARBON STEEL  ...         20.0                  PE2000142   
11  CARBON STEEL  ...         20.0                 PA3/B20010   
12  CARBON STEEL  ...         20.0                 IPA20010TA   
13  CARBON STEEL  ...         20.0                 IPA20010TA   
14  CARBON STEEL  ...         20.0                  IPA20010C   
15  CARBON STEEL  ...         20.0                   SPA20010   
16  CARBON STEEL  ...         20.0                    PA20010   
17  CARBON STEEL  ...         20.0                   SPA20010   
18  CARBON STEEL  ...         20.0                  SIPA20010   
19  CARBON STEEL  ...         20.0                   IPA20010   
20  CARBON STEEL  ...         20.0                    PA20010   
21  CARBON STEEL  ...         20.0                   IPA20010   
22  CARBON STEEL  ...         20.0                  IPA20010C   
23  CARBON STEEL  ...         20.0                  SIPA20010   
24  CARBON STEEL  ...         20.0               SIPA320008PT   

   REDUCING_SCHEDULE REDUCING_SIZE REDUCING_WALL TRIM           TYPE  \
0                NAN           NAN                NAN  SEAMLESS PIPE   
1                NAN           NAN                NAN  SEAMLESS PIPE   
2                NAN           NAN                NAN  SEAMLESS PIPE   
3                NAN           NAN                NAN  SEAMLESS PIPE   
4                NAN           NAN                NAN  SEAMLESS PIPE   
5                NAN           NAN                NAN  SEAMLESS PIPE   
6                NAN           NAN                NAN       SEAMLESS   
7                NAN           NAN                NAN  SEAMLESS PIPE   
8                NAN           NAN                NAN  SEAMLESS PIPE   
9                NAN           NAN                NAN       ERW PIPE   
10               NAN           NAN                NAN       ERW PIPE   
11               NAN           NAN                NAN  SEAMLESS PIPE   
12               NAN           NAN                NAN  SEAMLESS PIPE   
13               NAN           NAN                NAN  SEAMLESS PIPE   
14               NAN           NAN                NAN       SEAMLESS   
15               NAN           NAN                NAN       SEAMLESS   
16               NAN           NAN                NAN  SEAMLESS PIPE   
17               NAN           NAN                NAN       SEAMLESS   
18               NAN           NAN                NAN  SEAMLESS PIPE   
19               NAN           NAN                NAN       SEAMLESS   
20               NAN           NAN                NAN       SEAMLESS   
21               NAN           NAN                NAN       SEAMLESS   
22               NAN           NAN                NAN  SEAMLESS PIPE   
23               NAN           NAN                NAN  SEAMLESS PIPE   
24               NAN           NAN                NAN  SEAMLESS PIPE   

   WALL_THICKNESS     score  
0                  0.886318  
1                  0.886318  
2                  0.886318  
3                  0.886318  
4                  0.881008  
5                  0.881008  
6                  0.881008  
7                  0.880631  
8                  0.880631  
9                  0.878642  
10                 0.878642  
11                 0.877794  
12                 0.877421  
13                 0.877421  
14                 0.877421  
15                 0.877421  
16                 0.877421  
17                 0.877421  
18                 0.877421  
19                 0.877421  
20                 0.877421  
21                 0.877421  
22                 0.877421  
23                 0.877421  
24                 0.876374  

[25 rows x 25 columns]",0,EXCELLENT
74,"8-SA106BS-PIPE,SMLS,8,STD (S40)","8"" STD .322W BLK SA106-B/SA53-B/API-5L X42 SEAMLESS PIPE",True,74,76,23.517765699999472,"   CATEGORY  CONFIDENCE  \
0      PIPE         0.9   
1      PIPE         0.9   
2      PIPE         0.9   
3      PIPE         0.9   
4      PIPE         0.9   
5      PIPE         0.9   
6      PIPE         0.9   
7      PIPE         0.9   
8      PIPE         0.9   
9      PIPE         0.9   
10     PIPE         0.9   
11     PIPE         0.9   
12     PIPE         0.9   
13     PIPE         0.9   
14     PIPE         0.9   
15     PIPE         0.9   
16     PIPE         0.9   
17     PIPE         0.9   
18     PIPE         0.9   
19     PIPE         0.9   
20     PIPE         0.9   
21     PIPE         0.9   
22     PIPE         0.9   
23     PIPE         0.9   
24     PIPE         0.9   

                                               DESCRIPTION END_CONNECTIONS  \
0     8"" STD .322W ASME SA333 GR6/ SA106-B/C SEAMLESS PIPE             NAN   
1     8"" STD .322W ASME SA333 GR6/ SA106-B/C SEAMLESS PIPE             NAN   
2         8"" STD .322W SA333 GRADE-6/SA106-B SEAMLESS PIPE             NAN   
3         8"" STD .322W SA333 GRADE-6/SA106-B SEAMLESS PIPE             NAN   
4                  8"" S-60 .406W BLK SA106-B SEAMLESS PIPE             NAN   
5                  8"" S-60 .406W BLK SA106-B SEAMLESS PIPE             NAN   
6                  8"" S-60 .406W BLK SA106-B SEAMLESS PIPE             NAN   
7                  8"" S-60 .406W BLK SA106-B SEAMLESS PIPE             NAN   
8                  8"" S-60 .406W BLK SA106-B SEAMLESS PIPE             NAN   
9                  8"" S-60 .406W BLK SA106-B SEAMLESS PIPE             NAN   
10                 8"" S-60 .406W BLK SA106-B SEAMLESS PIPE             NAN   
11                 8"" S-60 .406W BLK SA106-B SEAMLESS PIPE             NAN   
12                 8"" S-60 .406W BLK SA106-B SEAMLESS PIPE             NAN   
13    8"" S-160 .906W SA333 GRADE-6/SA106-B/C SEAMLESS PIPE             NAN   
14    8"" S-160 .906W SA333 GRADE-6/SA106-B/C SEAMLESS PIPE             NAN   
15    8"" S-160 .906W BLK SA106-B/C API5L/X42 SEAMLESS PIPE             NAN   
16    8"" S-160 .906W BLK SA106-B/C API5L/X42 SEAMLESS PIPE             NAN   
17    8"" S-160 .906W BLK SA106-B/C API5L/X42 SEAMLESS PIPE             NAN   
18    8"" S-160 .906W BLK SA106-B/C API5L/X42 SEAMLESS PIPE             NAN   
19  8"" S-120 .719W ASME SA333 GR6/ SA106-B/C SEAMLESS PIPE             NAN   
20  8"" S-120 .719W ASME SA333 GR6/ SA106-B/C SEAMLESS PIPE             NAN   
21                  8"" STD .322W BLK SA106-B SEAMLESS PIPE             NAN   
22                  8"" STD .322W BLK SA106-B SEAMLESS PIPE             NAN   
23                  8"" STD .322W BLK SA106-B SEAMLESS PIPE             NAN   
24                  8"" STD .322W BLK SA106-B SEAMLESS PIPE             NAN   

   END_FINISH ID LENGTH MANUFACTURING_PROCESS MATERIAL_GRADE MATERIAL_NAME  \
0         NAN       NAN              SEAMLESS        GR6/B/C  CARBON STEEL   
1         NAN       NAN                  SMLS        GR6/B/C  CARBON STEEL   
2         NAN       NAN              SEAMLESS            6/B  CARBON STEEL   
3         NAN       NAN              SEAMLESS      GRADE 6/B  CARBON STEEL   
4       BLACK       NAN              SEAMLESS              B  CARBON STEEL   
5       BLACK       NAN              SEAMLESS              B  CARBON STEEL   
6       BLACK       NAN              SEAMLESS              B  CARBON STEEL   
7       BLACK       NAN              SEAMLESS              B  CARBON STEEL   
8         BLK       NAN              SEAMLESS              B  CARBON STEEL   
9       BLACK       NAN              SEAMLESS              B  CARBON STEEL   
10      BLACK       NAN              SEAMLESS              B  CARBON STEEL   
11      BLACK       NAN              SEAMLESS              B  CARBON STEEL   
12      BLACK       NAN              SEAMLESS              B  CARBON STEEL   
13        NAN       NAN              SEAMLESS    GRADE 6/B/C  CARBON STEEL   
14        NAN       NAN              SEAMLESS        GR6/B/C  CARBON STEEL   
15        BLK       NAN              SEAMLESS            B/C  CARBON STEEL   
16      BLACK       NAN              SEAMLESS            B/C  CARBON STEEL   
17      BLACK       NAN              SEAMLESS            B/C  CARBON STEEL   
18        BLK       NAN              SEAMLESS            B/C  CARBON STEEL   
19        NAN       NAN                  SMLS        GR6/B/C  CARBON STEEL   
20        NAN       NAN              SEAMLESS        GR6/B/C  CARBON STEEL   
21      BLACK       NAN              SEAMLESS              B  CARBON STEEL   
22      BLACK       NAN              SEAMLESS              B  CARBON STEEL   
23      BLACK       NAN              SEAMLESS              B  CARBON STEEL   
24      BLACK       NAN              SEAMLESS              B  CARBON STEEL   

    ... PRIMARY_SIZE PRIMARY_WALL   PRODUCT_CODE REDUCING_SCHEDULE  \
0   ...          8.0                IPA3/B080STA               NAN   
1   ...          8.0                IPA3/B080STA               NAN   
2   ...          8.0                  PA3/B080ST               NAN   
3   ...          8.0                  PA3/B080ST               NAN   
4   ...          8.0                    WPA08006               NAN   
5   ...          8.0                SIPA3/B08006               NAN   
6   ...          8.0                    IPA08006               NAN   
7   ...          8.0                    WPA08006               NAN   
8   ...          8.0                     PA08006               NAN   
9   ...          8.0                    SPA08006               NAN   
10  ...          8.0                    IPA08006               NAN   
11  ...          8.0                SIPA3/B08006               NAN   
12  ...          8.0                     PA08006               NAN   
13  ...          8.0               IPA3/B08016PT               NAN   
14  ...          8.0               IPA3/B08016PT               NAN   
15  ...          8.0                 SIPA08016PT               NAN   
16  ...          8.0                 SIPA08016PT               NAN   
17  ...          8.0                  IPA08016PT               NAN   
18  ...          8.0                  IPA08016PT               NAN   
19  ...          8.0               IPA3/B08012VG               NAN   
20  ...          8.0               IPA3/B08012VG               NAN   
21  ...          8.0                    SPA080ST               NAN   
22  ...          8.0                    WPA080ST               NAN   
23  ...          8.0                    WPA080ST               NAN   
24  ...          8.0                     PA080ST               NAN   

   REDUCING_SIZE REDUCING_WALL TRIM           TYPE WALL_THICKNESS     score  
0            NAN                NAN  SEAMLESS PIPE                 0.914701  
1            NAN                NAN  SEAMLESS PIPE                 0.914701  
2            NAN                NAN  SEAMLESS PIPE                 0.913827  
3            NAN                NAN       SEAMLESS                 0.913827  
4            NAN                NAN       SEAMLESS                 0.912663  
5            NAN                NAN  SEAMLESS PIPE                 0.912663  
6            NAN                NAN       SEAMLESS                 0.912663  
7            NAN                NAN       SEAMLESS                 0.912663  
8            NAN                NAN       SEAMLESS                 0.912663  
9            NAN                NAN       SEAMLESS                 0.912663  
10           NAN                NAN       SEAMLESS                 0.912663  
11           NAN                NAN       SEAMLESS                 0.912663  
12           NAN                NAN       SEAMLESS                 0.912663  
13           NAN                NAN  SEAMLESS PIPE                 0.910857  
14           NAN                NAN       SEAMLESS                 0.910857  
15           NAN                NAN       SEAMLESS                 0.910617  
16           NAN                NAN  SEAMLESS PIPE                 0.910617  
17           NAN                NAN  SEAMLESS PIPE                 0.910617  
18           NAN                NAN       SEAMLESS                 0.910617  
19           NAN                NAN  SEAMLESS PIPE                 0.910282  
20           NAN                NAN  SEAMLESS PIPE                 0.910282  
21           NAN                NAN       SEAMLESS                 0.910180  
22           NAN                NAN  SEAMLESS PIPE                 0.910180  
23           NAN                NAN       SEAMLESS                 0.910180  
24           NAN                NAN       SEAMLESS                 0.910180  

[25 rows x 25 columns]",0,EXCELLENT
75,"11100835-FLG,WN,RF,8,600 ,S120","8"" 600 RF WELD NECK FLANGE S-100 BORE, SA105N",True,75,202,23.806571600000098,"   CATEGORY  CONFIDENCE  \
0    FLANGE         0.9   
1    FLANGE         0.9   
2    FLANGE         0.9   
3    FLANGE         0.9   
4    FLANGE         0.9   
5    FLANGE         0.9   
6    FLANGE         0.9   
7    FLANGE         0.9   
8    FLANGE         1.0   
9    FLANGE         0.9   
10   FLANGE         0.9   
11  FITTING         0.9   
12  FITTING         0.9   
13   FLANGE         0.9   
14   FLANGE         0.9   
15   FLANGE         0.9   
16   FLANGE         0.9   
17   FLANGE         0.9   
18   FLANGE         0.9   
19   FLANGE         0.9   
20   FLANGE         0.9   
21   FLANGE         0.9   
22   FLANGE         0.9   
23   FLANGE         0.9   
24   FLANGE         0.9   

                                                    DESCRIPTION  \
0                    8"" 900 RF LWN FLG X 20"" LG SA105 NORM -FGP   
1                        8"" 900 RF LWN FLG X 16"" LG SA105N/ FGP   
2                            8"" 600 RF BLIND FLANGE, SA105N FGP   
3                            8"" 600 RF BLIND FLANGE, SA105N FGP   
4                           8"" 600 RF BLIND FLANGE, SA105N- FGP   
5   8"" 150 RF WELD NECK FLANGE S-120 BORE, SA105N-FGP/SA350 LF2   
6   8"" 150 RF WELD NECK FLANGE S-120 BORE, SA105N-FGP/SA350 LF2   
7                                8"" 150 RF SLIP ON FLG, F1.0LSS   
8                                8"" 150 RF SLIP ON FLG, F1.0LSS   
9             8"" 400 RF WELD NECK FLANGE S-120 BORE, SA105N FGP   
10            8"" 400 RF WELD NECK FLANGE S-120 BORE, SA105N FGP   
11                              8"" X 4"" S-120 WELD-O-LET, SA105   
12                              8"" X 4"" S-120 WELD-O-LET, SA105   
13           8"" 1500 RF WELD NECK FLANGE S-120 BORE, SA105N/FGP   
14           8"" 1500 RF WELD NECK FLANGE S-120 BORE, SA105N/FGP   
15                           8"" 150 RF BLIND FLANGE, SA105N-FGP   
16                           8"" 150 RF BLIND FLANGE, SA105N-FGP   
17                           8"" 150 RF BLIND FLANGE, SA105N-FGP   
18      8"" 600 RF LONG WELD NECK X 12"" LG, SA105N/SA350 LF2 FGP   
19                           8"" 300 RF BLIND FLANGE, SA105N-FGP   
20                       8"" 150 RF BLIND FLANGE, SA105N-HFN S62   
21                       8"" 150 RF BLIND FLANGE, SA105N-HFN S62   
22                       8"" 600 RF WN S-60 BORE, SA105*SURPLUS*   
23       8"" 600 RF LONG WELD NECK X 12"" LG, SA105N/SA350LF2-FGP   
24       8"" 600 RF LONG WELD NECK X 12"" LG, SA105N/SA350LF2-FGP   

   END_CONNECTIONS   END_FINISH ID LENGTH MANUFACTURING_PROCESS  \
0        WELD NECK  RAISED FACE        20            NORMALIZED   
1              NAN  RAISED FACE        16                   NAN   
2              NAN  RAISED FACE       NAN                   NAN   
3              NAN  RAISED FACE       NAN                FORGED   
4              NAN  RAISED FACE       NAN                   NAN   
5              NAN  RAISED FACE       NAN                   NAN   
6              NAN  RAISED FACE       NAN                   NAN   
7              NAN  RAISED FACE       NAN                   NAN   
8              NAN  RAISED FACE       NAN                   NAN   
9              NAN  RAISED FACE       NAN                   NAN   
10             NAN  RAISED FACE       NAN                   NAN   
11             NAN          NAN       NAN                   NAN   
12             NAN          NAN       NAN                   NAN   
13             NAN  RAISED FACE       NAN                   NAN   
14             NAN  RAISED FACE       NAN                   NAN   
15             NAN  RAISED FACE       NAN                   NAN   
16             NAN  RAISED FACE       NAN                   NAN   
17             NAN           RF       NAN                   NAN   
18             NAN  RAISED FACE        12                  LONG   
19             NAN  RAISED FACE       NAN                   NAN   
20             NAN  RAISED FACE       NAN                   NAN   
21             NAN           RF       NAN                   NAN   
22             NAN  RAISED FACE       NAN                   NAN   
23             NAN           RF        12                  LONG   
24             NAN  RAISED FACE        12                  LONG   

   MATERIAL_GRADE    MATERIAL_NAME  ... PRIMARY_SIZE PRIMARY_WALL  \
0             NAN     CARBON STEEL  ...          8.0                
1               N     CARBON STEEL  ...          8.0                
2               N     CARBON STEEL  ...          8.0                
3               N     CARBON STEEL  ...          8.0                
4               N     CARBON STEEL  ...          8.0                
5             LF2     CARBON STEEL  ...          8.0                
6             LF2     CARBON STEEL  ...          8.0                
7           F1.0L  STAINLESS STEEL  ...          8.0                
8           F1.0L  STAINLESS STEEL  ...          8.0                
9               N     CARBON STEEL  ...          8.0                
10              N     CARBON STEEL  ...          8.0                
11            NAN     CARBON STEEL  ...          8.0                
12            NAN     CARBON STEEL  ...          8.0                
13              N     CARBON STEEL  ...          8.0                
14              N     CARBON STEEL  ...          8.0                
15              N     CARBON STEEL  ...          8.0                
16              N     CARBON STEEL  ...          8.0                
17              N     CARBON STEEL  ...          8.0                
18            LF2     CARBON STEEL  ...          8.0                
19              N     CARBON STEEL  ...          8.0                
20              N     CARBON STEEL  ...          8.0                
21              N     CARBON STEEL  ...          8.0                
22            NAN     CARBON STEEL  ...          8.0                
23            FGP     CARBON STEEL  ...          8.0                
24            FGP     CARBON STEEL  ...          8.0                

        PRODUCT_CODE REDUCING_SCHEDULE REDUCING_SIZE REDUCING_WALL   TRIM  \
0      FLW09080120-N               NAN           NAN                  NAN   
1        FLW09080116               NAN           NAN                  NAN   
2        FBD060801AF               NAN           NAN                  NAN   
3        FBD060801AF               NAN           NAN                  NAN   
4          FBD060801               NAN           NAN                  NAN   
5    IFWNL01080112UL               NAN           NAN                S-120   
6    IFWNL01080112UL               NAN           NAN                  NAN   
7         SFSO410801               NAN           NAN                  NAN   
8         SFSO410801               NAN           NAN                  NAN   
9        FWN04080112               NAN           NAN                  NAN   
10       FWN04080112               NAN           NAN                  NAN   
11         M12W04008               NAN             4                  NAN   
12         M12W04008               NAN             4                  NAN   
13      KFWN15080112               NAN           NAN                  NAN   
14      KFWN15080112               NAN           NAN                  NAN   
15      IFBD010801UL               NAN           NAN                  NAN   
16         FBD010801               NAN           NAN                  NAN   
17         FBD010801               NAN           NAN                  NAN   
18       FLW06080112               NAN           NAN                  NAN   
19         FBD030801               NAN           NAN                  NAN   
20  IFBD010801GB-HFN               NAN           NAN                  NAN   
21  IFBD010801GB-HFN               NAN           NAN                  NAN   
22       SFWN6080106               NAN           NAN                  NAN   
23      FLW06080112A               NAN           NAN                  NAN   
24      FLW06080112A               NAN           NAN                  NAN   

         TYPE WALL_THICKNESS     score  
0   WELD NECK                 0.896973  
1   WELD NECK                 0.890708  
2       BLIND                 0.884088  
3       BLIND                 0.884088  
4       BLIND                 0.883866  
5   WELD NECK                 0.881546  
6   WELD NECK                 0.881546  
7     SLIP ON                 0.880420  
8     SLIP ON                 0.880420  
9   WELD NECK                 0.880270  
10  WELD NECK                 0.880270  
11   WELDOLET                 0.880257  
12   WELDOLET                 0.880257  
13  WELD NECK                 0.880223  
14  WELD NECK                 0.880223  
15      BLIND                 0.879580  
16      BLIND                 0.879580  
17      BLIND                 0.879580  
18  WELD NECK                 0.879403  
19      BLIND                 0.879190  
20      BLIND                 0.879011  
21      BLIND                 0.879011  
22  WELD NECK                 0.878818  
23  WELD NECK                 0.878479  
24  WELD NECK                 0.878479  

[25 rows x 25 columns]",0,EXCELLENT
76,"2"" XXS LR WN 90 DEG. A234WPB","2"" XXH LR 90 WELD ELL SA234-WPB",True,76,0,25.636319600000206,"   CATEGORY  CONFIDENCE                       DESCRIPTION END_CONNECTIONS  \
0   FITTING         0.9   2"" XXH LR 90 WELD ELL SA234-WPB              BW   
1   FITTING         0.9   2"" XH LR 90 WELD ELL, SA234-WPB       BUTT WELD   
2   FITTING         0.9   2"" XH LR 90 WELD ELL, SA234-WPB       BUTT WELD   
3   FITTING         0.9   2"" XH LR 90 WELD ELL, SA234-WPB              BW   
4   FITTING         0.9   2"" XH LR 90 WELD ELL, SA234-WPB       BUTT WELD   
5   FITTING         0.9   2"" XH LR 90 WELD ELL, SA234-WPB       BUTT WELD   
6   FITTING         0.9   2"" XH LR 90 WELD ELL, SA234-WPB       BUTT WELD   
7   FITTING         0.9   2"" XH LR 90 WELD ELL, SA234-WPB       BUTT WELD   
8   FITTING         0.9   2"" XH LR 90 WELD ELL, SA234-WPB              BW   
9   FITTING         0.9   2"" XH LR 90 WELD ELL, SA234-WPB              BW   
10  FITTING         0.9   2"" XH LR 90 WELD ELL, SA234-WPB              BW   
11  FITTING         0.9   2"" XH LR 90 WELD ELL, SA234-WPB              BW   
12  FITTING         0.9   2"" XH LR 90 WELD ELL, SA234-WPB              BW   
13  FITTING         0.9   2"" XH LR 90 WELD ELL, SA234-WPB       BUTT WELD   
14  FITTING         0.9   2"" XH LR 90 WELD ELL, SA234-WPB              BW   
15  FITTING         0.9   2"" XH LR 90 WELD ELL, SA234-WPB       BUTT WELD   
16  FITTING         0.9  2"" XXH LR 90 WELD ELL, SA234-WPB       BUTT WELD   
17  FITTING         0.9  2"" XXH LR 90 WELD ELL, SA234-WPB              BW   
18  FITTING         0.9  2"" XXH LR 90 WELD ELL, SA234-WPB       BUTT WELD   
19  FITTING         0.9  2"" XXH LR 90 WELD ELL, SA234-WPB       BUTT WELD   
20  FITTING         0.9  2"" XXH LR 90 WELD ELL, SA234-WPB              BW   
21  FITTING         0.9  2"" XXH LR 90 WELD ELL, SA234-WPB       BUTT WELD   
22  FITTING         0.9   2"" XH SR 90 WELD ELL, SA234-WPB       BUTT WELD   
23  FITTING         0.9   2"" XH SR 90 WELD ELL, SA234-WPB       BUTT WELD   
24  FITTING         0.9   2"" XH SR 90 WELD ELL, SA234-WPB              BW   

   END_FINISH ID LENGTH MANUFACTURING_PROCESS MATERIAL_GRADE MATERIAL_NAME  \
0         NAN       NAN                   NAN            WPB  CARBON STEEL   
1         NAN       NAN                   NAN            WPB  CARBON STEEL   
2         NAN       NAN                   NAN            WPB  CARBON STEEL   
3   BUTT WELD       NAN                   NAN            WPB  CARBON STEEL   
4          BW       NAN                   NAN            WPB  CARBON STEEL   
5          BW       NAN                   NAN            WPB  CARBON STEEL   
6        WELD       NAN                   NAN            WPB  CARBON STEEL   
7          BW       NAN                   NAN            WPB  CARBON STEEL   
8   BUTT WELD       NAN                   NAN            WPB  CARBON STEEL   
9   BUTT WELD       NAN                   NAN            WPB  CARBON STEEL   
10  BUTT WELD       NAN                   NAN            WPB  CARBON STEEL   
11  BUTT WELD       NAN                   NAN            WPB  CARBON STEEL   
12  BUTT WELD       NAN                   NAN            WPB  CARBON STEEL   
13       WELD       NAN                   NAN            WPB  CARBON STEEL   
14  BUTT WELD       NAN                   NAN            WPB  CARBON STEEL   
15        NAN       NAN                   NAN            WPB  CARBON STEEL   
16         BW       NAN                   NAN            WPB  CARBON STEEL   
17        NAN       NAN                   NAN            WPB  CARBON STEEL   
18         BW       NAN                   NAN            WPB  CARBON STEEL   
19         BW       NAN                   NAN            WPB  CARBON STEEL   
20        NAN       NAN                WELDED            WPB  CARBON STEEL   
21         BW       NAN                   NAN            WPB  CARBON STEEL   
22       WELD       NAN                   NAN            WPB  CARBON STEEL   
23        NAN       NAN                WELDED            WPB  CARBON STEEL   
24  BUTT WELD       NAN                   NAN            WPB  CARBON STEEL   

    ... PRIMARY_SIZE PRIMARY_WALL PRODUCT_CODE REDUCING_SCHEDULE  \
0   ...          2.0                 WWL9020XX               NAN   
1   ...          2.0                 SIWL9020X               NAN   
2   ...          2.0               KWL9020XSKB               NAN   
3   ...          2.0                   WL9020X               NAN   
4   ...          2.0                  IWL9020X               NAN   
5   ...          2.0                 ISWL9020X               NAN   
6   ...          2.0                   WL9020X               NAN   
7   ...          2.0                IWL9020XCI               NAN   
8   ...          2.0                IWL9020XCI               NAN   
9   ...          2.0                  WWL9020X               NAN   
10  ...          2.0               KWL9020XSKB               NAN   
11  ...          2.0                  SWL9020X               NAN   
12  ...          2.0                IWL9020XTM               NAN   
13  ...          2.0                  WWL9020X               NAN   
14  ...          2.0                  IWL9020X               NAN   
15  ...          2.0                 ISWL9020X               NAN   
16  ...          2.0                 IWL9020XX               NAN   
17  ...          2.0                 KWL9020XX               NAN   
18  ...          2.0                IWL9020XXA               NAN   
19  ...          2.0                  WL9020XX               NAN   
20  ...          2.0                 IWL9020XX               NAN   
21  ...          2.0                 KWL9020XX               NAN   
22  ...          2.0                   WS9020X               NAN   
23  ...          2.0                  IWS9020X               NAN   
24  ...          2.0                IWS9020XTM               NAN   

   REDUCING_SIZE REDUCING_WALL TRIM                   TYPE WALL_THICKNESS  \
0            NAN                NAN   LONG RADIUS 90 ELBOW                  
1            NAN                NAN   LONG RADIUS 90 ELBOW                  
2            NAN                NAN   LONG RADIUS 90 ELBOW                  
3            NAN                NAN   LONG RADIUS 90 ELBOW                  
4            NAN                NAN   LONG RADIUS 90 ELBOW                  
5            NAN                NAN   LONG RADIUS 90 ELBOW                  
6            NAN                NAN   LONG RADIUS 90 ELBOW                  
7            NAN                NAN   LONG RADIUS 90 ELBOW                  
8            NAN                NAN   LONG RADIUS 90 ELBOW                  
9            NAN                NAN   LONG RADIUS 90 ELBOW                  
10           NAN                NAN   LONG RADIUS 90 ELBOW                  
11           NAN                NAN   LONG RADIUS 90 ELBOW                  
12           NAN                NAN   LONG RADIUS 90 ELBOW                  
13           NAN                NAN   LONG RADIUS 90 ELBOW                  
14           NAN                NAN   LONG RADIUS 90 ELBOW                  
15           NAN                NAN   LONG RADIUS 90 ELBOW                  
16           NAN                NAN   LONG RADIUS 90 ELBOW                  
17           NAN                NAN   LONG RADIUS 90 ELBOW                  
18           NAN                NAN   LONG RADIUS 90 ELBOW                  
19           NAN                NAN   LONG RADIUS 90 ELBOW                  
20           NAN                NAN   LONG RADIUS 90 ELBOW                  
21           NAN                NAN   LONG RADIUS 90 ELBOW                  
22           NAN                NAN  SHORT RADIUS 90 ELBOW                  
23           NAN                NAN  SHORT RADIUS 90 ELBOW                  
24           NAN                NAN  SHORT RADIUS 90 ELBOW                  

       score  
0   0.933887  
1   0.932951  
2   0.932951  
3   0.932951  
4   0.932951  
5   0.932951  
6   0.932951  
7   0.932951  
8   0.932951  
9   0.932951  
10  0.932951  
11  0.932951  
12  0.932951  
13  0.932951  
14  0.932951  
15  0.932951  
16  0.930411  
17  0.930411  
18  0.930411  
19  0.930411  
20  0.930411  
21  0.930411  
22  0.920562  
23  0.920562  
24  0.920562  

[25 rows x 25 columns]",0,EXCELLENT
77,"12700615-PIPE,SMLS,6,S120-SA-106B","6"" S-160 .719W SA106-B/C SEAMLESS PIPE (SPAIN)",True,77,29,24.491258900000503,"   CATEGORY  CONFIDENCE  \
0      PIPE         0.9   
1      PIPE         0.9   
2      PIPE         0.9   
3      PIPE         0.9   
4      PIPE         0.9   
5      PIPE         0.9   
6      PIPE         0.9   
7      PIPE         0.9   
8      PIPE         0.9   
9      PIPE         0.9   
10     PIPE         0.9   
11     PIPE         0.9   
12     PIPE         0.9   
13     PIPE         0.9   
14     PIPE         0.9   
15     PIPE         0.9   
16     PIPE         0.9   
17     PIPE         0.9   
18     PIPE         0.9   
19     PIPE         0.9   
20     PIPE         0.9   
21     PIPE         0.9   
22     PIPE         0.9   
23     PIPE         0.9   
24     PIPE         0.9   

                                                     DESCRIPTION  \
0                          6"" S-10S .134W SMLS PIPE SA312 TP1.0L   
1                          6"" S-10S .134W SMLS PIPE SA312 TP1.0L   
2                   6"" S-120 .562W SEAMLESS PIPE SA312-TP-316LSS   
3                   6"" S-120 .562W SEAMLESS PIPE SA312-TP-316LSS   
4                   6"" S-120 .562W SEAMLESS PIPE SA312-TP-316LSS   
5                 6"" S-120 ..562W SEAMLESS PIPE SA312-TP-304/LSS   
6   6"" S-120 .562W SA333 GRADE-6/SA106-B/C SEAMLESS PIPE (SPAIN)   
7   6"" S-120 .562W SA333 GRADE-6/SA106-B/C SEAMLESS PIPE (SPAIN)   
8         6"" S-120 .562W SA333 GRADE-6/SA106-B/X52 SEAMLESS PIPE   
9         6"" S-120 .562W SA333 GRADE-6/SA106-B/X52 SEAMLESS PIPE   
10        6"" S-120 .562W SA333 GRADE-6/SA106-B/X52 SEAMLESS PIPE   
11        6"" S-120 .562W SA333 GRADE-6/SA106-B/X52 SEAMLESS PIPE   
12            6"" S-120 .562W SA333 GRADE-6/SA106-B SEAMLESS PIPE   
13            6"" S-120 .562W SA333 GRADE-6/SA106-B SEAMLESS PIPE   
14            6"" S-120 .562W SA333 GRADE-6/SA106-B SEAMLESS PIPE   
15  6"" S-160 .718W SA333 GRADE-6/SA106-B/C SEAMLESS PIPE (SPAIN)   
16  6"" S-160 .718W SA333 GRADE-6/SA106-B/C SEAMLESS PIPE (SPAIN)   
17  6"" S-160 .718W SA333 GRADE-6/SA106-B/C SEAMLESS PIPE (SPAIN)   
18  6"" S-160 .718W SA333 GRADE-6/SA106-B/C SEAMLESS PIPE (SPAIN)   
19                     6"" S-120 .562W SA312 TP310S SEAMLESS PIPE   
20                     6"" S-120 .562W SA312 TP310S SEAMLESS PIPE   
21                     6"" S-120 .562W SA312 TP310S SEAMLESS PIPE   
22            6"" S-160 .718W SA333 GRADE-6/SA106-B SEAMLESS PIPE   
23            6"" S-160 .718W SA333 GRADE-6/SA106-B SEAMLESS PIPE   
24            6"" S-160 .718W SA333 GRADE-6/SA106-B SEAMLESS PIPE   

   END_CONNECTIONS END_FINISH ID LENGTH MANUFACTURING_PROCESS MATERIAL_GRADE  \
0              NAN        NAN       NAN                  SMLS         TP1.0L   
1              NAN        NAN       NAN                  SMLS         TP1.0L   
2              NAN        NAN       NAN              SEAMLESS         TP316L   
3              NAN        NAN       NAN              SEAMLESS         TP316L   
4              NAN        NAN       NAN              SEAMLESS         TP316L   
5              NAN        NAN       NAN              SEAMLESS         TP304L   
6              NAN        NAN       NAN              SEAMLESS          6/B/C   
7              NAN        NAN       NAN              SEAMLESS    GRADE-6/B/C   
8              NAN        NAN       NAN              SEAMLESS      GR6/B/X52   
9              NAN        NAN       NAN              SEAMLESS            6/B   
10             NAN        NAN       NAN                  SMLS        6/B/X52   
11             NAN        NAN       NAN                  SMLS  GRADE-6/B/X52   
12             NAN        NAN       NAN              SEAMLESS            6/B   
13             NAN        NAN       NAN              SEAMLESS      GRADE 6/B   
14             NAN        NAN       NAN              SEAMLESS            6/B   
15             NAN        NAN       NAN              SEAMLESS    GRADE 6/B/C   
16             NAN        NAN       NAN              SEAMLESS          6/B/C   
17             NAN        NAN       NAN              SEAMLESS    GRADE 6/B/C   
18             NAN        NAN       NAN              SEAMLESS          6/B/C   
19             NAN        NAN       NAN              SEAMLESS         TP310S   
20             NAN        NAN       NAN              SEAMLESS         TP310S   
21             NAN        NAN       NAN              SEAMLESS         TP310S   
22             NAN        NAN       NAN              SEAMLESS            6/B   
23             NAN        NAN       NAN              SEAMLESS      GRADE 6/B   
24             NAN        NAN       NAN              SEAMLESS            6/B   

      MATERIAL_NAME  ... PRIMARY_SIZE PRIMARY_WALL     PRODUCT_CODE  \
0   STAINLESS STEEL  ...          6.0                      IPS60601   
1   STAINLESS STEEL  ...          6.0                      IPS60601   
2   STAINLESS STEEL  ...          6.0                    SIPS606012   
3   STAINLESS STEEL  ...          6.0                    SIPS606012   
4   STAINLESS STEEL  ...          6.0                     IPS606012   
5   STAINLESS STEEL  ...          6.0                   SIPS4060S12   
6      CARBON STEEL  ...          6.0                 IPA3/B06012TR   
7      CARBON STEEL  ...          6.0                 IPA3/B06012TR   
8      CARBON STEEL  ...          6.0                IPA3/B0601252A   
9      CARBON STEEL  ...          6.0                IPA3/B0601252A   
10     CARBON STEEL  ...          6.0               SIPA3/B0601252A   
11     CARBON STEEL  ...          6.0               SIPA3/B0601252A   
12     CARBON STEEL  ...          6.0                 SIPA3/B06012K   
13     CARBON STEEL  ...          6.0                  IPA3/B06012K   
14     CARBON STEEL  ...          6.0                  IPA3/B06012K   
15     CARBON STEEL  ...          6.0                 IPA3/B06016TR   
16     CARBON STEEL  ...          6.0                 IPA3/B06016TR   
17     CARBON STEEL  ...          6.0                SIPA3/B06016TR   
18     CARBON STEEL  ...          6.0                SIPA3/B06016TR   
19  STAINLESS STEEL  ...          6.0                  SIPS31006012   
20  STAINLESS STEEL  ...          6.0                   IPS31006012   
21  STAINLESS STEEL  ...          6.0                  SIPS31006012   
22     CARBON STEEL  ...          6.0                    PA3/B06016   
23     CARBON STEEL  ...          6.0                    PA3/B06016   
24     CARBON STEEL  ...          6.0                   SPA3/B06016   

   REDUCING_SCHEDULE REDUCING_SIZE REDUCING_WALL TRIM           TYPE  \
0                NAN           NAN                NAN       SEAMLESS   
1                NAN           NAN                NAN  SEAMLESS PIPE   
2                NAN           NAN                NAN  SEAMLESS PIPE   
3                NAN           NAN                NAN  SEAMLESS PIPE   
4                NAN           NAN                NAN  SEAMLESS PIPE   
5                NAN           NAN                NAN  SEAMLESS PIPE   
6                NAN           NAN                NAN  SEAMLESS PIPE   
7                NAN           NAN                NAN  SEAMLESS PIPE   
8                NAN           NAN                NAN  SEAMLESS PIPE   
9                NAN           NAN                NAN  SEAMLESS PIPE   
10               NAN           NAN                NAN  SEAMLESS PIPE   
11               NAN           NAN                NAN  SEAMLESS PIPE   
12               NAN           NAN                NAN  SEAMLESS PIPE   
13               NAN           NAN                NAN  SEAMLESS PIPE   
14               NAN           NAN                NAN  SEAMLESS PIPE   
15               NAN           NAN                NAN  SEAMLESS PIPE   
16               NAN           NAN                NAN  SEAMLESS PIPE   
17               NAN           NAN                NAN       SEAMLESS   
18               NAN           NAN                NAN  SEAMLESS PIPE   
19               NAN           NAN                NAN  SEAMLESS PIPE   
20               NAN           NAN                NAN  SEAMLESS PIPE   
21               NAN           NAN                NAN  SEAMLESS PIPE   
22               NAN           NAN                NAN  SEAMLESS PIPE   
23               NAN           NAN                NAN  SEAMLESS PIPE   
24               NAN           NAN                NAN  SEAMLESS PIPE   

   WALL_THICKNESS     score  
0                  0.897671  
1                  0.897671  
2                  0.895594  
3                  0.895594  
4                  0.895594  
5                  0.894429  
6                  0.893853  
7                  0.893853  
8                  0.893193  
9                  0.893193  
10                 0.893193  
11                 0.893193  
12                 0.892245  
13                 0.892245  
14                 0.892245  
15                 0.891668  
16                 0.891668  
17                 0.891668  
18                 0.891668  
19                 0.890790  
20                 0.890790  
21                 0.890790  
22                 0.889465  
23                 0.889465  
24                 0.889465  

[25 rows x 25 columns]",0,EXCELLENT
78,"H29955 EL1,90, SW,CL.3000,ASTM A182 GR.F1.0L","1"" 3000 FS SOCKET WELD 90 ELL, 304LSS",True,78,103,23.710429900000236,"   CATEGORY  CONFIDENCE                                 DESCRIPTION  \
0   FITTING         0.9  1"" 3000 FS THREADED 90 ELL, SA350-LF2 CL.1   
1   FITTING         0.9  1"" 3000 FS THREADED 90 ELL, SA350-LF2 CL.1   
2   FITTING         0.9       1"" 3000 FS THREADED 90 ELL, SA350-LF2   
3   FITTING         0.9       1"" 3000 FS THREADED 90 ELL, SA350-LF2   
4   FITTING         0.9       1"" 3000 FS THREADED 90 ELL, SA350-LF2   
5   FITTING         0.9           1"" 3000 FS THREADED 90 ELL, SA105   
6   FITTING         0.9           1"" 3000 FS THREADED 90 ELL, SA105   
7   FITTING         0.9           1"" 3000 FS THREADED 90 ELL, SA105   
8   FITTING         0.9           1"" 3000 FS THREADED 90 ELL, SA105   
9   FITTING         0.9           1"" 3000 FS THREADED 90 ELL, SA105   
10  FITTING         0.9           1"" 3000 FS THREADED 90 ELL, SA105   
11  FITTING         0.9   1"" 3000 FS THREADED 90 ELL, SA182- 316LSS   
12  FITTING         0.9   1"" 3000 FS THREADED 90 ELL, SA182- 316LSS   
13  FITTING         0.9          1"" 3000 FS THREADED 90 ELL, SA105N   
14  FITTING         0.9          1"" 3000 FS THREADED 90 ELL, SA105N   
15  FITTING         0.9           1"" 6000 FS THREADED 90 ELL, SA105   
16  FITTING         0.9           1"" 6000 FS THREADED 90 ELL, SA105   
17  FITTING         0.9      1"" 3000 FS THREADED 90 ELL, SA182-304L   
18  FITTING         0.9      1"" 3000 FS THREADED 90 ELL, SA182-304L   
19  FITTING         0.9      1"" 3000 FS THREADED 90 ELL, SA182-304L   
20  FITTING         0.9      1"" 3000 FS THREADED 90 ELL, SA182-304L   
21  FITTING         0.9           1"" 3000 FS THREADED 45 ELL, SA105   
22  FITTING         0.9           1"" 3000 FS THREADED 45 ELL, SA105   
23  FITTING         0.9        1"" 3000 FS THRD 45 DEGREE ELL, SA105   
24  FITTING         0.9        1"" 3000 FS THRD 45 DEGREE ELL, SA105   

   END_CONNECTIONS END_FINISH ID LENGTH MANUFACTURING_PROCESS MATERIAL_GRADE  \
0         THREADED        NAN       NAN                FORGED            LF2   
1         THREADED        NAN       NAN                   NAN            LF2   
2         THREADED        NAN       NAN          FORGED STEEL            LF2   
3         THREADED        NAN       NAN                   NAN            LF2   
4         THREADED        NAN       NAN          FORGED STEEL            LF2   
5         THREADED        NAN       NAN          FORGED STEEL            NAN   
6         THREADED        NAN       NAN                   NAN            NAN   
7         THREADED        NAN       NAN          FORGED STEEL            NAN   
8         THREADED        NAN       NAN                   NAN            NAN   
9         THREADED        NAN       NAN                   NAN            NAN   
10        THREADED        NAN       NAN                   NAN            NAN   
11        THREADED        NAN       NAN                FORGED           316L   
12        THREADED        NAN       NAN                FORGED           316L   
13        THREADED        NAN       NAN                   NAN              N   
14        THREADED        NAN       NAN                   NAN              N   
15        THREADED        NAN       NAN                   NAN            NAN   
16        THREADED        NAN       NAN          FORGED STEEL            NAN   
17        THREADED        NAN       NAN                FORGED           304L   
18        THREADED        NAN       NAN                   NAN           304L   
19        THREADED        NAN       NAN                FORGED           304L   
20        THREADED        NAN       NAN                   NAN           304L   
21        THREADED        NAN       NAN                   NAN            NAN   
22        THREADED        NAN       NAN          FORGED STEEL            NAN   
23        THREADED        NAN       NAN                FORGED            NAN   
24        THREADED        NAN       NAN          FORGED STEEL            NAN   

      MATERIAL_NAME  ... PRIMARY_SIZE PRIMARY_WALL PRODUCT_CODE  \
0      CARBON STEEL  ...          1.0                 M3TL9E010   
1      CARBON STEEL  ...          1.0                 M3TL9E010   
2      CARBON STEEL  ...          1.0                SM3TL9E010   
3      CARBON STEEL  ...          1.0                 M3T9E2010   
4      CARBON STEEL  ...          1.0                 M3T9E2010   
5      CARBON STEEL  ...          1.0                  M3T9E010   
6      CARBON STEEL  ...          1.0                 IM3T9E010   
7      CARBON STEEL  ...          1.0                 IM3T9E010   
8      CARBON STEEL  ...          1.0                 SM3T9E010   
9      CARBON STEEL  ...          1.0                 SM3T9E010   
10     CARBON STEEL  ...          1.0                  M3T9E010   
11  STAINLESS STEEL  ...          1.0                IM3T69E010   
12  STAINLESS STEEL  ...          1.0                IM3T69E010   
13     CARBON STEEL  ...          1.0                ISM3T9E010   
14     CARBON STEEL  ...          1.0                ISM3T9E010   
15     CARBON STEEL  ...          1.0                  M6T9E010   
16     CARBON STEEL  ...          1.0                  M6T9E010   
17  STAINLESS STEEL  ...          1.0                IM3T49E010   
18  STAINLESS STEEL  ...          1.0                SM3T49E010   
19  STAINLESS STEEL  ...          1.0                SM3T49E010   
20  STAINLESS STEEL  ...          1.0                IM3T49E010   
21     CARBON STEEL  ...          1.0                  M3T4E010   
22     CARBON STEEL  ...          1.0                  M3T4E010   
23     CARBON STEEL  ...          1.0                 SM3T4E010   
24     CARBON STEEL  ...          1.0                 SM3T4E010   

   REDUCING_SCHEDULE REDUCING_SIZE REDUCING_WALL TRIM                   TYPE  \
0                NAN           NAN                NAN  FORGED STEEL ELBOW 90   
1                NAN           NAN                NAN        ELBOW 90 DEGREE   
2                NAN           NAN                NAN        90 DEGREE ELBOW   
3                NAN           NAN                NAN        ELBOW 90 DEGREE   
4                NAN           NAN                NAN        90 DEGREE ELBOW   
5                NAN           NAN                NAN        90 DEGREE ELBOW   
6                NAN           NAN                NAN        90 DEGREE ELBOW   
7                NAN           NAN                NAN        ELBOW 90 DEGREE   
8                NAN           NAN                NAN    NINETY DEGREE ELBOW   
9                NAN           NAN                NAN        ELBOW 90 DEGREE   
10               NAN           NAN                NAN               ELBOW 90   
11               NAN           NAN                NAN        90 DEGREE ELBOW   
12               NAN           NAN                NAN               ELBOW 90   
13               NAN           NAN                NAN        ELBOW 90 DEGREE   
14               NAN           NAN                NAN        90 DEGREE ELBOW   
15               NAN           NAN                NAN        90 DEGREE ELBOW   
16               NAN           NAN                NAN               ELBOW 90   
17               NAN           NAN                NAN        90 DEGREE ELBOW   
18               NAN           NAN                NAN        ELBOW 90 DEGREE   
19               NAN           NAN                NAN        90 DEGREE ELBOW   
20               NAN           NAN                NAN        ELBOW 90 DEGREE   
21               NAN           NAN                NAN        45 DEGREE ELBOW   
22               NAN           NAN                NAN        45 DEGREE ELBOW   
23               NAN           NAN                NAN        45 DEGREE ELBOW   
24               NAN           NAN                NAN        45 DEGREE ELBOW   

   WALL_THICKNESS     score  
0                  0.893804  
1                  0.893804  
2                  0.885274  
3                  0.885274  
4                  0.885274  
5                  0.879058  
6                  0.879058  
7                  0.879058  
8                  0.879058  
9                  0.879058  
10                 0.879058  
11                 0.875443  
12                 0.875443  
13                 0.875419  
14                 0.875419  
15                 0.873716  
16                 0.873716  
17                 0.873643  
18                 0.873643  
19                 0.873643  
20                 0.873643  
21                 0.870714  
22                 0.870714  
23                 0.869283  
24                 0.869283  

[25 rows x 25 columns]",0,EXCELLENT
79,"1"" 300 RFSW FLANGE S/80 BORE A/SA105","1"" 300 RFSOCKET WELD FLANGE XH BORE, SA105N (GELDBACH)",True,79,440,20.58389729999999,"   CATEGORY  CONFIDENCE                                    DESCRIPTION  \
0    FLANGE         0.9               1"" 300 RF THREADED FLANGE, SA105   
1    FLANGE         0.9               1"" 300 RF THREADED FLANGE, SA105   
2    FLANGE         0.9               1"" 300 RF THREADED FLANGE, SA105   
3    FLANGE         0.9               1"" 300 RF THREADED FLANGE, SA105   
4    FLANGE         0.9               1"" 300 RF THREADED FLANGE, SA105   
5    FLANGE         0.9               1"" 300 RF THREADED FLANGE, SA105   
6    FLANGE         0.9                  1"" 300 RF BLIND FLANGE, SA105   
7    FLANGE         0.9                  1"" 300 RF BLIND FLANGE, SA105   
8    FLANGE         0.9                  1"" 300 RF BLIND FLANGE, SA105   
9    FLANGE         0.9                  1"" 300 RF BLIND FLANGE, SA105   
10   FLANGE         0.9                  1"" 300 RF BLIND FLANGE, SA105   
11   FLANGE         0.9  1"" 300 RF BLIND FLANGE, SA105 -W/1"" THRD HOLE   
12   FLANGE         1.0                 1"" 300 RF BLIND FLANGE, SA105N   
13   FLANGE         1.0                 1"" 300 RF BLIND FLANGE, SA105N   
14   FLANGE         1.0                 1"" 300 RF BLIND FLANGE, SA105N   
15   FLANGE         0.9                1"" 150 RF THREADED FLANGE SA105   
16   FLANGE         0.9                1"" 150 RF THREADED FLANGE SA105   
17   FLANGE         0.9               1"" 150 RF THREADED FLANGE, SA105   
18   FLANGE         0.9               1"" 150 RF THREADED FLANGE, SA105   
19   FLANGE         0.9               1"" 150 RF THREADED FLANGE, SA105   
20   FLANGE         0.9               1"" 150 RF THREADED FLANGE, SA105   
21   FLANGE         0.9                   1"" 150 RF THRD FLANGE, SA105   
22   FLANGE         0.9                  1"" 150 RF BLIND FLANGE, SA105   
23   FLANGE         0.9                  1"" 150 RF BLIND FLANGE, SA105   
24   FLANGE         0.9                  1"" 150 RF BLIND FLANGE, SA105   

   END_CONNECTIONS   END_FINISH ID LENGTH MANUFACTURING_PROCESS  \
0         THREADED  RAISED FACE       NAN                   NAN   
1         THREADED           RF       NAN                   NAN   
2              THD           RF       NAN                   NAN   
3         THREADED           RF       NAN                   NAN   
4         THREADED  RAISED FACE       NAN                   NAN   
5         THREADED  RAISED FACE       NAN                   NAN   
6              NAN  RAISED FACE       NAN                   NAN   
7              NAN  RAISED FACE       NAN                   NAN   
8              NAN  RAISED FACE       NAN                   NAN   
9              NAN  RAISED FACE       NAN                   NAN   
10             NAN  RAISED FACE       NAN                   NAN   
11        THREADED  RAISED FACE       NAN                   NAN   
12             NAN  RAISED FACE       NAN                   NAN   
13             NAN  RAISED FACE       NAN                   NAN   
14             NAN  RAISED FACE       NAN                   NAN   
15        THREADED           RF       NAN                   NAN   
16        THREADED  RAISED FACE       NAN                   NAN   
17        THREADED  RAISED FACE       NAN                   NAN   
18             THD           RF       NAN                   NAN   
19        THREADED           RF       NAN                   NAN   
20        THREADED  RAISED FACE       NAN                   NAN   
21        THREADED  RAISED FACE       NAN                   NAN   
22             NAN  RAISED FACE       NAN                   NAN   
23             NAN  RAISED FACE       NAN                   NAN   
24             NAN  RAISED FACE       NAN                   NAN   

   MATERIAL_GRADE MATERIAL_NAME  ... PRIMARY_SIZE PRIMARY_WALL  PRODUCT_CODE  \
0             NAN  CARBON STEEL  ...          1.0                 WFTH030101   
1             NAN  CARBON STEEL  ...          1.0                 SFTH030101   
2             NAN  CARBON STEEL  ...          1.0               FTH030101BTX   
3             NAN  CARBON STEEL  ...          1.0               FTH030101BTX   
4             NAN  CARBON STEEL  ...          1.0                 WFTH030101   
5             NAN  CARBON STEEL  ...          1.0                 SFTH030101   
6             NAN  CARBON STEEL  ...          1.0                 WFBD030101   
7             NAN  CARBON STEEL  ...          1.0               FBD030101BTX   
8             NAN  CARBON STEEL  ...          1.0                 IFBD030101   
9             NAN  CARBON STEEL  ...          1.0                ISFBD030101   
10            NAN  CARBON STEEL  ...          1.0                ISFBD030101   
11            NAN  CARBON STEEL  ...          1.0                 FBD030101T   
12              N  CARBON STEEL  ...          1.0                IFBDN030101   
13              N  CARBON STEEL  ...          1.0                 FBDN030101   
14              N  CARBON STEEL  ...          1.0               IFBD030101NA   
15            NAN  CARBON STEEL  ...          1.0                 WFTH010101   
16            NAN  CARBON STEEL  ...          1.0                 WFTH010101   
17            NAN  CARBON STEEL  ...          1.0               FTH010101BTX   
18            NAN  CARBON STEEL  ...          1.0                 IFTH010101   
19            NAN  CARBON STEEL  ...          1.0                 IFTH010101   
20            NAN  CARBON STEEL  ...          1.0               FTH010101BTX   
21            NAN  CARBON STEEL  ...          1.0                 SFTH010101   
22            NAN  CARBON STEEL  ...          1.0                 IFBD010101   
23            NAN  CARBON STEEL  ...          1.0                 SFBD010101   
24            NAN  CARBON STEEL  ...          1.0                 WFBD010101   

   REDUCING_SCHEDULE REDUCING_SIZE REDUCING_WALL TRIM                  TYPE  \
0                NAN           NAN                NAN              THREADED   
1                NAN           NAN                NAN  THREADED RAISED FACE   
2                NAN           NAN                NAN  THREADED RAISED FACE   
3                NAN           NAN                NAN  THREADED RAISED FACE   
4                NAN           NAN                NAN  THREADED RAISED FACE   
5                NAN           NAN                NAN              THREADED   
6                NAN           NAN                NAN                 BLIND   
7                NAN           NAN                NAN                 BLIND   
8                NAN           NAN                NAN                 BLIND   
9                NAN           NAN                NAN          BLIND FLANGE   
10               NAN           NAN                NAN                 BLIND   
11               NAN           NAN                NAN                 BLIND   
12               NAN           NAN                NAN                 BLIND   
13               NAN           NAN                NAN                 BLIND   
14               NAN           NAN                NAN                 BLIND   
15               NAN           NAN                NAN  THREADED RAISED FACE   
16               NAN           NAN                NAN  THREADED RAISED FACE   
17               NAN           NAN                NAN              THREADED   
18               NAN           NAN                NAN  THREADED RAISED FACE   
19               NAN           NAN                NAN  THREADED RAISED FACE   
20               NAN           NAN                NAN  THREADED RAISED FACE   
21               NAN           NAN                NAN              THREADED   
22               NAN           NAN                NAN                 BLIND   
23               NAN           NAN                NAN                 BLIND   
24               NAN           NAN                NAN                 BLIND   

   WALL_THICKNESS     score  
0                  0.942303  
1                  0.942303  
2                  0.942303  
3                  0.942303  
4                  0.942303  
5                  0.942303  
6                  0.941476  
7                  0.941476  
8                  0.941476  
9                  0.941476  
10                 0.941476  
11                 0.938612  
12                 0.937870  
13                 0.937870  
14                 0.937870  
15                 0.933899  
16                 0.933899  
17                 0.933245  
18                 0.933245  
19                 0.933245  
20                 0.933245  
21                 0.933236  
22                 0.932283  
23                 0.932283  
24                 0.932283  

[25 rows x 25 columns]",0,EXCELLENT
80,"GX1220 FL8,150,WN,RF,STD,ASTM A105N","8"" 150 RF WELD NECK FLANGE STD BORE, SA105",True,80,239,22.897530000000188,"   CATEGORY  CONFIDENCE  \
0    FLANGE         0.9   
1    FLANGE         0.9   
2    FLANGE         0.9   
3    FLANGE         0.9   
4      PIPE         0.9   
5      PIPE         0.9   
6    FLANGE         0.9   
7    FLANGE         0.9   
8    FLANGE         0.9   
9    FLANGE         0.9   
10  FITTING         0.9   
11  FITTING         0.9   
12   FLANGE         0.9   
13   FLANGE         0.9   
14   FLANGE         0.9   
15   FLANGE         0.9   
16   FLANGE         0.9   
17   FLANGE         0.9   
18   FLANGE         0.9   
19   FLANGE         0.9   
20   FLANGE         0.9   
21   FLANGE         0.9   
22   FLANGE         0.9   
23     PIPE         0.9   
24     PIPE         0.8   

                                               DESCRIPTION    END_CONNECTIONS  \
0        8"" 150 RF LONG WELD NECK X 12"" LG, SA105N-HFN S62                NAN   
1                              8"" 300 FF WN XH BORE, SA105                NAN   
2                              8"" 300 FF WN XH BORE, SA105                NAN   
3                8"" 150 RF LONG WELD NECK X 12"" LG, SA105N                NAN   
4                 8"" X 2"" STD A106-B SMLS NIPPLE GRV X BEV  GROOVED X BEVELED   
5                 8"" X 2"" STD A106-B SMLS NIPPLE GRV X BEV     GROOVE X BEVEL   
6        8"" 300 RF LONG WELD NECK X 12"" LG, SA105N-HFN S62                NAN   
7        8"" 300 RF LONG WELD NECK X 12"" LG, SA105N-HFN S62                NAN   
8                8"" 300 RF LONG WELD NECK X 12"" LG, SA105N                NAN   
9                8"" 300 RF LONG WELD NECK X 12"" LG, SA105N                NAN   
10                                8"" X 4"" STD L-O-L, SA105                NAN   
11                                8"" X 4"" STD L-O-L, SA105                NAN   
12                8"" 150 RF LONG WELD NECK X 12"" LG, SA105                NAN   
13                8"" 150 RF LONG WELD NECK X 12"" LG, SA105                NAN   
14                8"" 150 RF LONG WELD NECK X 12"" LG, SA105                NAN   
15                8"" 150 RF LONG WELD NECK X 12"" LG, SA105                NAN   
16               8"" 600 RF LONG WELD NECK X 12"" LG, SA105N                NAN   
17               8"" 600 RF LONG WELD NECK X 12"" LG, SA105N                NAN   
18               8"" 600 RF LONG WELD NECK X 12"" LG, SA105N                NAN   
19               8"" 600 RF LONG WELD NECK X 12"" LG, SA105N                NAN   
20                  8"" 900 RF LWN FLG X 16"" LG SA105N/ FGP                NAN   
21  8"" 150 RF LONG WELD NECK X 12"" LG, SA105N/SA350LF2-FGP                NAN   
22  8"" 150 RF LONG WELD NECK X 12"" LG, SA105N/SA350LF2-FGP                NAN   
23           QUAR 8"" X 2"" STD A106-B SMLS NIPPLE GRV X BEV          GRV X BEV   
24           QUAR 8"" X 2"" STD A106-B SMLS NIPPLE GRV X BEV  GROOVED X BEVELED   

     END_FINISH ID LENGTH MANUFACTURING_PROCESS MATERIAL_GRADE MATERIAL_NAME  \
0   RAISED FACE        12                   NAN              N  CARBON STEEL   
1     FLAT FACE       NAN                   NAN            NAN  CARBON STEEL   
2     FLAT FACE       NAN                   NAN            NAN  CARBON STEEL   
3   RAISED FACE        12                   NAN              N  CARBON STEEL   
4           NAN       NAN              SEAMLESS              B  CARBON STEEL   
5           NAN       NAN              SEAMLESS              B  CARBON STEEL   
6   RAISED FACE        12                   NAN              N  CARBON STEEL   
7   RAISED FACE        12                   NAN              N  CARBON STEEL   
8   RAISED FACE        12                   NAN              N  CARBON STEEL   
9   RAISED FACE        12                  LONG              N  CARBON STEEL   
10          NAN       NAN                   NAN            NAN  CARBON STEEL   
11          NAN       NAN                   NAN            NAN  CARBON STEEL   
12  RAISED FACE        12                   NAN            NAN  CARBON STEEL   
13  RAISED FACE        12                   NAN            NAN  CARBON STEEL   
14  RAISED FACE        12                   NAN            NAN  CARBON STEEL   
15  RAISED FACE        12                   NAN            NAN  CARBON STEEL   
16  RAISED FACE        12                  LONG              N  CARBON STEEL   
17  RAISED FACE        12                  LONG              N  CARBON STEEL   
18  RAISED FACE        12                   NAN              N  CARBON STEEL   
19  RAISED FACE        12                   NAN              N  CARBON STEEL   
20  RAISED FACE        16                   NAN              N  CARBON STEEL   
21  RAISED FACE        12                  LONG            LF2  CARBON STEEL   
22  RAISED FACE        12                  LONG            FGP  CARBON STEEL   
23          NAN      0.25                  SMLS              B  CARBON STEEL   
24          NAN       NAN              SEAMLESS              B  CARBON STEEL   

    ... PRIMARY_SIZE PRIMARY_WALL        PRODUCT_CODE REDUCING_SCHEDULE  \
0   ...          8.0               IFLW01080112GB-HFN               NAN   
1   ...          8.0                      SFWN030802X               NAN   
2   ...          8.0                      SFWN030802X               NAN   
3   ...          8.0                     FLWN01080112               NAN   
4   ...          8.0                      VNS080020GP               NAN   
5   ...          8.0                      VNS080020GP               NAN   
6   ...          8.0               IFLW03080112GB-HFN               NAN   
7   ...          8.0               IFLW03080112GB-HFN               NAN   
8   ...          8.0                  FLWN03080112A-N               NAN   
9   ...          8.0                  FLWN03080112A-N               NAN   
10  ...          8.0                       SMSL040080               NAN   
11  ...          8.0                       SMSL040080               NAN   
12  ...          8.0                     FLW01080112A               NAN   
13  ...          8.0                    ISFLW01080112               NAN   
14  ...          8.0                      FLW01080112               NAN   
15  ...          8.0                      FLW01080112               NAN   
16  ...          8.0                 FLW06080112AZERO               NAN   
17  ...          8.0                    ISFLW06080112               NAN   
18  ...          8.0                    ISFLW06080112               NAN   
19  ...          8.0                 FLW06080112AZERO               NAN   
20  ...          8.0                      FLW09080116               NAN   
21  ...          8.0                    FLWN01080112A               NAN   
22  ...          8.0                    FLWN01080112A               NAN   
23  ...          8.0                     QVNS080020GP               NAN   
24  ...          8.0                     QVNS080020GP               NAN   

   REDUCING_SIZE REDUCING_WALL     TRIM                 TYPE WALL_THICKNESS  \
0            NAN                    NAN            WELD NECK                  
1            NAN                    NAN            WELD NECK                  
2            NAN                XH BORE            WELD NECK                  
3            NAN                    NAN            WELD NECK                  
4              2                    NAN               NIPPLE                  
5              2                    NAN               NIPPLE                  
6            NAN                    NAN            WELD NECK                  
7            NAN                    NAN            WELD NECK                  
8            NAN                    NAN            WELD NECK                  
9            NAN                    NAN            WELD NECK                  
10             4                    NAN             LATROLET                  
11             4                    NAN            LATERALET                  
12           NAN                    NAN            WELD NECK                  
13           NAN                    NAN            WELD NECK                  
14           NAN                    NAN            WELD NECK                  
15           NAN                    NAN            WELD NECK                  
16           NAN                    NAN            WELD NECK                  
17           NAN                    NAN            WELD NECK                  
18           NAN                    NAN            WELD NECK                  
19           NAN                    NAN            WELD NECK                  
20           NAN                    NAN            WELD NECK                  
21           NAN                    NAN            WELD NECK                  
22           NAN                    NAN            WELD NECK                  
23             2                    NAN          SMLS NIPPLE                  
24             2                    NAN  QUARTER TURN NIPPLE                  

       score  
0   0.876131  
1   0.875728  
2   0.875728  
3   0.874970  
4   0.873442  
5   0.873442  
6   0.872446  
7   0.872446  
8   0.871251  
9   0.871251  
10  0.870893  
11  0.870893  
12  0.870312  
13  0.870312  
14  0.870312  
15  0.870312  
16  0.869868  
17  0.869868  
18  0.869868  
19  0.869868  
20  0.868872  
21  0.868472  
22  0.868472  
23  0.867736  
24  0.867736  

[25 rows x 25 columns]",0,EXCELLENT
81,"1"" 300 RFSW FLANGE S/80 BORE A/SA105","1"" 300 RF SOCKET WELD FLANGE XH BORE, SA105",True,81,115,21.202596399999493,"   CATEGORY  CONFIDENCE                                    DESCRIPTION  \
0    FLANGE         0.9               1"" 300 RF THREADED FLANGE, SA105   
1    FLANGE         0.9               1"" 300 RF THREADED FLANGE, SA105   
2    FLANGE         0.9               1"" 300 RF THREADED FLANGE, SA105   
3    FLANGE         0.9               1"" 300 RF THREADED FLANGE, SA105   
4    FLANGE         0.9               1"" 300 RF THREADED FLANGE, SA105   
5    FLANGE         0.9               1"" 300 RF THREADED FLANGE, SA105   
6    FLANGE         0.9                  1"" 300 RF BLIND FLANGE, SA105   
7    FLANGE         0.9                  1"" 300 RF BLIND FLANGE, SA105   
8    FLANGE         0.9                  1"" 300 RF BLIND FLANGE, SA105   
9    FLANGE         0.9                  1"" 300 RF BLIND FLANGE, SA105   
10   FLANGE         0.9                  1"" 300 RF BLIND FLANGE, SA105   
11   FLANGE         0.9  1"" 300 RF BLIND FLANGE, SA105 -W/1"" THRD HOLE   
12   FLANGE         1.0                 1"" 300 RF BLIND FLANGE, SA105N   
13   FLANGE         1.0                 1"" 300 RF BLIND FLANGE, SA105N   
14   FLANGE         1.0                 1"" 300 RF BLIND FLANGE, SA105N   
15   FLANGE         0.9                1"" 150 RF THREADED FLANGE SA105   
16   FLANGE         0.9                1"" 150 RF THREADED FLANGE SA105   
17   FLANGE         0.9               1"" 150 RF THREADED FLANGE, SA105   
18   FLANGE         0.9               1"" 150 RF THREADED FLANGE, SA105   
19   FLANGE         0.9               1"" 150 RF THREADED FLANGE, SA105   
20   FLANGE         0.9               1"" 150 RF THREADED FLANGE, SA105   
21   FLANGE         0.9                   1"" 150 RF THRD FLANGE, SA105   
22   FLANGE         0.9                  1"" 150 RF BLIND FLANGE, SA105   
23   FLANGE         0.9                  1"" 150 RF BLIND FLANGE, SA105   
24   FLANGE         0.9                  1"" 150 RF BLIND FLANGE, SA105   

   END_CONNECTIONS   END_FINISH ID LENGTH MANUFACTURING_PROCESS  \
0         THREADED  RAISED FACE       NAN                   NAN   
1         THREADED           RF       NAN                   NAN   
2              THD           RF       NAN                   NAN   
3         THREADED           RF       NAN                   NAN   
4         THREADED  RAISED FACE       NAN                   NAN   
5         THREADED  RAISED FACE       NAN                   NAN   
6              NAN  RAISED FACE       NAN                   NAN   
7              NAN  RAISED FACE       NAN                   NAN   
8              NAN  RAISED FACE       NAN                   NAN   
9              NAN  RAISED FACE       NAN                   NAN   
10             NAN  RAISED FACE       NAN                   NAN   
11        THREADED  RAISED FACE       NAN                   NAN   
12             NAN  RAISED FACE       NAN                   NAN   
13             NAN  RAISED FACE       NAN                   NAN   
14             NAN  RAISED FACE       NAN                   NAN   
15        THREADED           RF       NAN                   NAN   
16        THREADED  RAISED FACE       NAN                   NAN   
17        THREADED  RAISED FACE       NAN                   NAN   
18             THD           RF       NAN                   NAN   
19        THREADED           RF       NAN                   NAN   
20        THREADED  RAISED FACE       NAN                   NAN   
21        THREADED  RAISED FACE       NAN                   NAN   
22             NAN  RAISED FACE       NAN                   NAN   
23             NAN  RAISED FACE       NAN                   NAN   
24             NAN  RAISED FACE       NAN                   NAN   

   MATERIAL_GRADE MATERIAL_NAME  ... PRIMARY_SIZE PRIMARY_WALL  PRODUCT_CODE  \
0             NAN  CARBON STEEL  ...          1.0                 WFTH030101   
1             NAN  CARBON STEEL  ...          1.0                 SFTH030101   
2             NAN  CARBON STEEL  ...          1.0               FTH030101BTX   
3             NAN  CARBON STEEL  ...          1.0               FTH030101BTX   
4             NAN  CARBON STEEL  ...          1.0                 WFTH030101   
5             NAN  CARBON STEEL  ...          1.0                 SFTH030101   
6             NAN  CARBON STEEL  ...          1.0                 WFBD030101   
7             NAN  CARBON STEEL  ...          1.0               FBD030101BTX   
8             NAN  CARBON STEEL  ...          1.0                 IFBD030101   
9             NAN  CARBON STEEL  ...          1.0                ISFBD030101   
10            NAN  CARBON STEEL  ...          1.0                ISFBD030101   
11            NAN  CARBON STEEL  ...          1.0                 FBD030101T   
12              N  CARBON STEEL  ...          1.0                IFBDN030101   
13              N  CARBON STEEL  ...          1.0                 FBDN030101   
14              N  CARBON STEEL  ...          1.0               IFBD030101NA   
15            NAN  CARBON STEEL  ...          1.0                 WFTH010101   
16            NAN  CARBON STEEL  ...          1.0                 WFTH010101   
17            NAN  CARBON STEEL  ...          1.0               FTH010101BTX   
18            NAN  CARBON STEEL  ...          1.0                 IFTH010101   
19            NAN  CARBON STEEL  ...          1.0                 IFTH010101   
20            NAN  CARBON STEEL  ...          1.0               FTH010101BTX   
21            NAN  CARBON STEEL  ...          1.0                 SFTH010101   
22            NAN  CARBON STEEL  ...          1.0                 IFBD010101   
23            NAN  CARBON STEEL  ...          1.0                 SFBD010101   
24            NAN  CARBON STEEL  ...          1.0                 WFBD010101   

   REDUCING_SCHEDULE REDUCING_SIZE REDUCING_WALL TRIM                  TYPE  \
0                NAN           NAN                NAN              THREADED   
1                NAN           NAN                NAN  THREADED RAISED FACE   
2                NAN           NAN                NAN  THREADED RAISED FACE   
3                NAN           NAN                NAN  THREADED RAISED FACE   
4                NAN           NAN                NAN  THREADED RAISED FACE   
5                NAN           NAN                NAN              THREADED   
6                NAN           NAN                NAN                 BLIND   
7                NAN           NAN                NAN                 BLIND   
8                NAN           NAN                NAN                 BLIND   
9                NAN           NAN                NAN          BLIND FLANGE   
10               NAN           NAN                NAN                 BLIND   
11               NAN           NAN                NAN                 BLIND   
12               NAN           NAN                NAN                 BLIND   
13               NAN           NAN                NAN                 BLIND   
14               NAN           NAN                NAN                 BLIND   
15               NAN           NAN                NAN  THREADED RAISED FACE   
16               NAN           NAN                NAN  THREADED RAISED FACE   
17               NAN           NAN                NAN              THREADED   
18               NAN           NAN                NAN  THREADED RAISED FACE   
19               NAN           NAN                NAN  THREADED RAISED FACE   
20               NAN           NAN                NAN  THREADED RAISED FACE   
21               NAN           NAN                NAN              THREADED   
22               NAN           NAN                NAN                 BLIND   
23               NAN           NAN                NAN                 BLIND   
24               NAN           NAN                NAN                 BLIND   

   WALL_THICKNESS     score  
0                  0.942303  
1                  0.942303  
2                  0.942303  
3                  0.942303  
4                  0.942303  
5                  0.942303  
6                  0.941476  
7                  0.941476  
8                  0.941476  
9                  0.941476  
10                 0.941476  
11                 0.938612  
12                 0.937870  
13                 0.937870  
14                 0.937870  
15                 0.933899  
16                 0.933899  
17                 0.933245  
18                 0.933245  
19                 0.933245  
20                 0.933245  
21                 0.933236  
22                 0.932283  
23                 0.932283  
24                 0.932283  

[25 rows x 25 columns]",0,EXCELLENT
82,"8"" SCH 40 A106B SMLS","8"" STD .322W ASTM/ASME/SA53B/API5L/X42/SA106B/C SEAMLESS PIPE",True,82,217,23.96739069999967,"   CATEGORY  CONFIDENCE                                    DESCRIPTION  \
0      PIPE         0.9       8"" X 2"" STD A106-B SMLS NIPPLE GRV X BEV   
1      PIPE         0.9       8"" X 2"" STD A106-B SMLS NIPPLE GRV X BEV   
2      PIPE         0.9  QUAR 8"" X 2"" STD A106-B SMLS NIPPLE GRV X BEV   
3      PIPE         0.8  QUAR 8"" X 2"" STD A106-B SMLS NIPPLE GRV X BEV   
4      PIPE         0.9     8"" S-160 .906W SEAMLESS SA333 GR-6/SA106-B   
5      PIPE         0.9        8"" S-60 .406W BLK SA106-B SEAMLESS PIPE   
6      PIPE         0.9        8"" S-60 .406W BLK SA106-B SEAMLESS PIPE   
7      PIPE         0.9        8"" S-60 .406W BLK SA106-B SEAMLESS PIPE   
8      PIPE         0.9        8"" S-60 .406W BLK SA106-B SEAMLESS PIPE   
9      PIPE         0.9        8"" S-60 .406W BLK SA106-B SEAMLESS PIPE   
10     PIPE         0.9        8"" S-60 .406W BLK SA106-B SEAMLESS PIPE   
11     PIPE         0.9        8"" S-60 .406W BLK SA106-B SEAMLESS PIPE   
12     PIPE         0.9        8"" S-60 .406W BLK SA106-B SEAMLESS PIPE   
13     PIPE         0.9        8"" S-60 .406W BLK SA106-B SEAMLESS PIPE   
14  FITTING         0.9                       8"" X 4"" STD L-O-L, SA105   
15  FITTING         0.9                       8"" X 4"" STD L-O-L, SA105   
16     PIPE         0.9       8"" S-160 .906W BLK SA106-B SEAMLESS PIPE   
17     PIPE         0.9       8"" S-160 .906W BLK SA106-B SEAMLESS PIPE   
18     PIPE         0.9       8"" S-160 .906W BLK SA106-B SEAMLESS PIPE   
19     PIPE         0.9       8"" S-160 .906W BLK SA106-B SEAMLESS PIPE   
20     PIPE         0.9       8"" S-160 .906W BLK SA106-B SEAMLESS PIPE   
21     PIPE         0.9       8"" S-160 .906W BLK SA106-B SEAMLESS PIPE   
22     PIPE         0.9       8"" S-160 .906W BLK SA106-B SEAMLESS PIPE   
23     PIPE         0.9       8"" S-160 .906W BLK SA106-B SEAMLESS PIPE   
24     PIPE         0.9       8"" S-160 .906W BLK SA106-B SEAMLESS PIPE   

      END_CONNECTIONS END_FINISH ID LENGTH MANUFACTURING_PROCESS  \
0      GROOVE X BEVEL        NAN       NAN              SEAMLESS   
1   GROOVED X BEVELED        NAN       NAN              SEAMLESS   
2           GRV X BEV        NAN      0.25                  SMLS   
3   GROOVED X BEVELED        NAN       NAN              SEAMLESS   
4                 NAN        NAN       NAN              SEAMLESS   
5                 NAN        BLK       NAN              SEAMLESS   
6                 NAN      BLACK       NAN              SEAMLESS   
7                 NAN      BLACK       NAN              SEAMLESS   
8                 NAN      BLACK       NAN              SEAMLESS   
9                 NAN      BLACK       NAN              SEAMLESS   
10                NAN      BLACK       NAN              SEAMLESS   
11                NAN      BLACK       NAN              SEAMLESS   
12                NAN      BLACK       NAN              SEAMLESS   
13                NAN      BLACK       NAN              SEAMLESS   
14                NAN        NAN       NAN                   NAN   
15                NAN        NAN       NAN                   NAN   
16                NAN      BLACK       NAN              SEAMLESS   
17                NAN      BLACK       NAN              SEAMLESS   
18                NAN      BLACK       NAN              SEAMLESS   
19                NAN      BLACK       NAN              SEAMLESS   
20                NAN      BLACK       NAN              SEAMLESS   
21                NAN      BLACK       NAN              SEAMLESS   
22                NAN      BLACK       NAN              SEAMLESS   
23                NAN      BLACK       NAN              SEAMLESS   
24                NAN      BLACK       NAN              SEAMLESS   

   MATERIAL_GRADE MATERIAL_NAME  ... PRIMARY_SIZE PRIMARY_WALL  PRODUCT_CODE  \
0               B  CARBON STEEL  ...          8.0                VNS080020GP   
1               B  CARBON STEEL  ...          8.0                VNS080020GP   
2               B  CARBON STEEL  ...          8.0               QVNS080020GP   
3               B  CARBON STEEL  ...          8.0               QVNS080020GP   
4           GR6/B  CARBON STEEL  ...          8.0                WPA3/B08016   
5               B  CARBON STEEL  ...          8.0                    PA08006   
6               B  CARBON STEEL  ...          8.0               SIPA3/B08006   
7               B  CARBON STEEL  ...          8.0                   WPA08006   
8               B  CARBON STEEL  ...          8.0                   IPA08006   
9               B  CARBON STEEL  ...          8.0                   IPA08006   
10              B  CARBON STEEL  ...          8.0                   WPA08006   
11              B  CARBON STEEL  ...          8.0               SIPA3/B08006   
12              B  CARBON STEEL  ...          8.0                   SPA08006   
13              B  CARBON STEEL  ...          8.0                    PA08006   
14            NAN  CARBON STEEL  ...          8.0                 SMSL040080   
15            NAN  CARBON STEEL  ...          8.0                 SMSL040080   
16              B  CARBON STEEL  ...          8.0                   SPA08016   
17              B  CARBON STEEL  ...          8.0                   WPA08016   
18              B  CARBON STEEL  ...          8.0                    PA08016   
19              B  CARBON STEEL  ...          8.0                   SPA08016   
20              B  CARBON STEEL  ...          8.0                   WPA08016   
21              B  CARBON STEEL  ...          8.0                 SIPA08016C   
22              B  CARBON STEEL  ...          8.0                 SIPA08016C   
23              B  CARBON STEEL  ...          8.0                  IPA08016C   
24              B  CARBON STEEL  ...          8.0                  IPA08016C   

   REDUCING_SCHEDULE REDUCING_SIZE REDUCING_WALL TRIM                 TYPE  \
0                NAN             2                NAN               NIPPLE   
1                NAN             2                NAN               NIPPLE   
2                NAN             2                NAN          SMLS NIPPLE   
3                NAN             2                NAN  QUARTER TURN NIPPLE   
4                NAN           NAN                NAN             SEAMLESS   
5                NAN           NAN                NAN             SEAMLESS   
6                NAN           NAN                NAN             SEAMLESS   
7                NAN           NAN                NAN             SEAMLESS   
8                NAN           NAN                NAN             SEAMLESS   
9                NAN           NAN                NAN             SEAMLESS   
10               NAN           NAN                NAN             SEAMLESS   
11               NAN           NAN                NAN        SEAMLESS PIPE   
12               NAN           NAN                NAN             SEAMLESS   
13               NAN           NAN                NAN             SEAMLESS   
14               NAN             4                NAN             LATROLET   
15               NAN             4                NAN            LATERALET   
16               NAN           NAN                NAN             SEAMLESS   
17               NAN           NAN                NAN        SEAMLESS PIPE   
18               NAN           NAN                NAN             SEAMLESS   
19               NAN           NAN                NAN             SEAMLESS   
20               NAN           NAN                NAN             SEAMLESS   
21               NAN           NAN                NAN             SEAMLESS   
22               NAN           NAN                NAN        SEAMLESS PIPE   
23               NAN           NAN                NAN        SEAMLESS PIPE   
24               NAN           NAN                NAN        SEAMLESS PIPE   

   WALL_THICKNESS     score  
0                  0.907407  
1                  0.907407  
2                  0.901562  
3                  0.901562  
4                  0.900707  
5                  0.898794  
6                  0.898794  
7                  0.898794  
8                  0.898794  
9                  0.898794  
10                 0.898794  
11                 0.898794  
12                 0.898794  
13                 0.898794  
14                 0.896428  
15                 0.896428  
16                 0.895136  
17                 0.895136  
18                 0.895136  
19                 0.895136  
20                 0.895136  
21                 0.895136  
22                 0.895136  
23                 0.895136  
24                 0.895136  

[25 rows x 25 columns]",0,EXCELLENT
83,"8-LR45S-ELBOW,LR45,8,STD-SA-234-WPB","8"" STD LR 45WELD ELL, SA234-WPB",True,83,0,21.293039600000156,"   CATEGORY  CONFIDENCE                           DESCRIPTION END_CONNECTIONS  \
0   FITTING         0.9       8"" STD LR 45WELD ELL, SA234-WPB       BUTT WELD   
1   FITTING         0.9       8"" STD LR 45WELD ELL, SA234-WPB       BUTT WELD   
2   FITTING         0.9       8"" STD LR 45WELD ELL, SA234-WPB       BUTT WELD   
3   FITTING         0.9       8"" STD LR 45WELD ELL, SA234-WPB       BUTT WELD   
4   FITTING         0.9       8"" STD LR 45WELD ELL, SA234-WPB       BUTT WELD   
5   FITTING         0.9       8"" STD LR 45WELD ELL, SA234-WPB       BUTT WELD   
6   FITTING         0.9       8"" STD LR 45WELD ELL, SA234-WPB       BUTT WELD   
7   FITTING         0.9       8"" STD LR 45WELD ELL, SA234-WPB       BUTT WELD   
8   FITTING         0.9       8"" STD LR 45WELD ELL, SA234-WPB       BUTT WELD   
9   FITTING         0.9       8"" STD LR 45WELD ELL, SA234-WPB       BUTT WELD   
10  FITTING         0.9       8"" STD LR 45WELD ELL, SA234-WPB       BUTT WELD   
11  FITTING         0.9       8"" STD LR 45WELD ELL, SA234-WPB       BUTT WELD   
12  FITTING         0.9       8"" STD LR 45WELD ELL, SA234-WPB       BUTT WELD   
13  FITTING         0.9       8"" STD LR 45WELD ELL, SA234-WPB       BUTT WELD   
14  FITTING         0.9       8"" STD LR 45WELD ELL, SA234-WPB              BW   
15  FITTING         0.9  8"" STD LR 45WELD ELL, SA234-WPB (VF)       BUTT WELD   
16  FITTING         0.9  8"" STD LR 45WELD ELL, SA234-WPB (VF)             NAN   
17  FITTING         0.9        8"" XH LR 45WELD ELL, SA234-WPB       BUTT WELD   
18  FITTING         0.9        8"" XH LR 45WELD ELL, SA234-WPB       BUTT WELD   
19  FITTING         0.9        8"" XH LR 45WELD ELL, SA234-WPB       BUTT WELD   
20  FITTING         0.9        8"" XH LR 45WELD ELL, SA234-WPB       BUTT WELD   
21  FITTING         0.9        8"" XH LR 45WELD ELL, SA234-WPB       BUTT WELD   
22  FITTING         0.9        8"" XH LR 45WELD ELL, SA234-WPB       BUTT WELD   
23  FITTING         0.9      8"" STD LR 45 WELD ELL, SA234-WPB       BUTT WELD   
24  FITTING         0.9      8"" STD LR 45 WELD ELL, SA234-WPB       BUTT WELD   

   END_FINISH ID LENGTH MANUFACTURING_PROCESS MATERIAL_GRADE MATERIAL_NAME  \
0          BW       NAN                   NAN            WPB  CARBON STEEL   
1         NAN       NAN                   NAN            WPB  CARBON STEEL   
2         NAN       NAN                   NAN            WPB  CARBON STEEL   
3         NAN       NAN                   NAN            WPB  CARBON STEEL   
4        WELD       NAN                   NAN            WPB  CARBON STEEL   
5         NAN       NAN                   NAN            WPB  CARBON STEEL   
6         NAN       NAN                   NAN            WPB  CARBON STEEL   
7         NAN       NAN                   NAN            WPB  CARBON STEEL   
8        WELD       NAN                   NAN            WPB  CARBON STEEL   
9         NAN       NAN                   NAN            WPB  CARBON STEEL   
10        NAN       NAN                   NAN            WPB  CARBON STEEL   
11        NAN       NAN                   NAN            WPB  CARBON STEEL   
12        NAN       NAN                   NAN            WPB  CARBON STEEL   
13         BW       NAN                   NAN            WPB  CARBON STEEL   
14  BUTT WELD       NAN                   NAN            WPB  CARBON STEEL   
15        NAN       NAN                WELDED            WPB  CARBON STEEL   
16        NAN       NAN                WELDED            WPB  CARBON STEEL   
17         BW       NAN                   NAN            WPB  CARBON STEEL   
18         BW       NAN                   NAN            WPB  CARBON STEEL   
19        NAN       NAN                   NAN            WPB  CARBON STEEL   
20         BW       NAN                   NAN            WPB  CARBON STEEL   
21         BW       NAN                   NAN            WPB  CARBON STEEL   
22        NAN       NAN                   NAN            WPB  CARBON STEEL   
23        NAN       NAN                   NAN            WPB  CARBON STEEL   
24        NAN       NAN                   NAN            WPB  CARBON STEEL   

    ... PRIMARY_SIZE PRIMARY_WALL PRODUCT_CODE REDUCING_SCHEDULE  \
0   ...          8.0                  WWL4080S               NAN   
1   ...          8.0                 SIWL4080S               NAN   
2   ...          8.0                 ISWL4080S               NAN   
3   ...          8.0                  IWL4080S               NAN   
4   ...          8.0                 ISWL4080S               NAN   
5   ...          8.0                 SIWL4080S               NAN   
6   ...          8.0                  WWL4080S               NAN   
7   ...          8.0                IWL4080STM               NAN   
8   ...          8.0                  IWL4080S               NAN   
9   ...          8.0                  KWL4080S               NAN   
10  ...          8.0                 IWL4080SA               NAN   
11  ...          8.0                IWL4080SCI               NAN   
12  ...          8.0                IWL4080STM               NAN   
13  ...          8.0                 IWL4080SA               NAN   
14  ...          8.0                  KWL4080S               NAN   
15  ...          8.0                IWL4080SVF               NAN   
16  ...          8.0                IWL4080SVF               NAN   
17  ...          8.0                  IWL4080X               NAN   
18  ...          8.0                 IWL4080XA               NAN   
19  ...          8.0                IWL4080XTM               NAN   
20  ...          8.0                  IWL4080X               NAN   
21  ...          8.0                IWL4080XTM               NAN   
22  ...          8.0                 IWL4080XA               NAN   
23  ...          8.0               KWL4080SSKB               NAN   
24  ...          8.0                   WL4080S               NAN   

   REDUCING_SIZE REDUCING_WALL TRIM                         TYPE  \
0            NAN                NAN         ELBOW 45 LONG RADIUS   
1            NAN                NAN              45 DEGREE ELBOW   
2            NAN                NAN         LONG RADIUS 45 ELBOW   
3            NAN                NAN         LONG RADIUS 45 ELBOW   
4            NAN                NAN         LONG RADIUS 45 ELBOW   
5            NAN                NAN  LONG RADIUS 45 DEGREE ELBOW   
6            NAN                NAN         LONG RADIUS 45 ELBOW   
7            NAN                NAN         LONG RADIUS 45 ELBOW   
8            NAN                NAN         LONG RADIUS 45 ELBOW   
9            NAN                NAN         LONG RADIUS 45 ELBOW   
10           NAN                NAN      LONG RADIUS 45DEG ELBOW   
11           NAN                NAN         LONG RADIUS 45 ELBOW   
12           NAN                NAN      LONG RADIUS 45DEG ELBOW   
13           NAN                NAN         LONG RADIUS 45 ELBOW   
14           NAN                NAN         LONG RADIUS 45 ELBOW   
15           NAN                NAN         LONG RADIUS 45 ELBOW   
16           NAN                NAN         LONG RADIUS 45 ELBOW   
17           NAN                NAN         LONG RADIUS 45 ELBOW   
18           NAN                NAN         LONG RADIUS 45 ELBOW   
19           NAN                NAN         LONG RADIUS 45 ELBOW   
20           NAN                NAN         LONG RADIUS ELBOW 45   
21           NAN                NAN         LONG RADIUS 45 ELBOW   
22           NAN                NAN         LONG RADIUS 45 ELBOW   
23           NAN                NAN         LONG RADIUS 45 ELBOW   
24           NAN                NAN         LONG RADIUS 45 ELBOW   

   WALL_THICKNESS     score  
0                  0.917542  
1                  0.917542  
2                  0.917542  
3                  0.917542  
4                  0.917542  
5                  0.917542  
6                  0.917542  
7                  0.917542  
8                  0.917542  
9                  0.917542  
10                 0.917542  
11                 0.917542  
12                 0.917542  
13                 0.917542  
14                 0.917542  
15                 0.916765  
16                 0.916765  
17                 0.913181  
18                 0.913181  
19                 0.913181  
20                 0.913181  
21                 0.913181  
22                 0.913181  
23                 0.912143  
24                 0.912143  

[25 rows x 25 columns]",0,EXCELLENT
84,"6-LR45X-ELBOW,LR45,6,XH-SA-234-WPB","6"" XH LR 45WELD ELL, SA234-WPB (MALAYSIA)",True,84,19,24.67302010000003,"   CATEGORY  CONFIDENCE                                DESCRIPTION  \
0   FITTING         0.9             6"" XH LR 45WELD ELL, SA234-WPB   
1   FITTING         0.9             6"" XH LR 45WELD ELL, SA234-WPB   
2   FITTING         0.9             6"" XH LR 45WELD ELL, SA234-WPB   
3   FITTING         0.9             6"" XH LR 45WELD ELL, SA234-WPB   
4   FITTING         0.9             6"" XH LR 45WELD ELL, SA234-WPB   
5   FITTING         0.9             6"" XH LR 45WELD ELL, SA234-WPB   
6   FITTING         0.9             6"" XH LR 45WELD ELL, SA234-WPB   
7   FITTING         0.9             6"" XH LR 45WELD ELL, SA234-WPB   
8   FITTING         0.9        6"" XH LR 45WELD ELL, SA234-WPB (VF)   
9   FITTING         0.9        6"" XH LR 45WELD ELL, SA234-WPB (VF)   
10  FITTING         0.9            6"" XH LR 45 WELD ELL, SA234-WPB   
11  FITTING         0.9            6"" XH LR 45 WELD ELL, SA234-WPB   
12  FITTING         0.9            6"" XH LR 45 WELD ELL, SA234-WPB   
13  FITTING         0.9            6"" XH LR 45 WELD ELL, SA234-WPB   
14  FITTING         0.9            6"" XH LR 45 WELD ELL, SA234-WPB   
15  FITTING         0.9            6"" XH LR 45 WELD ELL, SA234-WPB   
16  FITTING         0.9            6"" XH LR 45 WELD ELL, SA234-WPB   
17  FITTING         0.9             6"" XH LR 90WELD ELL, SA234-WPB   
18  FITTING         0.9             6"" XH LR 90WELD ELL, SA234-WPB   
19  FITTING         0.9  6"" XH LR 45WELD ELL, SA234-WPB (MALAYSIA)   
20  FITTING         0.9  6"" XH LR 45WELD ELL, SA234-WPB (MALAYSIA)   
21  FITTING         0.9            6"" STD LR 45WELD ELL, SA234-WPB   
22  FITTING         0.9            6"" STD LR 45WELD ELL, SA234-WPB   
23  FITTING         0.9            6"" STD LR 45WELD ELL, SA234-WPB   
24  FITTING         0.9            6"" STD LR 45WELD ELL, SA234-WPB   

   END_CONNECTIONS END_FINISH ID LENGTH MANUFACTURING_PROCESS MATERIAL_GRADE  \
0        BUTT WELD         BW       NAN                   NAN            WPB   
1        BUTT WELD    BEVELED       NAN                   NAN            WPB   
2               BW  BUTT WELD       NAN                   NAN            WPB   
3        BUTT WELD  BUTT WELD       NAN                   NAN            WPB   
4        BUTT WELD        NAN       NAN                   NAN            WPB   
5        BUTT WELD         BW       NAN                   NAN            WPB   
6        BUTT WELD        NAN       NAN                WELDED            WPB   
7        BUTT WELD         BW       NAN                   NAN            WPB   
8        BUTT WELD        NAN       NAN                WELDED            WPB   
9        BUTT WELD         VF       NAN                   NAN            WPB   
10              BW        NAN       NAN                   NAN            WPB   
11       BUTT WELD       WELD       NAN                   NAN            WPB   
12       BUTT WELD        NAN       NAN                   NAN            WPB   
13       BUTT WELD        NAN       NAN                   NAN            WPB   
14       BUTT WELD         BW       NAN                   NAN            WPB   
15       BUTT WELD         BW       NAN                   NAN            WPB   
16       BUTT WELD         BW       NAN                   NAN            WPB   
17       BUTT WELD        NAN       NAN                   NAN            WPB   
18       BUTT WELD        NAN       NAN                WELDED            WPB   
19              BW  BUTT WELD       NAN                   NAN            WPB   
20       BUTT WELD        NAN       NAN                WELDED            WPB   
21       BUTT WELD         BW       NAN                   NAN            WPB   
22       BUTT WELD        NAN       NAN                   NAN            WPB   
23       BUTT WELD         BW       NAN                   NAN            WPB   
24       BUTT WELD        NAN       NAN                   NAN            WPB   

   MATERIAL_NAME  ... PRIMARY_SIZE PRIMARY_WALL PRODUCT_CODE  \
0   CARBON STEEL  ...          6.0                 IWL4060XA   
1   CARBON STEEL  ...          6.0                 IWL4060XA   
2   CARBON STEEL  ...          6.0                  WWL4060X   
3   CARBON STEEL  ...          6.0                  KWL4060X   
4   CARBON STEEL  ...          6.0                IWL4060XCI   
5   CARBON STEEL  ...          6.0                IWL4060XCI   
6   CARBON STEEL  ...          6.0                  WWL4060X   
7   CARBON STEEL  ...          6.0                  KWL4060X   
8   CARBON STEEL  ...          6.0                IWL4060XVF   
9   CARBON STEEL  ...          6.0                IWL4060XVF   
10  CARBON STEEL  ...          6.0                IWL4060XTM   
11  CARBON STEEL  ...          6.0               KWL4060XSKB   
12  CARBON STEEL  ...          6.0                   WL4060X   
13  CARBON STEEL  ...          6.0                  SWL4060X   
14  CARBON STEEL  ...          6.0                IWL4060XTM   
15  CARBON STEEL  ...          6.0               KWL4060XSKB   
16  CARBON STEEL  ...          6.0                  SWL4060X   
17  CARBON STEEL  ...          6.0                  WWL9060X   
18  CARBON STEEL  ...          6.0                  WWL9060X   
19  CARBON STEEL  ...          6.0                  IWL4060X   
20  CARBON STEEL  ...          6.0                  IWL4060X   
21  CARBON STEEL  ...          6.0                 ISWL4060S   
22  CARBON STEEL  ...          6.0                  IWL4060S   
23  CARBON STEEL  ...          6.0                  WWL4060S   
24  CARBON STEEL  ...          6.0                  WWL4060S   

   REDUCING_SCHEDULE REDUCING_SIZE REDUCING_WALL TRIM  \
0                NAN           NAN                NAN   
1                NAN           NAN                NAN   
2                NAN           NAN                NAN   
3                NAN           NAN                NAN   
4                NAN           NAN                NAN   
5                NAN           NAN                NAN   
6                NAN           NAN                NAN   
7                NAN           NAN                NAN   
8                NAN           NAN                NAN   
9                NAN           NAN                NAN   
10               NAN           NAN                NAN   
11               NAN           NAN                NAN   
12               NAN           NAN                NAN   
13               NAN           NAN                NAN   
14               NAN           NAN                NAN   
15               NAN           NAN                NAN   
16               NAN           NAN                NAN   
17               NAN           NAN                NAN   
18               NAN           NAN                NAN   
19               NAN           NAN                NAN   
20               NAN           NAN                NAN   
21               NAN           NAN                NAN   
22               NAN           NAN                NAN   
23               NAN           NAN                NAN   
24               NAN           NAN                NAN   

                           TYPE WALL_THICKNESS     score  
0          LONG RADIUS 45 ELBOW                 0.928700  
1          LONG RADIUS 45 ELBOW                 0.928700  
2          LONG RADIUS 45 ELBOW                 0.928700  
3          LONG RADIUS 45 ELBOW                 0.928700  
4          LONG RADIUS 45 ELBOW                 0.928700  
5          LONG RADIUS 45 ELBOW                 0.928700  
6          LONG RADIUS 45 ELBOW                 0.928700  
7          LONG RADIUS 45 ELBOW                 0.928700  
8          LONG RADIUS 45 ELBOW                 0.927328  
9          LONG RADIUS 45 ELBOW                 0.927328  
10         LONG RADIUS 45 ELBOW                 0.921529  
11         LONG RADIUS 45 ELBOW                 0.921529  
12         LONG RADIUS 45 ELBOW                 0.921529  
13         LONG RADIUS 45 ELBOW                 0.921529  
14         LONG RADIUS 45 ELBOW                 0.921529  
15         LONG RADIUS 45 ELBOW                 0.921529  
16         LONG RADIUS 45 ELBOW                 0.921529  
17         LONG RADIUS 90 ELBOW                 0.912655  
18         LONG RADIUS 90 ELBOW                 0.912655  
19         LONG RADIUS 45 ELBOW                 0.910562  
20         LONG RADIUS 45 ELBOW                 0.910562  
21         LONG RADIUS 45 ELBOW                 0.907983  
22         LONG RADIUS 45 ELBOW                 0.907983  
23              ELBOW 45 DEGREE                 0.907983  
24  45 DEGREE LONG RADIUS ELBOW                 0.907983  

[25 rows x 25 columns]",0,EXCELLENT
85,"12700573-PIPE,SMLS,4,XXH, GR C-SA-106C","4"" XXH .674W BLK SA106-B SEAMLESS PIPE !*! CHECK BEFORE SELLING !*!",True,85,117,21.58083379999971,"   CATEGORY  CONFIDENCE  \
0      PIPE         0.9   
1      PIPE         0.9   
2      PIPE         0.9   
3      PIPE         0.9   
4      PIPE         0.9   
5      PIPE         0.9   
6      PIPE         0.9   
7      PIPE         0.9   
8      PIPE         0.9   
9      PIPE         0.9   
10     PIPE         0.9   
11     PIPE         0.9   
12     PIPE         0.9   
13     PIPE         0.9   
14     PIPE         0.9   
15     PIPE         0.9   
16     PIPE         0.9   
17     PIPE         0.9   
18     PIPE         0.9   
19     PIPE         0.9   
20     PIPE         0.9   
21     PIPE         0.9   
22     PIPE         0.9   
23     PIPE         0.9   
24     PIPE         0.9   

                                                        DESCRIPTION  \
0   4"" S-160 .531W SA333 GR6/SA106-B SMLS PIPE PER S2/SP SUPPLEMENT   
1   4"" S-160 .531W SA333 GR6/SA106-B SMLS PIPE PER S2/SP SUPPLEMENT   
2         4"" S-120 .438W BLK SA53-B/ SA106-B/CSEAMLESS PIPE (SPAIN)   
3         4"" S-120 .438W BLK SA53-B/ SA106-B/CSEAMLESS PIPE (SPAIN)   
4         4"" S-120 .438W BLK SA53-B/ SA106-B/CSEAMLESS PIPE (SPAIN)   
5         4"" S-120 .438W BLK SA53-B/ SA106-B/CSEAMLESS PIPE (SPAIN)   
6                     4"" STD .237W SA333 GR-6/SA106-B SEAMLESS PIPE   
7                     4"" STD .237W SA333 GR-6/SA106-B SEAMLESS PIPE   
8                 4"" S-120 .438W BLK SA53-B/ SA106-B/CSEAMLESS PIPE   
9                 4"" S-120 .438W BLK SA53-B/ SA106-B/CSEAMLESS PIPE   
10                4"" S-120 .438W BLK SA53-B/ SA106-B/CSEAMLESS PIPE   
11                4"" S-120 .438W BLK SA53-B/ SA106-B/CSEAMLESS PIPE   
12          4"" S-120 .438W A/SA333 GRADE-6/A/SA106B/C SEAMLESS PIPE   
13          4"" S-120 .438W A/SA333 GRADE-6/A/SA106B/C SEAMLESS PIPE   
14          4"" S-120 .438W A/SA333 GRADE-6/A/SA106B/C SEAMLESS PIPE   
15          4"" S-120 .438W A/SA333 GRADE-6/A/SA106B/C SEAMLESS PIPE   
16              4"" S-120 .438W SA333 GRADE-6/SA106B/C SEAMLESS PIPE   
17              4"" S-120 .438W SA333 GRADE-6/SA106B/C SEAMLESS PIPE   
18              4"" S-120 .438W SA333 GRADE-6/SA106B/C SEAMLESS PIPE   
19              4"" S-120 .438W SA333 GRADE-6/SA106B/C SEAMLESS PIPE   
20          4"" STD .237W BLK SA53-B/SA106-B/C SEAMLESS PIPE (SPAIN)   
21          4"" STD .237W BLK SA53-B/SA106-B/C SEAMLESS PIPE (SPAIN)   
22          4"" STD .237W BLK SA53-B/SA106-B/C SEAMLESS PIPE (SPAIN)   
23          4"" STD .237W BLK SA53-B/SA106-B/C SEAMLESS PIPE (SPAIN)   
24                     4"" X 4"" XH SA106-B SEAMLESS PIPE NIPPLE, TBE   

   END_CONNECTIONS END_FINISH ID LENGTH MANUFACTURING_PROCESS MATERIAL_GRADE  \
0              NAN        NAN       NAN                  SMLS          GR6/B   
1              NAN        NAN       NAN              SEAMLESS          GR6/B   
2              NAN      BLACK       NAN              SEAMLESS            NAN   
3              NAN      BLACK       NAN              SEAMLESS            NAN   
4              NAN      BLACK       NAN              SEAMLESS            NAN   
5              NAN      BLACK       NAN              SEAMLESS            NAN   
6              NAN        NAN       NAN              SEAMLESS          GR6/B   
7              NAN        NAN       NAN              SEAMLESS          GR6/B   
8              NAN      BLACK       NAN              SEAMLESS            NAN   
9              NAN      BLACK       NAN              SEAMLESS            NAN   
10             NAN      BLACK       NAN              SEAMLESS            NAN   
11             NAN      BLACK       NAN              SEAMLESS            NAN   
12             NAN        NAN       NAN              SEAMLESS          6/B/C   
13             NAN        NAN       NAN              SEAMLESS        [6 B/C]   
14             NAN        NAN       NAN              SEAMLESS          6/B/C   
15             NAN        NAN       NAN              SEAMLESS    GRADE 6/B/C   
16             NAN        NAN       NAN              SEAMLESS    GRADE-6/B/C   
17             NAN        NAN       NAN              SEAMLESS    GRADE-6/B/C   
18             NAN        NAN       NAN              SEAMLESS    GRADE 6/B/C   
19             NAN        NAN       NAN              SEAMLESS    GRADE 6/B/C   
20             NAN      BLACK       NAN              SEAMLESS            NAN   
21             NAN      BLACK       NAN              SEAMLESS            NAN   
22             NAN      BLACK       NAN              SEAMLESS            NAN   
23             NAN      BLACK       NAN              SEAMLESS            NAN   
24        THREADED        TBE       NAN              SEAMLESS              B   

   MATERIAL_NAME  ... PRIMARY_SIZE PRIMARY_WALL       PRODUCT_CODE  \
0   CARBON STEEL  ...          4.0               IPA3/B04016A-ALKY   
1   CARBON STEEL  ...          4.0               IPA3/B04016A-ALKY   
2   CARBON STEEL  ...          4.0                     SIPA04012TR   
3   CARBON STEEL  ...          4.0                      IPA04012TR   
4   CARBON STEEL  ...          4.0                     SIPA04012TR   
5   CARBON STEEL  ...          4.0                      IPA04012TR   
6   CARBON STEEL  ...          4.0                     WPA3/B040ST   
7   CARBON STEEL  ...          4.0                     WPA3/B040ST   
8   CARBON STEEL  ...          4.0                      IPA04012AM   
9   CARBON STEEL  ...          4.0                     SIPA04012AM   
10  CARBON STEEL  ...          4.0                      IPA04012AM   
11  CARBON STEEL  ...          4.0                     SIPA04012AM   
12  CARBON STEEL  ...          4.0                    SIPA/B04012K   
13  CARBON STEEL  ...          4.0                    SIPA/B04012K   
14  CARBON STEEL  ...          4.0                    IPA3/B04012K   
15  CARBON STEEL  ...          4.0                    IPA3/B04012K   
16  CARBON STEEL  ...          4.0                     IPA3/B04012   
17  CARBON STEEL  ...          4.0                    SIPA3/B04012   
18  CARBON STEEL  ...          4.0                    SIPA3/B04012   
19  CARBON STEEL  ...          4.0                     IPA3/B04012   
20  CARBON STEEL  ...          4.0                     SIPA040STTR   
21  CARBON STEEL  ...          4.0                     SIPA040STTR   
22  CARBON STEEL  ...          4.0                      IPA040STTR   
23  CARBON STEEL  ...          4.0                      IPA040STTR   
24  CARBON STEEL  ...          4.0                       BSX040040   

   REDUCING_SCHEDULE REDUCING_SIZE REDUCING_WALL TRIM           TYPE  \
0                NAN           NAN                NAN  SEAMLESS PIPE   
1                NAN           NAN                NAN       SEAMLESS   
2                NAN           NAN                NAN       SEAMLESS   
3                NAN           NAN                NAN       SEAMLESS   
4                NAN           NAN                NAN       SEAMLESS   
5                NAN           NAN                NAN       SEAMLESS   
6                NAN           NAN                NAN  SEAMLESS PIPE   
7                NAN           NAN                NAN  SEAMLESS PIPE   
8                NAN           NAN                NAN       SEAMLESS   
9                NAN           NAN                NAN       SEAMLESS   
10               NAN           NAN                NAN       SEAMLESS   
11               NAN           NAN                NAN       SEAMLESS   
12               NAN           NAN                NAN  SEAMLESS PIPE   
13               NAN           NAN                NAN  SEAMLESS PIPE   
14               NAN           NAN                NAN  SEAMLESS PIPE   
15               NAN           NAN                NAN  SEAMLESS PIPE   
16               NAN           NAN                NAN  SEAMLESS PIPE   
17               NAN           NAN                NAN       SEAMLESS   
18               NAN           NAN                NAN  SEAMLESS PIPE   
19               NAN           NAN                NAN  SEAMLESS PIPE   
20               NAN           NAN                NAN  SEAMLESS PIPE   
21               NAN           NAN                NAN  SEAMLESS PIPE   
22               NAN           NAN                NAN  SEAMLESS PIPE   
23               NAN           NAN                NAN       SEAMLESS   
24               NAN           NAN                NAN         NIPPLE   

   WALL_THICKNESS     score  
0                  0.885349  
1                  0.885349  
2                  0.884543  
3                  0.884543  
4                  0.884543  
5                  0.884543  
6                  0.882785  
7                  0.882785  
8                  0.881487  
9                  0.881487  
10                 0.881487  
11                 0.881487  
12                 0.878198  
13                 0.878198  
14                 0.878198  
15                 0.878198  
16                 0.876999  
17                 0.876999  
18                 0.876999  
19                 0.876999  
20                 0.876020  
21                 0.876020  
22                 0.876020  
23                 0.876020  
24                 0.875863  

[25 rows x 25 columns]",0,EXCELLENT
86,"12700633-PIPE,SMLS,8,S120-SA-106B","8"" S-120 .719W BLK SA106-B/C API5L/X42 SEAMLESS PIPE",True,86,28,19.74310549999973,"   CATEGORY  CONFIDENCE  \
0      PIPE         0.9   
1      PIPE         0.9   
2      PIPE         0.9   
3      PIPE         0.9   
4      PIPE         0.9   
5      PIPE         0.9   
6      PIPE         0.9   
7      PIPE         0.9   
8      PIPE         0.9   
9      PIPE         0.9   
10     PIPE         0.9   
11     PIPE         0.9   
12     PIPE         0.9   
13     PIPE         0.9   
14     PIPE         0.9   
15     PIPE         0.9   
16     PIPE         0.9   
17     PIPE         0.9   
18     PIPE         0.9   
19     PIPE         0.9   
20     PIPE         0.9   
21     PIPE         0.9   
22     PIPE         0.9   
23     PIPE         0.9   
24     PIPE         0.9   

                                                                              DESCRIPTION  \
0                                  8"" S-120 .719W ASME SA333 GR6/ SA106-B/C SEAMLESS PIPE   
1                                  8"" S-120 .719W ASME SA333 GR6/ SA106-B/C SEAMLESS PIPE   
2                          8"" S-120 .719W SA333 GRADE-6/SA106-B/C API5L/X42 SEAMLESS PIPE   
3                          8"" S-120 .719W SA333 GRADE-6/SA106-B/C API5L/X42 SEAMLESS PIPE   
4                          8"" S-120 .719W SA333 GRADE-6/SA106-B/C API5L/X42 SEAMLESS PIPE   
5                          8"" S-120 .719W SA333 GRADE-6/SA106-B/C API5L/X42 SEAMLESS PIPE   
6         8"" S-120 .719W API 5L/GRADE-B/X42/PSL1/SA53B/SA106B/SA333 GRADE-6 SEAMLESS PIPE   
7         8"" S-120 .719W API 5L/GRADE-B/X42/PSL1/SA53B/SA106B/SA333 GRADE-6 SEAMLESS PIPE   
8         8"" S-120 .719W API 5L/GRADE-B/X42/PSL1/SA53B/SA106B/SA333 GRADE-6 SEAMLESS PIPE   
9         8"" S-120 .719W API 5L/GRADE-B/X42/PSL1/SA53B/SA106B/SA333 GRADE-6 SEAMLESS PIPE   
10  8"" X 6-0.5"" LG S-120 SA106-B SMLS PIPE NIPPLE WITH 22-0.5 MITER AND 30 BEVEL OE X SCE   
11  8"" X 6-0.5"" LG S-120 SA106-B SMLS PIPE NIPPLE WITH 22-0.5 MITER AND 30 BEVEL OE X SCE   
12                                                8"" S-120 ..719W SA335-P11 SEAMLESS PIPE   
13                                                8"" S-120 ..719W SA335-P11 SEAMLESS PIPE   
14                                   8"" STD .322W ASME SA333 GR6/ SA106-B/C SEAMLESS PIPE   
15                                   8"" STD .322W ASME SA333 GR6/ SA106-B/C SEAMLESS PIPE   
16                                               8"" S-120 .719W BLK SA106-B SEAMLESS PIPE   
17                                               8"" S-120 .719W BLK SA106-B SEAMLESS PIPE   
18                                               8"" S-120 .719W BLK SA106-B SEAMLESS PIPE   
19                                               8"" S-120 .719W BLK SA106-B SEAMLESS PIPE   
20                                               8"" S-120 .719W BLK SA106-B SEAMLESS PIPE   
21                                               8"" S-120 .719W BLK SA106-B SEAMLESS PIPE   
22                                               8"" S-120 .719W BLK SA106-B SEAMLESS PIPE   
23                                               8"" S-120 .719W BLK SA106-B SEAMLESS PIPE   
24                                               8"" S-120 .719W BLK SA106-B SEAMLESS PIPE   

   END_CONNECTIONS                          END_FINISH ID LENGTH  \
0              NAN                                 NAN       NAN   
1              NAN                                 NAN       NAN   
2              NAN                                 NAN       NAN   
3              NAN                                 NAN       NAN   
4              NAN                                 NAN       NAN   
5              NAN                                 NAN       NAN   
6              NAN                                 NAN       NAN   
7              NAN                                 NAN       NAN   
8              NAN                                 NAN       NAN   
9              NAN                                 NAN       NAN   
10             SCE                     30 DEGREE BEVEL       6.5   
11             NAN  22-0.5 MITER AND 30 BEVEL OE X SCE       6.5   
12             NAN                                 NAN       NAN   
13             NAN                                 NAN       NAN   
14             NAN                                 NAN       NAN   
15             NAN                                 NAN       NAN   
16             NAN                               BLACK       NAN   
17             NAN                               BLACK       NAN   
18             NAN                               BLACK       NAN   
19             NAN                               BLACK       NAN   
20             NAN                               BLACK       NAN   
21             NAN                               BLACK       NAN   
22             NAN                               BLACK       NAN   
23             NAN                               BLACK       NAN   
24             NAN                               BLACK       NAN   

   MANUFACTURING_PROCESS    MATERIAL_GRADE MATERIAL_NAME  ... PRIMARY_SIZE  \
0               SEAMLESS           GR6/B/C  CARBON STEEL  ...          8.0   
1                   SMLS           GR6/B/C  CARBON STEEL  ...          8.0   
2                   SMLS       GR6/B/C/X42  CARBON STEEL  ...          8.0   
3                   SMLS   GRADE-6/B/C/X42  CARBON STEEL  ...          8.0   
4               SEAMLESS       GR6/B/C/X42  CARBON STEEL  ...          8.0   
5               SEAMLESS   GRADE-6/B/C/X42  CARBON STEEL  ...          8.0   
6               SEAMLESS               X42  CARBON STEEL  ...          8.0   
7               SEAMLESS        B/X42/PSL1  CARBON STEEL  ...          8.0   
8                   SMLS  GRADE-B/X42/PSL1  CARBON STEEL  ...          8.0   
9                   SMLS               X42  CARBON STEEL  ...          8.0   
10              SEAMLESS                 B  CARBON STEEL  ...          8.0   
11                  SMLS                 B  CARBON STEEL  ...          8.0   
12              SEAMLESS               P11   ALLOY STEEL  ...          8.0   
13              SEAMLESS               P11   ALLOY STEEL  ...          8.0   
14              SEAMLESS           GR6/B/C  CARBON STEEL  ...          8.0   
15                  SMLS           GR6/B/C  CARBON STEEL  ...          8.0   
16              SEAMLESS                 B  CARBON STEEL  ...          8.0   
17              SEAMLESS                 B  CARBON STEEL  ...          8.0   
18              SEAMLESS                 B  CARBON STEEL  ...          8.0   
19              SEAMLESS                 B  CARBON STEEL  ...          8.0   
20              SEAMLESS                 B  CARBON STEEL  ...          8.0   
21              SEAMLESS                 B  CARBON STEEL  ...          8.0   
22              SEAMLESS                 B  CARBON STEEL  ...          8.0   
23              SEAMLESS                 B  CARBON STEEL  ...          8.0   
24              SEAMLESS                 B  CARBON STEEL  ...          8.0   

   PRIMARY_WALL     PRODUCT_CODE REDUCING_SCHEDULE REDUCING_SIZE  \
0                  IPA3/B08012VG               NAN           NAN   
1                  IPA3/B08012VG               NAN           NAN   
2                    SPA3/B08012               NAN           NAN   
3                     PA3/B08012               NAN           NAN   
4                    SPA3/B08012               NAN           NAN   
5                     PA3/B08012               NAN           NAN   
6                 SIPA3/B08012PT               NAN           NAN   
7                 SIPA3/B08012PT               NAN           NAN   
8                  IPA3/B08012PT               NAN           NAN   
9                  IPA3/B08012PT               NAN           NAN   
10               BS1208006522.5M               NAN           NAN   
11               BS1208006522.5M               NAN           NAN   
12                   SIPA1108012               NAN           NAN   
13                   SIPA1108012               NAN           NAN   
14                  IPA3/B080STA               NAN           NAN   
15                  IPA3/B080STA               NAN           NAN   
16                      IPA08012               NAN           NAN   
17                     HWPA08012               NAN           NAN   
18                       PA08012               NAN           NAN   
19                      SPA08012               NAN           NAN   
20                       PA08012               NAN           NAN   
21                      SPA08012               NAN           NAN   
22                     HWPA08012               NAN           NAN   
23                      WPA08012               NAN           NAN   
24                     SIPA08012               NAN           NAN   

   REDUCING_WALL TRIM            TYPE WALL_THICKNESS     score  
0                 NAN   SEAMLESS PIPE                 0.903025  
1                 NAN   SEAMLESS PIPE                 0.903025  
2                 NAN   SEAMLESS PIPE                 0.897976  
3                 NAN   SEAMLESS PIPE                 0.897976  
4                 NAN   SEAMLESS PIPE                 0.897976  
5                 NAN   SEAMLESS PIPE                 0.897976  
6                 NAN   SEAMLESS PIPE                 0.893773  
7                 NAN        SEAMLESS                 0.893773  
8                 NAN   SEAMLESS PIPE                 0.893773  
9                 NAN   SEAMLESS PIPE                 0.893773  
10                NAN  NIPPLE MITERED                 0.891907  
11                NAN     PIPE NIPPLE                 0.891907  
12                NAN   SEAMLESS PIPE                 0.891520  
13                NAN   SEAMLESS PIPE                 0.891520  
14                NAN   SEAMLESS PIPE                 0.891271  
15                NAN   SEAMLESS PIPE                 0.891271  
16                NAN   SEAMLESS PIPE                 0.890396  
17                NAN   SEAMLESS PIPE                 0.890396  
18                NAN        SEAMLESS                 0.890396  
19                NAN        SEAMLESS                 0.890396  
20                NAN   SEAMLESS PIPE                 0.890396  
21                NAN   SEAMLESS PIPE                 0.890396  
22                NAN   SEAMLESS PIPE                 0.890396  
23                NAN        SEAMLESS                 0.890396  
24                NAN   SEAMLESS PIPE                 0.890396  

[25 rows x 25 columns]",0,EXCELLENT
87,"6"" SCH 40 A53B ERW","6"" STD .280W BLK SA53-B ERW PIPE",True,87,2,25.440004500000214,"   CATEGORY  CONFIDENCE                           DESCRIPTION END_CONNECTIONS  \
0      PIPE         0.9       6"" XH .432W BLK SA53-B ERW PIPE             NAN   
1      PIPE         0.9       6"" XH .432W BLK SA53-B ERW PIPE             NAN   
2      PIPE         0.9      6"" STD .280W BLK SA53-B ERW PIPE             NAN   
3      PIPE         0.9      6"" STD .280W BLK SA53-B ERW PIPE             NAN   
4      PIPE         0.9      6"" STD .280W BLK SA53-B ERW PIPE             NAN   
5      PIPE         0.9      6"" STD .280W BLK SA53-B ERW PIPE             NAN   
6      PIPE         0.9      6"" STD .280W BLK SA53-B ERW PIPE             NAN   
7      PIPE         0.9      6"" STD .280W BLK SA53-B ERW PIPE             NAN   
8      PIPE         0.9      6"" STD .280W BLK SA53-B ERW PIPE             NAN   
9      PIPE         0.9  6"" .156W SA53-B API-5L/X-42 ERW PIPE             NAN   
10     PIPE         0.9  6"" .156W SA53-B API-5L/X-42 ERW PIPE             NAN   
11     PIPE         0.9              6"" .188W SA53-B ERW PIPE             NAN   
12  FITTING         0.9        6"" XH LR 45WELD ELL, SA234-WPB       BUTT WELD   
13  FITTING         0.9        6"" XH LR 45WELD ELL, SA234-WPB       BUTT WELD   
14  FITTING         0.9        6"" XH LR 45WELD ELL, SA234-WPB       BUTT WELD   
15  FITTING         0.9        6"" XH LR 45WELD ELL, SA234-WPB       BUTT WELD   
16  FITTING         0.9        6"" XH LR 45WELD ELL, SA234-WPB       BUTT WELD   
17  FITTING         0.9        6"" XH LR 45WELD ELL, SA234-WPB       BUTT WELD   
18  FITTING         0.9        6"" XH LR 45WELD ELL, SA234-WPB              BW   
19  FITTING         0.9        6"" XH LR 45WELD ELL, SA234-WPB       BUTT WELD   
20     PIPE         0.9          6"" .250W BLK SA53-B ERW PIPE             NAN   
21  FITTING         0.9      6"" S-120LR 45WELD ELL, SA234-WPB       BUTT WELD   
22  FITTING         0.9      6"" S-120LR 45WELD ELL, SA234-WPB       BUTT WELD   
23  FITTING         0.9      6"" S-120LR 45WELD ELL, SA234-WPB              BW   
24  FITTING         0.9      6"" S-120LR 45WELD ELL, SA234-WPB       BUTT WELD   

   END_FINISH ID LENGTH MANUFACTURING_PROCESS MATERIAL_GRADE MATERIAL_NAME  \
0         BLK       NAN                   ERW              B  CARBON STEEL   
1         BLK       NAN                   ERW              B  CARBON STEEL   
2       BLACK       NAN                   ERW              B  CARBON STEEL   
3         BLK       NAN                   ERW              B  CARBON STEEL   
4       BLACK       NAN                   ERW              B  CARBON STEEL   
5       BLACK       NAN                   ERW              B  CARBON STEEL   
6       BLACK       NAN                   ERW              B  CARBON STEEL   
7         BLK       NAN                   ERW              B  CARBON STEEL   
8       BLACK       NAN                   ERW              B  CARBON STEEL   
9         NAN       NAN                   ERW              B  CARBON STEEL   
10        NAN       NAN                   ERW           X-42  CARBON STEEL   
11        NAN       NAN                   ERW              B  CARBON STEEL   
12        NAN       NAN                WELDED            WPB  CARBON STEEL   
13         BW       NAN                   NAN            WPB  CARBON STEEL   
14    BEVELED       NAN                   NAN            WPB  CARBON STEEL   
15         BW       NAN                   NAN            WPB  CARBON STEEL   
16        NAN       NAN                   NAN            WPB  CARBON STEEL   
17  BUTT WELD       NAN                   NAN            WPB  CARBON STEEL   
18  BUTT WELD       NAN                   NAN            WPB  CARBON STEEL   
19         BW       NAN                   NAN            WPB  CARBON STEEL   
20        BLK       NAN                   ERW              B  CARBON STEEL   
21         BW       NAN                   NAN            WPB  CARBON STEEL   
22        NAN       NAN                WELDED            WPB  CARBON STEEL   
23        NAN       NAN                   NAN            WPB  CARBON STEEL   
24         BW       NAN                   NAN            WPB  CARBON STEEL   

    ... PRIMARY_SIZE PRIMARY_WALL PRODUCT_CODE REDUCING_SCHEDULE  \
0   ...          6.0                   PE060XH               NAN   
1   ...          6.0                   PE060XH               NAN   
2   ...          6.0                   PE060ST               NAN   
3   ...          6.0                   PE060ST               NAN   
4   ...          6.0                  SPE060ST               NAN   
5   ...          6.0                  IPE060ST               NAN   
6   ...          6.0                 IPE060STC               NAN   
7   ...          6.0                  SPE060ST               NAN   
8   ...          6.0                  IPE060ST               NAN   
9   ...          6.0                  PE060156               NAN   
10  ...          6.0                  PE060156               NAN   
11  ...          6.0                   IPE0601               NAN   
12  ...          6.0                  WWL4060X               NAN   
13  ...          6.0                  KWL4060X               NAN   
14  ...          6.0                 IWL4060XA               NAN   
15  ...          6.0                 IWL4060XA               NAN   
16  ...          6.0                IWL4060XCI               NAN   
17  ...          6.0                  KWL4060X               NAN   
18  ...          6.0                  WWL4060X               NAN   
19  ...          6.0                IWL4060XCI               NAN   
20  ...          6.0                  PE060250               NAN   
21  ...          6.0                IWL406012A               NAN   
22  ...          6.0                IWL406012A               NAN   
23  ...          6.0                 IWL406012               NAN   
24  ...          6.0                 IWL406012               NAN   

   REDUCING_SIZE REDUCING_WALL TRIM                  TYPE WALL_THICKNESS  \
0            NAN                NAN              ERW PIPE                  
1            NAN                NAN                   ERW                  
2            NAN                NAN              ERW PIPE                  
3            NAN                NAN              ERW PIPE                  
4            NAN                NAN              ERW PIPE                  
5            NAN                NAN              ERW PIPE                  
6            NAN                NAN              ERW PIPE                  
7            NAN                NAN              ERW PIPE                  
8            NAN                NAN              ERW PIPE                  
9            NAN                NAN              ERW PIPE                  
10           NAN                NAN              ERW PIPE                  
11           NAN                NAN              ERW PIPE                  
12           NAN                NAN  LONG RADIUS 45 ELBOW                  
13           NAN                NAN  LONG RADIUS 45 ELBOW                  
14           NAN                NAN  LONG RADIUS 45 ELBOW                  
15           NAN                NAN  LONG RADIUS 45 ELBOW                  
16           NAN                NAN  LONG RADIUS 45 ELBOW                  
17           NAN                NAN  LONG RADIUS 45 ELBOW                  
18           NAN                NAN  LONG RADIUS 45 ELBOW                  
19           NAN                NAN  LONG RADIUS 45 ELBOW                  
20           NAN                NAN              ERW PIPE                  
21           NAN                NAN  LONG RADIUS 45 ELBOW                  
22           NAN                NAN  LONG RADIUS 45 ELBOW                  
23           NAN                NAN           ELBOW 45DEG                  
24           NAN                NAN  LONG RADIUS ELBOW 45                  

       score  
0   0.921315  
1   0.921315  
2   0.907427  
3   0.907427  
4   0.907427  
5   0.907427  
6   0.907427  
7   0.907427  
8   0.907427  
9   0.905605  
10  0.905605  
11  0.904832  
12  0.902619  
13  0.902619  
14  0.902619  
15  0.902619  
16  0.902619  
17  0.902619  
18  0.902619  
19  0.902619  
20  0.900092  
21  0.900013  
22  0.900013  
23  0.900013  
24  0.900013  

[25 rows x 25 columns]",0,EXCELLENT
88,"15000155-ELBOW,LR45,2,S160","2"" S-160 LR 45WELD ELL, SA234-WPB",True,88,0,20.211083199999848,"   CATEGORY  CONFIDENCE  \
0   FITTING         0.9   
1   FITTING         0.9   
2   FITTING         0.9   
3   FITTING         0.9   
4   FITTING         0.9   
5   FITTING         0.9   
6   FITTING         0.9   
7   FITTING         0.9   
8   FITTING         0.9   
9   FITTING         0.9   
10  FITTING         0.9   
11  FITTING         0.9   
12  FITTING         0.9   
13  FITTING         0.9   
14  FITTING         0.9   
15  FITTING         0.9   
16  FITTING         0.9   
17  FITTING         0.9   
18  FITTING         0.9   
19  FITTING         0.9   
20  FITTING         0.9   
21  FITTING         0.9   
22  FITTING         0.9   
23  FITTING         0.9   
24  FITTING         0.9   

                                               DESCRIPTION END_CONNECTIONS  \
0                        2"" S-160 LR 45WELD ELL, SA234-WPB       BUTT WELD   
1                        2"" S-160 LR 45WELD ELL, SA234-WPB       BUTT WELD   
2                        2"" S-160 LR 45WELD ELL, SA234-WPB       BUTT WELD   
3                       2"" S-160 LR 45WELD ELL, SA420-WPL6              BW   
4                       2"" S-160 LR 45WELD ELL, SA420-WPL6       BUTT WELD   
5                       2"" S-160 LR 45 WELD ELL, SA234-WPB       BUTT WELD   
6                       2"" S-160 LR 45 WELD ELL, SA234-WPB       BUTT WELD   
7                       2"" S-160 LR 45 WELD ELL, SA234-WPB       BUTT WELD   
8   36"" - 2"" X 1"" 3000 FS THREADED ELBOW FLEX-O-LET, SA105        THREADED   
9                        2"" 6000 FS THREADED 45 ELL, SA105        THREADED   
10                       2"" 6000 FS THREADED 45 ELL, SA105        THREADED   
11                       2"" 6000 FS THREADED 45 ELL, SA105        THREADED   
12                       2"" 6000 FS THREADED 45 ELL, SA105        THREADED   
13                       2"" 6000 FS THREADED 45 ELL, SA105        THREADED   
14                       2"" 6000 FS THREADED 45 ELL, SA105        THREADED   
15                     2"" S-160 LR 90 WELD ELL, SA420-WPL6       BUTT WELD   
16                     2"" S-160 LR 90 WELD ELL, SA420-WPL6       BUTT WELD   
17                     2"" S-160 LR 90 WELD ELL, SA420-WPL6       BUTT WELD   
18                     2"" S-160 LR 90 WELD ELL, SA420-WPL6       BUTT WELD   
19                       2"" 3000 FS THREADED 45 ELL, SA105        THREADED   
20                       2"" 3000 FS THREADED 45 ELL, SA105        THREADED   
21                       2"" 3000 FS THREADED 45 ELL, SA105        THREADED   
22                      2"" S-160 LR 90 WELD ELL, SA234-WPB       BUTT WELD   
23                      2"" S-160 LR 90 WELD ELL, SA234-WPB       BUTT WELD   
24                      2"" S-160 LR 90 WELD ELL, SA234-WPB       BUTT WELD   

   END_FINISH ID LENGTH MANUFACTURING_PROCESS MATERIAL_GRADE MATERIAL_NAME  \
0          BW       NAN                   NAN            WPB  CARBON STEEL   
1          BW       NAN                   NAN            WPB  CARBON STEEL   
2         NAN       NAN                   NAN            WPB  CARBON STEEL   
3         NAN       NAN                   NAN           WPL6  CARBON STEEL   
4          BW       NAN                   NAN           WPL6  CARBON STEEL   
5          BW       NAN                   NAN            WPB  CARBON STEEL   
6         NAN       NAN                   NAN            WPB  CARBON STEEL   
7          BW       NAN                   NAN            WPB  CARBON STEEL   
8         NAN       NAN                   NAN            NAN  CARBON STEEL   
9         NAN       NAN                FORGED            NAN  CARBON STEEL   
10        NAN       NAN          FORGED STEEL            NAN  CARBON STEEL   
11        NAN       NAN                FORGED            NAN  CARBON STEEL   
12        NAN       NAN          FORGED STEEL            NAN  CARBON STEEL   
13        NAN       NAN                FORGED            NAN  CARBON STEEL   
14        NAN       NAN                FORGED            NAN  CARBON STEEL   
15         BW       NAN                   NAN           WPL6  CARBON STEEL   
16         BW       NAN                   NAN           WPL6  CARBON STEEL   
17        NAN       NAN                   NAN           WPL6  CARBON STEEL   
18         BW       NAN                   NAN           WPL6  CARBON STEEL   
19        NAN       NAN                FORGED            NAN  CARBON STEEL   
20        NAN       NAN                   NAN            NAN  CARBON STEEL   
21        NAN       NAN          FORGED STEEL            NAN  CARBON STEEL   
22         BW       NAN                   NAN            WPB  CARBON STEEL   
23         BW       NAN                   NAN            WPB  CARBON STEEL   
24        NAN       NAN                   NAN            WPB  CARBON STEEL   

    ... PRIMARY_SIZE PRIMARY_WALL  PRODUCT_CODE REDUCING_SCHEDULE  \
0   ...          2.0                 IWL402016A               NAN   
1   ...          2.0                  IWL402016               NAN   
2   ...          2.0                  IWL402016               NAN   
3   ...          2.0                 IWL4602016               NAN   
4   ...          2.0                 IWL4602016               NAN   
5   ...          2.0                   WL402016               NAN   
6   ...          2.0                  KWL402016               NAN   
7   ...          2.0                  KWL402016               NAN   
8   ...          2.0                 IM3E010360               NAN   
9   ...          2.0                  IM6T4E020               NAN   
10  ...          2.0                  IM6T4E020               NAN   
11  ...          2.0                  SM6T4E020               NAN   
12  ...          2.0                  SM6T4E020               NAN   
13  ...          2.0                   M6T4E020               NAN   
14  ...          2.0                   M6T4E020               NAN   
15  ...          2.0               IWL9PL602016               NAN   
16  ...          2.0                 IWL9602016               NAN   
17  ...          2.0                WL9PL602016               NAN   
18  ...          2.0                WL9PL602016               NAN   
19  ...          2.0                  SM3T4E020               NAN   
20  ...          2.0                  SM3T4E020               NAN   
21  ...          2.0                   M3T4E020               NAN   
22  ...          2.0                  KWL902016               NAN   
23  ...          2.0                 ISWL902016               NAN   
24  ...          2.0               KWL902016SKB               NAN   

   REDUCING_SIZE REDUCING_WALL TRIM                  TYPE WALL_THICKNESS  \
0            NAN                NAN  LONG RADIUS 45 ELBOW                  
1            NAN                NAN  LONG RADIUS 45 ELBOW                  
2            NAN                NAN  LONG RADIUS 45 ELBOW                  
3            NAN                NAN  LONG RADIUS 45 ELBOW                  
4            NAN                NAN  LONG RADIUS 45 ELBOW                  
5            NAN                NAN  LONG RADIUS 45 ELBOW                  
6            NAN                NAN  LONG RADIUS 45 ELBOW                  
7            NAN                NAN  LONG RADIUS 45 ELBOW                  
8              1                NAN      THREADED ELBOLET                  
9            NAN                NAN       ELBOW 45 DEGREE                  
10           NAN                NAN       45 DEGREE ELBOW                  
11           NAN                NAN       45 DEGREE ELBOW                  
12           NAN                NAN       ELBOW 45 DEGREE                  
13           NAN                NAN       ELBOW 45 DEGREE                  
14           NAN                NAN       ELBOW 45 DEGREE                  
15           NAN                NAN  LONG RADIUS 90 ELBOW                  
16           NAN                NAN  LONG RADIUS 90 ELBOW                  
17           NAN                NAN  LONG RADIUS 90 ELBOW                  
18           NAN                NAN  LONG RADIUS 90 ELBOW                  
19           NAN                NAN       ELBOW 45 DEGREE                  
20           NAN                NAN       45 DEGREE ELBOW                  
21           NAN                NAN       45 DEGREE ELBOW                  
22           NAN                NAN  LONG RADIUS 90 ELBOW                  
23           NAN                NAN  LONG RADIUS 90 ELBOW                  
24           NAN                NAN  LONG RADIUS 90 ELBOW                  

       score  
0   0.898316  
1   0.898316  
2   0.898316  
3   0.895793  
4   0.895793  
5   0.889200  
6   0.889200  
7   0.889200  
8   0.877786  
9   0.876076  
10  0.876076  
11  0.876076  
12  0.876076  
13  0.876076  
14  0.876076  
15  0.873275  
16  0.873275  
17  0.873275  
18  0.873275  
19  0.873192  
20  0.873192  
21  0.873192  
22  0.871903  
23  0.871903  
24  0.871903  

[25 rows x 25 columns]",0,EXCELLENT
89,"11100653FLG,WN,RF,10,150 ,S160-SA-105N","10"" 150 RF WELD NECK FLANGE S-160 BORE, SA105N-FGP",True,89,17,15.041985400000158,"   CATEGORY  CONFIDENCE  \
0    FLANGE         1.0   
1    FLANGE         0.9   
2    FLANGE         0.9   
3    FLANGE         0.9   
4    FLANGE         0.9   
5    FLANGE         0.9   
6    FLANGE         0.9   
7    FLANGE         0.9   
8    FLANGE         1.0   
9    FLANGE         1.0   
10   FLANGE         0.9   
11   FLANGE         1.0   
12   FLANGE         0.9   
13   FLANGE         0.9   
14   FLANGE         0.9   
15   FLANGE         1.0   
16   FLANGE         1.0   
17   FLANGE         0.9   
18   FLANGE         0.9   
19   FLANGE         0.9   
20   FLANGE         0.9   
21     PIPE         0.9   
22   FLANGE         0.9   
23   FLANGE         0.9   
24   FLANGE         1.0   

                                                    DESCRIPTION  \
0                           10"" 150 RF BLIND FLANGE, SA105N-FGP   
1                           10"" 150 RF BLIND FLANGE, SA105N-FGP   
2                                       10"" 150 RF BLIND, SA105   
3                           10"" 600 RF BLIND FLANGE, SA105N-FGP   
4                           10"" 600 RF BLIND FLANGE, SA105N-FGP   
5                                10"" 150 RF BLIND FLANGE, SA105   
6                                10"" 150 RF BLIND FLANGE, SA105   
7                                10"" 150 RF BLIND FLANGE, SA105   
8                                10"" 150 RF BLIND FLANGE, SA105   
9                                10"" 150 RF BLIND FLANGE, SA105   
10                               10"" 150 RF BLIND FLANGE, SA105   
11                               10"" 150 RF BLIND FLANGE, SA105   
12                        10"" 150 RF SLIP ON FLANGE, SA105N-FGP   
13                        10"" 150 RF SLIP ON FLANGE, SA105N-FGP   
14                              10"" 150 RF BLIND FLANGE, SA105N   
15                              10"" 150 RF BLIND FLANGE, SA105N   
16                              10"" 150 RF BLIND FLANGE, SA105N   
17           10"" 150 RF WELD NECK FLANGE S-160 BORE, SA105N-FGP   
18           10"" 150 RF WELD NECK FLANGE S-160 BORE, SA105N-FGP   
19                            10"" 150 RF THREADED FLANGE, SA105   
20                            10"" 150 RF THREADED FLANGE, SA105   
21                        10"" S-160 1.125WA53/SA106-B SMLS PIPE   
22       10"" 150 RF WELD NECK FLANGE S-160 BORE, SA105N-HFN S62   
23  10"" 300 RF LONG WELD NECK X 14"" LG, SA105N-FGP/SA350LF2-FGP   
24                              10"" 600 RF BLIND FLANGE, SA105N   

   END_CONNECTIONS   END_FINISH ID LENGTH MANUFACTURING_PROCESS  \
0              NAN  RAISED FACE       NAN                   NAN   
1              NAN  RAISED FACE       NAN                   NAN   
2              NAN  RAISED FACE       NAN                   NAN   
3              NAN           RF       NAN                   NAN   
4              NAN  RAISED FACE       NAN                   NAN   
5              NAN  RAISED FACE       NAN                   NAN   
6              NAN  RAISED FACE       NAN                   NAN   
7              NAN  RAISED FACE       NAN                   NAN   
8              NAN  RAISED FACE       NAN                   NAN   
9              NAN  RAISED FACE       NAN                   NAN   
10             NAN  RAISED FACE       NAN                   NAN   
11             NAN  RAISED FACE       NAN                   NAN   
12             NAN  RAISED FACE       NAN                FORGED   
13             NAN  RAISED FACE       NAN                   NAN   
14             NAN  RAISED FACE       NAN                   NAN   
15             NAN  RAISED FACE       NAN                   NAN   
16             NAN  RAISED FACE       NAN                   NAN   
17             NAN  RAISED FACE       NAN                   NAN   
18             NAN  RAISED FACE       NAN                   NAN   
19        THREADED  RAISED FACE       NAN                   NAN   
20        THREADED          NAN       NAN                   NAN   
21             NAN          NAN       NAN              SEAMLESS   
22             NAN  RAISED FACE       NAN                   NAN   
23             NAN  RAISED FACE        14                  LONG   
24             NAN  RAISED FACE       NAN                   NAN   

   MATERIAL_GRADE MATERIAL_NAME  ... PRIMARY_SIZE PRIMARY_WALL  \
0               N  CARBON STEEL  ...         10.0                
1               N  CARBON STEEL  ...         10.0                
2             NAN  CARBON STEEL  ...         10.0                
3               N  CARBON STEEL  ...         10.0                
4               N  CARBON STEEL  ...         10.0                
5             NAN  CARBON STEEL  ...         10.0                
6             NAN  CARBON STEEL  ...         10.0                
7             NAN  CARBON STEEL  ...         10.0                
8             NAN  CARBON STEEL  ...         10.0                
9             NAN  CARBON STEEL  ...         10.0                
10            NAN  CARBON STEEL  ...         10.0                
11            NAN  CARBON STEEL  ...         10.0                
12              N  CARBON STEEL  ...         10.0                
13              N  CARBON STEEL  ...         10.0                
14              N  CARBON STEEL  ...         10.0                
15              N  CARBON STEEL  ...         10.0                
16              N  CARBON STEEL  ...         10.0                
17              N  CARBON STEEL  ...         10.0                
18              N  CARBON STEEL  ...         10.0                
19            NAN  CARBON STEEL  ...         10.0                
20            NAN  CARBON STEEL  ...         10.0                
21              B  CARBON STEEL  ...         10.0                
22              N  CARBON STEEL  ...         10.0                
23            FGP  CARBON STEEL  ...         10.0                
24              N  CARBON STEEL  ...         10.0                

          PRODUCT_CODE REDUCING_SCHEDULE REDUCING_SIZE REDUCING_WALL TRIM  \
0            FBD011001               NAN           NAN                NAN   
1            FBD011001               NAN           NAN                NAN   
2           SFBD011001               NAN           NAN                NAN   
3            FBD061001               NAN           NAN                NAN   
4            FBD061001               NAN           NAN                NAN   
5           WFBD011001               NAN           NAN                NAN   
6         FBD011001BTX               NAN           NAN                NAN   
7           IFBD011001               NAN           NAN                NAN   
8          ISFBD011001               NAN           NAN                NAN   
9           IFBD011001               NAN           NAN                NAN   
10         ISFBD011001               NAN           NAN                NAN   
11          WFBD011001               NAN           NAN                NAN   
12           FSO011001               NAN           NAN                NAN   
13           FSO011001               NAN           NAN                NAN   
14        IFBD011001NA               NAN           NAN                NAN   
15        IFBD011001NA               NAN           NAN                NAN   
16          FBDN011001               NAN           NAN                NAN   
17         FWN01100116               NAN           NAN                NAN   
18      FWN01100116PPI               NAN           NAN                NAN   
19          IFTH011001               NAN           NAN                NAN   
20          IFTH011001               NAN           NAN                NAN   
21          IPA10016TM               NAN           NAN                NAN   
22  IFWN01100116GB-HFN               NAN           NAN                NAN   
23        FLWN03100114               NAN           NAN                NAN   
24        FBD061001BTX               NAN           NAN                NAN   

                    TYPE WALL_THICKNESS     score  
0                  BLIND                 0.900284  
1                  BLIND                 0.900284  
2                  BLIND                 0.895506  
3                  BLIND                 0.894549  
4                  BLIND                 0.894549  
5                  BLIND                 0.894075  
6                  BLIND                 0.894075  
7                  BLIND                 0.894075  
8                  BLIND                 0.894075  
9                  BLIND                 0.894075  
10                 BLIND                 0.894075  
11                 BLIND                 0.894075  
12               SLIP ON                 0.893011  
13               SLIP ON                 0.893011  
14                 BLIND                 0.892531  
15                 BLIND                 0.892531  
16                 BLIND                 0.892531  
17             WELD NECK                 0.892460  
18             WELD NECK                 0.892460  
19              THREADED                 0.892236  
20  THREADED RAISED FACE                 0.892236  
21             SMLS PIPE                 0.889650  
22             WELD NECK                 0.888201  
23             WELD NECK                 0.886929  
24                 BLIND                 0.885462  

[25 rows x 25 columns]",0,EXCELLENT
90,"11100566-FLG,WN,RF,12,150 ,XH-SA-105N","12"" 150 RF WELD NECK FLANGE XH BORE, SA105N-FGP/SA 350 LF2 CL1",True,90,26,20.899659300000167,"   CATEGORY  CONFIDENCE                                           DESCRIPTION  \
0    FLANGE         0.9                   12"" 150 RF BLIND FLANGE, SA105N-FGP   
1    FLANGE         0.9                   12"" 150 RF BLIND FLANGE, SA105N-FGP   
2   FITTING         0.9  12"" - 8"" X 1-0.5"" 3000 FS THREADED FLEX-O-LET, SA105   
3   FITTING         0.9  12"" - 8"" X 1-0.5"" 3000 FS THREADED FLEX-O-LET, SA105   
4   FITTING         0.9  12"" - 8"" X 1-0.5"" 3000 FS THREADED FLEX-O-LET, SA105   
5   FITTING         0.9  12"" - 8"" X 1-0.5"" 3000 FS THREADED FLEX-O-LET, SA105   
6    FLANGE         0.9                        12"" 150 RF BLIND FLANGE, SA105   
7    FLANGE         0.9                        12"" 150 RF BLIND FLANGE, SA105   
8    FLANGE         0.9                        12"" 150 RF BLIND FLANGE, SA105   
9    FLANGE         0.9                        12"" 150 RF BLIND FLANGE, SA105   
10   FLANGE         1.0                        12"" 150 RF BLIND FLANGE, SA105   
11   FLANGE         0.9                        12"" 150 RF BLIND FLANGE, SA105   
12   FLANGE         0.9                 12"" 150 RF SLIP ON FLANGE, SA105N-FGP   
13   FLANGE         0.9                 12"" 150 RF SLIP ON FLANGE, SA105N-FGP   
14   FLANGE         0.9                        12"" 150 RF LWN X 16"" SA350-LF2   
15   FLANGE         0.9                        12"" 150 RF LWN X 16"" SA350-LF2   
16   FLANGE         1.0                       12"" 150 RF BLIND FLANGE, SA105N   
17   FLANGE         1.0                       12"" 150 RF BLIND FLANGE, SA105N   
18   FLANGE         0.9                       12"" 150 RF BLIND FLANGE, SA105N   
19   FLANGE         1.0                       12"" 150 RF BLIND FLANGE, SA105N   
20   FLANGE         0.9                   12"" 600 RF BLIND FLANGE, SA105N-FGP   
21   FLANGE         0.9                   12"" 600 RF BLIND FLANGE, SA105N-FGP   
22   FLANGE         0.9                   12"" 600 RF BLIND FLANGE, SA105N-FGP   
23  FITTING         0.9                    14 - 12"" X 3"" XH WELD-O-LET, SA105   
24   FLANGE         0.9     12"" 1500 RF WELD NECK FLANGES-120 BORE,SA105N-FGP   

   END_CONNECTIONS   END_FINISH ID LENGTH MANUFACTURING_PROCESS  \
0              NAN  RAISED FACE       NAN                   NAN   
1              NAN  RAISED FACE       NAN                   NAN   
2         THREADED          NAN       NAN          FORGED STEEL   
3         THREADED          NAN       NAN                   NAN   
4         THREADED          NAN       NAN                   NAN   
5         THREADED          NAN       NAN                   NAN   
6              NAN  RAISED FACE       NAN                   NAN   
7              NAN  RAISED FACE       NAN                   NAN   
8              NAN  RAISED FACE       NAN                   NAN   
9              NAN  RAISED FACE       NAN                   NAN   
10             NAN  RAISED FACE       NAN                   NAN   
11             NAN  RAISED FACE       NAN                   NAN   
12             NAN           RF       NAN                   NAN   
13             NAN  RAISED FACE       NAN                   NAN   
14             NAN  RAISED FACE       NAN                   NAN   
15             NAN  RAISED FACE       NAN                   NAN   
16             NAN  RAISED FACE       NAN                   NAN   
17             NAN  RAISED FACE       NAN                   NAN   
18             NAN  RAISED FACE       NAN                   NAN   
19             NAN           RF       NAN                   NAN   
20             NAN  RAISED FACE       NAN                   NAN   
21             NAN           RF       NAN                   NAN   
22             NAN  RAISED FACE       NAN                   NAN   
23             NAN          NAN       NAN                   NAN   
24             NAN  RAISED FACE       NAN                   NAN   

   MATERIAL_GRADE MATERIAL_NAME  ... PRIMARY_SIZE PRIMARY_WALL  PRODUCT_CODE  \
0               N  CARBON STEEL  ...         12.0                  FBD011201   
1               N  CARBON STEEL  ...         12.0                FBD011201AF   
2             NAN  CARBON STEEL  ...         12.0                 IM3T015120   
3             NAN  CARBON STEEL  ...         12.0                  M3T015120   
4             NAN  CARBON STEEL  ...         12.0                  M3T015120   
5             NAN  CARBON STEEL  ...         12.0                 IM3T015120   
6             NAN  CARBON STEEL  ...         12.0                 WFBD011201   
7             NAN  CARBON STEEL  ...         12.0                 IFBD011201   
8             NAN  CARBON STEEL  ...         12.0               FBD011201BTX   
9             NAN  CARBON STEEL  ...         12.0                 SFBD011201   
10            NAN  CARBON STEEL  ...         12.0                ISFBD011201   
11            NAN  CARBON STEEL  ...         12.0                ISFBD011201   
12              N  CARBON STEEL  ...         12.0                  FSO011201   
13              N  CARBON STEEL  ...         12.0                  FSO011201   
14            LF2  CARBON STEEL  ...         12.0                SFLWL112116   
15            LF2  CARBON STEEL  ...         12.0                SFLWL112116   
16              N  CARBON STEEL  ...         12.0                 FBDN011201   
17              N  CARBON STEEL  ...         12.0               IFBD011201NA   
18              N  CARBON STEEL  ...         12.0                 FBDN011201   
19              N  CARBON STEEL  ...         12.0               IFBD011201NA   
20              N  CARBON STEEL  ...         12.0                  FBD061201   
21              N  CARBON STEEL  ...         12.0               IFBD061201NA   
22              N  CARBON STEEL  ...         12.0               IFBD061201NA   
23            NAN  CARBON STEEL  ...         12.0                  MXW030140   
24              N  CARBON STEEL  ...         12.0               KFWN15120112   

   REDUCING_SCHEDULE REDUCING_SIZE REDUCING_WALL TRIM       TYPE  \
0                NAN           NAN                NAN      BLIND   
1                NAN           NAN                NAN      BLIND   
2                NAN           1.5                NAN   FLEXOLET   
3                NAN           1.5                NAN   FLEXOLET   
4                NAN           1.5                NAN   FLEXOLET   
5                NAN           1.5                NAN   FLEXOLET   
6                NAN           NAN                NAN      BLIND   
7                NAN           NAN                NAN      BLIND   
8                NAN           NAN                NAN      BLIND   
9                NAN           NAN                NAN      BLIND   
10               NAN           NAN                NAN      BLIND   
11               NAN           NAN                NAN      BLIND   
12               NAN           NAN                NAN    SLIP ON   
13               NAN           NAN                NAN    SLIP ON   
14               NAN            16                NAN  WELD NECK   
15               NAN            16                NAN  WELD NECK   
16               NAN           NAN                NAN      BLIND   
17               NAN           NAN                NAN      BLIND   
18               NAN           NAN                NAN      BLIND   
19               NAN           NAN                NAN      BLIND   
20               NAN           NAN                NAN      BLIND   
21               NAN           NAN                NAN      BLIND   
22               NAN           NAN                NAN      BLIND   
23               NAN             3                NAN   WELDOLET   
24               NAN           NAN                NAN  WELD NECK   

   WALL_THICKNESS     score  
0                  0.889015  
1                  0.889015  
2                  0.888497  
3                  0.888497  
4                  0.888497  
5                  0.888497  
6                  0.884897  
7                  0.884897  
8                  0.884897  
9                  0.884897  
10                 0.884897  
11                 0.884897  
12                 0.883789  
13                 0.883789  
14                 0.883653  
15                 0.883653  
16                 0.883625  
17                 0.883625  
18                 0.883625  
19                 0.883625  
20                 0.882649  
21                 0.882649  
22                 0.882649  
23                 0.881576  
24                 0.881182  

[25 rows x 25 columns]",0,EXCELLENT
91,"4-LR90S-ELBOW,LR90,4,STD-SA-234-WPB","4"" STD LR 90 WELD ELL, SA234-WPB",True,91,2,20.74056819999987,"   CATEGORY  CONFIDENCE                            DESCRIPTION  \
0   FITTING         0.9         4"" STD LR 90WELD ELL SA234-WPB   
1   FITTING         0.9         4"" STD LR 90WELD ELL SA234-WPB   
2   FITTING         0.9       4"" STD LR 90 WELD ELL, SA234-WPB   
3   FITTING         0.9       4"" STD LR 90 WELD ELL, SA234-WPB   
4   FITTING         0.9       4"" STD LR 90 WELD ELL, SA234-WPB   
5   FITTING         0.9       4"" STD LR 90 WELD ELL, SA234-WPB   
6   FITTING         0.9       4"" STD LR 90 WELD ELL, SA234-WPB   
7   FITTING         0.9       4"" STD LR 90 WELD ELL, SA234-WPB   
8   FITTING         0.9       4"" STD LR 90 WELD ELL, SA234-WPB   
9   FITTING         0.9       4"" STD LR 90 WELD ELL, SA234-WPB   
10  FITTING         0.9       4"" STD LR 90 WELD ELL, SA234-WPB   
11  FITTING         0.9       4"" STD LR 90 WELD ELL, SA234-WPB   
12  FITTING         0.9       4"" STD LR 90 WELD ELL, SA234-WPB   
13  FITTING         0.9       4"" STD LR 90 WELD ELL, SA234-WPB   
14  FITTING         0.9       4"" STD LR 90 WELD ELL, SA234-WPB   
15  FITTING         0.9        4"" STD SR 90WELD ELL, SA234-WPB   
16  FITTING         0.9        4"" STD SR 90WELD ELL, SA234-WPB   
17  FITTING         0.9  4"" STD LR 90 WELD ELL, SA234-WPB (VF)   
18  FITTING         0.9  4"" STD LR 90 WELD ELL, SA234-WPB (VF)   
19  FITTING         0.9       4"" STD SR 90 WELD ELL, SA234-WPB   
20  FITTING         0.9       4"" STD SR 90 WELD ELL, SA234-WPB   
21  FITTING         0.9       4"" STD SR 90 WELD ELL, SA234-WPB   
22  FITTING         0.9       4"" STD SR 90 WELD ELL, SA234-WPB   
23  FITTING         0.9       4"" STD SR 90 WELD ELL, SA234-WPB   
24  FITTING         0.9       4"" STD SR 90 WELD ELL, SA234-WPB   

   END_CONNECTIONS END_FINISH ID LENGTH MANUFACTURING_PROCESS MATERIAL_GRADE  \
0        BUTT WELD        NAN       NAN                WELDED            WPB   
1        BUTT WELD         BW       NAN                   NAN            WPB   
2              NAN  BUTT WELD       NAN                   NAN            WPB   
3        BUTT WELD        NAN       NAN                WELDED            WPB   
4               BW  BUTT WELD       NAN                   NAN            WPB   
5        BUTT WELD        NAN       NAN                   NAN            WPB   
6        BUTT WELD        NAN       NAN                   NAN            WPB   
7        BUTT WELD         BW       NAN                   NAN            WPB   
8        BUTT WELD        NAN       NAN                   NAN            WPB   
9              NAN  BUTT WELD       NAN                   NAN            WPB   
10       BUTT WELD        NAN       NAN                   NAN            WPB   
11              BW  BUTT WELD       NAN                   NAN            WPB   
12       BUTT WELD        NAN       NAN                   NAN            WPB   
13       BUTT WELD        NAN       NAN                   NAN            WPB   
14       BUTT WELD        NAN       NAN                   NAN            WPB   
15             NAN        NAN       NAN                  WELD            WPB   
16       BUTT WELD         BW       NAN                   NAN            WPB   
17       BUTT WELD         VF       NAN                   NAN            WPB   
18       BUTT WELD         VF       NAN                   NAN            WPB   
19       BUTT WELD       WELD       NAN                   NAN            WPB   
20       BUTT WELD        NAN       NAN                   NAN            WPB   
21       BUTT WELD        NAN       NAN                   NAN            WPB   
22       BUTT WELD        NAN       NAN                   NAN            WPB   
23       BUTT WELD         BW       NAN                   NAN            WPB   
24       BUTT WELD        NAN       NAN                   NAN            WPB   

   MATERIAL_NAME  ... PRIMARY_SIZE PRIMARY_WALL PRODUCT_CODE  \
0   CARBON STEEL  ...          4.0                  WWL9040S   
1   CARBON STEEL  ...          4.0                  WWL9040S   
2   CARBON STEEL  ...          4.0               KWL9040SSKB   
3   CARBON STEEL  ...          4.0                IWL9040STM   
4   CARBON STEEL  ...          4.0                 ISWL9040S   
5   CARBON STEEL  ...          4.0                 SIWL9040S   
6   CARBON STEEL  ...          4.0                IWL9040SCI   
7   CARBON STEEL  ...          4.0               KWL9040SSKB   
8   CARBON STEEL  ...          4.0                  KWL9040S   
9   CARBON STEEL  ...          4.0                  IWL9040S   
10  CARBON STEEL  ...          4.0                   WL9040S   
11  CARBON STEEL  ...          4.0                IWL9040SCI   
12  CARBON STEEL  ...          4.0                 ISWL9040S   
13  CARBON STEEL  ...          4.0                IWL9040STM   
14  CARBON STEEL  ...          4.0                  IWL9040S   
15  CARBON STEEL  ...          4.0                  WWS9040S   
16  CARBON STEEL  ...          4.0                  WWS9040S   
17  CARBON STEEL  ...          4.0                IWL9040SVF   
18  CARBON STEEL  ...          4.0                IWL9040SVF   
19  CARBON STEEL  ...          4.0               KWS9040SSKB   
20  CARBON STEEL  ...          4.0                  IWS9040S   
21  CARBON STEEL  ...          4.0                IWS9040STM   
22  CARBON STEEL  ...          4.0                   WS9040S   
23  CARBON STEEL  ...          4.0                IWS9040STM   
24  CARBON STEEL  ...          4.0                  IWS9040S   

   REDUCING_SCHEDULE REDUCING_SIZE REDUCING_WALL TRIM                   TYPE  \
0                NAN           NAN                NAN   LONG RADIUS 90 ELBOW   
1                NAN           NAN                NAN            ELBOW 90 LR   
2                NAN           NAN                NAN   LONG RADIUS 90 ELBOW   
3                NAN           NAN                NAN   LONG RADIUS 90 ELBOW   
4                NAN           NAN                NAN   LONG RADIUS 90 ELBOW   
5                NAN           NAN                NAN   LONG RADIUS 90 ELBOW   
6                NAN           NAN                NAN   LONG RADIUS 90 ELBOW   
7                NAN           NAN                NAN   LONG RADIUS 90 ELBOW   
8                NAN           NAN                NAN   LONG RADIUS 90 ELBOW   
9                NAN           NAN                NAN   LONG RADIUS 90 ELBOW   
10               NAN           NAN                NAN   LONG RADIUS 90 ELBOW   
11               NAN           NAN                NAN   LONG RADIUS 90 ELBOW   
12               NAN           NAN                NAN   LONG RADIUS 90 ELBOW   
13               NAN           NAN                NAN   LONG RADIUS 90 ELBOW   
14               NAN           NAN                NAN   LONG RADIUS 90 ELBOW   
15               NAN           NAN                NAN  SHORT RADIUS ELBOW 90   
16               NAN           NAN                NAN  SHORT RADIUS 90 ELBOW   
17               NAN           NAN                NAN   ELBOW 90 LONG RADIUS   
18               NAN           NAN                NAN   LONG RADIUS 90 ELBOW   
19               NAN           NAN                NAN  SHORT RADIUS 90 ELBOW   
20               NAN           NAN                NAN  SHORT RADIUS ELBOW 90   
21               NAN           NAN                NAN  SHORT RADIUS 90 ELBOW   
22               NAN           NAN                NAN  SHORT RADIUS ELBOW 90   
23               NAN           NAN                NAN  SHORT RADIUS 90 ELBOW   
24               NAN           NAN                NAN  SHORT RADIUS 90 ELBOW   

   WALL_THICKNESS     score  
0                  0.914163  
1                  0.914163  
2                  0.913160  
3                  0.913160  
4                  0.913160  
5                  0.913160  
6                  0.913160  
7                  0.913160  
8                  0.913160  
9                  0.913160  
10                 0.913160  
11                 0.913160  
12                 0.913160  
13                 0.913160  
14                 0.913160  
15                 0.912881  
16                 0.912881  
17                 0.912089  
18                 0.912089  
19                 0.910095  
20                 0.910095  
21                 0.910095  
22                 0.910095  
23                 0.910095  
24                 0.910095  

[25 rows x 25 columns]",0,EXCELLENT
92,"H05610 PI3-10S,WELDED,ASTM A312 GR.TP1.0L","3"" S-10S .120W WELDED SA312 TP1.0L",True,92,0,15.393587399999888,"   CATEGORY  CONFIDENCE                                           DESCRIPTION  \
0      PIPE         0.9                    3"" S-10S .120W WELDED SA312 TP1.0L   
1      PIPE         0.9                    3"" S-10S .120W WELDED SA312 TP1.0L   
2      PIPE         0.9                    3"" S-10S .120W WELDED SA312 TP1.0L   
3      PIPE         0.9                    3"" S-10S .120W WELDED SA312 TP1.0L   
4      PIPE         0.9                    3"" S-10S .120W WELDED SA312 TP1.0L   
5      PIPE         0.9                    3"" S-10S .120W WELDED SA312 TP1.0L   
6      PIPE         0.9                       3"" XH .300W WELDED SA312 TP1.0L   
7      PIPE         0.9                       3"" XH .300W WELDED SA312 TP1.0L   
8      PIPE         0.9                       3"" XH .300W WELDED SA312 TP1.0L   
9      PIPE         0.9                       3"" XH .300W WELDED SA312 TP1.0L   
10     PIPE         0.9                      3"" STD .216W WELDED SA312 TP1.0L   
11     PIPE         0.9                      3"" STD .216W WELDED SA312 TP1.0L   
12     PIPE         0.9                      3"" STD .216W WELDED SA312 TP1.0L   
13     PIPE         0.9                      3"" STD .216W WELDED SA312 TP1.0L   
14     PIPE         0.9                      3"" STD .216W WELDED SA312 TP1.0L   
15     PIPE         0.9                      3"" STD .216W WELDED SA312 TP1.0L   
16     PIPE         0.9                 3"" STD .216W WELDED PIPE SA312 TP1.0L   
17     PIPE         0.9                 3"" STD .216W WELDED PIPE SA312 TP1.0L   
18     PIPE         0.9                 3"" STD .216W WELDED PIPE SA312 TP1.0L   
19     PIPE         0.9                 3"" STD .216W WELDED PIPE SA312 TP1.0L   
20     PIPE         0.9                 3"" STD .216W WELDED PIPE SA312 TP1.0L   
21     PIPE         0.9  3"" STD .216W WELDED SA312 TP1.0L ""ASSEMBLY USE ONLY""   
22     PIPE         0.9  3"" STD .216W WELDED SA312 TP1.0L ""ASSEMBLY USE ONLY""   
23     PIPE         0.9               3"" STD .216W A312 TP310SS SEAMLESS PIPE   
24  FITTING         0.9                   3"" S-10 LR 90 WELD ELL, SA403-F316L   

   END_CONNECTIONS END_FINISH ID LENGTH MANUFACTURING_PROCESS MATERIAL_GRADE  \
0              NAN        NAN       NAN                WELDED         TP1.0L   
1              NAN        NAN       NAN                WELDED         TP1.0L   
2              NAN        NAN       NAN                WELDED         TP1.0L   
3              NAN        NAN       NAN                WELDED         TP1.0L   
4              NAN        NAN       NAN                WELDED           1.0L   
5              NAN        NAN       NAN                WELDED           1.0L   
6              NAN        NAN       NAN                WELDED         TP1.0L   
7              NAN        NAN       NAN                WELDED           1.0L   
8              NAN        NAN       NAN                WELDED         TP1.0L   
9              NAN        NAN       NAN                WELDED         TP1.0L   
10             NAN        NAN       NAN                WELDED         TP1.0L   
11             NAN        NAN       NAN                WELDED         TP1.0L   
12             NAN        NAN       NAN                WELDED         TP1.0L   
13             NAN        NAN       NAN                WELDED         TP1.0L   
14             NAN        NAN       NAN                WELDED         TP1.0L   
15             NAN        NAN       NAN                WELDED         TP1.0L   
16             NAN        NAN       NAN                WELDED         TP1.0L   
17             NAN        NAN       NAN                WELDED         TP1.0L   
18             NAN        NAN       NAN                WELDED         TP1.0L   
19             NAN        NAN       NAN                WELDED           1.0L   
20             NAN        NAN       NAN                WELDED         TP1.0L   
21             NAN        NAN       NAN                WELDED         TP1.0L   
22             NAN        NAN       NAN                WELDED         TP1.0L   
23             NAN        NAN       NAN              SEAMLESS          TP310   
24       BUTT WELD        NAN       NAN                WELDED          F316L   

      MATERIAL_NAME  ... PRIMARY_SIZE PRIMARY_WALL  PRODUCT_CODE  \
0   STAINLESS STEEL  ...          3.0                   PE603001   
1   STAINLESS STEEL  ...          3.0                  IPE403001   
2   STAINLESS STEEL  ...          3.0                   PE403001   
3   STAINLESS STEEL  ...          3.0                  SPE403001   
4   STAINLESS STEEL  ...          3.0                   PE403001   
5   STAINLESS STEEL  ...          3.0                  IPE403001   
6   STAINLESS STEEL  ...          3.0                   PE4030XH   
7   STAINLESS STEEL  ...          3.0                  SPE4030XH   
8   STAINLESS STEEL  ...          3.0                   PE4030XH   
9   STAINLESS STEEL  ...          3.0                  SPE4030XH   
10  STAINLESS STEEL  ...          3.0                   PE6030ST   
11  STAINLESS STEEL  ...          3.0                SIPE4030STK   
12  STAINLESS STEEL  ...          3.0                  SPE6030ST   
13  STAINLESS STEEL  ...          3.0                   PE4030ST   
14  STAINLESS STEEL  ...          3.0                  SPE4030ST   
15  STAINLESS STEEL  ...          3.0                SIPE4030STK   
16  STAINLESS STEEL  ...          3.0                 SIPE6030ST   
17  STAINLESS STEEL  ...          3.0                 IPE6030STC   
18  STAINLESS STEEL  ...          3.0                 SIPE6030ST   
19  STAINLESS STEEL  ...          3.0                 IPE6030STC   
20  STAINLESS STEEL  ...          3.0                  IPE6030ST   
21  STAINLESS STEEL  ...          3.0               PE6030STASSM   
22  STAINLESS STEEL  ...          3.0               PE6030STASSM   
23  STAINLESS STEEL  ...          3.0               SIPS310030ST   
24  STAINLESS STEEL  ...          3.0                 SIWL960301   

   REDUCING_SCHEDULE REDUCING_SIZE REDUCING_WALL TRIM                  TYPE  \
0                NAN           NAN                NAN                WELDED   
1                NAN           NAN                NAN                WELDED   
2                NAN           NAN                NAN                WELDED   
3                NAN           NAN                NAN           WELDED PIPE   
4                NAN           NAN                NAN                WELDED   
5                NAN           NAN                NAN                WELDED   
6                NAN           NAN                NAN           WELDED PIPE   
7                NAN           NAN                NAN                WELDED   
8                NAN           NAN                NAN                WELDED   
9                NAN           NAN                NAN                WELDED   
10               NAN           NAN                NAN                WELDED   
11               NAN           NAN                NAN           WELDED PIPE   
12               NAN           NAN                NAN           WELDED PIPE   
13               NAN           NAN                NAN           WELDED PIPE   
14               NAN           NAN                NAN           WELDED PIPE   
15               NAN           NAN                NAN                WELDED   
16               NAN           NAN                NAN           WELDED PIPE   
17               NAN           NAN                NAN           WELDED PIPE   
18               NAN           NAN                NAN                WELDED   
19               NAN           NAN                NAN                WELDED   
20               NAN           NAN                NAN           WELDED PIPE   
21               NAN           NAN                NAN           WELDED PIPE   
22               NAN           NAN                NAN                WELDED   
23               NAN           NAN                NAN         SEAMLESS PIPE   
24               NAN           NAN                NAN  LONG RADIUS 90 ELBOW   

   WALL_THICKNESS     score  
0                  0.915816  
1                  0.915816  
2                  0.915816  
3                  0.915816  
4                  0.915816  
5                  0.915816  
6                  0.909894  
7                  0.909894  
8                  0.909894  
9                  0.909894  
10                 0.903155  
11                 0.903155  
12                 0.903155  
13                 0.903155  
14                 0.903155  
15                 0.903155  
16                 0.894295  
17                 0.894295  
18                 0.894295  
19                 0.894295  
20                 0.894295  
21                 0.891793  
22                 0.891793  
23                 0.883524  
24                 0.883372  

[25 rows x 25 columns]",0,EXCELLENT
93,"4"" 300 LAP JOINT FLANGE A/SA105","4"" 300 FLAT FACE LAP JOINT FLANGE, SA105",True,93,0,21.019442300000264,"   CATEGORY  CONFIDENCE                                DESCRIPTION  \
0    FLANGE         0.9   4"" 300 FLAT FACE LAP JOINT FLANGE, SA105   
1    FLANGE         0.9   4"" 300 FLAT FACE LAP JOINT FLANGE, SA105   
2    FLANGE         0.9   4"" 300 FLAT FACE LAP JOINT FLANGE, SA105   
3    FLANGE         0.9   4"" 300 FLAT FACE LAP JOINT FLANGE, SA105   
4    FLANGE         0.9   4"" 300 FLAT FACE LAP JOINT FLANGE, SA105   
5    FLANGE         0.9   4"" 600 FLAT FACE LAP JOINT FLANGE, SA105   
6    FLANGE         0.9   4"" 600 FLAT FACE LAP JOINT FLANGE, SA105   
7    FLANGE         0.9   4"" 600 FLAT FACE LAP JOINT FLANGE, SA105   
8    FLANGE         0.9   4"" 150 FLAT FACE LAP JOINT FLANGE, SA105   
9    FLANGE         0.9   4"" 150 FLAT FACE LAP JOINT FLANGE, SA105   
10   FLANGE         0.9   4"" 150 FLAT FACE LAP JOINT FLANGE, SA105   
11   FLANGE         0.9   4"" 150 FLAT FACE LAP JOINT FLANGE, SA105   
12   FLANGE         0.9   4"" 900 FLAT FACE LAP JOINT FLANGE, SA105   
13   FLANGE         1.0   4"" 900 FLAT FACE LAP JOINT FLANGE, SA105   
14   FLANGE         0.9  4"" 1500 FLAT FACE LAP JOINT FLANGE, SA105   
15   FLANGE         0.9  4"" 2500 FLAT FACE LAP JOINT FLANGE, SA105   
16   FLANGE         0.9  4"" 2500 FLAT FACE LAP JOINT FLANGE, SA105   
17   FLANGE         0.9              4"" 300 RF BLIND FLANGE, SA105   
18   FLANGE         0.9              4"" 300 RF BLIND FLANGE, SA105   
19   FLANGE         0.9              4"" 300 RF BLIND FLANGE, SA105   
20   FLANGE         0.9              4"" 300 RF BLIND FLANGE, SA105   
21   FLANGE         0.9             4"" 300 RF BLIND FLANGE, SA105N   
22   FLANGE         0.9             4"" 300 RF BLIND FLANGE, SA105N   
23   FLANGE         1.0             4"" 300 RF BLIND FLANGE, SA105N   
24   FLANGE         1.0             4"" 300 RF BLIND FLANGE, SA105N   

   END_CONNECTIONS   END_FINISH ID LENGTH MANUFACTURING_PROCESS  \
0              NAN    FLAT FACE       NAN                   NAN   
1              NAN    FLAT FACE       NAN                   NAN   
2              NAN    FLAT FACE       NAN                   NAN   
3              NAN    FLAT FACE       NAN                   NAN   
4              NAN    FLAT FACE       NAN                   NAN   
5              NAN    FLAT FACE       NAN                   NAN   
6              NAN    FLAT FACE       NAN                   NAN   
7              NAN    FLAT FACE       NAN                   NAN   
8              NAN    FLAT FACE       NAN                   NAN   
9              NAN    FLAT FACE       NAN                   NAN   
10             NAN    FLAT FACE       NAN                   NAN   
11             NAN    FLAT FACE       NAN                   NAN   
12             NAN    FLAT FACE       NAN                   NAN   
13             NAN    FLAT FACE       NAN                   NAN   
14             NAN    FLAT FACE       NAN                   NAN   
15             NAN    FLAT FACE       NAN                   NAN   
16             NAN    FLAT FACE       NAN                   NAN   
17             NAN  RAISED FACE       NAN                   NAN   
18             NAN  RAISED FACE       NAN                   NAN   
19             NAN  RAISED FACE       NAN                   NAN   
20             NAN  RAISED FACE       NAN                   NAN   
21             NAN  RAISED FACE       NAN                   NAN   
22             NAN  RAISED FACE       NAN                   NAN   
23             NAN  RAISED FACE       NAN                   NAN   
24             NAN  RAISED FACE       NAN                   NAN   

   MATERIAL_GRADE MATERIAL_NAME  ... PRIMARY_SIZE PRIMARY_WALL  PRODUCT_CODE  \
0             NAN  CARBON STEEL  ...          4.0                  FLJ030402   
1             NAN  CARBON STEEL  ...          4.0               FLJ030402BTX   
2             NAN  CARBON STEEL  ...          4.0                 WFLJ030402   
3             NAN  CARBON STEEL  ...          4.0                 WFLJ030402   
4             NAN  CARBON STEEL  ...          4.0               FLJ030402BTX   
5             NAN  CARBON STEEL  ...          4.0                  FLJ060402   
6             NAN  CARBON STEEL  ...          4.0                  FLJ060402   
7             NAN  CARBON STEEL  ...          4.0                 IFLJ060402   
8             NAN  CARBON STEEL  ...          4.0                 IFLJ010402   
9             NAN  CARBON STEEL  ...          4.0                 WFLJ010402   
10            NAN  CARBON STEEL  ...          4.0                  FLJ010402   
11            NAN  CARBON STEEL  ...          4.0               FLJ010402BTX   
12            NAN  CARBON STEEL  ...          4.0                 IFLJ090402   
13            NAN  CARBON STEEL  ...          4.0                 IFLJ090402   
14            NAN  CARBON STEEL  ...          4.0                 IFLJ150402   
15            NAN  CARBON STEEL  ...          4.0                FLJ250402KU   
16            NAN  CARBON STEEL  ...          4.0                 IFLJ250402   
17            NAN  CARBON STEEL  ...          4.0                ISFBD030401   
18            NAN  CARBON STEEL  ...          4.0               FBD030401BTX   
19            NAN  CARBON STEEL  ...          4.0                 SFBD030401   
20            NAN  CARBON STEEL  ...          4.0                 IFBD030401   
21              N  CARBON STEEL  ...          4.0                IFBDN030401   
22              N  CARBON STEEL  ...          4.0                 FBDN030401   
23              N  CARBON STEEL  ...          4.0               IFBD030401NA   
24              N  CARBON STEEL  ...          4.0                IFBDN030401   

   REDUCING_SCHEDULE REDUCING_SIZE REDUCING_WALL TRIM       TYPE  \
0                NAN           NAN                NAN  LAP JOINT   
1                NAN           NAN                NAN  LAP JOINT   
2                NAN           NAN                NAN  LAP JOINT   
3                NAN           NAN                NAN  LAP JOINT   
4                NAN           NAN                NAN  LAP JOINT   
5                NAN           NAN                NAN  LAP JOINT   
6                NAN           NAN                NAN  LAP JOINT   
7                NAN           NAN                NAN  LAP JOINT   
8                NAN           NAN                NAN  LAP JOINT   
9                NAN           NAN                NAN  LAP JOINT   
10               NAN           NAN                NAN  LAP JOINT   
11               NAN           NAN                NAN  LAP JOINT   
12               NAN           NAN                NAN  LAP JOINT   
13               NAN           NAN                NAN  LAP JOINT   
14               NAN           NAN                NAN  LAP JOINT   
15               NAN           NAN                NAN  LAP JOINT   
16               NAN           NAN                NAN  LAP JOINT   
17               NAN           NAN                NAN      BLIND   
18               NAN           NAN                NAN      BLIND   
19               NAN           NAN                NAN      BLIND   
20               NAN           NAN                NAN      BLIND   
21               NAN           NAN                NAN      BLIND   
22               NAN           NAN                NAN      BLIND   
23               NAN           NAN                NAN      BLIND   
24               NAN           NAN                NAN      BLIND   

   WALL_THICKNESS     score  
0                  0.970119  
1                  0.970119  
2                  0.970119  
3                  0.970119  
4                  0.970119  
5                  0.961194  
6                  0.961194  
7                  0.961194  
8                  0.958841  
9                  0.958841  
10                 0.958841  
11                 0.958841  
12                 0.957490  
13                 0.957490  
14                 0.956358  
15                 0.956347  
16                 0.956347  
17                 0.941990  
18                 0.941990  
19                 0.941990  
20                 0.941990  
21                 0.937891  
22                 0.937891  
23                 0.937891  
24                 0.937891  

[25 rows x 25 columns]",0,EXCELLENT
94,"IR7082 SOCKLET CL3000,CL3000,8X.75*STD/XS,ASTM A105N","36"" - 1-0.5"" X 0.75"" 3000 FS SOCKET WELD FLEX-O-LET, SA105N",True,94,10000,23.184086600000228,"   CATEGORY  CONFIDENCE  \
0   FITTING         0.9   
1   FITTING         0.9   
2   FITTING         0.9   
3   FITTING         0.9   
4   FITTING         0.9   
5   FITTING         0.9   
6   FITTING         0.9   
7   FITTING         0.9   
8   FITTING         0.9   
9   FITTING         0.9   
10     PIPE         0.9   
11     PIPE         0.9   
12     PIPE         0.9   
13     PIPE         0.9   
14  FITTING         0.9   
15  FITTING         0.9   
16     PIPE         0.9   
17     PIPE         0.9   
18   GASKET         0.9   
19     PIPE         0.9   
20     PIPE         0.9   
21     PIPE         0.9   
22     PIPE         0.9   
23  FITTING         0.9   
24  FITTING         0.9   

                                                                         DESCRIPTION  \
0                                         8"" X 3"" 3000 FS THREADED FLEX-O-LET, SA105   
1                                         8"" X 3"" 3000 FS THREADED FLEX-O-LET, SA105   
2                               8"" - 3"" X 0.5"" 3000 FS SOCKET WELD FLEX-O-LET, SA105   
3                               8"" - 3"" X 0.5"" 3000 FS SOCKET WELD FLEX-O-LET, SA105   
4                               8"" - 3"" X 0.5"" 3000 FS SOCKET WELD FLEX-O-LET, SA105   
5                                                 14 - 8"" X 3"" XH WELD-O-LET, SA105N   
6                                                8"" X 3"" STD WELD-O-LET, A182-F347SS   
7                                                      8"" X 5"" STD WELD-O-LET, SA105   
8                                                      8"" X 5"" STD WELD-O-LET, SA105   
9                                                      8"" X 6"" STD WELD-O-LET, SA105   
10                                          8"" X 2"" STD A106-B SMLS NIPPLE GRV X BEV   
11                                          8"" X 2"" STD A106-B SMLS NIPPLE GRV X BEV   
12                              8"" STD .322W ASME SA333 GR6/ SA106-B/C SEAMLESS PIPE   
13                              8"" STD .322W ASME SA333 GR6/ SA106-B/C SEAMLESS PIPE   
14                                                          8"" X 4"" STD L-O-L, SA105   
15                                                          8"" X 4"" STD L-O-L, SA105   
16                           8"" XH .500W X 3-0.562"" LG, SA106-B BBE 37.5 DEG NO LAND   
17                           8"" XH .500W X 3-0.562"" LG, SA106-B BBE 37.5 DEG NO LAND   
18                                               8"" 0.003 SOFT IRON OVAL RING GASKET   
19  8"" STD .322W ASTM/ASME/SA333 GRADE-6/SA53B/API5L/X42/SA106B/C/PSL2 SEAMLESS PIPE   
20  8"" STD .322W ASTM/ASME/SA333 GRADE-6/SA53B/API5L/X42/SA106B/C/PSL2 SEAMLESS PIPE   
21  8"" STD .322W ASTM/ASME/SA333 GRADE-6/SA53B/API5L/X42/SA106B/C/PSL2 SEAMLESS PIPE   
22  8"" STD .322W ASTM/ASME/SA333 GRADE-6/SA53B/API5L/X42/SA106B/C/PSL2 SEAMLESS PIPE   
23                                              8"" STD LR 45WELD ELL, SA234-WPB (VF)   
24                                              8"" STD LR 45WELD ELL, SA234-WPB (VF)   

      END_CONNECTIONS END_FINISH ID  LENGTH MANUFACTURING_PROCESS  \
0            THREADED        NAN        NAN                   NAN   
1            THREADED        NAN        NAN                   NAN   
2         SOCKET WELD        NAN        NAN                   NAN   
3         SOCKET WELD        NAN        NAN                   NAN   
4         SOCKET WELD        NAN        NAN                   NAN   
5                 NAN        NAN        NAN                   NAN   
6                 NAN        NAN        NAN                   NAN   
7                 NAN        NAN        NAN                   NAN   
8                 NAN        NAN        NAN                   NAN   
9                 NAN        NAN        NAN                   NAN   
10     GROOVE X BEVEL        NAN        NAN              SEAMLESS   
11  GROOVED X BEVELED        NAN        NAN              SEAMLESS   
12                NAN        NAN        NAN                  SMLS   
13                NAN        NAN        NAN              SEAMLESS   
14                NAN        NAN        NAN                   NAN   
15                NAN        NAN        NAN                   NAN   
16                NAN        BBE     3.5625                   NAN   
17                NAN        BBE        0.5                   NAN   
18                NAN        NAN        NAN                   NAN   
19                NAN        NAN        NAN              SEAMLESS   
20                NAN        NAN        NAN              SEAMLESS   
21                NAN  PLAIN END        NAN              SEAMLESS   
22                NAN        NAN        NAN                  SMLS   
23          BUTT WELD        NAN        NAN                WELDED   
24                NAN        NAN        NAN                WELDED   

     MATERIAL_GRADE    MATERIAL_NAME  ... PRIMARY_SIZE PRIMARY_WALL  \
0               NAN     CARBON STEEL  ...          8.0                
1               NAN     CARBON STEEL  ...          8.0                
2               NAN     CARBON STEEL  ...          8.0                
3               NAN     CARBON STEEL  ...          8.0                
4               NAN     CARBON STEEL  ...          8.0                
5                 N     CARBON STEEL  ...          8.0                
6              F347  STAINLESS STEEL  ...          8.0                
7               NAN     CARBON STEEL  ...          8.0                
8               NAN     CARBON STEEL  ...          8.0                
9               NAN     CARBON STEEL  ...          8.0                
10                B     CARBON STEEL  ...          8.0                
11                B     CARBON STEEL  ...          8.0                
12          GR6/B/C     CARBON STEEL  ...          8.0                
13          GR6/B/C     CARBON STEEL  ...          8.0                
14              NAN     CARBON STEEL  ...          8.0                
15              NAN     CARBON STEEL  ...          8.0                
16                B     CARBON STEEL  ...          8.0                
17                B     CARBON STEEL  ...          8.0                
18              NAN        SOFT IRON  ...          8.0                
19  GRADE 6/B/X42/B     CARBON STEEL  ...          8.0                
20      GR6/B/X42/B     CARBON STEEL  ...          8.0                
21  GRADE-6/X42/B/C     CARBON STEEL  ...          8.0                
22      GR6/B/X42/B     CARBON STEEL  ...          8.0                
23              WPB     CARBON STEEL  ...          8.0                
24              WPB     CARBON STEEL  ...          8.0                

      PRODUCT_CODE REDUCING_SCHEDULE REDUCING_SIZE REDUCING_WALL TRIM  \
0        M3T030080               NAN             3                NAN   
1        M3T030080               NAN             3                NAN   
2       IM3S005080               NAN             3                NAN   
3       SM3S005080               NAN             3                NAN   
4       SM3S005080               NAN             3                NAN   
5       MXW030140N               NAN             3                NAN   
6      SMSW7030080               NAN             3                NAN   
7        MSW050080               NAN             5                NAN   
8        MSW050080               NAN             5                NAN   
9        MSW060080               NAN             6                NAN   
10     VNS080020GP               NAN             2                NAN   
11     VNS080020GP               NAN             2                NAN   
12    IPA3/B080STA               NAN           NAN                NAN   
13    IPA3/B080STA               NAN           NAN                NAN   
14      SMSL040080               NAN             4                NAN   
15      SMSL040080               NAN             4                NAN   
16      PA080XH035               NAN        3.5625                NAN   
17      PA080XH035               NAN        3.5625                NAN   
18            R-49               NAN           NAN                NAN   
19   IPA3/B080STAM               NAN           NAN                NAN   
20  SIPA3/B080STAM               NAN           NAN                NAN   
21   IPA3/B080STAM               NAN           NAN                NAN   
22  SIPA3/B080STAM               NAN           NAN                NAN   
23      IWL4080SVF               NAN           NAN                NAN   
24      IWL4080SVF               NAN           NAN                NAN   

                    TYPE WALL_THICKNESS     score  
0             THREADOLET                 0.859463  
1               FLEXOLET                 0.859463  
2               FLEXOLET                 0.858961  
3               FLEXOLET                 0.858961  
4               FLEXOLET                 0.858961  
5               WELDOLET                 0.858120  
6               WELDOLET                 0.856781  
7               WELDOLET                 0.856456  
8               WELDOLET                 0.856456  
9               WELDOLET                 0.855868  
10                NIPPLE                 0.855601  
11                NIPPLE                 0.855601  
12         SEAMLESS PIPE                 0.854312  
13         SEAMLESS PIPE                 0.854312  
14             LATERALET                 0.853415  
15              LATROLET                 0.853415  
16                  PIPE                 0.853311  
17                  PIPE                 0.853311  
18       RING JOINT OVAL                 0.851176  
19         SEAMLESS PIPE                 0.850933  
20         SEAMLESS PIPE                 0.850933  
21              SEAMLESS                 0.850933  
22         SEAMLESS PIPE                 0.850933  
23  LONG RADIUS 45 ELBOW                 0.850270  
24  LONG RADIUS 45 ELBOW                 0.850270  

[25 rows x 25 columns]",0,EXCELLENT
95,"8-XA106BS-PIPE,SMLS,8,XH (S80)","8"" XH .500W BLK QUAD STENCILED SA106-B SEAMLESS PIPE",True,95,109,20.362576599999556,"   CATEGORY  CONFIDENCE  \
0      PIPE         0.9   
1      PIPE         0.9   
2      PIPE         0.9   
3      PIPE         0.9   
4      PIPE         0.9   
5      PIPE         0.9   
6      PIPE         0.9   
7      PIPE         0.9   
8      PIPE         0.9   
9      PIPE         0.9   
10     PIPE         0.9   
11     PIPE         0.9   
12     PIPE         0.9   
13     PIPE         0.9   
14     PIPE         0.9   
15     PIPE         0.9   
16     PIPE         0.9   
17     PIPE         0.9   
18     PIPE         0.9   
19     PIPE         0.9   
20     PIPE         0.9   
21     PIPE         0.9   
22     PIPE         0.9   
23     PIPE         0.9   
24     PIPE         0.9   

                                                       DESCRIPTION  \
0             8"" S-160 .906W BLK SA106-B/C API5L/X42 SEAMLESS PIPE   
1             8"" S-160 .906W BLK SA106-B/C API5L/X42 SEAMLESS PIPE   
2             8"" S-160 .906W BLK SA106-B/C API5L/X42 SEAMLESS PIPE   
3             8"" S-160 .906W BLK SA106-B/C API5L/X42 SEAMLESS PIPE   
4                            8"" XH .500W BLK SA106-B SEAMLESS PIPE   
5                            8"" XH .500W BLK SA106-B SEAMLESS PIPE   
6                            8"" XH .500W BLK SA106-B SEAMLESS PIPE   
7                            8"" XH .500W BLK SA106-B SEAMLESS PIPE   
8                            8"" XH .500W BLK SA106-B SEAMLESS PIPE   
9                            8"" XH .500W BLK SA106-B SEAMLESS PIPE   
10                           8"" XH .500W BLK SA106-B SEAMLESS PIPE   
11                           8"" XH .500W BLK SA106-B SEAMLESS PIPE   
12                           8"" XH .500W BLK SA106-B SEAMLESS PIPE   
13                           8"" XH .500W BLK SA106-B SEAMLESS PIPE   
14                           8"" XH .500W BLK SA106-B SEAMLESS PIPE   
15                           8"" XH .500W BLK SA106-B SEAMLESS PIPE   
16                 8"" XH .500W SA333 GRADE-6/SA106-B SEAMLESS PIPE   
17                 8"" XH .500W SA333 GRADE-6/SA106-B SEAMLESS PIPE   
18                 8"" XH .500W SA333 GRADE-6/SA106-B SEAMLESS PIPE   
19                 8"" XH .500W SA333 GRADE-6/SA106-B SEAMLESS PIPE   
20                 8"" XH .500W SA333 GRADE-6/SA106-B SEAMLESS PIPE   
21                               8"" XH .500W SA106-B SEAMLESS PIPE   
22                               8"" XH .500W SA106-B SEAMLESS PIPE   
23  8"" S-120 .719W SA333 GRADE-6/SA106-B/C API5L/X42 SEAMLESS PIPE   
24  8"" S-120 .719W SA333 GRADE-6/SA106-B/C API5L/X42 SEAMLESS PIPE   

   END_CONNECTIONS END_FINISH ID LENGTH MANUFACTURING_PROCESS  \
0              NAN      BLACK       NAN              SEAMLESS   
1              NAN      BLACK       NAN              SEAMLESS   
2              NAN        BLK       NAN              SEAMLESS   
3              NAN        BLK       NAN              SEAMLESS   
4              NAN      BLACK       NAN              SEAMLESS   
5              NAN      BLACK       NAN              SEAMLESS   
6              NAN      BLACK       NAN              SEAMLESS   
7              NAN      BLACK       NAN              SEAMLESS   
8              NAN      BLACK       NAN              SEAMLESS   
9              NAN      BLACK       NAN              SEAMLESS   
10             NAN      BLACK       NAN              SEAMLESS   
11             NAN      BLACK       NAN              SEAMLESS   
12             NAN      BLACK       NAN              SEAMLESS   
13             NAN      BLACK       NAN              SEAMLESS   
14             NAN      BLACK       NAN              SEAMLESS   
15             NAN      BLACK       NAN              SEAMLESS   
16             NAN        NAN       NAN              SEAMLESS   
17             NAN        NAN       NAN              SEAMLESS   
18             NAN        NAN       NAN              SEAMLESS   
19             NAN        NAN       NAN              SEAMLESS   
20             NAN        NAN       NAN              SEAMLESS   
21             NAN        NAN       NAN              SEAMLESS   
22             NAN        NAN       NAN              SEAMLESS   
23             NAN        NAN       NAN                  SMLS   
24             NAN        NAN       NAN              SEAMLESS   

     MATERIAL_GRADE MATERIAL_NAME  ... PRIMARY_SIZE PRIMARY_WALL  \
0               B/C  CARBON STEEL  ...          8.0                
1               B/C  CARBON STEEL  ...          8.0                
2               B/C  CARBON STEEL  ...          8.0                
3               B/C  CARBON STEEL  ...          8.0                
4                 B  CARBON STEEL  ...          8.0                
5                 B  CARBON STEEL  ...          8.0                
6                 B  CARBON STEEL  ...          8.0                
7                 B  CARBON STEEL  ...          8.0                
8                 B  CARBON STEEL  ...          8.0                
9                 B  CARBON STEEL  ...          8.0                
10                B  CARBON STEEL  ...          8.0                
11                B  CARBON STEEL  ...          8.0                
12                B  CARBON STEEL  ...          8.0                
13                B  CARBON STEEL  ...          8.0                
14                B  CARBON STEEL  ...          8.0                
15                B  CARBON STEEL  ...          8.0                
16              6/B  CARBON STEEL  ...          8.0                
17              6/B  CARBON STEEL  ...          8.0                
18        GRADE 6/B  CARBON STEEL  ...          8.0                
19        GRADE 6/B  CARBON STEEL  ...          8.0                
20              6/B  CARBON STEEL  ...          8.0                
21                B  CARBON STEEL  ...          8.0                
22                B  CARBON STEEL  ...          8.0                
23      GR6/B/C/X42  CARBON STEEL  ...          8.0                
24  GRADE-6/B/C/X42  CARBON STEEL  ...          8.0                

    PRODUCT_CODE REDUCING_SCHEDULE REDUCING_SIZE REDUCING_WALL TRIM  \
0     IPA08016PT               NAN           NAN                NAN   
1    SIPA08016PT               NAN           NAN                NAN   
2     IPA08016PT               NAN           NAN                NAN   
3    SIPA08016PT               NAN           NAN                NAN   
4       WPA080XH               NAN           NAN                NAN   
5       IPA080XH               NAN           NAN                NAN   
6       SPA080XH               NAN           NAN                NAN   
7      IPA080XHC               NAN           NAN                NAN   
8       SPA080XH               NAN           NAN                NAN   
9     IPA080XHTM               NAN           NAN                NAN   
10     HWPA080XH               NAN           NAN                NAN   
11    IPA080XHTM               NAN           NAN                NAN   
12     IPA080XHK               NAN           NAN                NAN   
13     SIPA080XH               NAN           NAN                NAN   
14      WPA080XH               NAN           NAN                NAN   
15     IPA080XHK               NAN           NAN                NAN   
16  IPA3/B080XHK               NAN           NAN                NAN   
17   SPA3/B080XH               NAN           NAN                NAN   
18    PA3/B080XH               NAN           NAN                NAN   
19   SPA3/B080XH               NAN           NAN                NAN   
20    PA3/B080XH               NAN           NAN                NAN   
21     PA080XHVB               NAN           NAN                NAN   
22     PA080XHVB               NAN           NAN                NAN   
23   SPA3/B08012               NAN           NAN                NAN   
24    PA3/B08012               NAN           NAN                NAN   

             TYPE WALL_THICKNESS     score  
0   SEAMLESS PIPE                 0.903958  
1   SEAMLESS PIPE                 0.903958  
2        SEAMLESS                 0.903958  
3        SEAMLESS                 0.903958  
4        SEAMLESS                 0.903187  
5   SEAMLESS PIPE                 0.903187  
6        SEAMLESS                 0.903187  
7        SEAMLESS                 0.903187  
8   SEAMLESS PIPE                 0.903187  
9        SEAMLESS                 0.903187  
10       SEAMLESS                 0.903187  
11  SEAMLESS PIPE                 0.903187  
12       SEAMLESS                 0.903187  
13       SEAMLESS                 0.903187  
14  SEAMLESS PIPE                 0.903187  
15  SEAMLESS PIPE                 0.903187  
16  SEAMLESS PIPE                 0.902889  
17  SEAMLESS PIPE                 0.902889  
18  SEAMLESS PIPE                 0.902889  
19  SEAMLESS PIPE                 0.902889  
20       SEAMLESS                 0.902889  
21  SEAMLESS PIPE                 0.902171  
22       SEAMLESS                 0.902171  
23  SEAMLESS PIPE                 0.901178  
24  SEAMLESS PIPE                 0.901178  

[25 rows x 25 columns]",0,EXCELLENT
96,"11100835-FLG,WN,RF,8,600 ,S120","8"" 600 RF WELD NECK FLANGE S-120 BORE, SA105N FGP/SA 350 LF2",True,96,32,25.414484099999754,"   CATEGORY  CONFIDENCE  \
0    FLANGE         0.9   
1    FLANGE         0.9   
2    FLANGE         0.9   
3    FLANGE         0.9   
4    FLANGE         0.9   
5    FLANGE         0.9   
6    FLANGE         0.9   
7    FLANGE         0.9   
8    FLANGE         1.0   
9    FLANGE         0.9   
10   FLANGE         0.9   
11  FITTING         0.9   
12  FITTING         0.9   
13   FLANGE         0.9   
14   FLANGE         0.9   
15   FLANGE         0.9   
16   FLANGE         0.9   
17   FLANGE         0.9   
18   FLANGE         0.9   
19   FLANGE         0.9   
20   FLANGE         0.9   
21   FLANGE         0.9   
22   FLANGE         0.9   
23   FLANGE         0.9   
24   FLANGE         0.9   

                                                    DESCRIPTION  \
0                    8"" 900 RF LWN FLG X 20"" LG SA105 NORM -FGP   
1                        8"" 900 RF LWN FLG X 16"" LG SA105N/ FGP   
2                            8"" 600 RF BLIND FLANGE, SA105N FGP   
3                            8"" 600 RF BLIND FLANGE, SA105N FGP   
4                           8"" 600 RF BLIND FLANGE, SA105N- FGP   
5   8"" 150 RF WELD NECK FLANGE S-120 BORE, SA105N-FGP/SA350 LF2   
6   8"" 150 RF WELD NECK FLANGE S-120 BORE, SA105N-FGP/SA350 LF2   
7                                8"" 150 RF SLIP ON FLG, F1.0LSS   
8                                8"" 150 RF SLIP ON FLG, F1.0LSS   
9             8"" 400 RF WELD NECK FLANGE S-120 BORE, SA105N FGP   
10            8"" 400 RF WELD NECK FLANGE S-120 BORE, SA105N FGP   
11                              8"" X 4"" S-120 WELD-O-LET, SA105   
12                              8"" X 4"" S-120 WELD-O-LET, SA105   
13           8"" 1500 RF WELD NECK FLANGE S-120 BORE, SA105N/FGP   
14           8"" 1500 RF WELD NECK FLANGE S-120 BORE, SA105N/FGP   
15                           8"" 150 RF BLIND FLANGE, SA105N-FGP   
16                           8"" 150 RF BLIND FLANGE, SA105N-FGP   
17                           8"" 150 RF BLIND FLANGE, SA105N-FGP   
18      8"" 600 RF LONG WELD NECK X 12"" LG, SA105N/SA350 LF2 FGP   
19                           8"" 300 RF BLIND FLANGE, SA105N-FGP   
20                       8"" 150 RF BLIND FLANGE, SA105N-HFN S62   
21                       8"" 150 RF BLIND FLANGE, SA105N-HFN S62   
22                       8"" 600 RF WN S-60 BORE, SA105*SURPLUS*   
23       8"" 600 RF LONG WELD NECK X 12"" LG, SA105N/SA350LF2-FGP   
24       8"" 600 RF LONG WELD NECK X 12"" LG, SA105N/SA350LF2-FGP   

   END_CONNECTIONS   END_FINISH ID LENGTH MANUFACTURING_PROCESS  \
0        WELD NECK  RAISED FACE        20            NORMALIZED   
1              NAN  RAISED FACE        16                   NAN   
2              NAN  RAISED FACE       NAN                   NAN   
3              NAN  RAISED FACE       NAN                FORGED   
4              NAN  RAISED FACE       NAN                   NAN   
5              NAN  RAISED FACE       NAN                   NAN   
6              NAN  RAISED FACE       NAN                   NAN   
7              NAN  RAISED FACE       NAN                   NAN   
8              NAN  RAISED FACE       NAN                   NAN   
9              NAN  RAISED FACE       NAN                   NAN   
10             NAN  RAISED FACE       NAN                   NAN   
11             NAN          NAN       NAN                   NAN   
12             NAN          NAN       NAN                   NAN   
13             NAN  RAISED FACE       NAN                   NAN   
14             NAN  RAISED FACE       NAN                   NAN   
15             NAN  RAISED FACE       NAN                   NAN   
16             NAN  RAISED FACE       NAN                   NAN   
17             NAN           RF       NAN                   NAN   
18             NAN  RAISED FACE        12                  LONG   
19             NAN  RAISED FACE       NAN                   NAN   
20             NAN  RAISED FACE       NAN                   NAN   
21             NAN           RF       NAN                   NAN   
22             NAN  RAISED FACE       NAN                   NAN   
23             NAN           RF        12                  LONG   
24             NAN  RAISED FACE        12                  LONG   

   MATERIAL_GRADE    MATERIAL_NAME  ... PRIMARY_SIZE PRIMARY_WALL  \
0             NAN     CARBON STEEL  ...          8.0                
1               N     CARBON STEEL  ...          8.0                
2               N     CARBON STEEL  ...          8.0                
3               N     CARBON STEEL  ...          8.0                
4               N     CARBON STEEL  ...          8.0                
5             LF2     CARBON STEEL  ...          8.0                
6             LF2     CARBON STEEL  ...          8.0                
7           F1.0L  STAINLESS STEEL  ...          8.0                
8           F1.0L  STAINLESS STEEL  ...          8.0                
9               N     CARBON STEEL  ...          8.0                
10              N     CARBON STEEL  ...          8.0                
11            NAN     CARBON STEEL  ...          8.0                
12            NAN     CARBON STEEL  ...          8.0                
13              N     CARBON STEEL  ...          8.0                
14              N     CARBON STEEL  ...          8.0                
15              N     CARBON STEEL  ...          8.0                
16              N     CARBON STEEL  ...          8.0                
17              N     CARBON STEEL  ...          8.0                
18            LF2     CARBON STEEL  ...          8.0                
19              N     CARBON STEEL  ...          8.0                
20              N     CARBON STEEL  ...          8.0                
21              N     CARBON STEEL  ...          8.0                
22            NAN     CARBON STEEL  ...          8.0                
23            FGP     CARBON STEEL  ...          8.0                
24            FGP     CARBON STEEL  ...          8.0                

        PRODUCT_CODE REDUCING_SCHEDULE REDUCING_SIZE REDUCING_WALL   TRIM  \
0      FLW09080120-N               NAN           NAN                  NAN   
1        FLW09080116               NAN           NAN                  NAN   
2        FBD060801AF               NAN           NAN                  NAN   
3        FBD060801AF               NAN           NAN                  NAN   
4          FBD060801               NAN           NAN                  NAN   
5    IFWNL01080112UL               NAN           NAN                S-120   
6    IFWNL01080112UL               NAN           NAN                  NAN   
7         SFSO410801               NAN           NAN                  NAN   
8         SFSO410801               NAN           NAN                  NAN   
9        FWN04080112               NAN           NAN                  NAN   
10       FWN04080112               NAN           NAN                  NAN   
11         M12W04008               NAN             4                  NAN   
12         M12W04008               NAN             4                  NAN   
13      KFWN15080112               NAN           NAN                  NAN   
14      KFWN15080112               NAN           NAN                  NAN   
15      IFBD010801UL               NAN           NAN                  NAN   
16         FBD010801               NAN           NAN                  NAN   
17         FBD010801               NAN           NAN                  NAN   
18       FLW06080112               NAN           NAN                  NAN   
19         FBD030801               NAN           NAN                  NAN   
20  IFBD010801GB-HFN               NAN           NAN                  NAN   
21  IFBD010801GB-HFN               NAN           NAN                  NAN   
22       SFWN6080106               NAN           NAN                  NAN   
23      FLW06080112A               NAN           NAN                  NAN   
24      FLW06080112A               NAN           NAN                  NAN   

         TYPE WALL_THICKNESS     score  
0   WELD NECK                 0.896973  
1   WELD NECK                 0.890708  
2       BLIND                 0.884088  
3       BLIND                 0.884088  
4       BLIND                 0.883866  
5   WELD NECK                 0.881546  
6   WELD NECK                 0.881546  
7     SLIP ON                 0.880420  
8     SLIP ON                 0.880420  
9   WELD NECK                 0.880270  
10  WELD NECK                 0.880270  
11   WELDOLET                 0.880257  
12   WELDOLET                 0.880257  
13  WELD NECK                 0.880223  
14  WELD NECK                 0.880223  
15      BLIND                 0.879580  
16      BLIND                 0.879580  
17      BLIND                 0.879580  
18  WELD NECK                 0.879403  
19      BLIND                 0.879190  
20      BLIND                 0.879011  
21      BLIND                 0.879011  
22  WELD NECK                 0.878818  
23  WELD NECK                 0.878479  
24  WELD NECK                 0.878479  

[25 rows x 25 columns]",0,EXCELLENT
97,"2"" XXS LR WN 90 DEG. A234WPB","2"" XXH LR 90 WELD ELL, SA234-WPB",True,97,16,18.04363159999957,"   CATEGORY  CONFIDENCE                       DESCRIPTION END_CONNECTIONS  \
0   FITTING         0.9   2"" XXH LR 90 WELD ELL SA234-WPB              BW   
1   FITTING         0.9   2"" XH LR 90 WELD ELL, SA234-WPB       BUTT WELD   
2   FITTING         0.9   2"" XH LR 90 WELD ELL, SA234-WPB       BUTT WELD   
3   FITTING         0.9   2"" XH LR 90 WELD ELL, SA234-WPB              BW   
4   FITTING         0.9   2"" XH LR 90 WELD ELL, SA234-WPB       BUTT WELD   
5   FITTING         0.9   2"" XH LR 90 WELD ELL, SA234-WPB       BUTT WELD   
6   FITTING         0.9   2"" XH LR 90 WELD ELL, SA234-WPB       BUTT WELD   
7   FITTING         0.9   2"" XH LR 90 WELD ELL, SA234-WPB       BUTT WELD   
8   FITTING         0.9   2"" XH LR 90 WELD ELL, SA234-WPB              BW   
9   FITTING         0.9   2"" XH LR 90 WELD ELL, SA234-WPB              BW   
10  FITTING         0.9   2"" XH LR 90 WELD ELL, SA234-WPB              BW   
11  FITTING         0.9   2"" XH LR 90 WELD ELL, SA234-WPB              BW   
12  FITTING         0.9   2"" XH LR 90 WELD ELL, SA234-WPB              BW   
13  FITTING         0.9   2"" XH LR 90 WELD ELL, SA234-WPB       BUTT WELD   
14  FITTING         0.9   2"" XH LR 90 WELD ELL, SA234-WPB              BW   
15  FITTING         0.9   2"" XH LR 90 WELD ELL, SA234-WPB       BUTT WELD   
16  FITTING         0.9  2"" XXH LR 90 WELD ELL, SA234-WPB       BUTT WELD   
17  FITTING         0.9  2"" XXH LR 90 WELD ELL, SA234-WPB              BW   
18  FITTING         0.9  2"" XXH LR 90 WELD ELL, SA234-WPB       BUTT WELD   
19  FITTING         0.9  2"" XXH LR 90 WELD ELL, SA234-WPB       BUTT WELD   
20  FITTING         0.9  2"" XXH LR 90 WELD ELL, SA234-WPB              BW   
21  FITTING         0.9  2"" XXH LR 90 WELD ELL, SA234-WPB       BUTT WELD   
22  FITTING         0.9   2"" XH SR 90 WELD ELL, SA234-WPB       BUTT WELD   
23  FITTING         0.9   2"" XH SR 90 WELD ELL, SA234-WPB       BUTT WELD   
24  FITTING         0.9   2"" XH SR 90 WELD ELL, SA234-WPB              BW   

   END_FINISH ID LENGTH MANUFACTURING_PROCESS MATERIAL_GRADE MATERIAL_NAME  \
0         NAN       NAN                   NAN            WPB  CARBON STEEL   
1         NAN       NAN                   NAN            WPB  CARBON STEEL   
2         NAN       NAN                   NAN            WPB  CARBON STEEL   
3   BUTT WELD       NAN                   NAN            WPB  CARBON STEEL   
4          BW       NAN                   NAN            WPB  CARBON STEEL   
5          BW       NAN                   NAN            WPB  CARBON STEEL   
6        WELD       NAN                   NAN            WPB  CARBON STEEL   
7          BW       NAN                   NAN            WPB  CARBON STEEL   
8   BUTT WELD       NAN                   NAN            WPB  CARBON STEEL   
9   BUTT WELD       NAN                   NAN            WPB  CARBON STEEL   
10  BUTT WELD       NAN                   NAN            WPB  CARBON STEEL   
11  BUTT WELD       NAN                   NAN            WPB  CARBON STEEL   
12  BUTT WELD       NAN                   NAN            WPB  CARBON STEEL   
13       WELD       NAN                   NAN            WPB  CARBON STEEL   
14  BUTT WELD       NAN                   NAN            WPB  CARBON STEEL   
15        NAN       NAN                   NAN            WPB  CARBON STEEL   
16         BW       NAN                   NAN            WPB  CARBON STEEL   
17        NAN       NAN                   NAN            WPB  CARBON STEEL   
18         BW       NAN                   NAN            WPB  CARBON STEEL   
19         BW       NAN                   NAN            WPB  CARBON STEEL   
20        NAN       NAN                WELDED            WPB  CARBON STEEL   
21         BW       NAN                   NAN            WPB  CARBON STEEL   
22       WELD       NAN                   NAN            WPB  CARBON STEEL   
23        NAN       NAN                WELDED            WPB  CARBON STEEL   
24  BUTT WELD       NAN                   NAN            WPB  CARBON STEEL   

    ... PRIMARY_SIZE PRIMARY_WALL PRODUCT_CODE REDUCING_SCHEDULE  \
0   ...          2.0                 WWL9020XX               NAN   
1   ...          2.0                 SIWL9020X               NAN   
2   ...          2.0               KWL9020XSKB               NAN   
3   ...          2.0                   WL9020X               NAN   
4   ...          2.0                  IWL9020X               NAN   
5   ...          2.0                 ISWL9020X               NAN   
6   ...          2.0                   WL9020X               NAN   
7   ...          2.0                IWL9020XCI               NAN   
8   ...          2.0                IWL9020XCI               NAN   
9   ...          2.0                  WWL9020X               NAN   
10  ...          2.0               KWL9020XSKB               NAN   
11  ...          2.0                  SWL9020X               NAN   
12  ...          2.0                IWL9020XTM               NAN   
13  ...          2.0                  WWL9020X               NAN   
14  ...          2.0                  IWL9020X               NAN   
15  ...          2.0                 ISWL9020X               NAN   
16  ...          2.0                 IWL9020XX               NAN   
17  ...          2.0                 KWL9020XX               NAN   
18  ...          2.0                IWL9020XXA               NAN   
19  ...          2.0                  WL9020XX               NAN   
20  ...          2.0                 IWL9020XX               NAN   
21  ...          2.0                 KWL9020XX               NAN   
22  ...          2.0                   WS9020X               NAN   
23  ...          2.0                  IWS9020X               NAN   
24  ...          2.0                IWS9020XTM               NAN   

   REDUCING_SIZE REDUCING_WALL TRIM                   TYPE WALL_THICKNESS  \
0            NAN                NAN   LONG RADIUS 90 ELBOW                  
1            NAN                NAN   LONG RADIUS 90 ELBOW                  
2            NAN                NAN   LONG RADIUS 90 ELBOW                  
3            NAN                NAN   LONG RADIUS 90 ELBOW                  
4            NAN                NAN   LONG RADIUS 90 ELBOW                  
5            NAN                NAN   LONG RADIUS 90 ELBOW                  
6            NAN                NAN   LONG RADIUS 90 ELBOW                  
7            NAN                NAN   LONG RADIUS 90 ELBOW                  
8            NAN                NAN   LONG RADIUS 90 ELBOW                  
9            NAN                NAN   LONG RADIUS 90 ELBOW                  
10           NAN                NAN   LONG RADIUS 90 ELBOW                  
11           NAN                NAN   LONG RADIUS 90 ELBOW                  
12           NAN                NAN   LONG RADIUS 90 ELBOW                  
13           NAN                NAN   LONG RADIUS 90 ELBOW                  
14           NAN                NAN   LONG RADIUS 90 ELBOW                  
15           NAN                NAN   LONG RADIUS 90 ELBOW                  
16           NAN                NAN   LONG RADIUS 90 ELBOW                  
17           NAN                NAN   LONG RADIUS 90 ELBOW                  
18           NAN                NAN   LONG RADIUS 90 ELBOW                  
19           NAN                NAN   LONG RADIUS 90 ELBOW                  
20           NAN                NAN   LONG RADIUS 90 ELBOW                  
21           NAN                NAN   LONG RADIUS 90 ELBOW                  
22           NAN                NAN  SHORT RADIUS 90 ELBOW                  
23           NAN                NAN  SHORT RADIUS 90 ELBOW                  
24           NAN                NAN  SHORT RADIUS 90 ELBOW                  

       score  
0   0.933887  
1   0.932951  
2   0.932951  
3   0.932951  
4   0.932951  
5   0.932951  
6   0.932951  
7   0.932951  
8   0.932951  
9   0.932951  
10  0.932951  
11  0.932951  
12  0.932951  
13  0.932951  
14  0.932951  
15  0.932951  
16  0.930411  
17  0.930411  
18  0.930411  
19  0.930411  
20  0.930411  
21  0.930411  
22  0.920562  
23  0.920562  
24  0.920562  

[25 rows x 25 columns]",0,EXCELLENT
98,"1-160A106BS-PIPE,SMLS,1,S160","1"" S-160 .250W BLK SA106-B SEAMLESS PIPE",True,98,8,22.566285400000197,"   CATEGORY  CONFIDENCE  \
0      PIPE         0.9   
1      PIPE         0.9   
2      PIPE         0.9   
3      PIPE         0.9   
4      PIPE         0.9   
5      PIPE         0.9   
6      PIPE         0.9   
7      PIPE         0.9   
8      PIPE         0.9   
9      PIPE         0.9   
10     PIPE         0.9   
11     PIPE         0.9   
12     PIPE         0.9   
13     PIPE         0.9   
14     PIPE         0.9   
15     PIPE         0.9   
16     PIPE         0.9   
17     PIPE         0.9   
18     PIPE         0.9   
19     PIPE         0.9   
20     PIPE         0.9   
21     PIPE         0.9   
22     PIPE         0.9   
23     PIPE         0.9   
24     PIPE         0.9   

                                                       DESCRIPTION  \
0                           1"" X 4"" S-160 SA106-B SMLS NIPPLE, PBE   
1                           1"" X 4"" S-160 SA106-B SMLS NIPPLE, PBE   
2                            1"" X 6"" S-160 SA106-B SMLS NIPPLE TBE   
3                            1"" X 6"" S-160 SA106-B SMLS NIPPLE TBE   
4   1"" S-160 .250W BLK ASTM/ASME/API5L/PSL-1/SA106-B SEAMLESS PIPE   
5   1"" S-160 .250W BLK ASTM/ASME/API5L/PSL-1/SA106-B SEAMLESS PIPE   
6   1"" S-160 .250W BLK ASTM/ASME/API5L/PSL-1/SA106-B SEAMLESS PIPE   
7   1"" S-160 .250W BLK ASTM/ASME/API5L/PSL-1/SA106-B SEAMLESS PIPE   
8                         1"" S-160 .250W BLK SA106-B SEAMLESS PIPE   
9                         1"" S-160 .250W BLK SA106-B SEAMLESS PIPE   
10                        1"" S-160 .250W BLK SA106-B SEAMLESS PIPE   
11                        1"" S-160 .250W BLK SA106-B SEAMLESS PIPE   
12                        1"" S-160 .250W BLK SA106-B SEAMLESS PIPE   
13                        1"" S-160 .250W BLK SA106-B SEAMLESS PIPE   
14              1"" S-160 .250W SA333 GRADE-6/SA106-B SEAMLESS PIPE   
15              1"" S-160 .250W SA333 GRADE-6/SA106-B SEAMLESS PIPE   
16              1"" S-160 .250W SA333 GRADE-6/SA106-B SEAMLESS PIPE   
17                  1"" X 3"" S-160 BLK SA106-B SEAMLESS NIPPLE, PBE   
18                  1"" X 3"" S-160 BLK SA106-B SEAMLESS NIPPLE, PBE   
19                  1"" X 4"" S-160 BLK SA106-B SEAMLESS NIPPLE, TBE   
20                  1"" X 4"" S-160 BLK SA106-B SEAMLESS NIPPLE, TBE   
21                  1"" X 6"" S-160 BLK SA106-B SEAMLESS NIPPLE, TBE   
22                  1"" X 6"" S-160 BLK SA106-B SEAMLESS NIPPLE, TBE   
23                  1"" X 2"" S-160 BLK SA106-B SEAMLESS NIPPLE, TBE   
24                  1"" X 2"" S-160 BLK SA106-B SEAMLESS NIPPLE, TBE   

       END_CONNECTIONS       END_FINISH ID LENGTH MANUFACTURING_PROCESS  \
0            PLAIN END        PLAIN END       NAN              SEAMLESS   
1                  NAN  PLAIN BOTH ENDS       NAN              SEAMLESS   
2   THREADED BOTH ENDS              NAN         6              SEAMLESS   
3             THREADED              NAN         6              SEAMLESS   
4                  NAN            BLACK       NAN              SEAMLESS   
5                  NAN            BLACK       NAN              SEAMLESS   
6                  NAN            BLACK       NAN              SEAMLESS   
7                  NAN            BLACK       NAN              SEAMLESS   
8                  NAN            BLACK       NAN              SEAMLESS   
9                  NAN            BLACK       NAN              SEAMLESS   
10                 NAN            BLACK       NAN              SEAMLESS   
11                 NAN            BLACK       NAN              SEAMLESS   
12                 NAN            BLACK       NAN              SEAMLESS   
13                 NAN            BLACK       NAN              SEAMLESS   
14                 NAN              NAN       NAN              SEAMLESS   
15                 NAN              NAN       NAN              SEAMLESS   
16                 NAN              NAN       NAN              SEAMLESS   
17           PLAIN END            BLACK       NAN              SEAMLESS   
18           PLAIN END              NAN       NAN              SEAMLESS   
19            THREADED            BLACK         4              SEAMLESS   
20            THREADED            BLACK       NAN              SEAMLESS   
21  THREADED BOTH ENDS            BLACK         6              SEAMLESS   
22            THREADED              NAN         6              SEAMLESS   
23  THREADED BOTH ENDS            BLACK       NAN              SEAMLESS   
24            THREADED              NAN       NAN              SEAMLESS   

   MATERIAL_GRADE MATERIAL_NAME  ... PRIMARY_SIZE PRIMARY_WALL   PRODUCT_CODE  \
0               B  CARBON STEEL  ...          1.0                 BS16010040P   
1               B  CARBON STEEL  ...          1.0                 BS16010040P   
2               B  CARBON STEEL  ...          1.0                 SBS16010060   
3               B  CARBON STEEL  ...          1.0                 SBS16010060   
4               B  CARBON STEEL  ...          1.0                  IPA01016AM   
5               B  CARBON STEEL  ...          1.0                 SIPA01016AM   
6               B  CARBON STEEL  ...          1.0                  IPA01016AM   
7               B  CARBON STEEL  ...          1.0                 SIPA01016AM   
8               B  CARBON STEEL  ...          1.0                   IPA01016C   
9               B  CARBON STEEL  ...          1.0                     PA01016   
10              B  CARBON STEEL  ...          1.0                    IPA01016   
11              B  CARBON STEEL  ...          1.0                   IPA01016K   
12              B  CARBON STEEL  ...          1.0                   IPA01016K   
13              B  CARBON STEEL  ...          1.0                    IPA01016   
14            6/B  CARBON STEEL  ...          1.0                 SPA3/B01016   
15            6/B  CARBON STEEL  ...          1.0                  PA3/B01016   
16            6/B  CARBON STEEL  ...          1.0                  PA3/B01016   
17              B  CARBON STEEL  ...          1.0               BS16010030SCE   
18              B  CARBON STEEL  ...          1.0               BS16010030SCE   
19              B  CARBON STEEL  ...          1.0                  BS16010040   
20              B  CARBON STEEL  ...          1.0                  BS16010040   
21              B  CARBON STEEL  ...          1.0                  BS16010060   
22              B  CARBON STEEL  ...          1.0                  BS16010060   
23              B  CARBON STEEL  ...          1.0                 SBS16010020   
24              B  CARBON STEEL  ...          1.0                  BS16010020   

   REDUCING_SCHEDULE REDUCING_SIZE REDUCING_WALL TRIM           TYPE  \
0                NAN             4                NAN         NIPPLE   
1                NAN             4                NAN         NIPPLE   
2                NAN           NAN                NAN         NIPPLE   
3                NAN           NAN                NAN         NIPPLE   
4                NAN           NAN                NAN  SEAMLESS PIPE   
5                NAN           NAN                NAN       SEAMLESS   
6                NAN           NAN                NAN       SEAMLESS   
7                NAN           NAN                NAN       SEAMLESS   
8                NAN           NAN                NAN       SEAMLESS   
9                NAN           NAN                NAN       SEAMLESS   
10               NAN           NAN                NAN  SEAMLESS PIPE   
11               NAN           NAN                NAN       SEAMLESS   
12               NAN           NAN                NAN  SEAMLESS PIPE   
13               NAN           NAN                NAN       SEAMLESS   
14               NAN           NAN                NAN       SEAMLESS   
15               NAN           NAN                NAN       SEAMLESS   
16               NAN           NAN                NAN  SEAMLESS PIPE   
17               NAN             3                NAN         NIPPLE   
18               NAN             3                NAN         NIPPLE   
19               NAN             4                NAN         NIPPLE   
20               NAN             4                NAN         NIPPLE   
21               NAN           NAN                NAN         NIPPLE   
22               NAN           NAN                NAN         NIPPLE   
23               NAN             2                NAN         NIPPLE   
24               NAN             2                NAN         NIPPLE   

   WALL_THICKNESS     score  
0                  0.930834  
1                  0.930834  
2                  0.929330  
3                  0.929330  
4                  0.916341  
5                  0.916341  
6                  0.916341  
7                  0.916341  
8                  0.906636  
9                  0.906636  
10                 0.906636  
11                 0.906636  
12                 0.906636  
13                 0.906636  
14                 0.905964  
15                 0.905964  
16                 0.905964  
17                 0.905726  
18                 0.905726  
19                 0.905410  
20                 0.905410  
21                 0.904951  
22                 0.904951  
23                 0.904231  
24                 0.904231  

[25 rows x 25 columns]",0,EXCELLENT
99,"12700321-PIPE,SMLS,10,S160-SA-106B","10"" S-160 1.125WA53/SA106-B SMLS PIPE",True,99,0,23.99427199999991,"   CATEGORY  CONFIDENCE  \
0      PIPE         0.9   
1      PIPE         0.9   
2      PIPE         0.9   
3      PIPE         0.9   
4      PIPE         0.9   
5      PIPE         0.9   
6      PIPE         0.9   
7      PIPE         0.9   
8      PIPE         0.9   
9      PIPE         0.9   
10     PIPE         0.9   
11     PIPE         0.9   
12     PIPE         0.9   
13     PIPE         0.9   
14     PIPE         0.9   
15     PIPE         0.9   
16     PIPE         0.9   
17     PIPE         0.9   
18     PIPE         0.9   
19     PIPE         0.9   
20     PIPE         0.9   
21     PIPE         0.9   
22     PIPE         0.9   
23     PIPE         0.9   
24     PIPE         0.9   

                                                          DESCRIPTION  \
0                               10"" S-160 1.125WA53/SA106-B SMLS PIPE   
1                10"" S-160 1.125W SA333 GRADE-6/SA106-B SEAMLESS PIPE   
2              10"" S-160 1.125W SA333 GRADE-6/SA106-B/C SEAMLESS PIPE   
3              10"" S-160 1.125W SA333 GRADE-6/SA106-B/C SEAMLESS PIPE   
4                          10"" S-160 1.125 SEAMLESS PIPE SA312-TP1.0L   
5                          10"" S-160 1.125 SEAMLESS PIPE SA312-TP1.0L   
6                 10"" S-160 1.125W SA106B/SA333-GRADE-6 SEAMLESS PIPE   
7                  10"" S-160 1.125W SA106-B/C API5L/X42 SEAMLESS PIPE   
8                  10"" S-160 1.125W SA106-B/C API5L/X42 SEAMLESS PIPE   
9                  10"" S-160 1.125W SA106-B/C API5L/X42 SEAMLESS PIPE   
10  10"" S-160 1.125W ASTM/ASME/SA53B/API5L/X42/SA106B/C SEAMLESS PIPE   
11  10"" S-160 1.125W ASTM/ASME/SA53B/API5L/X42/SA106B/C SEAMLESS PIPE   
12  10"" S-160 1.125W ASTM/ASME/SA53B/API5L/X42/SA106B/C SEAMLESS PIPE   
13    10"" S-120 .844W SA333 GRADE-6/SA106-B/C API5L/X42 SEAMLESS PIPE   
14    10"" S-120 .844W SA333 GRADE-6/SA106-B/C API5L/X42 SEAMLESS PIPE   
15    10"" S-120 .844W SA333 GRADE-6/SA106-B/C API5L/X42 SEAMLESS PIPE   
16    10"" S-120 .844W SA333 GRADE-6/SA106-B/C API5L/X42 SEAMLESS PIPE   
17                              10"" S-160 1.125W SA106B SEAMLESS PIPE   
18                              10"" S-160 1.125W SA106B SEAMLESS PIPE   
19                              10"" S-160 1.125W SA106B SEAMLESS PIPE   
20               10"" S-1401.000W BLK SA106-B/SA333 GR 6 SEAMLESS PIPE   
21                           10"" S-160 1.125W SA335-P11 SEAMLESS PIPE   
22                           10"" S-160 1.125W SA335-P11 SEAMLESS PIPE   
23                           10"" S-160 1.125W SA335-P11 SEAMLESS PIPE   
24                           10"" S-160 1.125W SA335-P11 SEAMLESS PIPE   

   END_CONNECTIONS END_FINISH ID LENGTH MANUFACTURING_PROCESS  \
0              NAN        NAN       NAN              SEAMLESS   
1              NAN        NAN       NAN              SEAMLESS   
2              NAN        NAN       NAN              SEAMLESS   
3              NAN        NAN       NAN              SEAMLESS   
4              NAN        NAN     1.125              SEAMLESS   
5              NAN        NAN       NAN              SEAMLESS   
6              NAN        NAN       NAN              SEAMLESS   
7              NAN        NAN       NAN              SEAMLESS   
8              NAN        NAN       NAN              SEAMLESS   
9              NAN        NAN       NAN              SEAMLESS   
10             NAN        NAN       NAN              SEAMLESS   
11             NAN        NAN       NAN              SEAMLESS   
12             NAN        NAN       NAN              SEAMLESS   
13             NAN        NAN       NAN                  SMLS   
14             NAN        NAN       NAN                  SMLS   
15             NAN        NAN       NAN                  SMLS   
16             NAN        NAN       NAN                  SMLS   
17             NAN        NAN       NAN              SEAMLESS   
18             NAN        NAN       NAN              SEAMLESS   
19             NAN        NAN       NAN              SEAMLESS   
20             NAN      BLACK       NAN              SEAMLESS   
21             NAN        NAN       NAN              SEAMLESS   
22             NAN        NAN       NAN              SEAMLESS   
23             NAN        NAN       NAN              SEAMLESS   
24             NAN        NAN       NAN              SEAMLESS   

     MATERIAL_GRADE    MATERIAL_NAME  ... PRIMARY_SIZE PRIMARY_WALL  \
0                 B     CARBON STEEL  ...         10.0                
1               6/B     CARBON STEEL  ...         10.0                
2             6/B/C     CARBON STEEL  ...         10.0                
3       GRADE 6/B/C     CARBON STEEL  ...         10.0                
4            TP1.0L  STAINLESS STEEL  ...         10.0                
5            TP1.0L  STAINLESS STEEL  ...         10.0                
6                 6     CARBON STEEL  ...         10.0                
7               B/C     CARBON STEEL  ...         10.0                
8               B/C     CARBON STEEL  ...         10.0                
9               B/C     CARBON STEEL  ...         10.0                
10              X42     CARBON STEEL  ...         10.0                
11              X42     CARBON STEEL  ...         10.0                
12              X42     CARBON STEEL  ...         10.0                
13  GRADE 6/B/C/X42     CARBON STEEL  ...         10.0                
14        GR6/B/X42     CARBON STEEL  ...         10.0                
15  GRADE-6/B/C/X42     CARBON STEEL  ...         10.0                
16  GRADE-6/B/C/X42     CARBON STEEL  ...         10.0                
17                B     CARBON STEEL  ...         10.0                
18                B     CARBON STEEL  ...         10.0                
19                B     CARBON STEEL  ...         10.0                
20              B/6     CARBON STEEL  ...         10.0                
21              P11      ALLOY STEEL  ...         10.0                
22              P11      CHROME MOLY  ...         10.0                
23              P11      CHROME MOLY  ...         10.0                
24              P11      ALLOY STEEL  ...         10.0                

      PRODUCT_CODE REDUCING_SCHEDULE REDUCING_SIZE REDUCING_WALL TRIM  \
0       IPA10016TM               NAN           NAN                NAN   
1       PA3/B10016               NAN           NAN                NAN   
2    IPA3/B10016PT               NAN           NAN                NAN   
3    IPA3/B10016PT               NAN           NAN                NAN   
4        IPS410016               NAN           NAN                NAN   
5        IPS410016               NAN           NAN                NAN   
6    IPA3/B10016VG               NAN           NAN                NAN   
7      SIPA10016PT               NAN           NAN                NAN   
8      SIPA10016PT               NAN           NAN                NAN   
9       IPA10016PT               NAN           NAN                NAN   
10     SIPA10016AM               NAN           NAN                NAN   
11      IPA10016AM               NAN           NAN                NAN   
12     SIPA10016AM               NAN           NAN                NAN   
13   IPA3/B10012PT               NAN           NAN                NAN   
14  SIPA3/B10012PT               NAN           NAN                NAN   
15   IPA3/B10012PT               NAN           NAN                NAN   
16  SIPA3/B10012PT               NAN           NAN                NAN   
17       IPA10016C               NAN           NAN                NAN   
18        IPA10016               NAN           NAN                NAN   
19       SIPA10016               NAN           NAN                NAN   
20   IPA3/B10014PT               NAN           NAN                NAN   
21     SIPA1110016               NAN           NAN                NAN   
22      SPA1110016               NAN           NAN                NAN   
23     SIPA1110016               NAN           NAN                NAN   
24      SPA1110016               NAN           NAN                NAN   

             TYPE WALL_THICKNESS     score  
0       SMLS PIPE                 0.920689  
1   SEAMLESS PIPE                 0.905086  
2        SEAMLESS                 0.904933  
3   SEAMLESS PIPE                 0.904933  
4   SEAMLESS PIPE                 0.903671  
5   SEAMLESS PIPE                 0.903671  
6   SEAMLESS PIPE                 0.902120  
7        SEAMLESS                 0.901724  
8   SEAMLESS PIPE                 0.901724  
9   SEAMLESS PIPE                 0.901724  
10  SEAMLESS PIPE                 0.901406  
11  SEAMLESS PIPE                 0.901406  
12  SEAMLESS PIPE                 0.901406  
13  SEAMLESS PIPE                 0.899807  
14  SEAMLESS PIPE                 0.899807  
15  SEAMLESS PIPE                 0.899807  
16  SEAMLESS PIPE                 0.899807  
17  SEAMLESS PIPE                 0.899244  
18  SEAMLESS PIPE                 0.899244  
19  SEAMLESS PIPE                 0.899244  
20       SEAMLESS                 0.898391  
21  SEAMLESS PIPE                 0.898035  
22  SEAMLESS PIPE                 0.898035  
23  SEAMLESS PIPE                 0.898035  
24  SEAMLESS PIPE                 0.898035  

[25 rows x 25 columns]",0,EXCELLENT
