,Primary Term,perm_1,perm_2,perm_3,perm_4,perm_5,perm_6,perm_7,perm_8,perm_9,perm_10
0,EXPANSION JOINT,EXP JNT,EXP JOINT,EXP-JNT,EJ,EXPAN JT,EXPANSION JT,EXP. JOINT,EXPAN JOINT,E.J.,EXP-JOINT
1,MAIN VALVE,MN VLV,MAIN VLV,M VLV,M.V.,MV,MNVLV,M-VLV,MAIN V,M.VALVE,MN-VLV
2,GAUGE,GA,GG,GAGE,PRESSURE GAUGE,PRESSURE GAGE,PRESS GAUGE,PRESS GA,PR GA,PR GG,P GAUGE
3,HANDLE,HNDL,HDL,HANDL,HND,H/D,HNDLE,HDLE,H.D.L.,H.D.,H-D
4,RELIEF,RLF,RLF VLV,RELIEF VALVE,RELIEF VLV,RV,REL VLV,REL VALVE,RLF-VLV,REL-VLV,RELF
5,GROOVED COUPLING,GRV CPLG,GRVD CPLG,GRV COUPLING,GROOVE CPLG,GRVED CPLG,GRVD COUPLING,GRV-CPLG,GROOVE COUPLING,GRV CPL,GRVD CPL
6,STEAM TRAP,STM TRP,ST TRP,STM TRAP,ST TRAP,STMTRP,STTRP,S TRAP,STRP,STP,S.T.
7,FABRICATED PIPE,FAB PIPE,FABR PIPE,FABRICATED PP,FAB PP,FABR PP,FABRICATED PIPING,FAB PIPING,FABR PIPING,PIPE FAB,PP FAB
8,LR 90 DEGREE ELBOW,LR 90 ELL,LR 90° ELL,LR 90 ELBOW,LR 90° ELBOW,ELBOW LR 90,ELL LR 90,LONG RADIUS 90 ELBOW,LONG RADIUS 90° ELBOW,LR 90,90 LR ELBOW
9,PIPE,PIP,PIPING,LINE PIPE,TUBE,TUBING,P/P,P.P,PP,LN PIPE,PIPES
10,WYE LATERAL,WYE LAT,WYE,Y LATERAL,Y LAT,LATERAL WYE,LAT WYE,Y BRANCH,WYE BRANCH,Y-LAT,WYE-LAT
11,22-0.5 DEGREE ELBOW,22.5 DEG ELBOW,22.5° ELBOW,22.5 DEG ELL,22.5° ELL,22-1/2 DEG ELBOW,22-1/2° ELBOW,22-1/2 DEG ELL,22-1/2° ELL,ELBOW 22.5 DEG,ELL 22.5 DEG
12,BUTTERFLY,BFLY,BFV,BTFLY,B-FLY,BTRFLY,BUTTERFLY VLV,BUTTERFLY VALVE,B.F.V.,BFLY VLV,BFLY VALVE
13,FLANGE ADAPTER,FLG ADPTR,FL ADPTR,FLANGE ADPT,FLG ADAPTER,FL ADAPTER,FLANGE-ADAPTER,FLG-ADPTR,FLNG ADPTR,FLNG-ADPTR,FLNG ADAPTER
14,SADDLE,SDDL,SDL,SADL,SDL FTG,SADDLE FITTING,PIPE SADDLE,SADL FTG,SADDLE FTG,PPE SDL,PPE SADDLE
15,SWAGE REDUCER,SWAGE RED,SWGRED,SWG RED,SWAGE,SWG REDUCER,SWGR,SWAGE RDR,SWG RDR,SWAGE CONCENTRIC REDUCER,SWAGE ECCENTRIC REDUCER
16,FABRICATED,FAB,FABR,FABRICATE,FAB'D,FABBED,FABRICATION,FABR'D,FABRICATED,FABRCTN,FAB.
17,LR 90 ELBOW,LR 90 ELL,LR 90° ELL,LR 90 ELBOW,LR 90° ELBOW,ELBOW LR 90,ELL LR 90,90 LR ELBOW,90 LR ELL,LONG RADIUS 90 ELBOW,LONG RADIUS 90 ELL
18,PRESSURE GAUGE,PRES GAUGE,PRESS GAUGE,P GAUGE,PG,PRESS GA,P.G.,PRES GA,PRESSURE GA,PR GAUGE,PRESSURE GAGE
19,SWING CHECK,SWING CHK,SWG CHK,SWNG CHK,SW CHK,SWING CHECK VLV,SWG CHECK VLV,SWING CHK VLV,SWG CHK VLV,SW CHECK VALVE,SWING CHECK VALVE
20,GLOBE,GLB,GL,GLOB,GLB VLV,GL VLV,GLOBE VLV,GLOBE VALVE,GLB VALVE,GL VALVE,G.L.V
21,WYE STRAINER,Y STRAINER,Y-STRAINER,WYE-STRAINER,Y STR,WYE STR,Y-STR,WYE-STR,W.Y.E. STRAINER,Y.S.,W.S.
22,90 ELBOW,90 ELL,90° ELL,90 DEG ELL,90° ELBOW,90 DEG ELBOW,ELBOW 90,ELL 90,90 LR ELBOW,90 SR ELBOW,90 DEGREE ELBOW
23,Y STRAINER,Y STR,Y-STR,Y-STRAINER,WYES,Y TYPE STRAINER,Y-TYPE STR,WHY STRAINER,Y STRAIN,YS,Y-S
24,REDUCING PIPE,RED PIPE,REDUCER PIPE,REDUC PIPE,RDC PIPE,RED PP,RDCR PIPE,REDUCING PIP,RED PPE,REDUCER PPE,RDC PPE
25,BACKUP RING,BU RING,B/U RING,BACK-UP RING,B.U. RING,BKUP RING,BUR,B-U RING,BACK UP RNG,B/U RNG,BKUP RNG
26,SPIRAL WOUND,SW,SP WND,SPRL WND,SWG,SP-WND,SPRL-WND,SPIRAL WOUND GASKET,SWG GASKET,SW GASKET,SPRL WOUND
27,SPIRAL,SPRL,SPR,SPRL WND,SPIRAL WOUND,SPIRAL-WOUND,SPRL-WND,SPR-WND,SP-WND,SWG,SW
28,RING,RNG,R,RINGO,RG,RINGS,RGING,RGS,RING JOINT,RJ,RNG JNT
29,ACTUATOR,ACT,ACTR,ACTUATR,ACTU,ACTUA,VALVE ACTUATOR,VLV ACT,V/ACT,ACT/V,ACTVR
30,ANGLE,ANG,ANGL,ANGV,ANGLE VALVE,ANG VLV,ANGVLV,ANGLVLV,ANG V,A.V.,ANGLEV
31,Y-STRAINER,Y STRAINER,Y-STR,YSTR,Y STR,Y-STRAIN,Y TYPE STRAINER,Y TYPE STR,Y.STR,Y/STR,WSTR
32,32. ATL TEE,ATLATERAL TEE,ASYMMETRICAL TEE,ATL T,A-TEE,ASYMMETRIC TEE,A-LATERAL,ASYMMETRICAL LATERAL TEE,A LAT TEE,ALAT T,A-LAT
33,BALL VALVE FULL PORT,BVFP,BV FP,FULL PORT BALL VALVE,FP BALL VALVE,BALL VLV FP,FP BALL VLV,FULL PORT BV,FP BV,F.P.B.V.,BALL VALVE F/P
34,BASKET,BSKT,BSK,BASK,BASKT,BASKET STRAINER,BSKT STRAINER,BSK STRAINER,BASK STRAINER,BASKT STRAINER,STRAINER BASKET
35,DUO CHECK,DUO CHK,DUO CK,DUAL CHECK,DUAL CHK,DUAL CK,DC VALVE,DC VLV,DUO CHECK VALVE,DUAL CHECK VALVE,DCV
36,FLOATING BALL,FLT BALL,FLOAT BALL,FLT BL,FLTG BALL,FLOATING BL,FB VALVE,F.B.,FLT B,FLOAT BL,F BALL
37,PTFE INSERT TEE,PTFE INS TEE,TFE INSERT TEE,TEFLON INSERT TEE,TEFLON INS TEE,PTFE LINED TEE,TFE LINED TEE,TEFLON LINED TEE,PTFE-LINED TEE,PTFE TEE,FLUOROPOLYMER TEE
38,RAISED FACE LONG WELD NECK FLANGE,RAISED FACE LONG WN FLANGE,RAISED FACE LWN FLANGE,RF LONG WELD NECK FLANGE,RF LWN FLANGE,RF LONG WN FLANGE,RAISED FACE LONG WELD NECK FLG,RF LONG WELD NECK FLG,RF LWN FLG,RFLWN FLANGE,RFLWN FLG
39,RAISED FACE SOCKETWELD FLANGE,RAISED FACE SW FLANGE,RAISED FACE SW FLG,RF SOCKETWELD FLANGE,RF SOCKETWELD FLG,RF SW FLANGE,RF SW FLG,RF-SW-FLG,RFSW FLANGE,RFSW FLG,RF-SW
40,RAISED FACE SOCKETWELD,RAISED FACE SW,RF SOCKETWELD,RF SW,RFSW,RF-SW,RF SOCKET WELD,RAISED FACE SOCKET WELD,RAISED FACE SKT WLD,RF SKT WLD,RFACE SW
41,REDUCING FLANGE,RED FLG,RED FLANGE,REDUC FLG,REDUC FLANGE,REDUCING FLG,RED. FLG,RED. FLANGE,REDUCER FLANGE,REDUCER FLG,RDC FLANGE
42,REDUCING INSERT TEE,RED INSERT TEE,REDUCER INSERT TEE,RED INS TEE,REDUCING TEE INSERT,RED TEE INSERT,RIT,REDIT,RED INS T,REDUCING INSERT T,REDUCER INS TEE
43,STANDARD,STD,STND,STAND,STNDR,STD.,STDRD,STNDRD,STANDARD WEIGHT,STD WT,STD WEIGHT
44,STRAIGHT,STRGHT,STR,STRT,STRGT,STRAGHT,STRAIT,STRT RUN,STR RUN,STRAIGHT RUN,STRG
45,STRAIGHT PIPE,STR PIPE,STRGHT PIPE,STRAIGHT PIP,STR PIP,PIPE STRAIGHT,PIPE STR,ST PIPE,STRGHT PIP,S PIPE,PIPE S
46,STRAINER,STRNR,STR,STRAIN,STRNR ASSY,STRAINER ASSEMBLY,FILTER,FILTR,FLTR,FTR,STRNR-ASSY
47,THREADED RAISED FACE FLANGE,THRD RF FLANGE,THD RF FLG,THREADED RF FLANGE,THD RAISED FACE FLG,THRD RAISED FACE FLANGE,RF THREADED FLANGE,RF THD FLG,RAISED FACE THD FLANGE,RAISED FACE THRD FLG,RF THRD FLG
48,TRUNNION BALL,TRUN BALL,TRUNN BALL,TRN BALL,TRUN BL,TB VLV,TRUN VLV,TRUNNION BV,TRUN B VLV,TRUNNION BALL VLV,TRUNNION BALL VALVE
49,POPPET CHECK,POPPET CHK,POP CHK,POPPET CHECK VALVE,POP CHECK VALVE,POPPET CHK VLV,POP CHK VLV,POPPET CV,POP CV,PCVA,P.C.V.
50,WAFER CHECK,WFR CHK,WAFER CHK,WFR CHECK VLV,WAFER CHECK VLV,WFR CHK VLV,WCV,W.C.V.,WAFER CK,WFR CK,WF CHK
51,WELD NECK RAISED FACE,WELD NECK RF,WN RF,WNRF,RAISED FACE WELD NECK,RF WELD NECK,RF WN,WELD NECK R.F.,WN R.F.,RAISED FACE WN,RF-WN
52,52 45 ELBOW,52 45 ELL,52 45° ELL,52 45 ELBOW,52 45° ELBOW,ELBOW 52 45,ELL 52 45,52 45DEG ELL,52 45DEG ELBOW,52-45 ELBOW,52-45 ELL
53,PUSH PULL TEE,PP TEE,P-P TEE,PUSH-PULL TEE,PUSH/PULL TEE,P/P TEE,PUSH & PULL TEE,PUSH&PULL TEE,PUSH-PULL T,PP T,P&P TEE
54,BALL CHECK,BALL CHK,BALL CK,B CHK,BCK,B CK,BALL CHECK VLV,BALL CHECK VALVE,BC VLV,BC VALVE,BCV
55,PUSH PULL,PSH PLL,PUSH-PULL,P-P,PUSH/PULL,P/P,P.P.,PUSHPULL,PSH-PLL,PSH/PLL,P PULL
56,FLOOR FLANGE,FL FLG,FLOOR FLG,FLR FLANGE,FLR FLG,FLG FLOOR,FLANGE FLOOR,FL. FLANGE,FL. FLG,FLOOR FLNG,FLR FLNG
57,GROUND JOINT UNION,GJ UNION,GROUND JT UNION,GRD JT UNION,GJ UNN,GRD JOINT UNN,GRND JT UNN,G.J. UNION,G.J.U.,GND JT UNION,GROUND JOINT UNN
58,REDUCER COUPLING,RED CPLG,RED COUPLING,REDUCING CPLG,REDUCING COUPLING,RED COUPLINGS,REDUCER CPLG,RED CPLNG,REDUCING CPLNG,RDCR CPLG,RDC CPLG
59,STREET 45 DEGREE ELBOW,STR 45 ELL,STR 45° ELL,STREET 45 ELL,STREET 45° ELL,STR 45 ELBOW,STR 45° ELBOW,STREET 45° ELBOW,45° STREET ELBOW,45 STR ELBOW,45° STR ELL
60,STREET 45 ELBOW,STR 45 ELL,STR 45° ELL,STR 45 ELBOW,STR 45° ELBOW,STREET 45 ELL,STREET 45° ELL,ELBOW STR 45,ELL STR 45,45 STR ELBOW,45° STR ELL
61,STREET 90 DEGREE ELBOW,STREET 90 DEG ELBOW,STREET 90° ELBOW,ST 90 DEG ELBOW,ST 90° ELBOW,STREET 90 ELL,STREET 90° ELL,ST 90 ELL,ST 90° ELL,STR 90 ELBOW,STR 90° ELL
62,STREET 90 ELBOW,STR 90 ELL,STR 90° ELL,STREET 90° ELBOW,STREET 90 ELL,STR 90 ELBOW,STREET ELBOW 90,90 STREET ELBOW,90° STREET ELL,90 STR ELBOW,90° STR ELL
63,FULL FACE,FF,F/F,F.F.,F-F,FULL-FACE,FULL FACED,F FACE,FULL/FACE,F/FACE,FULL.FACE
64,FLAT,FLT,FL,FLAT FACE,FF,F/F,F.F.,F-F,FLAT FC,FLAT FACED,F FACE
65,AIR VENT RELEASE,AIR VENT,AUTO AIR VENT,AIR RELEASE VALVE,AIR RELIEF VALVE,AIR VENT VALVE,AUTO AIR RELEASE,AIR RELEASE,AIR RELIEF,ARV,AV
66,AIR VENT VALVE,AV VALVE,AIR VNT VLV,AVV,A.V.V.,AIR VENT VLV,AIR RELEASE VALVE,AIR REL VLV,AIR RELIEF VALVE,AIR RLF VLV,VENT VALVE
67,CONTROL,CTRL,CNTRL,CONTRL,CNT,CTL,CNTL,CONT,CONTR,C-TRL,CTR
68,DRAIN TRAP,DRN TRAP,DRAIN TRP,DRN TRP,DRNTRAP,DRNTRP,D TRAP,D TRP,DTRP,D.TRAP,D.TRP
69,FLANGE NUT/BOLT SET,FLG NUT/BOLT SET,FLANGE BOLT SET,FLG BOLT SET,FLANGE FASTENER SET,FLG FASTENER SET,NUT AND BOLT SET,STUD BOLT SET,STUD AND NUT SET,FLANGE STUD SET,FLG STUD SET
70,NIPPLE ADAPTER,NIP ADPTR,NPADP,NIP ADP,NIPADP,NIPPLE ADPTR,NIP-ADP,NIPLE ADAPTER,NIPLE ADPTR,N-ADP,NADP
71,SIGHT FLOW INDICATOR,SFI,SIGHT GLASS,FLOW INDICATOR,SIGHT FLOW,FLOW SIGHT,S.F.I.,SIGHT FLW IND,FLOW SIGHT GLASS,SIGHT GLASS INDICATOR,FLOW SIGHT IND
72,SLEEVED PLUG,SLVD PLUG,SLV PLUG,SLEEVE PLUG,SLEEVED PLG,SL PLUG,SLVD PLG,SLV PLG,SLEEVE PLG,SL PLG,SLPLG
73,STUD AND NUT KIT,STUD & NUT KIT,STD & NUT KIT,STUD N NUT KIT,STUD/NUT KIT,S&N KIT,STUD NUT SET,STD/NUT SET,STUD/NUT ASSEMBLY,STUD AND NUT SET,STUD & NUT ASSEMBLY
74,STUD BOLT KIT,SB KIT,STD BLT KIT,STUD BLT KIT,SBK,STD BOLT SET,STUD SET,STUD/NUT SET,STUD AND NUT KIT,BOLT/NUT KIT,STUD/NUT KIT
75,STUD NUT SET,STD NUT SET,STUD & NUT SET,STUD AND NUT SET,STUD/NUT SET,STD/NUT SET,STUD N NUT SET,STUDNUT SET,STD & NUT SET,STUD-NUT SET,SNS
76,TANK FLANGE,TNK FLG,TANK FLG,TNK FLANGE,TK FLANGE,TK FLG,STORAGE TANK FLANGE,STORAGE TANK FLG,VESSEL FLANGE,VESSEL FLG,T-FLG
77,WEIR,WR,WIR,WER,WEIER,WYR,WEAR,WIER,W-R,W.R.,WYRE
78,RED RUBBER FLAT FACE,RED RBR FF,RED RUBBER FF,RR FF,RED RBR FLAT FACE,RRFF,RED RBR F/F,RED RUBBER F/F,RR F/F,RED RBR FLAT FCE,RED RUBBER FLAT FCE
79,BUSHING,BSH,BUSH,BSHG,REDUCER BUSH,REDUCING BUSH,RED BUSH,BUSHN,BSHING,BSHNG,BSG
80,CONE STRAINER,CONE STRNR,CONE STRN,CONE STR,CONE FILTER,CN STRAINER,CN STRNR,CN STRN,CONICAL STRAINER,CONICAL STRNR,CONICAL FILTER
81,HEX CSK PLUG,HEX COUNTERSUNK PLUG,HEXAGONAL COUNTERSUNK PLUG,HEX CS PLUG,HEX CSNK PLUG,HEXAGON CSK PLUG,HEX COUNTRSUNK PLUG,HEXAGONAL CSK PLUG,HEX COUNTER SUNK PLUG,HEXAGON COUNTER SUNK PLUG,HEX C/S PLUG
82,HEX HEAD BLIND FLANGE,HEX HD BLIND FLG,HEX HEAD BLIND FLG,HH BLIND FLANGE,HH BLIND FLG,HHBLIND FLANGE,HHBLIND FLG,HEX BLIND FLANGE,HEX BLIND FLG,HEX HD BL FLG,HH BL FLG
83,HEX PLUG,HEX PL,HEX PLG,HEXPLG,HX PLG,HXPLG,H PLG,HP,HEXAGONAL PLUG,HEX HEAD PLUG,HEX HD PLG
84,KNIFE GATE,KGV,KNFE GT,KNF GT,K.G.V.,KNIFE GT,KN GT,K GT,KNIFE-GATE,KNF-GT,K/G/V
85,MALE ADAPTER,MA,MALE ADPT,M ADAPTER,M ADPT,MALE ADP,M ADP,ML ADPT,MALE FITTING,M-ADPT,M.A.
86,RAISED FACE REDUCING FLANGE,RF REDUCING FLANGE,RF RED FLANGE,RF RED FLG,RAISED FACE RED FLANGE,RAISED FACE RED FLG,RF REDUCING FLG,RFRED FLG,RF RED,RAISED FACE REDUCER,RF REDUCER
87,RAISED FACE REDUCING THREADED FLANGE,RAISED FACE RED THD FLANGE,RAISED FACE RED THD FLG,RF REDUCING THREADED FLANGE,RF RED THREADED FLG,RF RED THD FLANGE,RF RED THD FLG,RF RTF,RFRTF,RF RED THRD FLG,RAISED FACE RED THRD FLG
88,REDUCING THREADED RAISED FACE FLANGE,RED THD RF FLANGE,RED THD RF FLG,REDUCING THD RF FLANGE,REDUCING THD RF FLG,RED THRD RF FLANGE,RED THRD RF FLG,REDUCING THREADED RF FLG,RED NPT RF FLANGE,RED NPT RF FLG,REDUCING NPT RF FLG
89,THREADED BUSHING,THD BUSHING,THRD BUSHING,THD BUSH,THRD BUSH,TH BUSH,THREADED BSH,THD BSH,THRD BSH,T BUSH,TB
90,90. BOLT SET,90° BOLT SET,90DEG BOLT SET,90 DEGREE BOLT SET,90 DEG BST,90° BST,90 BSET,90DEG BS,90° BS,90 BS,90 B/S
91,22-0.5 ELBOW,22-1/2 ELBOW,22.5 ELBOW,22-0.5 ELL,22-1/2 ELL,22.5 ELL,22-0.5° ELBOW,22-1/2° ELBOW,22.5° ELBOW,22-0.5° ELL,22-1/2° ELL
92,2-PIECE 22-0.5 DEGREE ELBOW,2PC 22-0.5 DEG ELL,2 PC 22-0.5° ELBOW,2-PC 22-0.5° ELL,2 PIECE 22-0.5° ELL,2-PIECE 22-0.5 DEG ELL,2PC 22-0.5° ELBOW,2 PC 22-0.5 DEG ELBOW,ELBOW 2PC 22-0.5°,ELL 2PC 22-0.5 DEG,2-PC 22-0.5 ELBOW
93,30 DEGREE ELBOW,30 DEG ELL,30° ELL,30 ELBOW,30° ELBOW,ELBOW 30,ELL 30,30 DEG BEND,30° BEND,30 DEG,30°
94,FABRICATED TEE,FAB TEE,FABRICATED T,FAB T,FABR TEE,FABR T,FABRICATED-TEE,FABRICATED T,FABRICATED-T,FAB-TEE,FAB-T
95,BACK UP FLANGE,BACKUP FLANGE,BACK-UP FLANGE,BUF,B/U FLANGE,B.U. FLANGE,BACK UP FLG,BACKUP FLG,B/U FLG,BU FLANGE,BU FLG
96,BACKUP FLANGE,BU FLANGE,BACKUP FLG,BU FLG,B/U FLANGE,B/U FLG,BACK-UP FLANGE,BACK-UP FLG,B.U. FLANGE,B.U. FLG,BKUP FLG
97,30 ELBOW 2-PIECE,30° ELBOW 2PC,30 DEG ELBOW 2-PC,30° ELL 2-PIECE,30 DEG ELL 2PC,2PC 30° ELBOW,2-PIECE 30 DEG ELL,2PC 30 DEG ELBOW,30° 2PC ELBOW,30 DEG 2-PC ELL,2-PC 30° ELL
98,MECHANICAL JOINT ADAPTER,MJ ADAPTER,MECH JT ADAPTER,MJ ADPTR,MECHANICAL JT ADPTR,MECH JOINT ADAPTER,MJ ADP,MECH JT ADP,MECHANICAL JOINT ADP,MJ-ADAPTER,MECH-JOINT-ADAPTER
99,WATER ANCHOR PIPE,WAP,WATER ANCHOR,W/A PIPE,WA PIPE,H2O ANCHOR PIPE,ANCHOR PIPE WATER,W.A.P.,H2O A/P,WATER A/P,W-A-P
100,2-PIECE ELBOW,2 PC ELBOW,2PC ELBOW,2-PC ELBOW,TWO PIECE ELBOW,TWO-PIECE ELBOW,2 PIECE ELL,2-PC ELL,2PC ELL,TWO PIECE ELL,TWO-PIECE ELL
101,BRANCH SADDLE,BRCH SDL,BR SDL,BRANCH SDL,BR SADDLE,BRCH SADDLE,BRNCH SDL,B SDL,SADDLE BRANCH,SDL BRANCH,B SADDLE
102,HAMMER LUG UNION,HAMMER UNION,HAMMER LUG,HMR LUG UNION,HMR UNION,HMR LUG,H/L UNION,H.L.U.,H L U,HLU,HL UNION
103,VALVE,VLV,V/V,VV,VALV,V,VAL,VLE,VL,VA,V.V.
104,VICTAULIC TRANSITION,VIC TRANS,VICTAULIC TRANS,VIC TRANSITION,VICT TRANS,VICT TRANSITION,VIC-TRANS,VICTAULIC-TRANS,VIC TRANSITION COUPLING,VICTAULIC TRANSITION COUPLING,VIC TRANS CPLG
105,THERMODYNAMIC TRAP,TD TRAP,THERMO TRAP,TDT,THERMODYNAMIC STEAM TRAP,TD STEAM TRAP,THERMO-DYNAMIC TRAP,T/D TRAP,DISC TRAP,THERMODYNAMIC DISC TRAP,T.D. TRAP
106,VOLUME BOOSTER,VOL BOOSTER,VOL BOOST,V BOOSTER,V-BOOST,VB,V.B.,VOLM BOOSTER,VOLM BOOST,V BOOST,VOL BST
107,TUBE,TUB,TB,TUBING,TBG,TUBULAR,T.B.,T.U.B.E.,TBING,TBE,TUBES
108,STUD AND NUT SET,STUD & NUT SET,STUD AND NUTS,STUD & NUTS,STUD/NUT SET,STUD/NUTS,STD & NUT,S&N SET,S/N SET,STUD/NUT ASSEMBLY,STUD-NUT SET
109,GLOBE PLUG,GLB PLG,GL PLG,GLOBE PLG,GL PLUG,G PLG,GLB PL,GB PLG,GLBE PLG,GLB PLUG,G PLUG
110,PISTON CHECK,PIST CHK,PST CHK,PSTN CHK,PISTON CHK VLV,PIST CHECK VLV,PISTON CHK VALVE,P.C.V.,PSTN CHECK,PST CHECK,PIST CK
111,DUAL PLATE CHECK,DPCV,DL PLT CK,DP CK,D.P.C.V.,DL PLT CHK,DUAL PLT CHECK,DUAL PLATE CK,DP CHECK,DPC VALVE,DUAL CHECK
112,RAISED FACE,RF,R/F,R.F.,R F,R-F,RFACE,RAISED FCE,RSD FACE,RSDFACE,R.FACE
113,SOCKETWELD,SW,SCKT WLD,SKT WLD,S/W,SOCKET WELD,SCKT WELD,S.W.,SKT-WLD,SCKT-WLD,S-W
114,FLAT RING,FR,FLT RNG,FLAT RNG,F/R,F.R.,F-R,FLAT-RING,FLAT/RING,F RING,FLT RING
115,ALARM CHECK,ALARM CHK,ALRM CHK,ALM CHK,ALARM CHECK VLV,ALARM CHECK VALVE,ALM CHECK VALVE,ALRM CHK VLV,A.C.V.,ACV,ALARM CK
116,ALARM VALVE,ALRM VLV,ALM VLV,ALARM VLV,A VLV,ALRM V,ALM V,AL VLV,A.V.,ALRM VALVE,AL V
117,MOUNTING GAUGE,MTG GAUGE,MOUNT GAUGE,MNT GAUGE,MTG GA,MOUNT GA,MNT GA,MOUNTING GG,MTG GG,MNT GG,M GAUGE
118,CROSS GASKET,CROSS GSK,X GSK,CROSS-GSK,X-GSK,CROSS SEAL,X SEAL,XGSK,X-G,CROSS-G,CROSS G
119,SPIRAL WOUND CROSS,SW CROSS,SWG CROSS,SPRL WND CROSS,SPIRAL WND CROSS,SP WND CROSS,SPW CROSS,SPC CROSS,SPWC,SWGC,SW-CROSS
120,NON-ASBESTOS,NON ASBESTOS,NON-ASB,NON ASB,N-A,NA,N/A,ASBESTOS FREE,ASB FREE,ASB-FREE,NON ASBESTOS MATERIAL
121,IRON PIPE,IP,I PIPE,I-PIPE,IRON PIP,I.P.,FE PIPE,IRON PPE,I.PIPE,IRN PIPE,IRON P
122,MOUNT,MTN,MNT,MTG,MOUNTING,MNTG,MT,MOUNTER,MOUNTED,MOUNTINGS,MNTS
123,BALL VALVE REDUCED PORT,BALL VLV RED PORT,BALL VLV RP,BV RED PORT,BV RP,BVRP,RED PORT BALL VLV,RP BALL VLV,REDUCED PORT BV,RP BV,BALL VALVE RP
124,REDUCED PORT BALL,RED PORT BALL,RP BALL,REDUCED PORT BALL VALVE,RED PORT BALL VALVE,RP BALL VALVE,RPBV,RPB,RED PORT BV,REDUCED PORT BV,R.P.B.V.
125,STEAM AIR VENT,STM AIR VENT,STEAM VENT,STM VENT,AIR VENT,STEAM A/V,STM A/V,S.A.V.,SAV,STEAM AV,STM AV
126,CLOSURE,CLSR,PIPE CLOSURE,END CLOSURE,CLR,CLS,CLOSR,PIPE CLSR,END CLSR,CLSURE,PIPING CLOSURE
127,SIMPLE,SIMP,SMPL,SMP,SIM,SIMPL,BASIC,STD,STANDARD,PLAIN,REGULAR
128,CROSS GROOVE INSERT,CGI,CROSS GRV INSERT,CROSS GROOVE INSRT,CROSS-GROOVE INSERT,CG INSERT,CROSS GRV INSRT,C/G INSERT,C.G.I.,CROSS-GRV INSERT,CRS GRV INSERT
129,COVER,CVR,COVR,COV,CVER,PLATE COVER,CLOSURE,CAP COVER,BLIND COVER,ACCESS COVER,PROTECTIVE COVER
130,Y-BALL CHECK,Y BALL CHK,Y-BALL CHK,Y BALL CHECK VLV,Y-BALL CHECK VLV,Y-BALL CHK VLV,YBC,Y.B.C.,Y BALL CV,Y-B-C,Y/B/C
131,WELD NECK RTJ FLANGE,WN RTJ FLANGE,WELD NECK RTJ FLG,WN RTJ FLG,RTJ WELD NECK FLANGE,RTJ WELD NECK FLG,RTJ WN FLANGE,RTJ WN FLG,WNRTJ FLANGE,WNRTJ FLG,WN-RTJ FLANGE
132,FLEXITALLIC,FLEXITALIC,FLEXI,FLX,FLEX-GSK,FLEXITALLIC GSK,FLEX GASKET,FLEXITALLIC SEAL,FLEX SEAL,FLX GSK,FLEX-SEAL
133,FLURPLY,FLURPLY,FLP,FLPLY,FLPL,FL PLY,FL-PLY,F.P.,F/P,FL.PLY,FL/PLY
134,WELD NECK RF,WN RF,WELD NECK RAISED FACE,WN RAISED FACE,RF WELD NECK,RF WN,RAISED FACE WELD NECK,RAISED FACE WN,W/N RF,WELD-NECK RF,W.N. RF
135,OVAL RING,OVAL RNG,OV RING,OV RNG,OVAL R,OVL RING,OVL RNG,O RING,O RNG,O-RING,O/RING
136,Y GLOBE,Y GLB,Y-GLOBE,Y PATTERN GLOBE,Y-PATTERN GLOBE,Y TYPE GLOBE,Y-TYPE GLOBE,Y GLOBE VALVE,Y-GLOBE VALVE,YGLOBE,Y GLV
137,HAMMER UNION,HAMR UNION,HAMMER UN,HAMR UN,HMR UNION,HMR UN,HAMMER U,HAM UNION,HAM UN,H UNION,HU
138,THREADED TEE,THD TEE,THRD TEE,THREAD TEE,T-TEE,SCREWED TEE,SCR TEE,NPT TEE,THRD T,THD T,SCR T
139,BELL COUPLING,BELL CPLG,BL CPLG,BELL CPL,BL CPL,BELL-CPLG,B/CPLG,BELL COUPL,BL COUPL,B.CPLG,BELL-CPL
140,FLANGE RING,FLG RING,FL RING,FLNG RNG,FLG RNG,FL RNG,FLANGE RNG,F/RING,F RING,F.RING,F/RNG
141,RING FLANGE,RNG FLG,RING FLG,RNG FLANGE,R/FLG,R.FLG,R-FLG,RING-FLG,RING-FLANGE,R FLANGE,R/FLANGE
142,STUB FLANGE,STUB FLG,STB FLANGE,STB FLG,STUBBED FLANGE,STUBBED FLG,STUB-FLG,STB-FLG,STUB-FLANGE,STB-FLANGE,STUB
143,TAPER NIPPLE,TAPERED NIPPLE,TAP NIPPLE,TPR NIPPLE,REDUCING NIPPLE,RED NIPPLE,REDUCER NIPPLE,TP NIPPLE,TAP NIP,TPR NIP,RED NIP
144,ELBOWOLET,ELBOW-O-LET,ELBOWLET,ELBOW-LET,ELBOW O LET,ELB-O-LET,ELBL,ELBOW OLET,ELBOW-OLET,ELBOLET,ELB OLET
145,ELBOWELDOLET,ELBOW WELDOLET,ELB WELDOLET,ELBO WELDOLET,ELBOWLET,EBWLT,EBW,ELBOW W/O,ELBOW W.O.,ELB W/O,ELB W.O.
146,INSERT,INSRT,INSER,INS,INST,PIPE INSERT,FITTING INSERT,INRT,INSERTS,INSERTION,INSET
147,REDUCER INSERT,RED INSERT,REDUCER INSRT,RED INSRT,REDCR INSRT,RDR INSERT,REDC INSERT,REDUC INSRT,RDR INSRT,RED INS,REDUCER INS
148,SOCKET TEE,SCKT TEE,SKT TEE,SOCK TEE,S/W TEE,SW TEE,SOCKET T,SCKT T,SKT T,S.W. TEE,SOCKETWELD TEE
149,NEEDLE,NDLV,NDL VLV,NEEDLE VLV,NEEDLE VALVE,NDL VALVE,N VLV,N-VLV,NDLE,NDL V,N.V.
150,MANIFOLD,MANF,MNFLD,MAN,MFLD,MANIF,MNFD,MANIFD,MF,MNFL,M'FLD
151,FULL COUPLING,FULL CPLG,FLL CPLG,FULL COUP,FLL COUP,FULL CPL,FLL CPL,CPLG FULL,COUP FULL,CPL FULL,F/CPLG
152,REDUCED PORT BALL VALVE,RPBV,RED PORT BV,REDUCED PORT BV,RED PORT BALL VLV,RED PORT BALL VALVE,RP BALL VLV,RP BALL VALVE,REDUCED PORT B/V,RED PORT B/V,RP B/V
153,FILTER REGULATOR,FLTR REG,FIL REG,F/R,FR,FILTER/REG,FLTR/REG,FIL/REG,F-R,FILTER-REG,FLTR-REG
154,BASKET STRAINER,BST,BSKT STRNR,B/S,BASKET STRNR,BSKT STRAINER,B STRAINER,B.S.,BSKT STR,BASKET STR,B STRNR
155,COMPANION FLANGE,COMP FLG,COMP FLANGE,CP FLG,CP FLANGE,CMP FLG,CMP FLANGE,COMPANION FLG,C FLG,COMP F,CP F
156,GATE OS&Y,GATE OSY,OS&Y GATE,OSY GATE,OUTSIDE SCREW AND YOKE GATE,OS AND Y GATE,GATE OUTSIDE SCREW AND YOKE,OS+Y GATE,GT OSY,GT OS&Y,GATE OS+Y
157,GATE VALVE OS&Y,GATE VLV OS&Y,GTV OS&Y,GT VLV OS&Y,OS&Y GATE VALVE,OS&Y GATE VLV,OS&Y GTV,OSAY GATE VALVE,GATE VALVE OSAY,GATE VLV OSAY,OS+Y GATE VALVE
158,OS&Y GATE,OUTSIDE SCREW AND YOKE GATE,OS AND Y GATE,OSY GATE,OS+Y GATE,OS-Y GATE,OUTSIDE STEM AND YOKE GATE,O.S.&Y. GATE,O S Y GATE,O S AND Y GATE,OSY GT
159,OS&Y GATE VALVE,OSYV,OS&Y GV,OSY GATE VLV,OUTSIDE SCREW AND YOKE GATE VALVE,OS+Y GATE VALVE,OUTSIDE STEM AND YOKE GATE VALVE,OSY GTV,OS&Y GT VLV,OS AND Y GATE VALVE,OS-Y GATE VALVE
160,SILENT CHECK,SILENT CHK,SLNT CHK,SIL CHK,SILENT CHECK VALVE,SLNT CHECK VLV,SIL CHECK VLV,SILENT CHK VLV,NOISELESS CHECK,CENTER GUIDED CHECK,SPRING LOADED CHECK
161,STEAM TRAP INVERTED BUCKET,IB STEAM TRAP,INVERTED BUCKET ST,IB ST,INVT BUCKET TRAP,INV BUCKET ST,STEAM TRAP IB,ST IB,IBT,IB TRAP,INVTD BCKT ST
162,THREADED COMPANION FLANGE,THD COMPANION FLG,THRD COMPANION FLANGE,THD COMP FLG,THRD COMP FLANGE,SCREWED COMPANION FLG,SCR COMPANION FLANGE,THREADED COMP FLG,THD COMPANION,SCREWED COMP FLG,SCR COMP FLANGE
163,TWIN WAFER CHECK,TWN WFR CHK,TWIN WFR CHK,TWIN WAFER CHK,TWN WAFER CHK,TWIN WF CHK,TWN WF CHK,TWIN WAFER CHECK VLV,TWN WFR CHECK VLV,TWIN WAFER CV,TWN WFR CV
164,PISTON,PSTN,PST,PISTN,P/STN,P-STN,P.STN,PIST,PISTNS,P STONS,P/STONS
165,WRI GRAPHITE,WIRE REINFORCED GRAPHITE,WRI GRPH,WIRE REINF GRAPHITE,W.R.I. GRAPHITE,WIRE REIN GRAPHITE,WR GRAPHITE,W/R GRAPHITE,WIRE-REINFORCED GRAPHITE,WRI-GRAPHITE,W.R. GRAPHITE
166,ADAPTER FLANGE,ADPT FLG,ADAPT FLG,ADAPTER FLG,ADP FLG,ADPTR FLANGE,ADAPT FLANGE,ADP FLANGE,ADPT FLANGE,FLG ADAPTER,FLANGE ADAPTER
167,THREADED COMPRESSION FLANGE,THD COMP FLG,THRD COMP FLANGE,THD COMPRESSION FLG,THRD COMPRESSION FLANGE,COMPRESSION THD FLG,COMP THD FLANGE,COMPRESSION THRD FLG,TC FLANGE,TC FLG,THREADED COMP FLG
168,CHECK VALVE DUO,DUO CHECK VALVE,DCV,DUO CHK VLV,DUO VLV,DUAL CHECK VALVE,DUAL CHK VLV,DUAL VLV,D.C.V.,DUO-CHECK,DUAL-CHECK
169,FLANGE,FLG,FLN,FL,FLNG,FG,FLANGE,FLG.,F.L.G.,F.L.,F/L
170,FLAT FACE FLANGE,FF FLANGE,FF FLG,FLAT FACE FLG,FF,F.F. FLANGE,F.F. FLG,FLAT FACED FLANGE,FLAT FACED FLG,F/F FLANGE,F/F FLG
171,FLAT FACE SOCKETWELD FLANGE,FLAT FACE SW FLANGE,FLAT FACE SW FLG,FF SOCKETWELD FLANGE,FF SOCKETWELD FLG,FF SW FLANGE,FF SW FLG,FLAT FACE SOCKET WELD FLANGE,FF SOCKET WELD FLANGE,FLAT FACE S/W FLANGE,FF S/W FLANGE
172,FLAT FACE SOCKETWELD FLANGE,FLAT FACE SW FLANGE,FLAT FACE SW FLG,FF SOCKETWELD FLANGE,FF SOCKETWELD FLG,FF SW FLANGE,FF SW FLG,FLAT FACE SOCKET WELD FLANGE,FF SOCKET WELD FLANGE,FLAT FACE S/W FLANGE,FF S/W FLANGE
173,GLOBE OS&Y,GLB OS&Y,GLOBE OUTSIDE SCREW AND YOKE,OS&Y GLOBE,OS&Y GLB,GLOBE OSY,GLB OSY,OSY GLOBE,O.S.&Y. GLOBE,GLOBE O.S.&Y.,OUTSIDE SCREW AND YOKE GLOBE
174,INSERT TEE,INS TEE,INSRT TEE,INSERT T,INS T,INSRT T,INSTR TEE,INSERT-TEE,INS-TEE,INST TEE,INST T
175,INSULATED TEE,INS TEE,INSUL TEE,INSULATED T,INS T,INSUL T,INSULATED T-PIECE,INSUL T-PIECE,INS T-PIECE,THERMAL INSULATED TEE,THERMALLY INSULATED TEE
176,LAP JOINT SOCKET WELD FLANGE,LAP JT SW FLANGE,LAP JOINT SW FLG,LAP JT SW FLG,LAP JOINT SOCKET FLG,LAP JT SOCKET FLG,LJ SW FLANGE,LJ SW FLG,LJSW FLANGE,LJSW FLG,LJ SOCKET WELD FLG
177,LAP JOINT SOCKETWELD FLANGE,LAP JOINT SW FLANGE,LAP JOINT SW FLG,LJ SOCKETWELD FLANGE,LJ SW FLANGE,LJ SW FLG,LAP JNT SW FLANGE,LAP JNT SW FLG,L/J SW FLANGE,L/J SW FLG,LJSW FLG
178,LJ FLANGE,LAP JOINT FLANGE,LAP JOINT FLG,LJ FLG,LAP JNT FLANGE,LAP JNT FLG,L/J FLANGE,L/J FLG,L.J. FLANGE,L.J. FLG,LAPJNT FLG
179,REDUCER INSERT TEE,RED INSERT TEE,REDUCER INS TEE,RED INS TEE,REDUCER INSERT T,RED INSERT T,REDUCER INS T,RED INS T,RIT,R.I.T.,R I T
180,SOCKET WELD RAISED FACE FLANGE,SW RF FLANGE,SW RF FLG,SOCKET WELD RF FLANGE,SOCKET WELD RF FLG,SW RAISED FACE FLANGE,SW RAISED FACE FLG,SOCKET RF FLANGE,SOCKET RF FLG,SW RFF,SWRF FLG
181,SOCKETWELD RAISED FACE FLANGE,SW RF FLANGE,SW RF FLG,SOCKET WELD RF FLANGE,SOCKET WELD RF FLG,SW RAISED FACE FLANGE,SW RAISED FACE FLG,SOCKETWELD RF FLANGE,SOCKETWELD RF FLG,SOCKET RF FLANGE,SOCKET RF FLG
182,TEE INSERT,TEE INRT,T-INSERT,TINRT,TEE INSRT,T INSRT,TEE-INSERT,T-INSRT,T INSERT,TINSRT,TINSERT
183,THREADED,THD,THRD,THR'D,TH'D,T'D,THREAD,THRDED,THDD,NPT,FNPT
184,AIR RELEASE,AR,AIR REL,A/R,A.R.,AIR RELEASE VLV,AIR RELEASE VALVE,A.R.V.,ARV,AIR REL VLV,AIR REL VALVE
185,SLIP-ON FLANGE,SLIP ON FLANGE,SO FLANGE,SO FLG,SLIP ON FLG,SLIP-ON FLG,S.O. FLANGE,S.O. FLG,SO-FLG,S/O FLANGE,S/O FLG
186,INSTRUMENTATION TEE,INST TEE,INSTR TEE,INSTRUMENT TEE,INST T,INSTR T,INSTRUMENTATION T,I-TEE,I TEE,INST-TEE,INSTR-TEE
187,INSULATING KIT,INSUL KIT,INS KIT,ISOLATION KIT,ISOL KIT,INSULATING SET,FLANGE ISOLATION KIT,FLG ISOL KIT,DIELECTRIC KIT,INSUL SET,ISO KIT
188,INSULATION KIT,INSUL KIT,INS KIT,ISOL KIT,ISOLATION KIT,INSL KIT,INSULATION SET,INSUL SET,ISOLATING KIT,FLANGE INSULATION KIT,FLG INSUL KIT
189,FLR FLANGE,FLARE FLANGE,FLR FLG,FLARE FLG,FLR FL,FLARE FL,FL FLG,FLARED FLANGE,FLARED FLG,FLD FLANGE,FLD FLG
190,GROOVED JOINT,GRV JNT,GROOVE JNT,GRV JOINT,GRVD JNT,GROOVE JOINT,GROOVED JT,GRV JT,GRVD JOINT,G.J.,GJ
191,GROUND-JOINT UNION,GJ UNION,GROUND JOINT UNION,GRD JNT UNION,GND JNT UNION,G.J. UNION,GROUND-JT UNION,GRD-JNT UNION,GROUND JOINT UNN,G-J UNION,GJ UNN
192,PIPE UNION,UNION,PIPE UN,UN,SCREWED UNION,THREADED UNION,SCR UNION,THD UNION,PIPE UN FTG,PIPE UN FITTING,UNI
193,STREET TEE,ST TEE,STR TEE,STREET T,STR T,ST T,S-TEE,S TEE,STREETTEE,ST. TEE,STR. TEE
194,FLAT FACE,FF,F/F,F.F.,F-F,FLAT FACED,F FACE,FLAT FCE,F FCE,FLT FACE,FLAT F
195,DIELECTRIC FLANGE,DIEL FLANGE,DIEL FLG,DI-EL FLANGE,DI-EL FLG,DIELECTRIC FLG,DE FLANGE,DE FLG,DIELEC FLANGE,DIELEC FLG,D/E FLANGE
196,NUT/BOLT SET,NUT AND BOLT SET,BOLT AND NUT SET,N/B SET,B/N SET,STUD BOLT W/NUTS,BOLT/NUT ASSY,STUD BOLT/NUT ASSY,NUTS AND BOLTS,BOLT & NUT SET,NUT & BOLT SET
197,SLEEVED PLUG VALVE,SLV PLG VLV,SLVD PLG VLV,SL PLG VLV,SLEEVE PLG VLV,SLEEVED PV,SLV PV,SLVD PV,SPV,SL PV,SLVD PLUG
198,EXPANSION,EXP,EXPN,EXPAN,EXPNSN,EXP JNT,EXPANSION JOINT,EXP JOINT,EXPN JT,EXP-JT,EXPN-JNT
199,FLANGE SPACER,FLG SPACER,FLNG SPACER,FL SPACER,FLANGE SPCR,FLG SPCR,FLNG SPCR,FL SPCR,F/SPACER,F/SPCR,SPACER FLG
200,FLAT FACE SPACER,FF SPACER,FLAT FACE SPCR,FF SPCR,F.F. SPACER,FLAT-FACE SPACER,F/F SPACER,FLAT FACED SPACER,F-F SPACER,FLAT FACE SPACR,F.F.SPCR
201,FLAT RING SPACER,FLT RNG SPACER,FLAT RNG SPACER,FLT RING SPCR,FLAT RING SPCR,F/R SPACER,F R SPACER,FR SPACER,F.R. SPACER,FLAT SPACER RING,FLT SPCR RING
202,ISO KIT,ISOLATION KIT,INSULATING KIT,ISOL KIT,INSUL KIT,ISOLATING KIT,ISO SET,ISOLATION SET,INSULATING SET,DIELECTRIC KIT,DIELECTRIC SET
203,SPACER,SPCR,SPC,SPAC,SP,SPR,SPACNG,SPACING,SPACE,SPACR,S P R
204,RED RUBBER,RR,RED RUB,R/R,RED-RUB,R-R,RED RUBBER GSK,RED RUBBER GASKET,RR GSK,RR GASKET,R.R.
205,BOLT KIT,BK,B/K,B.K.,BOLT SET,BOLT PACK,BOLT ASSEMBLY,FASTENER KIT,BOLT & NUT KIT,B&N KIT,STUD BOLT KIT
206,BUTTERFLY HIGH PERFORMANCE,HP BUTTERFLY VALVE,HIGH PERFORMANCE BUTTERFLY,HP BFV,HPBFV,HP BFLY,HIGH PERF BFV,HIGH PERF BUTTERFLY,HI PERF BUTTERFLY,HP BUTTERFLY,HIGH PERFORMANCE BFV
207,BUTTERFLY VALVE HIGH PERFORMANCE,HPBFV,HP BFV,HIGH PERF BFV,HP BUTTERFLY VLV,HIGH PERFORMANCE BFV,HI PERF BUTTERFLY,HIGH PERF BUTTERFLY,HP BUTTERFLY VALVE,BUTTERFLY HP,BFV HP
208,COUNTERSUNK PLUG,CS PLUG,CTRSNK PLUG,C/S PLUG,CTR SNK PLUG,COUNTER SUNK PLUG,CSK PLUG,CNTRSNK PLUG,C.S. PLUG,CSNK PLUG,CSUNK PLUG
209,CUT GROOVE,CUT GRV,CT GRV,CUT GROOV,C GROOVE,C GRV,CUT-GROOVE,C-GROOVE,CT-GRV,C/GRV,C.GRV
210,FLANGE BOLT SET,FLG BLT SET,FLG BOLT SET,FLANGE BLT SET,B7 STUD SET,STUD BOLT SET,BOLT & NUT SET,STUD & NUT SET,FASTENER SET,FLANGE FASTENER SET,STUD BOLT & NUT SET
211,FLANGE STUD AND NUT SET,STUD BOLT AND NUT SET,STD BOLT AND NUT SET,FLANGE STUD BOLT SET,STUD AND NUT SET,FLANGE STUD SET,STD & NUT SET,STUD & NUT SET,FLG STD & NUT SET,FLG STUD AND NUT,STUD BOLT SET
212,FLAT FACE SIDE OUTLET FLANGE,FF SIDE OUTLET FLANGE,FF SIDE OUTLET FLG,FLAT FACE SIDE OUTLET FLG,FF SO FLANGE,FF SO FLG,FLAT FACE SO FLANGE,FLAT FACE SO FLG,SIDE OUTLET FF FLANGE,SIDE OUTLET FF FLG,SO FF FLANGE
213,FLAT FACE SLIP-ON FLANGE,FF SLIP-ON FLANGE,FF SO FLANGE,FF SO FLG,FLAT FACE SO FLANGE,FLAT FACE SO FLG,FF SLIP ON,FLAT FACE SLIP ON,FF S/O FLANGE,FLAT FACE S/O FLANGE,FF SLIPON FLG
214,GRAPHITE,GRPH,GR,GRFT,GRAPH,GFT,GRAF,GRPHTE,GRAPHT,GRAFIT,GRAFITE
215,GRAPHITE WRI,GRAPHITE WOUND RING INSERT,GRPH WRI,GR WRI,GRPH WOUND RING INSERT,GRAPH WRI,GRAPHITE RING INSERT,GR WOUND RING INSERT,GRPH RING INSERT,GRAPH RING INSERT,GRAPHITE WOUND INSERT
216,ISOLATION,ISO,ISOLATOR,ISOL,ISOL VLV,ISO VLV,ISOLATION VALVE,ISO VALVE,ISOL VALVE,ISOLATING,ISOLATE
217,KAMMPRO,KAM PRO,KAMP PRO,KAMM PRO,KAM-PRO,KAMP-PRO,KAMM-PRO,K PRO,K-PRO,KPRO,K.PRO
218,KNIFE VALVE,KNF VLV,KNFE VLV,KV,K VLV,KNIFE V,KNF V,K.V.,KNFE V,K-VLV,KNIFE
219,RAISED FACE SWEAT FLANGE,RAISED FACE SWEAT FLG,RF SWEAT FLANGE,RF SWEAT FLG,RF SW FLANGE,RF SW FLG,RAISED FACE SW FLANGE,RAISED FACE SW FLG,RF SWT FLANGE,RF SWT FLG,RAISED FACE SWT FLG
220,SOCKET WELD FLAT FACE FLANGE,SW FF FLANGE,SW FF FLG,SOCKET WELD FF FLANGE,SOCKET WELD FF FLG,FLAT FACE SW FLANGE,FF SW FLANGE,FF SW FLG,FLAT FACE SOCKET WELD FLG,SW FLAT FACE FLG,SOCKET FLAT FACE FLANGE
221,SPUD WELD,SPUDWELD,SPUD-WELD,SPUD WLD,SPUDWLD,SPUD-WLD,SP WELD,SP-WELD,SP WLD,SPUD,SPD WLD
222,BLEED RING,BLD RNG,BLEEDER RING,BLD RING,BR,BLDR RNG,BLDR RING,B/R,B.R.,BLEEDRING,BLD-RNG
223,PIG SIGNALLER,PIG DETECTOR,PIG SIG,PIPELINE PIG SIGNALLER,PIG PASSAGE INDICATOR,PIG PASSAGE SIGNALLER,PIGGING SIGNALLER,PIG DETECTION SYSTEM,PIG PASSING INDICATOR,PIG INDICATOR,PIG SENSOR
224,HDPE PIPE,HIGH DENSITY POLYETHYLENE PIPE,HDPE,PE PIPE,PE4710 PIPE,POLYETHYLENE PIPE,HIGH DENSITY PE PIPE,HD POLYETHYLENE PIPE,HDPE LINE PIPE,PE100 PIPE,HDPE PIPING
225,GLOBE VALVE WYE PATTERN,WYE PATTERN GLOBE VALVE,WYE GLOBE VALVE,Y PATTERN GLOBE VALVE,Y-PATTERN GLOBE VLV,WYE GLB VLV,Y PATTERN GLV,Y-PTN GLOBE VLV,WYE PTN GLV,Y GLV,WYE GLV
226,WYE PATTERN GLOBE,WYE PATTERN GLOBE VALVE,Y PATTERN GLOBE VALVE,WYE GLOBE VALVE,Y GLOBE VALVE,WYE-PATTERN GLOBE,Y-PATTERN GLOBE,WYE PTN GLOBE,Y PTN GLOBE,WYE GLOBE,Y GLOBE
227,Y-GLOBE,Y GLOBE VALVE,Y-PATTERN GLOBE,Y PATTERN GLOBE,Y-GLB,Y GLB,Y-GLOBE VLV,Y GLOBE VLV,Y-TYPE GLOBE,Y TYPE GLOBE,Y PATTERN GLB
228,OS&Y,OUTSIDE SCREW AND YOKE,OS AND Y,OS + Y,OS+Y,O.S.&Y.,O.S.Y.,OSY,OS-Y,OUTSDE SCRW & YOKE,O S & Y
229,AIR VENT,A/V,AV,AIR VNT,A VENT,A-V,A.V.,AIRVENT,AIR-VENT,AIR.VENT,A/VENT
230,GATE NON-RISING STEM,GATE NRS,GTE NRS,NRS GATE,NRS GTE,NON RISING STEM GATE,NON-RISING STEM GATE,GATE VALVE NRS,NRS GATE VALVE,GV NRS,NRS GV
231,INVERTED BUCKET STEAM TRAP,IB STEAM TRAP,INV BUCKET ST,IB ST TRAP,INVTD BUCKET ST,IB TRAP,INV BUCKET TRAP,INVERTED BUCKET ST,IBT,I.B.S.T.,IBST
232,IPS,IRON PIPE SIZE,I.P.S.,I P S,IRON PIPE STANDARD,I.P. SIZE,IRON PS,I PIPE SIZE,IRON P SIZE,IPSIZE,I.PIPE.SIZE
233,INVERTED BUCKET TRAP,IBT,INV BCKT TRP,INV BKT TRAP,I.B.T.,INVTD BCKT TRAP,INV-BCKT-TRP,INVERTED BKT TRAP,INV BUCKET TRAP,INVTD BUCKET TRAP,IB TRAP
234,FLOW CONTROL,FLW CNTRL,FLOW CTRL,FL CTRL,FC,F/C,F.C.,FLOW CNTL,FL CNTRL,FLW CTL,FLOW CTL
235,PILOT,PLT,PILOT VLV,PILOT VALVE,PLT VLV,PLT VALVE,PILOT OPERATED,PILOT ACTUATED,PLT OPERATED,PLT ACTUATED,PILOT OP
236,PRESSURE REGULATOR,PRESS REG,PR REG,PRESS REGTR,P REG,PRES RGTR,PR RGTR,PRES REG,P RGTR,PRESSURE RGTR,PRESS RGTR
237,3WAY BALL,3 WAY BALL VALVE,THREE WAY BALL VALVE,3-WAY BALL VALVE,THREE-WAY BALL VALVE,3W BALL VALVE,3WAY BV,3 WAY BV,THREE WAY BV,3-WAY BV,3W BV
238,FLOAT BALL,FLOATBALL,FLT BALL,FLT BL,FB,F/B,F.B.,FLOAT BL,FLTBALL,F BALL,FLT B
239,DIAPHRAGM GLOBE,DGLOBE,DIA GLOBE,DIAP GLOBE,DIA GLB,DIAPH GLOBE,D-GLOBE,DIAPHRAGM GLB,DIA-GLOBE,D GLOBE,DGLB
240,WELD NECK RTJ,WN RTJ,RTJ WELD NECK,RTJ WN,WELDNECK RTJ,WN-RTJ,RING TYPE JOINT WELD NECK,RING TYPE JOINT WN,RTJ WELDNECK,RING JOINT WELD NECK,RING JOINT WN
241,FULL FACE CARBON,FF CARBON,FULL FACE CRB,FF CRB,F/F CARBON,F.F. CARBON,FULL FACE C,F-F CARBON,FULL-FACE CARBON,F/F CRB,F.F. CRB
242,SCREEN,SCRN,SCR,STRAINER SCREEN,STRN SCRN,FILTER SCREEN,FLTR SCRN,MESH SCREEN,MSH SCRN,SCREENING,SCN
243,SLIP ON RAISED FACE,SLIP ON RF,SO RF,SORF,SO RAISED FACE,SLIP ON R.F.,S.O.R.F.,SO R.F.,S/O RF,S.O. RAISED FACE,SLIP-ON RF
244,CHECK GLOBE INLINE,CK GLB INLINE,CHECK GLB INLINE,CK GLOBE INLINE,INLINE CHECK GLOBE,INLINE CK GLB,INLINE CHECK GLB,INLINE CK GLOBE,CKGLB INLINE,INLINECKGLB,INLINE-CK-GLB
245,245 FOR CARB,245 FORGED CARBON STEEL,245 FORGED CS,245 FOR CS,245 FORGED CARB STL,245 FORGED,245 FOR CARBON STEEL,245 FORGED C/S,245 FOR C/S,245 F/CARB,245 F/CS
246,RAISED FACE WELD NECK ORIFICE,RF WELD NECK ORIFICE,RAISED FACE WN ORIFICE,RF WN ORIFICE,RFWN ORIFICE,RF WELD NECK OR,RAISED FACE WN OR,RF WN OR,RFWN OR,RAISED FACE WELDNECK ORIFICE,RF WELDNECK ORIFICE
247,RAISED FACE WELD NECK ORIFICE FLANGE,RF WELD NECK ORIFICE FLANGE,RAISED FACE WN ORIFICE FLG,RF WN ORIFICE FLANGE,RAISED FACE WELD NECK ORIF FLG,RF WELD NECK ORIF FLG,RAISED FACE WN ORIF FLANGE,RF WN ORIF FLG,RFWN ORIFICE FLANGE,RFWN ORIF FLG,RF WNOF
248,LUG UNION,LG UN,LUG UN,L UNION,LG UNION,L UN,LUG U,L U,LG U,UNION LUG,UN LUG
249,LATERAL WYE,LAT WYE,LAT Y,LATERAL Y,LTL WYE,LTL Y,LAT-WYE,LAT-Y,LTRL WYE,LTRL Y,L-WYE
250,SOCKET COUPLING,SOCK CPLG,SKT CPLG,SOCKET CPLG,SCKT CPLG,S/W CPLG,SOCKOLET CPLG,SW CPLG,SOCK COUPLING,SKT COUPLING,S/W COUPLING
251,SOCKET INSERT,SOCK INSERT,SKT INSERT,SOCKET INS,SKT INS,S-INSERT,SOCK INS,SOCKET INSR,SO INSERT,S INSERT,S.I.
252,HEX REDUCING BUSHING,HEX RED BUSH,HEX BUSHING RED,HEX RED BSH,HEX BUSH RED,HEX RD BUSH,HEX BSH RED,HEX REDUCING BSH,HEX RED BSHG,HEXAGONAL REDUCING BUSHING,HEX BSHG RED
253,ROUND HEAD BULL PLUG,RH BULL PLUG,BULL PLUG RH,RND HEAD BULL PLUG,ROUND HD BULL PLUG,RH BULL PLG,RHBP,RND HD BP,ROUND HEAD BP,RH BP,BULL PLG RH
254,3-WAY BALL,THREE WAY BALL,3 WAY BALL,THREE-WAY BALL,3-WAY BALL VALVE,THREE WAY BALL VALVE,3 WAY BALL VALVE,THREE-WAY BALL VALVE,3W BALL,3W BALL VALVE,3WAY BALL
255,CHECK BALL,CHKBALL,CHK BALL,CK BALL,CHECK BL,CHK BL,CK BL,CHKBL,CKBL,CHK-BALL,CK-BALL
256,CONTROLLED DISC TRAP,CD TRAP,CTRL DISC TRAP,CNTRL DISC TRAP,CDT,CONT DISC TRP,CONTROL DISC TRP,CTRL DSC TRP,CNTRL DSC TRP,CONTRL DISC TRAP,C.D.T.
257,PRESSURE REGISTER,PRESS REG,PRES RGSTR,PR REG,PRESS RGSTR,P REGISTER,P REG,PRES REG,PR REGISTER,PRESSURE REG,P RGSTR
258,ANCHOR FLANGE,ANCHOR FLG,ANC FLG,ANC FLANGE,ANCHR FLG,ANCHR FLANGE,A.F.,A/F,ANCH FLG,ANCH FLANGE,ANCHOR F
259,BLIND RAISED FACE FLANGE,BLIND RF FLANGE,BLD RF FLG,BLIND RF FLG,RF BLIND FLANGE,RF BLD FLG,BLRF FLG,BRF FLANGE,BRF FLG,BLIND R.F. FLANGE,BLIND R/F FLANGE
260,CGI,CAST GRAY IRON,CAST GREY IRON,C.G.I.,C G I,CAST G IRON,CST GRY IRN,CAST GRY IRON,C.GRAY IRON,C.GREY IRON,CST GRAY IRN
261,BELLOWS SEAL GATE,BELLOWS SEAL GATE VALVE,BSG VALVE,BSGV,BS GATE VALVE,BS GATE,BELLOWS GATE,BELLOWS GATE VLV,BSG VLV,BELLOWS SEALED GATE,BELLOWS SEAL GT VLV
262,3 WAY BALL,3WAY BALL,THREE WAY BALL,3-WAY BALL,3W BALL,3 WAY BV,THREE WAY BV,3WAY BV,3-WAY BV,3W BV,3WAY BALL VLV
263,CHECK VALVE SWING,SWING CHECK VALVE,SCV,SWING CHK VLV,SWG CHK VLV,SW CHK VLV,S.C.V.,SWING CHECK,SWG CHECK,SWING CK VLV,SW CK VLV
264,RISING STEM ISOLATION,RSI,RISING STEM ISOL,RS ISOLATION,RS ISOL,RISING STEM ISOL VALVE,RSI VALVE,RISING STEM ISOLATION VLV,RS ISOLATION VLV,RISING STEM ISO,RS ISO
265,WRI,WROT,WROUGHT,WROUGHT IRON,WRT,WROT IRON,W.R.I.,W/R/I,W-R-I,W.R.I,WR IRON
266,STUD,STD,STUD BOLT,ST BOLT,STUDDING,STUD-BOLT,STUD/BOLT,STUD B,ST-BOLT,STD BOLT,STUDBOLT
267,CLAMP BOLT,CLMP BLT,CL BLT,CLAMP-BOLT,CLMP-BLT,CL-BLT,CLAMPING BOLT,C/BOLT,C-BLT,CLAMP B,C BOLT
268,INSTRUMENT,INST,INSTR,INSTRM,INSTRMNT,I&C,INSTRUMENTN,INSTRUMNT,INSTRU,INSTMT,INSTRMT
269,PIPE CLAMP,PIPE CLMP,P CLAMP,P CLMP,PCLMP,PIPE CLP,P CLP,PCLP,PIPE SUPPORT CLAMP,PIPE SUPP CLMP,PSC
270,STUD WITH 2 HEAVY HEX NUTS,STUD W/2HH NUTS,STUD W/ 2 HVY HEX NUTS,STD W/2HHN,STUD & 2HH NUTS,STD & 2HHN,STUD WITH TWO HEAVY HEX NUTS,ALL THREAD WITH 2HHN,AT W/2HHN,STUD 2HHN,STUD-2HHN
271,STUD WITH NUTS,STUD W/ NUTS,STD W/NTS,STUD AND NUTS,STUD & NUTS,STD & NTS,STUD/NUTS,STUDS W/NUTS,STD/NTS,STUD + NUTS,THREADED STUD W/NUTS
272,STUD WITH NUT,STUD W/ NUT,STUD & NUT,STUD AND NUT,STD W/NUT,STD & NUT,STUDDING WITH NUT,STUD/NUT,STD/NUT,STUD W/N,STD W/N
273,THERMODYNAMIC,THERMO DYN,THERMO-DYN,TD,THDY,THERMODYN,TH-DYN,T-DYN,TDYN,T.D.,T/D
274,CAP SCREW,CS,CAP SCR,C/S,C.S.,CAPSCR,CAP-SCREW,CAPSCRW,C-S,CAPSCREW,CAP S
275,DUST CAP,DUST PROTECTION CAP,PROTECTIVE DUST CAP,DUST COVER,END CAP DUST,D-CAP,DCAP,DUST PROTECTION COVER,DUST SHIELD CAP,DST CAP,D CAP
276,DUST PLUG,DUST PLG,D PLG,DUST CAP,D CAP,DST PLG,PLG DUST,DUST PROTECTION PLUG,DUSTPLG,D-PLG,DUST-PLG
277,QUICK COUPLING,QC,QUICK CPLG,QUICK CPLNG,Q/COUPLING,QCOUP,Q-CPLG,Q.CPLG,QUICK-CPLG,Q/C,QK CPLG
278,QUICK DISCONNECT COUPLING,QD COUPLING,QUICK DISC COUPLING,QDC,QUICK CONNECT,QUICK DISCONNECT,Q.D. COUPLING,QUICK RELEASE COUPLING,QD CONNECTOR,QUICK DIS COUPLING,Q/D COUPLING
279,REDUCING COUPLING ADAPTER,RED CPLG ADPTR,REDUCING CPLG ADPT,RED CPL ADAPTER,REDCR CPLG ADPTR,RED COUP ADPTR,REDUCING COUPLING ADPT,RDCR CPLG ADPTR,RED COUPLING ADAPTER,REDUCER CPLG ADPTR,REDUCING COUPL ADPTR
280,HEX NUT,HEXNUT,HEX N,HX NUT,HEXAGONAL NUT,HX N,HEX-NUT,HEX,H NUT,H-NUT,HEXN
281,SPLIT RING HANGER,SRH,SPLIT RNG HNGR,SPLIT-RING HANGER,SPL RNG HNGR,S.R.H.,SPLIT RING SUPPORT,SPLIT-RING SUPPORT,SPLIT RNG SUPT,SPL RNG SUPT,SPLIT RING
282,3-WAY,THREE WAY,THREE-WAY,3WAY,3 WAY,THREEWAY,3-W,3W,THREE W,3 W,THREE-W
283,5-WAY SELECTOR,5 WAY SELECTOR,5 WAY SELECT VLV,5-WAY SELECT VALVE,5WAY SELECTOR,5-WAY SEL VLV,5 WAY SEL VLV,5WAY SELECT VALVE,5-WAY SELECTOR VLV,5 WAY SELECTOR VALVE,5WAY SEL VLV
284,BOILER DRAIN,BLR DRN,BLR DR,BLRDRN,B.D.,BD VLV,BOILER DR,BOILER DRN VLV,BLR DRAIN VLV,BOILER DRAIN VALVE,BD VALVE
285,CLOSET BOLT,CLS BLT,CLST BLT,CL BLT,CLT BLT,CLOSET B,C BOLT,CLST BOLT,CL BOLT,CLT BOLT,C.B.
286,COLLET SET,COLL SET,CLT SET,COL SET,COLLSET,CLTSET,COLSET,CSET,C-SET,CLS,CS
287,COMPRESSION NUT,COMP NUT,COMPNUT,COMP-NUT,COMPRESSION-NUT,COMP. NUT,COMPR NUT,COMPRESS NUT,COMP N,CNUT,C-NUT
288,COUPLING BARB,BARB COUPLING,CPLG BARB,BARB CPLG,HOSE BARB COUPLING,HOSE BARB CPLG,BARBED COUPLING,BARBED CPLG,CPL BARB,BARB CPL,COUPLING WITH BARB
289,DOUBLE PLUG,DBL PLUG,DBLE PLUG,D PLUG,DBL PLG,DBLE PLG,D PLG,DL PLUG,DL PLG,D.P.,DP
290,FERRULE,FER,FERL,FERR,FRLE,FRL,COMPRESSION FERRULE,COMP FERRULE,COMP FER,FERR COMP,FER COMP
291,FOG NOZZLE,FOG NZL,FOGNOZ,FG NOZZ,FG NZL,FOG NOZ,F NOZZLE,SPRAY NOZZLE,MIST NOZZLE,ATOMIZING NOZZLE,SPRAY NOZ
292,HEX ADAPTER,HEX ADPTR,HEXAGONAL ADAPTER,HEX ADP,HEX-ADP,HEXADP,HEX REDUCING ADAPTER,HEX RED ADAPTER,HEXAGONAL REDUCING ADAPTER,HEX ADPT,HEX-ADAPTER
293,HEX HEAD BOLT,HH BOLT,HEX BOLT,HEXHEAD BOLT,HEX HD BOLT,HH B,H.H.B.,HEX HD B,HHBOLT,HH BLT,HEXBOLT
294,HEX NIPPLE,HEX NIP,HEXNIP,HX NIP,HEXAGONAL NIPPLE,HEX NPLE,HX NPLE,HEXNPL,HEX NPL,HX NPL,H NIP
295,HOSE BARB,BARB,HB,HBARB,H BARB,H-BARB,HOSE-BARB,HOSBARB,HOSE FITTING,BARBED FITTING,BARB FITTING
296,HOSE CONNECTOR,HOSE CONN,HOSE CON,HSE CONN,HSE CON,H CONN,HOSE CNT,HOSE CONNECTION,HSE CONNECTION,H CONNECTION,HOSE CONNECT
297,HOSE MENDER,HOSE COUPLING,HOSE CONNECTOR,HOSE REPAIR,HOSE SPLICE,HOSE JOINER,HOSE UNION,HOSE FITTING,H/MENDER,H MENDER,H-MENDER
298,HOSE VALVE,HSV,HOSE VLV,HS VLV,H VLV,HOSE V,HSE VLV,H.V.,HS.VLV,HOSE-VLV,H-VLV
299,HOSE ADAPTER,ADAPTER HOSE,HOSE ADPT,HOSE ADP,ADPT HOSE,HSE ADPTR,HSE ADP,H ADAPTER,H ADPT,HOSE-ADPT,HOSE/ADPT
300,HOSE BIBB,HOSE BIB,HOSEBIB,HOSE BIBB VALVE,HOSEBIBB,HOSE VALVE,GARDEN VALVE,SILLCOCK,OUTDOOR FAUCET,SPIGOT,HOSE TAP
301,MALE CONNECTOR,MALE CONN,M CONN,MC,MALE CON,M CON,MALE FITTING,M FTG,MALE CONNECTION,M CONNECTION,MALE CNT
302,MALE ELBOW,ML ELBOW,ML ELL,MALE ELL,M ELBOW,M ELL,M.E.,ML.EL.,MALE 90,ML 90,M-EL
303,MALE INSERT,MI,M INSERT,MALE INS,M INS,MALE INSRT,M INSRT,ML INSERT,ML INS,ML INSRT,MALE-INSERT
304,304 MALE THREADED PLUG,304 MTH PLG,304 M THD PLG,304 MALE THD PLUG,304 M THREAD PLG,SS304 MALE THD PLG,304SS MTH PLUG,304 M THREADED PLG,304SST MTH PLG,304 MALE PLG,304 M PLG
305,MALE THREADED RUN TEE,MALE THD RUN TEE,M THD RUN TEE,MALE THREAD RUN TEE,MT RUN TEE,MALE THREADED RT,MALE THD RT,M THD RT,MTR TEE,MALE THR RUN T,M THREAD RUN TEE
306,NOZZLE,NZL,NOZ,NOZL,NZZL,NZ,N-ZL,SPRAY NOZZLE,NOZZL,SPRY NZL,NOZZEL
307,PIN LUG,P/LUG,P LUG,PIN-LUG,P-LUG,PLUG,P.LUG,P.L.,PIN LG,P/L,P/L/G
308,PORT CONNECTOR DOUBLE,DBL PORT CONN,DOUBLE PORT CONNECTOR,DBL PORT CONNECTOR,DOUBLE PORT CONN,PORT CONN DBL,PORT CONN DOUBLE,DPC,D.P.C.,2X PORT CONN,DUAL PORT CONN
309,309 PORT CONNECTOR UNION,309 PCU,309 PORT CONN UNION,309 PORT CONN,309 CONNECTOR UNION,309 CONN UNION,PORT CONNECTOR UNION 309,PCU 309,309 P C U,309 P.C.U.,309 PORT UN
310,PUMP ADAPTER,PUMP ADPT,PMP ADPTR,PUMP ADPTR,PMP ADAPTER,P ADAPTER,P ADPTR,PUMP ADP,PMP ADP,PUMP-ADAPTER,PMP-ADPTR
311,REDUCING ADAPTER,RED ADPT,RED ADAPTER,REDUCER ADAPTER,REDUC ADPT,REDUCING ADPT,RED ADP,RDCR ADPTR,REDUCER ADPT,REDUCING ADAPTOR,RDCR ADAPT
312,SOLENOID,SOL,SLN,SOLN,SOLEN,SOL VLV,SOLENOID VALVE,SOL VALVE,SLN VLV,SOLN VLV,SV
313,SPRING CHECK,SPRING CHK,SPR CHK,SPRG CHK,SPRING CHECK VLV,SPRING CHECK VALVE,SPR CHECK VLV,SPRG CHECK VALVE,SCV,S.C.V.,SPRING CHK VLV
314,THERMOMETER WELL ELBOW,THERM WELL ELBOW,THERMWELL ELBOW,THERM WELL ELL,THERMWELL ELL,TEMP WELL ELBOW,TEMP WELL ELL,THERMOWELL ELBOW,THERMOWELL ELL,THERM-WELL ELBOW,THERM-WELL ELL
315,UNION 90 ELBOW,UNION 90 ELL,UNION 90° ELBOW,UNION 90° ELL,UN 90 ELBOW,UN 90 ELL,UN 90° ELBOW,UN 90° ELL,UNION ELBOW 90,UN ELL 90,UNION ELL 90
316,316 UNION DOUBLE,316 DBL UNION,316 DOUBLE UNION,SS316 DBL UNION,SS316 DOUBLE UNION,316SS DBL UNION,316SS DOUBLE UNION,UNION DBL 316,UNION DOUBLE 316,DBL UNION 316,DOUBLE UNION 316
317,WASHER,WSH,WSHR,WASH,W/S,W-S,W.S.,WS,WASHERS,WSHS,W/SH
318,REDUCED PRESSURE ZONE,RPZ,RED PRESS ZONE,REDUCED PRESS ZONE,RED PRESSURE ZONE,R.P.Z.,RP ZONE,RED PR ZONE,REDUCED PR ZONE,RPZ ASSEMBLY,REDUCED PRESSURE ZONE ASSEMBLY
319,REDUCED PRESSURE ZONE VALVE,RPZ VALVE,RPZ VLV,RPZV,RED PRESS ZONE VLV,REDUCED PRESS ZONE V,RPZ,RED P ZONE VALVE,REDUCED P ZONE VLV,RP ZONE VALVE,RED PRESSURE ZONE V
320,ROUGHING VALVE,ROUGH-IN VALVE,ROUGH IN VLV,ROUGHING VLV,ROUGH-IN VLV,RGH-IN VALVE,RGH IN VLV,RGHIN VLV,RGH-IN VLV,ROUGH VALVE,RGH VLV
321,TRANSITION COUPLING,TRANS CPLG,TRANS COUPLING,TRN CPLG,TRANS CPLNG,TRANSITION CPLG,TR CPLG,TRANS-CPLG,TRANS. CPLG,TRAN COUPLING,TRANSITION CPL
322,TRAP PRIMER,TRAP PRM,TRP PRMR,TRP PRIMER,T PRIMER,TRAP PRI,T PRI,TP,TRPRM,T.P.,T-P
323,CAM AND GROOVE,CAM & GROOVE,CAM GROOVE,CAMLOCK,CAM-LOCK,CAM LOCK,KAMLOK,KAM-LOK,C&G,C AND G,C-N-G
324,CLAMP,CLP,CLMP,CLAMPING,CLAMPED,CLAM,CLAMPNG,CLMP-,CL,CLMPING,C-CLAMP
325,REPAIR,RPAIR,RPR,REPAR,REPR,REPARATION,RPRG,REP,REPARAR,REPARE,REPAIRING
326,REPAIR KIT,REPAIR KT,RPRKT,REP KIT,RPR KIT,REPR KIT,REP-KIT,RPR-KIT,RK,R/K,R.K.
327,3R 45 DEGREE ELBOW,3R 45 ELL,3R 45° ELL,3R 45 ELBOW,3R 45° ELBOW,ELBOW 3R 45,ELL 3R 45,3R 45DEG ELL,3R 45DEG ELBOW,3R 45-DEG ELBOW,3R 45-DEG ELL
328,3R 90 DEGREE ELBOW,3R 90 ELL,3R 90° ELL,3R 90 ELBOW,3R 90° ELBOW,ELBOW 3R 90,ELL 3R 90,3R 90DEG ELL,3R 90DEG ELBOW,3R 90 DEG ELL,3R LR ELBOW
329,3R 90 ELBOW,3R 90 ELL,3R 90° ELL,3R 90 ELBOW,3R 90° ELBOW,ELBOW 3R 90,ELL 3R 90,3R 90DEG ELL,3R 90DEG ELBOW,3R ELBOW 90,3R ELL 90
330,ADJUSTABLE CLEVIS,ADJ CLEVIS,ADJUST CLEVIS,ADJ CLEV,ADJUSTABLE CLEV,ADJ. CLEVIS,ADJUST. CLEVIS,ADJ-CLEVIS,ADJUST-CLEVIS,ADJUSTABLE CLVS,ADJ CLVS
331,ADJUSTABLE CLEVIS HANGER,ADJ CLEVIS HANGER,ADJ CLEVIS HANGR,ADJ CLV HANGER,ADJ CLV HANGR,ADJUSTABLE CLV HANGER,ADJUSTABLE CLV HANGR,ADJ CLEVIS,ADJUSTABLE CLEVIS,ADJ CLV,CLEVIS HANGER
332,BEAM ATTACHMENT,BEAM ATTACH,BM ATTACHMENT,BM ATTACH,BEAM CLAMP,BM CLAMP,BEAM CLIP,BM CLIP,BEAM FASTENER,BEAM CONNECTOR,BEAM SUPPORT
333,BEAM CLAMP,BM CLMP,B CLAMP,BEAM CLMP,B/CLAMP,B-CLAMP,BC,BEAM C,B.CLAMP,BM CLP,BEAM CLP
334,BUTTERFLY VALVE HANDLE,BFV HANDLE,BTF VLV HANDLE,BFLY VLV HANDLE,BTFLY VLV HANDLE,BV HANDLE,BFLY HANDLE,BTFLY HANDLE,BTF HANDLE,BFV HDL,BFLY HDL
335,BUTTERFLY HANDLE,BFV HANDLE,BFLY HANDLE,B'FLY HANDLE,BTF HANDLE,BUTTERFLY VLV HANDLE,BUTTERFLY VALVE HANDLE,BFV VLV HANDLE,BFLY VLV HANDLE,BTF VLV HANDLE,BV HANDLE
336,C CLAMP,C-CLAMP,C/CLAMP,CCLAMP,C TYPE CLAMP,C-TYPE CLAMP,C STYLE CLAMP,C-STYLE CLAMP,CSTYLE CLAMP,CTYPE CLAMP,C.CLAMP
337,CLAMP PIPE,PIPE CLAMP,P CLAMP,PIPE CLP,P CLP,PCLAMP,P/CLAMP,P-CLAMP,PIPE-CLAMP,PIPE/CLAMP,CLMP PIPE
338,CLEVIS,CLV,CLEVS,CLEV,CLE,CLEVIS HANGER,CLEVIS SUPPORT,PIPE CLEVIS,CLVS,CLEVIS PIN,CLV PIN
339,CLEVIS HANGER,CLV HNGR,CLEV HNGR,CLEVIS HGR,CLV HGR,CLEV HGR,CLEVIS,CLV,CLEV,CL HNGR,CL HGR
340,CLEVIS WITH PIN,CLEVIS W/ PIN,CLEVIS AND PIN,PIN CLEVIS,CLEVIS PIN ASSEMBLY,CLEVIS-PIN,CLEVIS/PIN,CLEVIS + PIN,PIN & CLEVIS,CLEVIS PIN SET,CLEVIS-PIN ASSY
341,CLIP,CLP,CLAMP,CLMP,PIPE CLIP,PIPE CLAMP,PIPE CLP,PIPE CLMP,SUPPORT CLIP,SUPPORT CLAMP,SUPPORT CLP
342,CONCENTRIC SWAGE NIPPLE,CONC SWAGE NIPPLE,CONCENTRIC SWAGE NIP,CONC SWG NIPPLE,CONC SWAGE NIP,CSN,CONC SWG NIP,CONCENTRIC REDUCER NIPPLE,CONC RED NIPPLE,CONC REDUCER NIP,CONCENTRIC NIP
343,COUPLING PLUG,CPLG PLUG,CPLNG PLG,CPL PLUG,PLUG CPLG,PLG CPLG,COUPLING PLG,CPG PLUG,CPLG PLG,COUP PLUG,COUP PLG
344,CPLUG,COUNTER PLUG,COUNTERSINK PLUG,COUNTERSUNK PLUG,C-PLUG,C PLG,COUNTER PLG,CSINK PLUG,CSUNK PLUG,C PLUG,CTR PLUG
345,DOUBLE BOLT PIPE CLAMP,DBL BOLT PIPE CLAMP,DOUBLE BOLT CLAMP,DBL BOLT CLAMP,2-BOLT PIPE CLAMP,TWO BOLT PIPE CLAMP,2BOLT CLAMP,DBPC,DB CLAMP,2-BOLT CLAMP,DBL-BOLT CLAMP
346,EYE NUT,EYENUT,EYE-NUT,EYE.NUT,E/NUT,E NUT,E-NUT,EYE N,EN,ENUT,E.NUT
347,FLAT WASHER,FW,F/W,F-W,F.W.,F WASHER,FLAT WASH,FL WASHER,FLAT WSH,FL WSH,WASHER
348,HANDWHEEL,HWHL,HW,HAND WHEEL,H/W,H-W,HAND-WHEEL,H.W.,HAND/WHEEL,HNDWHL,OPERATING WHEEL
349,HEAVY HEX NUT,HH NUT,H HEX NUT,HVY HEX NUT,HHNUT,HEAVY HEXNUT,HVY HX NUT,HH N,HEAVY HX NUT,H.H. NUT,HVY HEXNUT
350,350 HEX BULL PLUG,350# BULL PLUG,350LB BULL PLUG,350 BP HEX,350# BP HEX,350LB BP HEX,350 HEX BP,350# HEX BP,350LB HEX BP,350 CLASS BULL PLUG,350CLASS BP
351,HEX CAP,HEXAGON CAP,HEX HEAD CAP,HEXAGONAL CAP,HC,HEX CP,HX CAP,HEX C,HEXCAP,HEX-CAP,HEX.CAP
352,HEX HEAD BULL PLUG,HEX BULL PLUG,HEX HD BULL PLUG,HH BULL PLUG,HHBP,HEX HD BP,HEX BULL PLG,HEX HD B PLUG,HEX HEAD B PLUG,HH B PLUG,HEXHEAD BULL PLUG
353,HEXAGON NUT,HEX NUT,HEXNUT,HEX-NUT,HEX. NUT,HEXAGONAL NUT,HX NUT,HXNUT,H NUT,HN,HEXNUT
354,INSULATION PROTECTOR SHIELD,INS PROT SHIELD,INSUL PROT SHIELD,INS SHIELD,INSUL SHIELD,PROTECTION SHIELD,PROT SHIELD,IPS,PIPE SHIELD,INSULATION SHIELD,SADDLE SHIELD
355,INSULATION SHIELD,INS SHLD,INSUL SHIELD,INS SHIELD,INSUL SHLD,INSULATION SHLD,I-SHIELD,I SHLD,I-SHLD,INS-SHLD,INSUL-SHLD
356,LATERAL 45,LAT 45,45 LAT,45° LAT,45 LATERAL,45° LATERAL,LATERAL 45°,45 DEG LATERAL,45 DEGREE LATERAL,LAT 45°,45DEG LAT
357,LINED,LND,LINR,LIN,LIND,LINED PIPE,LINE,LINER,L/D,L-D,L.D.
358,LINED PIPE,LND PIPE,LINED PP,LND PP,LINED PIP,LND PIP,L PIPE,L PP,L PIP,LINED P,LND P
359,LOCK WASHER,LW,LOCK WSH,L WASHER,LCK WSHR,LOCKING WASHER,L/W,L.W.,LK WSHR,LOCK-WASHER,L-W
360,360. LOCKING HANDLE,360° LOCKING HANDLE,360 DEG LOCKING HANDLE,360 DEGREE LOCKING HANDLE,360 LH,360° LH,HANDLE 360 LOCK,HANDLE LOCK 360,360 LOCK HDL,360° LOCK HDL,360 DEG LH
361,LR 180 DEGREE ELBOW,LR 180 ELL,LR 180° ELL,LR 180 ELBOW,LR 180° ELBOW,ELBOW LR 180,ELL LR 180,LR 180D ELBOW,LR 180D ELL,LONG RADIUS 180 ELBOW,LONG RADIUS 180 ELL
362,LR 180 ELBOW,LR 180 ELL,LR 180° ELL,LR 180 ELBOW,LR 180° ELBOW,ELBOW LR 180,ELL LR 180,LONG RADIUS 180 ELBOW,LONG RADIUS 180 ELL,LR RETURN BEND,LONG RADIUS RETURN BEND
363,LR 45 DEGREE ELBOW,LR 45 ELL,LR 45° ELL,LR 45 ELBOW,LR 45° ELBOW,ELBOW LR 45,ELL LR 45,LR 45 DEG ELL,LR 45 DEG ELBOW,LONG RADIUS 45 ELBOW,LONG RADIUS 45 ELL
364,LR 45 ELBOW,LR 45 ELL,LR 45° ELL,LR 45 ELBOW,LR 45° ELBOW,ELBOW LR 45,ELL LR 45,LR 45,LONG RADIUS 45 ELBOW,LONG RADIUS 45° ELL,L.R. 45 ELBOW
365,365. LR ELBOW,365. LONG RADIUS ELBOW,365. LR ELL,365. LONG RADIUS ELL,365. ELL LR,365. ELBOW LR,365. L.R. ELBOW,365. L.R. ELL,365. LONG RAD ELBOW,365. LONG RAD ELL,365. L/R ELBOW
366,LR RETURN BEND,LONG RADIUS RETURN BEND,LR RET BEND,LR RTN BEND,LONG RAD RET BEND,LONG RAD RTN BEND,L.R. RETURN BEND,LR 180 BEND,LONG RADIUS 180 BEND,LR 180° BEND,LONG RADIUS 180° BEND
367,MACHINE BOLT,MACH BOLT,MCH BLT,MB,M.B.,MACH BLT,M BOLT,MACHINE BLT,MCH BOLT,M/B,MAC BLT
368,NIPOLET,NIPO,NIPLT,NIP,NPL,NLET,NIPOL,NIPL,NPLTT,NPLT,NIPLET
369,OVAL LOCKING HANDLE,OVAL LOCK HDL,OVAL LCK HANDLE,OVAL LK HDL,OV LOCK HDL,OV LCK HANDLE,OVL LOCK HDL,OVL LCK HANDLE,OVAL LOCKING HDL,OV LOCKING HDL,OVL LOCKING HDL
370,PIPE STRAP,PSTR,P STRAP,P/STRAP,P-STRAP,PIPE STR,PIPESTRAP,PIPE-STRAP,P.STRAP,PIPE/STRAP,P.STR
371,PLAIN END,PE,PLN END,PLAIN-END,PL END,P/E,P.E.,PLN E,P END,PLAIN,P-END
372,PLAIN END PIPE,PE PIPE,PLN END PIPE,PLAIN ENDED PIPE,PE PP,PEP,PLAIN END PP,PLAIN PIPE,P.E. PIPE,P/E PIPE,P.E.P
373,RECOVERY COUPLING,RECOVERY CPLG,REC COUPLING,REC CPLG,RCVY COUPLING,RCVY CPLG,RECOVERY CPLING,REC CPLING,RCVY CPL,RCV COUPLING,RCV CPLG
374,REDUCING LONG COUPLING,RED LONG CPLG,REDUCING LNG CPLG,RED LNG CPLG,REDUC LONG CPLG,RED LONG COUPLING,REDUCING LONG CPLNG,RED LG CPLG,REDUCING L CPLG,REDUC LG COUPLING,REDUCING LONG CPLG
375,RISER CLAMP,RISER CLMP,CLAMP RISER,CLMP RISER,RSR CLAMP,RSR CLMP,R/CLAMP,R/CLMP,R CLAMP,R CLMP,RISER CLP
376,ROUND BULL PLUG,RND BULL PLUG,RD BULL PLUG,ROUND BULLPLUG,RND BULLPLUG,RD BULLPLUG,BULL PLUG RND,BULL PLUG RD,BULLPLUG RND,BULLPLUG RD,RND BLP
377,ROUND HEAD EYE NUT,RH EYE NUT,RND HD EYE NUT,ROUND HD EYE NUT,RD HD EYE NUT,RHEY NUT,RH EYE N,RND HEAD E-NUT,ROUND EYE NUT,R.H. EYE NUT,RND EYE NUT
378,SEAL FITTING,SEAL FTG,SL FTG,SEAL FIT,SL FIT,SL FITTING,SEALING FITTING,SEAL-FTG,SEALFTG,SLFTG,SL-FTG
379,SPUD,SPD,SPUD FITTING,SPUD CONNECTION,SPUD CONNECTOR,SPUDPIECE,SPUD PIECE,SP,SPUD FTG,SPUD CONN,SPUD-CONN
380,SQUARE TUBE,SQ TUBE,SQ TB,SQTUBE,SQR TUBE,SQR TB,SQUARE TB,SQ TUBING,SQUARE TUBING,SQR TUBING,SQTB
381,SR 180 DEGREE ELBOW,SR 180 ELL,SR 180° ELL,SR 180 ELBOW,SR 180° ELBOW,ELBOW SR 180,ELL SR 180,180 SR ELBOW,180° SR ELBOW,180 SR ELL,180° SR ELL
382,SR 90 DEGREE ELBOW,SR 90 ELL,SR 90° ELL,SR 90 ELBOW,SR 90° ELBOW,ELBOW SR 90,ELL SR 90,SHORT RADIUS 90 ELBOW,SHORT RADIUS 90 ELL,SR90 ELBOW,SR90 ELL
383,SR 90 ELBOW,SR 90 ELL,SR 90° ELL,SR 90 ELBOW,SR 90° ELBOW,ELBOW SR 90,ELL SR 90,SHORT RADIUS 90 ELBOW,SHORT RADIUS 90 ELL,SHORT RAD 90 ELBOW,SHORT RAD 90 ELL
384,SR RETURN BEND,SR RTN BND,SR RET BEND,SR RTN BEND,SR RETURN B,SR RET B,SR RTN B,SHORT RADIUS RETURN BEND,SHORT RAD RETURN BEND,SHORT RADIUS RTN BND,SR 180 RETURN
385,STANDARD WELD TEE,STD WELD TEE,STD WLD TEE,STANDARD W TEE,STD W TEE,WELD TEE STD,WLD TEE STD,TEE STD WELD,TEE WLD STD,TEE W STD,STD WT
386,STEM,STM,VALVE STEM,VLV STM,V/STM,V-STM,VLV-STM,VALVE-STEM,V.STM,VLVSTM,VALVESTEM
387,STRAIGHT ROD COUPLING,STR ROD CPLG,STR ROD COUPLING,STRAIGHT ROD CPLG,ROD COUPLING STR,ROD CPLG STR,STR RD CPLG,STR RD COUPLING,STRAIGHT RD CPLG,STRAIGHT RD COUPLING,SRC
388,STRUT,STRUCTURAL SUPPORT,SUPPORT STRUT,PIPE STRUT,CHANNEL STRUT,STR,STRT,STRUCT,SUPPORT CHANNEL,METAL STRUT,MOUNTING STRUT
389,SWAGE,SWG,SWAG,SWEDGE,SWEDG,SWDG,SWAGED,SWAGING,SWGD,SWG NIPPLE,SWAGE NIPPLE
390,SWAGE CONCENTRIC,CONCENTRIC SWAGE,SWAGE CONC,CONC SWAGE,SWAGE CON,CON SWAGE,SWG CONC,CONC SWG,SWG CON,CON SWG,CONCENTRIC REDUCER
391,SWAGE NIPPLE,SWAGE NIP,SWG NIP,SWAGE,SWG NIPPLE,SWAGE NPL,SWG NPL,REDUCER NIPPLE,RED NIPPLE,CONCENTRIC NIPPLE,ECCENTRIC NIPPLE
392,THREADED AND COUPLED,T&C,THD & CPLG,THD AND CPLG,THRD & CPLG,THRD AND CPLG,T AND C,T + C,THD & COUPLED,THREADED & COUPLED,T/C
393,THREADED AND COUPLED PIPE,T&C PIPE,THD & CPLG PIPE,THRD & CPLG PIPE,THD AND CPLG PIPE,T AND C PIPE,T/C PIPE,T-C PIPE,THD & CPL PIPE,THRD AND COUPLED PIPE,T&C LINE PIPE
394,TRANSITION FITTING,TRANS FTG,TRANS FITTING,TRANSITION FTG,TRN FTG,TRANS-FTG,TRN FITTING,TRAN FTG,TRAN FITTING,TR FTG,TRANSITION
395,TURNBUCKLE,TRNBKL,TURN BUCKLE,TURN-BUCKLE,T-BUCKLE,T BUCKLE,T/BUCKLE,TURN/BUCKLE,T.BUCKLE,TURNBKL,T-BKL
396,U BOLT WITH NUTS,U-BOLT W/ NUTS,U-BOLT WITH NUTS,U BOLT W/NUTS,U-BOLT & NUTS,UBOLT WITH NUTS,U-BOLT/NUTS,U BOLT + NUTS,U-BOLT AND NUTS,UBOLT W/NUTS,U-BOLT ASSEMBLY
397,VALVE BOX BOTTOM,VLV BOX BTM,VB BOTTOM,VLV BX BTM,V/B BOTTOM,VALVE BX BTM,V.B. BOTTOM,VLV BOX BASE,VALVE BX BASE,VB BASE,V/B BASE
398,VALVE HANDLE,VLV HANDLE,VLV HDL,VALVE HDL,V/HANDLE,V/HDL,VALVE LEVER,VLV LEVER,HANDLE VLV,HDL VLV,V HANDLE
399,WEDGE ANCHOR,WDG ANCHR,WEDGE ANCR,WDG ANCHOR,WEDG ANCHR,W ANCHOR,WDG ANC,WEDGE ANC,W ANC,WDG-ANCHR,WEDGE-ANCHOR
400,WELD BEAM ATTACHMENT,WBA,WELD BM ATTACH,WLD BM ATTACH,BEAM ATTACHMENT WELD,W.B.A.,WELD BEAM ATTACH,WLD BEAM ATTACHMENT,WELDED BEAM ATTACHMENT,BEAM WELD ATTACHMENT,WELD BM ATT
401,WELD TEE,WLD TEE,WELDING TEE,BW TEE,BUTT WELD TEE,BUTTWELD TEE,BW T,WELD T,WLD T,BUTT WELD T,BUTTWELD T
402,WELD BEAM,WLD BEAM,W BEAM,W/BEAM,WELDED BEAM,W-BEAM,WLD BM,W BM,WBEAM,W.BEAM,WELD BM
403,403. 0.25 BEND,403-0.25 BEND,403-0.25° BEND,403 QUARTER BEND,403 1/4 BEND,403 90° BEND,403 90 DEG BEND,403-90 BEND,403.90 BEND,403 90 BEND,403-90° BEND
404,404. 0.125 BEND,404. 1/8 BEND,404 0.125 BEND,404 1/8 BEND,404. 45° BEND,404 45° BEND,404. 45 DEG BEND,404 45 DEG BEND,0.125 404 BEND,45° 404 BEND,45 DEG 404 BEND
405,BEND,BND,ELBOW,ELL,PIPE BEND,PIPE BND,PB,BENDING,BENT,BND PIPE,PIPE ELBOW
406,BLIND PLUG,BL PLUG,B PLUG,BLD PLUG,BLND PLUG,BLIND PLG,BL PLG,B PLG,BLD PLG,BLND PLG,PLG BLIND
407,COMBINATION LONG T-WYE,COMB LONG T-WYE,COMB LNG T-WYE,COMBO LNG T-WYE,COMBO LONG T-WYE,COMB T-WYE LONG,COMBO T-WYE LONG,CLT-WYE,COMB L T-WYE,COMBINATION T-WYE LONG,CLTW
408,CORED PLUG,CPLUG,C-PLUG,CORD PLG,CORED PLG,C PLUG,CRD PLG,C.PLUG,C/PLUG,COR PLG,CORED-PLUG
409,DIAPHRAGM,DIAPH,DIA,DIAP,DPHM,DIAPHM,DIAFRM,DPH,DIAFRAM,DIAPHRAM,DIAPRM
410,DOUBLE COMBINATION LONG T-WYE,DBL COMB LONG T-WYE,DOUBLE COMB LONG T-WYE,DBL COMBINATION LONG T-WYE,DBL CMB LNG T-WYE,DOUBLE CMB LNG T-WYE,DBL COMB L T-WYE,DOUBLE COMB L T-WYE,DBL COMBINATION L T-WYE,DCL T-WYE,DCLW
411,DOUBLE WYE,DBL WYE,DOUBLE Y,DBL Y,DY,D WYE,D Y,DOUBLE WY,DBL WY,DWY,D-WYE
412,INCREASER,INCR,INC,INCRS,INCREASR,RED INCR,REDUCING INCREASER,INC RED,INCREASER REDUCER,INCR RDCR,SIZE INCREASER
413,LONG T-WYE,LNG T-WYE,LONG TWY,LNG TWY,LONG TEE WYE,LNG TEE WYE,LONG T WYE,LNG T WYE,LONG TEE-WYE,LNG TEE-WYE,L T-WYE
414,LR BEND,LONG RADIUS BEND,L.R. BEND,LR BND,L R BEND,L.R.B.,LONG RAD BEND,L-R BEND,LRB,LONG-RADIUS BEND,L/R BEND
415,NAN,NANOMETER,NM,NANO,NANO METER,N-METER,N.M.,N.A.N.,N-M,N/M,N METER
416,P TRAP,P-TRAP,P TRP,P.TRAP,PTRAP,P TYPE TRAP,P-TYPE TRAP,P STYLE TRAP,P-STYLE TRAP,P BEND,P-BEND
417,RIM,RING,R.I.M.,R-I-M,R/I/M,R.I.M,RING INSERT METALLIC,RING INSERT MET,RING-INSERT-MET,RING/INSERT/MET,RING.INSERT.MET
418,RUNNING TRAP,RUN TRAP,RUNNING TRP,RUN TRP,RTR,R TRAP,RUNTRAP,RUN-TRAP,RUNNING-TRAP,RUNNING-TRP,RUN-TRP
419,SCREWED VALVE,SCR VLV,SCRWD VLV,SCRW VLV,SCRD VLV,NPT VALVE,THD VALVE,THREADED VALVE,SCREWED-END VALVE,SCR. VALVE,THD. VALVE
420,SHORT RADIUS 45 DEGREE ELBOW,SR 45 ELBOW,SR 45 ELL,SR 45° ELBOW,SR 45° ELL,SHORT RAD 45 ELBOW,SHORT RAD 45 ELL,SR 45,S.R. 45 ELBOW,S.R. 45° ELL,SHORT R 45 ELL
421,SOIL,SOIL PIPE,SL PIPE,SOIL LINE,SL LINE,SOIL PIPING,SL PIPING,SOIL PIP,SL PIP,SOIL P,SL P
422,SOIL PIPE,SP,SOIL P,SL PIPE,SEWER PIPE,S PIPE,SL P,SOILP,S.P.,S-P,S/P
423,SOLID PLUG,SOL PLUG,SLD PLUG,SOLID PLG,SLD PLG,SOL PLG,S PLUG,SPLG,SOLID PL,S-PLUG,S/PLUG
424,TEST PLUG,TEST PLG,TST PLG,TST PLUG,TEST-PLG,TEST-PLUG,T-PLUG,T-PLG,T PLUG,T PLG,TESTING PLUG
425,VALVE BOX,VB,VLV BOX,V BOX,V-BOX,VBOX,VALVE BX,VLV BX,V.BOX,V/BOX,VALVE-BOX
426,SHOWER,SHWR,SHR,SHOWER HEAD,SHWR HEAD,SHOWER UNIT,SHWR UNIT,EMERGENCY SHOWER,EMRG SHWR,SAFETY SHOWER,SFTY SHWR
427,LA TRAP,LA STM TRAP,LEVER & ACTUATOR TRAP,LEVER ACTUATOR TRAP,L&A TRAP,L/A TRAP,LEVER ACTION TRAP,LVR ACTR TRAP,L.A. TRAP,L A TRAP,LA-TRAP
428,FAUCET,FAUCET,FAU,FAUCT,FCT,WATER TAP,TAP,SPIGOT,WATER VALVE,FAUCET VALVE,F.C.T
429,RIGID COUPLING,RGD CPLG,RGD COUPLING,RIGID CPLG,RGD CPLNG,RIGID CPLNG,RIG COUPLING,RIG CPLG,RGID COUPLING,RGID CPLG,RIGID CPL
430,STRUT CLAMP,STRUT CLP,STR CLP,STRUT CLMP,STR CLMP,CHANNEL CLAMP,CHNL CLAMP,CHNL CLP,STRT CLMP,S/CLAMP,S/CLP
431,TRAP ADAPTER,TRAP ADPTR,TRP ADPTR,TRP ADAPTER,TRAP ADAPT,TRP ADAPT,TRAP-ADPTR,TRAP-ADAPTER,TRP-ADPTR,TRP-ADAPTER,TRAP COUPLING
432,BULKHEAD,BLKHD,BH,BULKHEAD FITTING,BLK HD,B/H,BULK HD,B.H.,BLKHD FTG,BH FTG,BULKHEAD CONNECTOR
433,VAN STONE FLANGE,VAN STONE FLG,VANSTONE FLANGE,VANSTONE FLG,VS FLANGE,VS FLG,V.S. FLANGE,V.S. FLG,V/S FLANGE,V/S FLG,VSF
434,45 DEGREE BEND,45° BEND,45 DEG BEND,45 DEGREE BND,45° BND,45 DEG BND,BEND 45 DEGREE,BEND 45°,BEND 45 DEG,BND 45 DEG,BND 45°
435,BACKING RING,BACK RING,B/RING,B RING,B/R,B.R.,BKING RING,BK RING,BACKING RNG,BCK RING,BCKNG RNG
436,BACK-UP FLANGE,BUF,BACKUP FLANGE,BACK UP FLANGE,B/U FLANGE,B-U FLANGE,BACK-UP FLG,BACKUP FLG,B/U FLG,B-U FLG,BU FLANGE
437,BAS RIM AND GUIDE,BASE RIM AND GUIDE,BAS RIM & GUIDE,BASE RIM & GUIDE,BAS R&G,BASE R&G,BAS R & G,BASE R & G,BAS GUIDE & RIM,BASE GUIDE & RIM,BAS GDE & RIM
438,BASE RIM AND GUIDE,BASE RIM & GUIDE,GUIDE & BASE RIM,GUIDE AND BASE RIM,RIM AND GUIDE BASE,RIM & GUIDE BASE,B/R AND GUIDE,B/R & GUIDE,BASE R&G,BASE R & G,BR&G
439,BLIND UNION FLANGE,BLN UNION FLG,BLIND UN FLG,BU FLANGE,BU FLG,BLND UNION FLANGE,BLND UN FLG,BLIND UNION,BLN UN,B.U. FLANGE,B.U.F.
440,BUSHING FLANGE,BUSH FLG,BUSH FLANGE,BUSHING FLG,BSH FLG,BSH FLANGE,BSHG FLG,BSHG FLANGE,BG FLG,BG FLANGE,BUSH-FLG
441,CHAINWHEEL,CHAIN WHEEL,CHNWHL,CHN WHL,CH-WHL,CHAIN-WHEEL,CH WHEEL,CHAIN OPERATOR,CHN OPERATOR,CHAIN-OPERATOR,CH.WHL
442,GUIDE,GD,GUD,GUYD,GUID,GUIDE RAIL,GUIDE ROD,GUIDE PIN,GUIDE BAR,GUIDE BLOCK,GUIDE PLATE
443,MECHANICAL COVER KIT,MECH COVER KIT,MECH COV KIT,MCK,MECHANICAL CVR KIT,MECH CVR KIT,MECHANICAL COVER SET,MECH COVER SET,MECHANICAL CVR SET,MECH CVR SET,MECHANICAL KIT
444,MECHANICAL KIT,MECH KIT,MECH-KIT,MECHANICAL SET,MECH SET,MECH. KIT,MECH ASSEMBLY,MECHANICAL ASSEMBLY,M-KIT,MECHANICAL PKG,MECH PKG
445,MJ ADAPTER,MECHANICAL JOINT ADAPTER,MJ ADAPTOR,MECHANICAL JOINT ADAPTOR,MJ-ADAPTER,MJ-ADAPTOR,MECH JOINT ADAPTER,MECH JT ADAPTER,M.J. ADAPTER,M.J.A.,MJA
446,RIM AND GUIDE,R&G,RIM & GUIDE,R AND G,R + G,R-G,RIM/GUIDE,RIM + GUIDE,RIM-GUIDE,R+G,R/G
447,STUB END BACKUP FLANGE,STUB END BU FLG,STUB END B/U FLG,STUB END BACKUP FLG,STUB END B.U. FLANGE,SE BACKUP FLANGE,SE BU FLG,SE B/U FLG,SE BACKUP FLG,STUB END B-U FLG,SE B-U FLANGE
448,STUB END FLANGE,STUB FLG,STUB END FLG,STUB-END FLANGE,STUB FLANGE,SE FLANGE,SE FLG,STB END FLG,S.E. FLANGE,S.E. FLG,STUB-END FLG
449,FORGED STEEL GASKET,FGD STL GSK,FRGD STL GSK,FORGED STL GSKT,FGD STEEL GASKET,FORGED STL GSK,FRGD STEEL GSKT,FGD STL GSKT,FORGED STEEL GSK,FRGD STL GASKET,FORGED STL GASKET
450,FLANGE ADAPTER GASKET,FLG ADPTR GSK,FA GSK,FLANGE ADPTR GASKET,FLG ADAPTER GASKET,FL ADPTR GSK,FLNG ADPTR GSK,F.A. GASKET,FA GSKT,FLANGE ADPT GSK,F/A GASKET
451,GROOVED FLANGE ADAPTER,GRV FLG ADPT,GROOVE FLG ADAPTER,GRV FLANGE ADPTR,GROOVED FLG ADPT,GRV FLG ADP,GRVD FLG ADPTR,GRV-FLG-ADPT,GROOVE/FLG/ADPT,GRV.FLG.ADPT,GROOVED FLANGE ADP
452,GROOVED FLANGE ADAPTER GASKET,GROOVED FLG ADPTR GSKT,GRV FLG ADPTR GSKT,GRVD FLG ADPTR GSKT,GRV FLANGE ADAPTER GSK,GROOVED FLANGE ADPTR GSK,GRV FLG ADAPT GASKET,GRVD FLANGE ADAPT GSK,GROOVE FLG ADAPTER GSK,GRV FL ADAPTER GASKET,GROOVED FLANGE ADAPT SEAL
453,HANGER STRAP,HANG STRAP,HNGR STRAP,PIPE HANGER STRAP,HANGER STRP,HANG STRP,HNGR STRP,PIPE STRP,H STRAP,PIPE SUPPORT STRAP,SUPPORT STRAP
454,HEX HEAD CAP SCREW,HHCS,HEX HD CAP SCREW,HEX CAP SCREW,HH CAP SCREW,HEX HEAD SCREW,HEXHEAD CAP SCREW,HCS,H.H.C.S.,HEX HD CS,HEX HEAD C/S
455,455. HEX MACHINE BOLT,HEX MACHINE BOLT,HEX M BOLT,HEX MB,HMAB,HM BOLT,H.M.B.,MACHINE HEX BOLT,M HEX BOLT,455 HEX BOLT,455 HMB
456,LINK CHAIN,LNK CHN,LINK-CHAIN,LK CHAIN,L-CHAIN,L.CHAIN,LCHAIN,CHAIN LNK,CHAIN-LINK,CHAIN LINK,L/CHAIN
457,LIQUID LEAK DETECTOR,LLD,LEAK DETECTOR,LIQUID DETECTOR,LEAK TEST FLUID,LEAK TEST SOLUTION,LEAK CHECK FLUID,LEAK FINDING SOLUTION,LEAK DETECTION FLUID,LEAK LOCATOR,LEAK TESTING COMPOUND
458,T-GASKET,T GSK,T-GSK,TGSK,T GASKET,T-TYPE GASKET,T TYPE GSK,T.GSK,T/GSK,T/G,T.G
459,SHEET,SHT,SH,SHEE,METAL SHEET,FLAT SHEET,PLATE SHEET,STL SHEET,STEEL SHEET,SHEETMETAL,SH MTL
460,COVER KIT,CVR KIT,COVER SET,CVR SET,COVER ASSEMBLY,CVR ASSEMBLY,COVER ASSY,CVR ASSY,COVER PKG,CVR PKG,COVER PACKAGE
461,TUBE PLUG,TB PLG,TBPLG,T-PLG,T PLG,TUBE PLG,T/PLG,TUB PLG,T.PLG,TUBEPLUG,TUBE-PLG
462,45 WYE,45° WYE,45 DEG WYE,45° Y,45 DEG Y,WYE 45,WYE 45°,Y 45,Y 45°,45-Y,45Y
463,BF SADDLE,BUTTERFLY SADDLE,BUTTERFLY VLV SADDLE,BFV SADDLE,B/F SADDLE,B.F. SADDLE,BFLY SADDLE,B-F SADDLE,BTRFLY SADDLE,BTFLY SADDLE,B/FLY SADDLE
464,BLACK PIPE,BLK PIPE,BLK PP,BLACK PP,BLK PIP,BLACK PIP,B/P,BLK P,BLKP,BP,B PIPE
465,BRANCH FITTING SADDLE,BRANCH SADDLE,SADDLE BRANCH,BRANCH FTG SADDLE,BF SADDLE,BRANCH FITTING,SADDLE FITTING,BRANCH SADDLE FITTING,SADDLE BRANCH FITTING,B.F. SADDLE,BR FTG SADDLE
466,CORRUGATED,CORR,CORRUG,CORRG,COR,CRGTD,CRRUG,CRRGTD,CORRUGATE,CRGT,CRG
467,FAB TEE,FABRICATED TEE,FAB T,FABR TEE,FABRICATED T,FAB. TEE,FABR. TEE,FAB'D TEE,FABRICATED T-PIECE,FAB T-PIECE,FABR T
468,FABRICATED FLANGE,FAB FLANGE,FAB FLG,FABR FLANGE,FABR FLG,FABRICATED FLG,FAB. FLANGE,FAB. FLG,FABR. FLANGE,FABR. FLG,F/F
469,HDPE,HIGH DENSITY POLYETHYLENE,HIGH-DENSITY POLYETHYLENE,HDPE PIPE,HIGH DENSITY PE,HD POLYETHYLENE,H.D.P.E.,HIGH-DENSITY PE,HD PE,HDPE LINE,HIGH DENSITY PE PIPE
470,IRON PIPE SIZE PIPE,IPS PIPE,IPS,IRON PIPE SIZE,I.P.S. PIPE,I.P.S.,IRON PIPE,IP SIZE PIPE,IP SIZE,IRON PS PIPE,I P S
471,PERFORATED,PERF,PERFD,PERF'D,PERFORATD,PRF,PRFRTD,PER,PRFR,PERFRT,P'FTD
472,PLAIN SOLID PIPE,PSP,PLN SLD PIPE,PLAIN PIPE,SOLID PIPE,P/S PIPE,PLN PIPE,SLD PIPE,P.S.P.,P-S-P,P/S/P
473,REDUCER TEE,RED TEE,REDUCING TEE,TEE REDUCER,RDCR TEE,REDUC TEE,RED T,REDUCER T,REDUCING T,RDCR T,REDUC T
474,SADDLE ROUND BASE,SADDLE RD BASE,RD BASE SADDLE,ROUND BASE SADDLE,ROUND SADDLE BASE,SRB,RD SADDLE BASE,SADDLE BASE RD,SADDLE BASE ROUND,RND BASE SADDLE,SADDLE RND BASE
475,SADDLE TEE,SADDLE T,SDL TEE,SDL T,BRANCH SADDLE,WELDOLET,TEE SADDLE,SADDLE BRANCH,PIPE SADDLE,SADDLE FITTING,BRANCH CONNECTION
476,SOLID,SLD,SOL,SOLID STATE,S/L/D,S.L.D.,SLD ST,SOLST,S-L-D,S/L,S.L.
477,SOLID PIPE,SOL PIPE,SOLID PIP,S PIPE,SLD PIPE,SOLID PP,SOL PP,SLD PP,S PP,SOLID P,SLD P
478,SWAGED REDUCER,SWGD RED,SWG RED,SWAGED RED,SWGD REDUCER,SWG REDUCER,SWAGE REDUCER,SWGD RDR,SWAGED RDR,SWG RDR,SWAGE RDR
479,THREADED FITTING,THD FTG,THRD FTG,THD FITTING,THRD FITTING,SCREWED FITTING,SCR FTG,SCRD FTG,NPT FITTING,NPT FTG,THREADED FTG
480,WELDING ROD,WLD ROD,WELD ROD,W ROD,W/ROD,WLDG ROD,WELDING ELECTRODE,WLD ELECTRODE,WELD ELECTRODE,WELDING CONSUMABLE,WELD WIRE
481,ROD,RD,THREADED ROD,THD ROD,TH RD,T ROD,CONNECTING ROD,CONN ROD,ALL THREAD ROD,ALL-THREAD,ATR
482,ACCESSORY KIT,ACC KIT,ACCY KIT,ACCESS KIT,ACCESSORIES KIT,ACC SET,ACCY SET,ACCESS SET,ACCESSORY SET,ACC PACK,ACCY PACK
483,BUTTERFLY SPACER,BFV SPACER,BFLY SPACER,BTF SPACER,BF SPACER,BUTTERFLY SPC,BFV SPC,BFLY SPC,BTF SPC,BF SPC,BTFLY SPACER
484,BUTTERFLY VALVE SPACER,BFV SPACER,BFLY VLV SPACER,BTF VLV SPACER,BTRFLY VLV SPACER,BV SPACER,BTFLY SPACER,BTF SPACER,BFV-SPACER,BUTTERFLY SPACER,BFLY SPACER
485,CHAMFER,CHFR,CHMFR,CHAMP,CHF,CHAM,CHAMP EDGE,CHAMFERED,CHAMFERED EDGE,CHAMFER EDGE,CH
486,CLEANOUT WITH RAISED HEAD PLUG,C.O. W/ RAISED HEAD PLUG,CLEANOUT W/RAISED HEAD,CO W/RAISED HEAD PLUG,CLEANOUT RAISED HEAD,C.O. RAISED HEAD,RAISED HEAD CLEANOUT,RH CLEANOUT,RAISED HEAD CO,RH CO,CO RH PLUG
487,FABRICATED BRANCH SADDLE,FAB BRANCH SADDLE,FABRICATED BR SADDLE,FAB BR SADDLE,BRANCH SADDLE FAB,BR SADDLE FAB,FBR SADDLE,FAB SADDLE,BRANCH SDL FAB,BR SDL FAB,FABR BR SDL
488,GROOVED ADAPTER,GRV ADPTR,GROOVE ADPTR,GRV ADAPTER,GRVD ADPTR,GRVD ADAPTER,GRVED ADPTR,GRV-ADPTR,GROOVE-ADPTR,GRVED-ADPTR,GRVD-ADPTR
489,MECHANICAL TEE,MECH TEE,MECH T,MECHANICAL T,M-TEE,M TEE,M/TEE,M.TEE,MECH-TEE,M-T,M/T
490,QUICK CONNECT ADAPTER,QC ADAPTER,QUICK CONN ADPTR,Q/C ADAPTER,QUICK CONNECT ADPTR,QC ADPTR,Q-C ADAPTER,QUICK-CONNECT ADAPTER,Q.C. ADAPTER,QUICK CONN ADAPTER,Q/C ADPTR
491,TAP ON PIPE TEE,TAP ON TEE,TAPPED TEE,TEE WITH TAP,PIPE TEE W/TAP,TAPPED PIPE TEE,BRANCH TAP TEE,TEE WITH BRANCH TAP,PIPE TEE WITH TAP,BRANCH TAPPED TEE,TAPPING TEE
492,TRANSITION PIPE,TRANS PIPE,TRANSITION PP,TRANS PP,TRANS P,TRAN PIPE,TRANSITIONAL PIPE,TRANS-PIPE,TRANS. PIPE,TRAN-PIPE,TRNS PIPE
493,BOSS CLAMP,BOSS CLP,BS CLMP,BS CLP,BSS CLMP,BOSS-CLMP,BSS-CLP,BSS/CLP,BOSS/CLMP,B/CLMP,B.CLMP
494,EXTENSION PIECE,EXT PIECE,EXTENSION PC,EXT PC,EXT PCS,EXTENSION PCS,EXTENDER,EXTN PIECE,EXTN PC,EXT PCE,EXTENSION PCE
495,EXTERNAL PLUG,EXT PLUG,EX PLUG,EXTERNAL PLG,EXT PLG,EX PLG,EXTERNL PLG,EXTNL PLUG,EXTNL PLG,E PLUG,E PLG
496,ONE HOLE CLAMP,1-HOLE CLAMP,1 HOLE CLAMP,SINGLE HOLE CLAMP,1H CLAMP,1-H CLAMP,ONE-HOLE CLAMP,1HOLE CLAMP,1 H CLAMP,CLAMP 1H,CLAMP 1-HOLE
497,PIPE RING,PIPE RNG,P RING,P RNG,PIPE RETAINING RING,PIPE RETENTION RING,PIPE R/R,P R/R,PIPING RING,P.RING,P.RNG
498,SOCKET,SKT,SOCKT,SOC,S,SCKT,SKT FTG,SOCKET FITTING,SOCKET FTG,SOC FTG,S FTG
499,SPLIT PIPE RING,SPR,SPLIT RING,SPLIT PIPE CLAMP,SPLIT RING CLAMP,PIPE SPLIT RING,S.P.R.,SPLIT-PIPE RING,SPLIT-RING,SPLIT P RING,SP RING
500,SPLIT RING,SPL RNG,SP RNG,SPLIT RNG,SPL RING,SP RING,S/R,S.R.,SPLT RNG,SPLT RING,S RING
501,SPLIT PIPE,SPLIT PIPE FITTING,SPL PIPE,SPLIT PP,SP PIPE,SPLIT PIP,SPL PIP,SPLIT-PIPE,SPLIT/PIPE,S/PIPE,SP/PIPE
502,SWIVEL SPLIT RING,SWVL SPLT RNG,SWVL SPLIT RNG,SWV SPLT RNG,SWVL S/R,SWVL SR,SWIVEL SR,SWIVEL S/R,SWV SR,SWV S/R,SWVL SPLIT RING
503,GAS PIPE,GP,G PIPE,GAS PIP,G.P.,GAS LINE,GASLINE,G-PIPE,G/P,GAS P,G LINE
504,3-WAY SOLENOID,3WAY SOLENOID,THREE WAY SOLENOID,3-WAY SOL,3WAY SOL,THREE WAY SOL,3 WAY SOLENOID,3W SOLENOID,3W SOL,3-WAY SOLENOID VALVE,3WAY SOLENOID VLV
505,505. 45 DEGREE GROOVE FITTING,505. 45 DEG GROOVE FTG,505. 45° GROOVE FTG,505. 45 DEGREE GRV FTG,505. 45° GRV FTG,505. 45 DEG GRV FITTING,505. 45 GROOVE,505. 45° GRV,505. 45 GRV,505. 45 FTG,505. GROOVE 45
506,4-WAY,FOUR WAY,FOUR-WAY,4 WAY,4WAY,FOUR-WAY CROSS,4-WAY CROSS,4 WAY CROSS,FOURWAY,4-WAY CROSSING,FOUR WAY CROSS
507,ADAPTER SLEEVE,ADPT SLV,ADAPT SLV,ADPTR SLEEVE,ADAPTER SLV,ADPT SLEEVE,ADP SLV,ADPT SLVE,ADAPT SLEEVE,ADPTR SLV,ADP SLEEVE
508,ADHESIVE,ADHSV,ADH,ADHES,ADHESV,BONDING AGENT,BOND AGENT,GLUE,CEMENT,SEALANT,EPOXY
509,ADJUSTABLE ANGLE THERMOMETER,ADJ ANGLE THERM,ADJ ANG THERM,ADJUST ANGLE THERM,ADJ-ANGLE THERMOMETER,ADJUSTABLE THERM,ADJ THERMOMETER,ADJ-ANG THERM,ADJUST-ANGLE THERM,AAT,ADJ A THERM
510,ADJUSTABLE WRENCH,ADJ WRENCH,ADJUSTABLE SPANNER,ADJ SPANNER,CRESCENT WRENCH,MONKEY WRENCH,SHIFTING SPANNER,ADJ-WRENCH,ADJ. WRENCH,ADJUST WRENCH,ADJUSTABLE-WRENCH
511,AGS,AUTOMATIC GAUGE SWITCH,AUTO GAUGE SWITCH,AUTO GAGE SWITCH,AUTOMATIC GAGE SWITCH,AGS SWITCH,A.G.S.,A-G-S,A/G/S,AUTO G SWITCH,A G S
512,512. AIR AND VACUUM VALVE,AIR & VACUUM VALVE,AIR/VACUUM VALVE,A&V VALVE,A/V VALVE,AIR & VAC VLV,AIR/VAC VLV,A&V VLV,A/V VLV,512 A&V VALVE,512 AIR/VAC VALVE
513,AIR KING,AIR KNG,A/KING,A KING,A-KING,A.KING,AIR-KING,A/K,A.K.,AK,A-K
514,ALL THREAD ROD,ATR,A/T ROD,ALL-THREAD,THREADED ROD,A.T.R.,ALL THD ROD,FULL THREAD ROD,CONTINUOUS THREAD ROD,FULLY THREADED ROD,THD ROD
515,ANGLE STOP,ANG STOP,ANGLE STP,ANG STP,ANGL STOP,ANGL STP,A STOP,A STP,ASTOP,ASTP,A-STOP
516,ATTACHMENT SET,ATTACH SET,ATTCH SET,ATTACHMT SET,ATT SET,ATCH SET,SET ATTACH,SET ATTCH,ATTACHMENT KIT,ATTACH KIT,ATTCH KIT
517,ATTACHMENT WELD BEAM,ATT WELD BEAM,ATTACH WELD BEAM,ATT W BEAM,ATTACHMENT W BEAM,ATTACH W BEAM,ATT WLD BEAM,ATTACHMENT WLD BEAM,ATTACH WLD BEAM,AWB,A.W.B.
518,BAND,BANDING,BND,STRAP,PIPE BAND,STAINLESS BAND,SS BAND,METAL BAND,STEEL BAND,CLAMP BAND,STRAPPING
519,BELBOW MALE ADAPTER,BELBOW M ADPT,BELBOW MALE ADPT,BELBOW M ADP,BELBOW MA,B-ELBOW MALE ADAPTER,B-ELBOW M ADPT,BELB M ADPT,BELB MA,BELBOW M,B-ELB MALE ADPT
520,BELBOW X MALE ADAPTER,BELBOW X MAD,BELB X MALE ADPT,BELB X MA,BE X MALE ADAPTER,BELBOW X M ADPTR,B/E X MALE ADPTR,BELB X M AD,BE X MAD,BELBOW TO MALE,BE-MA
521,BELL ADAPTER,BELL ADPT,BLL ADPTR,BELL ADAPTR,BLL ADAPTER,BELL-ADAPTER,BELL-ADPT,B-ADAPTER,B ADPT,BELL ADAPT,B-ADPTR
522,BOLT,BLT,FASTENER,FSTNR,B,BLTS,BOLTG,BOLT ASSY,BOLT ASSEMBLY,BOLT FAS,BOLTING
523,BOLT AND NUT,B&N,BLT & NUT,BOLT & NUT,BOLT/NUT,B/N,BOLT W/NUT,BOLT WITH NUT,BN,BOLT+NUT,BOLT-NUT
524,BOLT AND NUT SET,B&N SET,BOLT & NUT SET,BOLT/NUT SET,B/N SET,BOLT NUT ASSEMBLY,BOLT AND NUT ASSEMBLY,FASTENER SET,BOLT NUT SET,B AND N SET,STUD BOLT AND NUT SET
525,BOLT WITH NUT,BOLT W/NUT,BOLT & NUT,BLT W/NUT,BLT & NUT,BOLT AND NUT,B/W NUT,BOLT/NUT,BLT/NUT,B&N,B/N
526,BONNET,BON,BNT,VALVE BONNET,VLV BONNET,BONNET ASSY,BONNET ASSEMBLY,VALVE BON,VLV BON,BONNETT,BONET
527,BOSS COUPLING,BOSS CPLG,BOSS CPLNG,BSS COUPLING,BSS CPLG,BSS CPLNG,BOSS-CPLG,BOSS-CPLNG,BSS-CPLG,BSS-CPLNG,BOSS CPL
528,BOSS HOSE ADAPTER,BOSS HSE ADPTR,BHA,BOSS-HOSE ADPTR,BOSS/HOSE ADAPTER,BOSS TO HOSE ADAPTER,BOSS-HOSE FITTING,BOSS X HOSE ADAPTER,BOSS/HSE ADPTR,BOSS-HSE-ADPTR,BOSS HOSE FITTING
529,BOSS STEM,BS STEM,BOSS STM,BS STM,BOSS STEEM,BOSS,B STEM,BOSS-STEM,B/S STEM,B.S. STEM,B-STEM
530,BRACKET,BRKT,BRACK,BRCKT,BKT,BRACKET SUPPORT,BRAC,BRKT SUPP,BKT SUPP,BRKT SUPPORT,MOUNTING BRACKET
531,BULKHEAD ELBOW ADAPTER,BLKHD ELB ADPTR,BLKHD ELL ADPTR,BH ELB ADPTR,BH ELL ADPTR,BLKHD ELBOW ADP,BULKHEAD ELB ADP,BLKHD ELL ADP,BH ELBOW ADP,BULKHEAD ADAPTER,BH ELL ADP
532,CABLE KIT,CBL KIT,CBLE KIT,CABLE ASSY,CABLE ASSEMBLY,CBL ASSY,CBL SET,CABLE SET,CBLE SET,CABLE PACKAGE,CBL PKG
533,CALIBRATED FITTING,CAL FIT,CALIB FTG,CALIBR FTG,CAL FTG,CALIBRATED FTG,CALIB FITTING,CALIBR FITTING,CAL. FIT,CAL. FTG,CALIBR. FTG
534,CARRIAGE BOLT,CARR BOLT,CAR BOLT,CRGE BOLT,CARR BLT,CAR BLT,CB,CRBLT,C-BOLT,C BLT,CARRIAGE
535,CAULK GUN,CAULKING GUN,CLK GUN,SEALANT GUN,CAULKER,CAULK APPLICATOR,SEALANT APPLICATOR,CLK APPLICATOR,ADHESIVE GUN,SEALING GUN,CAULK DISPENSER
536,CHAIN,CHN,CAIN,CH,CHANE,CHAINE,CHAN,CHAYN,C-CHAIN,CH-N,CHNN
537,CHAMFER TOOL,CHAMF TOOL,CHFR TOOL,CHMFR TOOL,CHAMFERING TOOL,CHAM-TOOL,BEVEL TOOL,EDGE PREP TOOL,PIPE BEVEL TOOL,PIPE CHAMFER TOOL,PIPE PREP TOOL
538,CHANNEL NUT,CHAN NUT,CH NUT,CNUT,CNOT,C-NUT,CHNUT,CH-NUT,CHANNEL NT,CHNL NUT,CHNL NT
539,CHEMICAL CURE,CHEM CURE,CHM CURE,CHEMICAL CURING,CHEM CURING,CHM CURING,CH CURE,CHEMICAL CUR,CHEM CUR,CHM CUR,CH CUR
540,CLEANOUT,C.O.,CLN OUT,CLEAN-OUT,CLN-OUT,CO,CLEAN OUT,CLNOUT,C/O,CL OUT,CLEAN-O
541,CLEANOUT WITH PLUG,CO W/ PLUG,C.O. WITH PLUG,CLEANOUT W/PLUG,CO WITH PLUG,C.O.W/P,CLEANOUT & PLUG,CO & PLUG,C/O W/PLUG,CLEANOUT/PLUG,CO/PLUG
542,CLOSE HD NIPPLE,CLOSE HEAD NIPPLE,CLS HD NIP,CLOSE HD NIP,CLS HEAD NIP,CLOSE HEADED NIPPLE,CLS HD NIPPLE,CLOSE HEADED NIP,CH NIPPLE,CH NIP,CLOSE HD
543,COMBINATION KING NIPPLE,COMBO KING NIP,COMB KING NIP,COMBINATION KNG NIP,COMBO KNG NIP,COMB KNG NIP,KING COMBO NIP,KNG COMBO NIP,KING COMB NIP,KNG COMB NIP,COMBO K-NIP
544,COMP COUPLING,COMPRESSION COUPLING,COMP CPLG,COMPRESSION CPLG,COMP COUPL,COMPRESSION COUPL,COMP CPL,COMPRESSION CPL,COMP-CPLG,COMP-CPL,COMPRESSION-CPLG
545,COMPLETE UNION,COMP UNION,COMP UN,CMPLT UNION,CMPL UN,CMPLT UN,CMP UNION,COMPLETE UN,CMPLT,CPL UN,CPL UNION
546,CONDUIT CLAMP,COND CLMP,COND CLP,CONDUIT CLP,CNDUIT CLAMP,COND CLAMP,CDT CLAMP,CDT CLP,CONDUIT CLIP,COND CLIP,CNDUT CLMP
547,CONDUIT HANGER,COND HNGR,CONDUIT HNGR,COND HANGER,COND HGR,CONDUIT HGR,CONDUCT HANGER,CNDUIT HANGER,CNDUT HNGR,C HANGER,C HNGR
548,CONTROL DISC STEAM TRAP,CD STEAM TRAP,CONTROL DISC ST,CD ST,CTRL DISC TRAP,CTRL DSC ST,CD TRAP,CONTRL DSC TRAP,CTRL DISC STM TRAP,CD STM TRAP,CNTRL DSC TRAP
549,CORNER ANGLE,CORN ANGL,CORN ANG,CRN ANGL,CORN-ANGL,CNR ANGL,CORNER ANG,COR ANGLE,CNR ANGLE,C/ANGLE,C-ANGLE
550,COUPLING NUT,CPLG NUT,CPL NUT,COUPLING N,CPLNUT,CPL-NUT,CPLG-NUT,C-NUT,COUP NUT,CNUT,CN
551,COUPLING GASKET,CPLG GSK,CPLG GSKT,CPL GSK,CPL GSKT,COUP GSK,COUP GSKT,COUPLING GSK,COUPLING SEAL,CPLG SEAL,CPL SEAL
552,CUSHION CLAMP,CUSHION CLMP,CUSH CLAMP,CUSH CLMP,CSH CLMP,CUSHION-CLAMP,CUSHION/CLAMP,CUSH-CLAMP,CUSH/CLAMP,CUSHCLAMP,CUSHCLMP
553,CUSHION PIPE STRUT CLAMP,CUSHION STRUT CLAMP,CPSC,CUSH PIPE STRUT,CUSH STRUT CLAMP,CUSHION PIPE CLAMP,CUSHION STRUT,PIPE STRUT CLAMP CUSHION,STRUT CLAMP CUSHION,CUSHIONED PIPE CLAMP,CUSHIONED STRUT CLAMP
554,CUSHION TUBE CLAMP,CUSHION TUBE CLMP,CUSHION TBE CLAMP,CUSH TUBE CLAMP,CUSHION T CLAMP,CUSH T CLAMP,CUSH TUBE CLMP,CUSHION TC,CSH TUBE CLAMP,CUSHION CLAMP,CTC
555,CUSHION TUBE STRUT CLAMP,CUSHION TUBE STRUT,TUBE STRUT CLAMP,CUSHION STRUT CLAMP,CUSHION CLAMP,CTB STRUT CLAMP,CTB CLAMP,CUSH TUBE CLAMP,TUBE CUSHION CLAMP,CUSH STRUT,CTB
556,CUTOFF,CUT OFF,CUT-OFF,CUTTING OFF,CUT,CUTOFF POINT,C/O,C.O.,CUTOFF MARK,CUT LINE,CUTOFF LINE
557,DELUGE,DELUGE VALVE,DLG,DLG VLV,DEL VLV,DELUGE SYSTEM,DLG SYSTEM,DEL SYSTEM,DELUGE SYS,DLG SYS,DEL SYS
558,DIELECTRIC UNION,DIEL UNION,DI-EL UNION,DIE UNION,D/E UNION,DE UNION,DIEL UN,D.E. UNION,DIELECTRIC UN,DI-ELECTRIC UNION,D-E UNION
559,559. DIV SET,559 DIVERTER SET,559 DIV SEAT,559 DIVERTER,559 DIV,DIV SET 559,DIVERTER SET 559,559 DIV. SET,559.DIV.SET,559-DIV-SET,559/DIV/SET
560,DOUBLE BOLT CLAMP,DBL BOLT CLAMP,DBL BLT CLAMP,DOUBLE B CLAMP,DB CLAMP,DBC,D.B.C.,2-BOLT CLAMP,TWO BOLT CLAMP,2B CLAMP,DUAL BOLT CLAMP
561,DOUBLE BOLT CLAMP WITH SADDLE,DBL BOLT CLAMP W/SADDLE,DBL BOLT CLMP W/SDL,2-BOLT CLAMP W/SADDLE,DOUBLE BOLT CLMP & SADDLE,DBL BOLT & SADDLE CLAMP,2-BOLT SADDLE CLAMP,DOUBLE-BOLT SADDLE CLAMP,DBL-BOLT CLAMP/SADDLE,2BOLT CLAMP W/SADDLE,DBL BOLT SADDLE CLAMP
562,DOUBLE HEX NIPPLE,DBL HEX NIP,DBL HX NIP,DH NIP,DHN,2X HEX NIP,DOUBLE HEXAGON NIPPLE,DBL HEXAGON NIP,HEX X HEX NIP,HXH NIP,D-HEX NIP
563,DRY PIPE,DRY PIP,DRY-PIPE,DRYPIPE,D PIPE,D-PIPE,D.PIPE,DRY P,D.P.,D/P,DP
564,DRY PIPE VALVE,DPV,DRY-PIPE VLV,DRY PIPE VLV,D.P.V.,DRY-P-VLV,DRY P VLV,DRY-P VALVE,D P VALVE,D-P-V,DRY P V
565,ELBOW ADAPTER,ELB ADP,ELL ADP,ELBOW ADPT,ELL ADPT,ELB ADPTR,ELL ADPTR,ELBOW ADAPTR,ADPT ELBOW,ADPTR ELBOW,ADAPTER ELBOW
566,ENDSEAL,END SEAL,END-SEAL,END_SEAL,SEAL END,SEAL-END,SEAL_END,ES,E/S,E.S.,E-S
567,ENVELOPE GASKET,ENV GSK,ENVL GSKT,ENV-GSK,ENVELOPE GSK,ENVL-GSK,ENV GASKET,ENVL GASKET,ENV-GSKT,ENVL-GSKT,ENVELOPE-GSK
568,EXPANSION TANK,EXP TNK,EXP TANK,EXPAN TNK,EXPAN TANK,ET,E.T.,EXPANSION VSL,EXP VSL,EXPANSION VESSEL,EXP VESSEL
569,FENDER WASHER,FND WSHR,FNDR WSHR,FDR WSHR,FENDER WSHR,F WASHER,FND WSH,FNDR WSH,FDR WSH,F WSH,FENDER
570,FILTER,FLT,FLTR,FILTR,FTR,F.L.T.,F.L.T.R.,FILT,STRAINER,STRAINR,STR
571,FLANGE COUPLING,FLG COUPLING,FLANGE CPLG,FLG CPLG,FL COUPLING,FL CPLG,FLGD COUPLING,FLGD CPLG,FLANGE COUPLER,FLG COUPLER,FLGD COUPLER
572,FLANGE COUPLING ADAPTER,FCA,FLNG CPLG ADPTR,FL CPLG ADPTR,FLANGE CPLG ADAPT,FLG COUPLING ADAPTER,FLANGE COUPL ADAPT,FL CPL ADPTR,FLNG CPL ADPTR,FLG CPL ADPTR,F.C.A.
573,FLARE UNION,FLR UNION,FLARE UN,FLR UN,FL UNION,FL UN,FLARE U,FLR U,F UNION,FL U,F UN
574,FLAT SQUARE WASHER,SQ WASHER,SQUARE WASHER,FLAT SQ WASHER,SQ FLAT WASHER,F/SQ WASHER,FSQ WASHER,F.S.W.,SQ F/WASHER,SQUARE FLAT WASHER,F/S/W
575,FLEXIBLE CONNECTOR,FLEX CONN,FLEX CONNECTOR,FLX CONN,FLEXIBLE CONN,FLEX CONNECTION,FLEXIBLE CONNECTION,FLEX COUPLING,FLEXIBLE COUPLING,FC,FLX CONNECTOR
576,FLEXIBLE COUPLING,FLEX COUPLING,FLEX CPLG,FLEXIBLE CPLG,FLEX CPL,FLEXIBLE CPL,FL COUPLING,FL CPLG,FLX COUPLING,FLX CPLG,FLEX CPLG
577,FLEXIBLE GROOVED COUPLING,FLEX GROOVED CPLG,FLEX GRV CPLG,FLEXIBLE GRV CPLG,FLX GROOVED CPLG,FLEX GROOVE COUPLING,FLEXIBLE GRV COUPLING,FLX GRV COUPLING,FLEX GRV CPL,FLEXIBLE GROOVE CPLG,FLX GROOVE CPL
578,FLOW SWITCH,FLW SWTCH,FL SWITCH,FLOW SW,FL SW,F/S,FS,FLSW,FLOW DETECTOR,FLOW SENSOR,F.S.
579,FLUSH,FLH,FL,FLSH,FLS,FLSH CONN,FLUSH CONNECTION,FLUSH FITTING,FLUSH MOUNT,FLUSH CONNECTOR,FLUSH FTG
580,FLUSH SEAL,FLSH SEAL,FL SEAL,FLH SEAL,FLSH SL,FL SL,FLUSH-SEAL,FLUSH/SEAL,F/SEAL,F.SEAL,F-SEAL
581,FLUSH VALVE,FLUSH VLV,FL VLV,FL. VLV,FLSH VLV,FL. VALVE,FLSH VALVE,FLH VLV,FLH VALVE,F.VALVE,F.VLV
582,FLUSHSEAL,FLUSH SEAL,FLUSH-SEAL,FLUSH/SEAL,FLSH SEAL,FLSH-SEAL,FL SEAL,FL/SEAL,F/SEAL,F-SEAL,F SEAL
583,FOOT VALVE,FT VLV,FOOTVALVE,FT. VLV,FT VALVE,FOOT VLV,F VLV,F.V.,FTV,F.VALVE,FT-VLV
584,FREEZE PROTECTION,FRZ PROT,FREEZE PROT,FRZ PROTECTION,FROST PROTECTION,FROST PROT,FREEZE GUARD,FRZ GRD,FREEZEPROOF,ANTI-FREEZE,ANTIFREEZE
585,FULL FACE SPIRAL WOUND,FF SPIRAL WOUND,FF SW,FFSW,FF-SW,FULL FACE SW,FF SPWD,FULL FACE SPWD,FF-SPWD,FFSPWD,FULL FACE SP WND
586,FULL-FACE SPIRAL WOUND,FF SPIRAL WOUND,FULL FACE SW,FF SW,FULL-FACE SW,FULL FACE SPIRAL,FF SPRL WND,FULL-FACE SWG,FF SWG,FULL FACE SPIRAL WOUND GASKET,FF SPIRAL WOUND GASKET
587,GASKET SET,GSK SET,GASKET KIT,GSK KIT,GASK SET,SEAL KIT,SEAL SET,G/SET,GS/KIT,GSK-SET,G.SET
588,GRAB BAR,GRAB-BAR,GRABBAR,HAND RAIL,HANDRAIL,HAND-RAIL,SAFETY BAR,SAFETY RAIL,SUPPORT BAR,SUPPORT RAIL,ASSIST BAR
589,GRID DRAIN,GRD DRN,GRID DRN,GD DRAIN,FLOOR GRID DRAIN,FLOOR GRD DRN,GRD-DRN,GRID-DRAIN,G DRAIN,GD DRN,GRID-DRN
590,GROOVE,GRV,GROOV,GRVE,GRV'D,GROOVED,GROOVING,GR,G'VE,GRVD,GV
591,GROOVED MECHANICAL TEE,GROOVED MECH TEE,GRV MECH TEE,GRV MECHANICAL TEE,GROOVE MECH TEE,GROOVE MECHANICAL TEE,GMC TEE,GRV MCH TEE,GRVD MECH TEE,GRVED MECH TEE,GRV-MECH TEE
592,GROOVED RIGID COUPLING,GR COUPLING,RIGID GROOVE COUPLING,RIGID GROOVED CPLG,GRV RGD CPLG,GROOVE RGD CPL,RGD GRV CPLG,GRV RIGID COUPLING,RIGID GRV COUPLING,RGD GROOVE CPLG,RIGID GRV CPLG
593,GROOVED COUPLING GASKET,GRV CPL GSK,GRVD CPL GSK,GRV CPLG GSK,GROOVE CPL GSKT,GRVD CPLG GASKET,GRV COUPLING GSKT,GROOVED CPL GSKT,GRVD SEAL,GROOVE GASKET,GRV GSK
594,GROUND JOINT BOSS FEMALE COUPLING,GJ BOSS F COUPLING,GJ BOSS FEM CPLG,GROUND JT BOSS F CPLG,GRD JT BOSS FEM CPLG,GJ BOSS FEM COUPL,GRND JT BOSS F CPLG,GRD JOINT BOSS F CPL,GJ BOSS FEMALE CPL,GROUND JT BOSS FEM,GRD JT BOSS F COUPLING
595,HANDLE NUT,HDL NUT,HND NUT,HANDLE NT,H/NUT,HNDL NUT,HDL NT,HND NT,H NUT,HANDL NUT,H-NUT
596,HANDLE KIT,HNDL KIT,HDL KIT,HANDLE SET,HNDL SET,HDL SET,HANDLE ASSEMBLY,HNDL ASSEMBLY,HDL ASSEMBLY,HANDLE ASSY,HDL ASSY
597,HANGER SWIVEL RING,HNGR SWVL RNG,HANGER SWVL RING,SWIVEL RING HANGER,SWVL RNG HNGR,HSR,H.S.R.,SWVL HANGER RING,SWIVEL HNGR RING,HNGR RING SWIVEL,RING SWIVEL HANGER
598,HEAVY HEX BOLT,HVY HEX BOLT,HH BOLT,HEAVY HEX BLT,HVY HX BLT,HH BLT,HEAVY HEXAGON BOLT,HH HEXAGON BOLT,H.H. BOLT,H.H.B.,HHB
599,HEAVY HEXAGON NUT,HEAVY HEX NUT,HVY HEX NUT,HEAVY HX NUT,HVY HEXAGON NUT,HH NUT,HEAVY HEXNUT,2H NUT,2HN,HVY HX NUT,H.H.N
600,600. HEX BOLT WITH NUT,600# HEX BOLT W/NUT,600# HEX BOLT AND NUT,600LB HEX BOLT W/NUT,600 CLASS HEX BOLT W/NUT,600# HEXBOLT W/NUT,HEX BOLT W/NUT 600#,600 HB W/N,600# HB&N,600 LB HXBLT W/NUT,600# HXBLT & NUT
601,HEX CAP SCREW,HCS,HEX CAP,H/C/S,HC SCREW,HX CAP SCREW,HEXCAP,H.C.S.,HEX CS,HEXAGON CAP SCREW,HEX-CAP SCREW
602,HEX HEAD BOLT WITH NUT,HH BOLT W/NUT,HEX HD BOLT & NUT,HHBN,HEX BOLT W/NUT,HH BOLT AND NUT,HEX HEAD B/N,HEX HD B/N,HH B/N,HEXHEAD BOLT/NUT,HEX BOLT & NUT
603,HEX HEAD MACHINE BOLT,HHMS,HEX HD MC BOLT,HEX HD MACH BOLT,HH MACHINE BOLT,HEX HEAD MB,HEX HD MB,HEXHEAD M BOLT,HEX M BOLT,HH M BOLT,HEX MACHINE BOLT
604,HEX HEAD STRUCTURAL BOLT,HEX HEAD STRUCT BOLT,HH STRUCTURAL BOLT,HH STRUCT BOLT,HHSB,HH STR BOLT,STRUCTURAL HEX BOLT,STRUCT HEX BOLT,HEX STRUCT BOLT,HEX STR BOLT,H.H.S.B.
605,HEX HEAD TAP BOLT,HH TAP BOLT,TAP BOLT HH,HEX HD TAP BOLT,HH TB,TAP BOLT,HHTB,HEX TAP BOLT,TB HH,HD TAP BOLT,H.H.T.B.
606,HEX REDUCING NIPPLE,HEX RED NIPPLE,HEX RED NIP,HEX REDUCING NIP,HEXAGONAL REDUCING NIPPLE,HEXAGONAL RED NIPPLE,HEX RED NPL,HEX REDUCING NPL,HEX RDC NIPPLE,HEX RDC NIP,HEX REDC NPL
607,607. HEX TRANSITION,HEX TRANS,607 HEX TRANS,607. HEX TRANS,HEX TRAN,607 HEX TRAN,HEXAGONAL TRANSITION,607 HEXAGONAL TRANS,HEX TRANSITION FITTING,607 HEX TRANSITION,HEXAGONAL TRANS
608,HOSE,HS,HSE,FLEX HOSE,FLEXIBLE HOSE,HOS,FLEX LINE,FLEXIBLE LINE,FLEX TUBE,FLEXIBLE TUBE,FLEX
609,HOSE BARB COUPLING,HOSE BARB CPLG,HOSE BARB CPL,H.B. COUPLING,H.B. CPLG,HB COUPLING,HB CPLG,HOSE BARB,H BARB CPLG,BARB COUPLING,BARB CPLG
610,HYDRANT,HYD,HYDRNT,FIRE HYDRANT,FIRE HYD,FH,F.H.,F/H,F-H,HYDNT,FIRE-HYDRANT
611,HYDRAULIC HAND GUN,HYD HAND GUN,HYDRAULIC GUN,HYD GUN,HAND GUN HYDRAULIC,HYD HANDGUN,HYDRAULIC HANDGUN,H.H.G.,HYDRO HAND GUN,HYDRAULIC H/GUN,HYD H/GUN
612,ISOLATION BONNET VALVE,ISO BONNET VLV,ISOL BONNET VLV,ISO-BONNET VALVE,ISOL-BONNET VALVE,IBV,ISO BNT VLV,ISOLATION BNT VLV,ISO BONNET V,ISOL BNT V,I.B.V.
613,613. J HANGER,613J HANGER,613-J HANGER,613.J HANGER,FIG 613J HANGER,FIGURE 613J HANGER,J-HANGER 613,TYPE 613J HANGER,613 J-HANGER,MODEL 613J HANGER,613 J PIPE HANGER
614,KING NIPPLE,KN,KING NIP,K NIP,K-NIP,K.N.,KNG NIP,KING NPL,K NPL,KING-NIP,K/N
615,LABEL PLATE,LBL PLT,LABEL PLT,LBL PLATE,NAME PLATE,NAME PLT,NAMEPLATE,IDENTIFICATION PLATE,ID PLATE,ID PLT,IDENT PLATE
616,LAG BOLT,LAG BLT,LAG SCREW,LAG SCR,WOOD LAG,LAG,COACH BOLT,COACH SCREW,LAG-BOLT,LAG.BOLT,LAG_BOLT
617,LEAK DETECTOR,LK DET,LEAK DET,LK DETECTOR,LEAK SENS,LK SENS,LEAK SENSOR,LK SENSOR,L/D,L.D.,LD
618,LEVER KIT,LVR KIT,LEVER ASSEMBLY,LVR ASSEMBLY,LEVER SET,LVR SET,HDL KIT,HANDLE KIT,LEVER HANDLE KIT,LVR HDL KIT,LEVER HDL KIT
619,LIMIT,LMT,LIMTR,LIMITR,LIM,LIMT,L/M,LMT.,L.M.T.,L.M.,L-M
620,LIMIT SWITCH,LMT SW,LIM SW,LS,LIMIT SW,LMT SWTCH,LIM SWTCH,L.S.,L/S,LIMITSW,LMTSW
621,LINK,LNK,CHAIN LINK,CHNL LNK,CONNECTING LINK,CONN LNK,LINKAGE,LNKG,PIPE LINK,PIPE LNK,CONNECTING PIECE
622,LINK KIT,LINK SET,LINK ASSEMBLY,CHAIN LINK KIT,LINKAGE KIT,LINK-KIT,LNK KIT,LINK K,L/KIT,L-KIT,L.K.
623,LINKAGE,LINK,LINKS,LINKAGES,LINK ROD,CONNECTING LINK,LINK ASSEMBLY,LINKAGE SYSTEM,MECHANICAL LINK,LINK MECHANISM,CONNECTING ROD
624,LINKAGE KIT,LINK KIT,LINK-KIT,LINKAGEKIT,LNK KIT,LK KIT,LNKG KIT,L/KIT,LKIT,LINK-K,L-KIT
625,LOCK DEVICE,LOCKING DEVICE,LOCK DEV,LCK DEV,LK DEV,LOCKING MECHANISM,LOCK MECH,LOCK ASSEMBLY,LOCKING ASSY,LOCK ASSY,LK ASSY
626,LOCK SHIELD,LS,LCK SHLD,L/S,L.S.,LOCK SHLD,LK SHIELD,LK SHLD,LOCKSHIELD,LOCK-SHIELD,L-S
627,LOCKING DEVICE,LOCK DEV,LOCK DEVICE,LOCKING DEV,LCK DEV,LCK DEVICE,LCKNG DEV,L/DEV,L/D,LDEV,LD
628,LOCKING HANDLE KIT,LOCK HDL KIT,LCK HNDL KIT,LOCKING HDL KIT,LK HANDLE KIT,LOCK HANDLE SET,LCK HANDLE KIT,LOCKING HNDL KIT,LOCK HND KIT,LK HND KIT,LOCKING HDL SET
629,LONG WELD NECK,LWN,LONG WN,L.W.N.,LONG WELDING NECK,LNG WLD NK,L WELD NECK,LONG W/N,L W N,LONG W NECK,LNG WELD NECK
630,LR 180 DEGREE RETURN BEND,LR 180 DEG RET BEND,LR 180° RET BEND,LR 180 RETURN,LR 180° RETURN,LONG RADIUS 180 RETURN,LR 180 RET,LR 180° RB,180 LR RETURN BEND,180° LR RETURN BEND,LONG RAD 180 RETURN
631,LUBRICANT,LUB,LUBE,LUBRICATE,LUBRICATOR,LUBRIC,LUBING,LUBRICATING,LBT,LBNT,LBC
632,MASTERLINK,MASTER LINK,MASTER-LINK,MSTR LNK,MSTR-LNK,M LINK,M-LINK,ML,M/L,M.L.,MST LNK
633,MEASURING TAPE,MEAS TAPE,MEASURING TAP,MEASURE TAPE,MEAS TPE,TAPE MEASURE,TAPE MEAS,TPE MEAS,MTR TAPE,MEASR TAPE,MSNG TAPE
634,MECHANICAL JOINT ACCESSORY KIT,MJ ACC KIT,MJ ACCESSORY KIT,MECH JNT ACC KIT,MECH JOINT KIT,MJ KIT,MECHANICAL JT KIT,MJ HARDWARE KIT,MECH JT ACC KIT,MJ ACCESS KIT,MECHANICAL JOINT KIT
635,MECHANICAL JOINT KIT,MJ KIT,MECH JOINT KIT,MJ GASKET KIT,MECHANICAL JT KIT,MJ ACCESSORIES KIT,MECH JT KIT,M.J. KIT,MECH-JOINT KIT,MJ FITTING KIT,M J KIT
636,MECHANICAL SWITCH,MECH SWITCH,MECH SW,MECHANICAL SW,MECH SWTCH,MECHANICAL SWTCH,MECH. SWITCH,MECH. SW,MECHSWITCH,MECHSW,M-SWITCH
637,MEDIUM SPLIT PIPE CLAMP,MED SPLIT PIPE CLAMP,MEDIUM SPLIT CLAMP,MED SPLIT CLAMP,MSP CLAMP,MSPC,M-SPLIT CLAMP,MED PIPE CLAMP,MEDIUM CLAMP,SPLIT PIPE CLAMP,SPLIT CLAMP
638,MIXING,MIX,MIXG,MIXT,MIXER,MIXING VALVE,MXG,MXNG,MIX VLV,MIXING VLV,MX VLV
639,MIXING VALVE,MIX VLV,MXNG VLV,MXG VLV,MIX VALVE,MIXER VALVE,MXV,MIXV,M VLV,MIXING V,MIX V
640,MOUNTING BRACKET,MTG BRKT,MNT BRKT,MOUNT BRKT,MTG BRACKET,MNT BRACKET,MOUNTING BRKT,M/BRACKET,M/BRKT,MNTG BRKT,MNTG BRACKET
641,MOUNTING KIT,MTG KIT,MOUNT KIT,MTG SET,MOUNTING SET,MTG HARDWARE,MOUNTING HARDWARE,MTG ASSEMBLY,MOUNTING ASSEMBLY,MTG PKG,MOUNTING PACKAGE
642,MULTI TITE,MULTI-TITE,MULTI TIGHT,MULTI-TIGHT,MULTITITE,MULTITIGHT,MULTI-T,M-TITE,M TITE,MT,M/T
643,MULTI-TITE,MULTI TITE,MULTITITE,MULTI-TIGHT,MULTI TIGHT,MULTITIGHT,M-TITE,M TITE,M-TIGHT,M TIGHT,MTITE
644,NIPPLE OLET,NIPOLET,NIP-O-LET,NIPLET,NIPO,NIP OLET,NIPPLE-O-LET,NIP O LET,N.O.L.,NOL,NIPPLE-OLET
645,NIPPLE O-LET,NIPPOLET,NIP-O-LET,NIPOLET,NIPLE O-LET,NIPPLE OLET,NIP OLET,NIPP-O-LET,NIPLE OLET,N-O-LET,NO-LET
646,NIPPOLET,NPLTT,NIPPLT,NIPPOLT,NIPLET,NPLT,NIPP,NIPPO,NPOLT,NIP LET,NIPOLET
647,647. NO-HUB COUPLING,647 NO HUB COUPLING,647 NOHUB COUPLING,647 NO-HUB CPLG,647 NOHUB CPLG,NO HUB COUPLING 647,NOHUB COUPLING 647,NO-HUB CPLG 647,647 NH COUPLING,647 NH CPLG,NH CPLG 647
648,OFFSET TAILPIECE,OFFSET TP,OFFSET TAIL PCE,OFFSET TAIL-PCE,OFFSET TAIL PIECE,OFFSET TAIL-PIECE,OS TAILPIECE,OS TP,OFFSET T/P,O/S TAILPIECE,O/S T/P
649,O-LET,OLET,O LET,O-LETS,OLETS,O LETS,O/LET,O/LETS,O.LET,O.LETS,O'LET
650,650,SIX FIFTY,SIX HUNDRED FIFTY,650.0,650.00,650-,#650,NO. 650,NUMBER 650,650#,650 ONLY
651,PIN LUG CAP,PIN LG CAP,PIN-LUG CAP,PIN-LG CAP,P/L CAP,P.L. CAP,PL CAP,P-L CAP,PIN-LUGGED CAP,P/LUG CAP,PINLUG CAP
652,PINION,PIN,GEAR PINION,DRIVE PINION,PIN GEAR,PINION GEAR,PGR,PNGR,PIN GR,PG,P/G
653,PIPE STRUT CLAMP,STRUT CLAMP,PIPE CLAMP,P STRUT CLAMP,P/STRUT CLAMP,STRUT P CLAMP,PIPE STR CLAMP,P/STR CLAMP,PIPE S CLAMP,STR PIPE CLAMP,STRUT P/CLAMP
654,PNEUMATIC ACTUATOR,PNEU ACT,PNEUM ACT,PN ACT,P ACT,PNEU ACTR,PNEUMATIC ACTR,PNEU-ACT,P.ACT,PNEUM ACTR,PN ACTR
655,PPEC LOW PROFILE,PPEC LP,PP EC LOW PROFILE,PPEC L/P,PP-EC LOW PROFILE,PPEC L.P.,PP EC L/P,PP-EC L.P.,PPEC LOW PRO,PP EC LOW PRO,PP-EC LOW PRO
656,PRESSURE CHANGE ASSEMBLY,PCA,PRESS CHANGE ASSY,PRESSURE CHNG ASSY,P/C ASSEMBLY,PRESS CHNG ASSEMBLY,P.C.A.,PR CHANGE ASSY,PRESS CHANGE ASSEMBLY,P/C ASSY,PRES CHNG ASSEMBLY
657,PRESSURE ACTUATED,PRESS ACT,PRES ACTUATED,PR ACT,PRESS ACTR,P/A,PRESS-ACT,PRES-ACT,P.A.,PRESS. ACT,PR. ACT
658,QUANTUM COUPLING,Q-COUPLING,QC,Q CPLG,Q COUPLING,QUANTUM CPLG,Q-CPLG,QCPL,Q CPL,QUANTUM CPL,Q-CPL
659,QUARTER TURN,QTR TURN,1/4 TURN,QUARTER-TURN,QRTR TURN,QT,Q-TURN,1/4-TURN,Q/T,Q.T.,QUARTER-T
660,QUICKLINK,QUICK LINK,QUICK-LINK,Q/LINK,Q-LINK,Q LINK,QLINK,QL,Q/L,Q-L,QCK LINK
661,REDI-CLAMP,REDICLAMP,REDI CLAMP,REDI/CLAMP,REDI.CLAMP,RC,RDI-CLP,REDI-CLP,REDICLP,REDI_CLAMP,R-CLAMP
662,REDUCED PRESSURE ZONE BACKFLOW PREVENTER,RPZ BACKFLOW PREVENTER,RPZD,RPZ DEVICE,RP ZONE BACKFLOW,REDUCED PRESSURE BACKFLOW,RPZ BFP,RP ZONE DEVICE,REDUCED PRESSURE BFP,RPZ PREVENTER,RP BACKFLOW DEVICE
663,REDUCING PORT CONNECTOR,RED PORT CONN,RED PORT CONNECTOR,REDUCING PORT CONN,RED P CONN,RPC,RED P CONNECTOR,REDUCING P CONN,REDUCING P CONNECTOR,RED PORT,REDUCING PORT
664,REDUCING SADDLE,RED SADDLE,REDUCER SADDLE,SADDLE REDUCER,RED SDL,RDCR SADDLE,REDUCING SDL,RDC SADDLE,SADDLE RDC,RDCNG SADDLE,SDL REDUCER
665,REDUCING TOOL,RED TOOL,REDUCER TOOL,REDUC TOOL,RED TL,RDC TOOL,RDCR TOOL,REDUCING TL,REDUCER TL,RDC TL,RDCR TL
666,REGULAR COUPLING,REG COUPLING,REG CPLG,REG COUP,R COUPLING,R CPLG,COUPLING REG,CPLG REG,CPL REG,REGULAR CPL,REG CPL
667,REGULATOR,REG,RGLTR,REGULATR,REGLTR,RG,REGUL,RGTR,RGLR,REG VLV,PRESSURE REGULATOR
668,RETAINING CABLE,RET CABLE,RETAIN CABLE,RETAINING CBL,RET CBL,RETAIN CBL,RETENTION CABLE,RETENTION CBL,RESTRAINING CABLE,RESTRAINING CBL,RESTRAINT CABLE
669,RIGHT ANGLE,RT ANG,RT ANGLE,R/A,RA,RIGHT ANG,R ANGLE,R.A.,RT A,R/ANGLE,R-A
670,RIGHT ANGLE CLAMP,RT ANGLE CLAMP,RA CLAMP,RIGHT ANG CLAMP,R/A CLAMP,RT ANG CLAMP,90° CLAMP,90 DEG CLAMP,RIGHT ANGL CLMP,RT ANGL CLMP,R.A. CLAMP
671,RING JOINT,RJ,R/J,R.J.,R-J,RING-JOINT,RING JT,RNG JT,RNG JNT,RING JNT,R JOINT
672,RING JOINT GASKET,RJ GSK,RJ-GSK,RJGSK,RJGAS,RJ-GAS,R/J GSK,R J GSK,RING JNT GSK,RING-JOINT GSK,RJG
673,ROMAN TUB FILLER,RTF,RMN TUB FLR,ROMAN FILLER,ROM TUB FILL,ROMAN BATHTUB FILLER,RMN BTH FLR,ROMAN TUB FILL,ROM TUB FLR,ROMAN BATH FILLER,R.T.F.
674,SAFETY,SFTY,SAFETY VALVE,SFTY VLV,SFT VLV,SAFETY VLV,SAFT VLV,SAF VLV,SVL,SV,SFTY V
675,SAFETY CABLE,SAF CABLE,SFTY CABLE,SAF CBL,SFTY CBL,S/CABLE,SAFETY CBL,S CABLE,S-CABLE,S/CBL,S-CBL
676,SAFETY CLIP,SFTY CLIP,SFTY CLP,SAFETY CLP,S/CLIP,S CLIP,S-CLIP,SEC CLIP,SAFE CLIP,SAF CLIP,SAF CLP
677,SAFETY PIN,SFTY PIN,SAF PIN,S/PIN,SAFETY-PIN,S-PIN,SAFE PIN,S PIN,SFT PIN,SFTY-PIN,SAF-PIN
678,SCALD PROTECTION,SCALD PROT,SCALD PROTEC,SCALD PROTECT,ANTI-SCALD,ANTISCALD,SCALD PREV,SCALD PREVENTION,SCALD SAFETY,SCLD PROT,SCLD PROTECTION
679,SCOTCH YOKE ACTUATOR,SC YK ACT,SCOTCH YOKE ACT,SCH YK ACTR,S.Y. ACTUATOR,SY ACTUATOR,SC-YK-ACT,S/Y ACTUATOR,SCH YOKE,S.Y.A.,SYA
680,SEALANT,SEAL,SEALER,PIPE SEALANT,THREAD SEALANT,PIPE SEALER,THREAD SEALER,JOINT SEALANT,SLNT,SLT,SEALING COMPOUND
681,SENSOR FAUCET,AUTOMATIC FAUCET,ELECTRONIC FAUCET,TOUCHLESS FAUCET,HANDS-FREE FAUCET,MOTION SENSOR FAUCET,IR FAUCET,INFRARED FAUCET,AUTO FAUCET,PROXIMITY FAUCET,SMART FAUCET
682,682 SERIES,682SER,682-SER,682 SER,682-SERIES,SER-682,SERIES 682,SER 682,682.SER,682S,S682
683,683 SERIES VALVE,683 SERIES VLV,683 SER VALVE,683 SER VLV,683 VALVE,683 VLV,683-SERIES VALVE,683-SERIES VLV,683-SER VALVE,683-SER VLV,VALVE 683 SERIES
684,SHOWER VALVE,SHOWER VLV,SHR VLV,SHWR VLV,SHR VALVE,SHWR VALVE,SHRV,SHWRV,SH VLV,SH VALVE,SHOWER V
685,SINGLE ACTING PNEUMATIC ACTUATOR,SA PNEU ACT,SINGLE ACT PNEU ACT,SA PNEUMATIC ACTUATOR,SINGLE ACTING PNEU ACT,S/A PNEUMATIC ACTUATOR,S.A. PNEU ACTUATOR,SINGLE-ACTING PNEUMATIC ACT,SA ACTUATOR PNEUMATIC,SINGLE ACT PNEUMATIC,S-A PNEU ACTUATOR
686,SOCKET WELD SWIVEL RING HANGER,SW SWIVEL RING HANGER,SOCKET WELD SWVL RING HNGR,SW SWVL RING HNGR,SOCKET WELD SR HANGER,SW SR HANGER,SWSR HANGER,SW SWIVEL HANGER,SOCKET WELD SWIVEL HANGER,SW SWVL HNGR,SOCKET WELD SWVL HNGR
687,SPLIT LOCK WASHER,SLW,SPL LK WSH,SPLIT LK WASHER,S/L WASHER,SP LK WSH,SPL LOCK WSH,S L WASHER,SPLIT LCK WSH,S.L.W.,SP L WASHER
688,SPOOL ADAPTER,SPOOL ADPTR,SPL ADAPTER,SPL ADPTR,SPOOL-ADAPTER,SPOOL-ADPTR,SPOOLADAPTER,SPOOLADPTR,SP ADAPTER,SP ADPTR,SPOOL ADP
689,SPRING RETURN PNEUMATIC ACTUATOR,SPRING RET PNEU ACT,SPRING RTN PNEUM ACT,SR PNEUMATIC ACT,SPRING RETURN PNEU,SR PNEU ACTUATOR,SPRING RET ACT,SPRG RTN PNEU ACT,SR PNEUM ACT,SPRING RETURN PA,SRP ACTUATOR
690,SPRING RETURN ACTUATOR,SR ACTUATOR,SPRING RTN ACTUATOR,SRA,SPRING RETURN ACT,SR ACT,SPRING RTN ACT,SPRG RTN ACTUATOR,SPRG RETURN ACT,SPR RTN ACTUATOR,SPRING RET ACTUATOR
691,SR ELBOW,SR ELL,SHORT RADIUS ELBOW,SHORT RADIUS ELL,SR 90 ELBOW,SR 90 ELL,SR 90° ELBOW,SR 90° ELL,SHORT RAD ELBOW,SHORT RAD ELL,S.R. ELBOW
692,STACK VENT,STACK-VENT,STCK VENT,STK VENT,STK-VENT,STKVENT,STACK-V,STK-V,STCK-V,STVENT,STV
693,STEAM TRAP DISC,STM TRAP DISC,STEAM TRP DISC,ST TRAP DISC,STM TR DISC,TRAP DISC,STM DISC,ST DISC,S/T DISC,S.T. DISC,STD
694,STOP,STOP VALVE,STP VLV,STOP VLV,STP VALVE,STOPPING VALVE,STOPPING VLV,STP,STOPPING,STPV,SV
695,STOVE BOLT,STOV BLT,STV BLT,STOVE BT,ST BOLT,STOVE B,STV BOLT,STOVE-BOLT,STOVE/BOLT,S/BOLT,STB
696,STRAINER CAP GASKET,STRNR CAP GSK,STRAINER CAP GSK,STRNR CAP GASKET,STR CAP GSK,STR CAP GASKET,STRAINER LID GSK,STRNR LID GASKET,STRN CAP GSK,FILTER CAP GSK,FILTER CAP GASKET
697,STUD AND NUT,STUD & NUT,STD & NUT,STUD W/ NUT,STUD WITH NUT,STD W/NUT,STUD/NUT,STD/NUT,S&N,STD & N,ST & NT
698,STUD BOLT WITH NUTS,STUD BOLT W/ NUTS,STUD BOLT & NUTS,STD BOLT W/ NUTS,STUD BOLT/NUTS,STDBOLT W/NUTS,STD BLT W/NTS,STUDBOLT/NUT,STUD W/NUTS,SB W/N,STDBLT/NUT
699,SWIVEL,SWV,SWVL,SW,SWL,SWIV,SWIVEL JOINT,SWVL JNT,SW JT,SWIVEL COUPLING,SWIVEL CONN
700,SWIVEL CONNECTOR,SWIVEL CONN,SWV CONN,SWIV CONNECTOR,SWVL CONN,SWV CONNECTION,SWIVEL COUPLING,SWVL COUPLING,SWV CPLG,SWIVEL CPLG,SWVL CPLG
701,SWIVEL RING HANGER,SWVL RNG HNGR,SWV RNG HGR,SWIVEL RNG HNGR,SR HANGER,SRH,SWVL RING HGR,SWIVEL RING HGR,SWVL RG HNGR,SWVL RING,SW RING HNGR
702,702. SWIVEL ADAPTER,702 SWVL ADPTR,702 SWV ADPT,702. SWV ADPTR,702 SWIVEL,702. SWVL,SWIVEL ADAPTER 702,SWVL ADPTR 702,SWIVEL ADPT 702,702 SWIVEL ADAPT,702. SWVL ADAPT
703,T GASKET,T-GSK,T GSK,TGSK,T-GASKET,TGAS,T GAS,T-GAS,T SEAL,T-SEAL,TSEAL
704,T-BOLT CLAMP,T BOLT CLAMP,TBOLT CLAMP,T-BOLT CLP,T BOLT CLP,TBOLT CLP,T-BOLT COUPLING,T BOLT COUPLING,T-B CLAMP,TB CLAMP,T-B CLP
705,TEE WYE,TEE-WYE,T-WYE,TEE Y,T-Y,TWY,T WY,TEE-Y,T/WYE,T/Y,TY
706,T-HANDLE,T HANDLE,TEE HANDLE,T HDL,T-HDL,THDL,TEE HDL,T HNDL,T-HNDL,TEE HNDL,THANDLE
707,THERM-DYNAMIC STEAM TRAP,TD STEAM TRAP,THERMODYNAMIC STEAM TRAP,TD ST TRAP,THERM-DYN ST TRAP,TD TRAP,THERM-DYN TRAP,THERMODYNAMIC TRAP,T/D STEAM TRAP,T-D STEAM TRAP,T.D. STEAM TRAP
708,THERMODYNAMIC STEAM TRAP,TD STEAM TRAP,THERMO STEAM TRAP,TD ST TRAP,THERMODYNAMIC TRAP,TDT,TD TRAP,THERMO TRAP,T.D.T.,THERM DYN TRAP,T.D. STEAM TRAP
709,THERMOMETER STEAM TRAP,THERM STEAM TRAP,THERMOMETRIC TRAP,THERMO STEAM TRAP,THERMOSTATIC TRAP,THERM STM TRAP,THERMO STM TRAP,THERM ST TRAP,TST,THERM TRAP,THERMODYNAMIC TRAP
710,THERMOSTAT STEAM TRAP,THERM STEAM TRAP,THERMOSTATIC TRAP,THERM TRAP,TST,THERMO TRAP,THERMOSTAT TRAP,THERM ST TRAP,T.S.T.,THERM S TRAP,THERMOSTATIC STM TRAP
711,THERMOSTATIC,THERMO,THERM,THERMOSTAT,THERM STAT,THERMO STATIC,THERM-STAT,THERMO-STATIC,T-STAT,TSTAT,THSTATIC
712,THERMOSTATIC MIXING,THERM MIX,THERM MIXING VLV,TMV,THERMOSTATIC MIX VLV,THERMO MIX,THERMO MIXING,THERM MIX VLV,T-MIX,THERMO-MIX,THERMOSTATIC MIXING VLV
713,THREADED TRANSITION,THD TRANS,THRD TRANS,THD TRANSITION,THRD TRANSITION,THREAD TRANS,THREADED TRANS,TH TRANS,T TRANS,TRANS THD,TRANSITION THD
714,THREADED TRANSITION FITTING,THD TRANS FTG,THRD TRANS FTG,THD TRANSITION,TRANS THD FTG,THRD TRANS,THD TRANS,TRANS FTG THD,TRANSITION THD,THD-TRANS,TRANS-THD
715,TOGGLING BOLT WITH WING,TOGGLE BOLT W/WING,TOGGLE WING BOLT,WING TOGGLE BOLT,TOGGLING BOLT W/WING,WING TOGGLING BOLT,TOG BOLT W/WING,TOGGLE WING B,WING TOG BOLT,TOG-BOLT W/WING,WING TOG-BOLT
716,TRANS FITTING,TRANSITION FITTING,TRANS FTG,TRANSITION FTG,TRANS,TRANSITION,TRANS REDUCER,TRANSITION REDUCER,TRANS RED,TRANSITION RED,TRANS-FTG
717,TRANSITION,TRANS,TRAN,TRANS FITTING,TRANSITION FITTING,TRANS FTG,TRAN FTG,TRANS PIECE,TRANSITION PIECE,TRANS ADAPTER,TRANSITION ADAPTER
718,TRANSITION ADAPTER,TRANS ADAPTER,TRANS ADPT,TRANSITION ADPT,TRANS ADP,TRANSITION ADP,TR ADAPTER,TR ADPT,TRANS FITTING,TRANSITION FTG,TRANS FTG
719,TRAP,TRP,STEAM TRAP,STMP TRAP,STM TRAP,ST TRAP,S TRAP,STRP,STMTRP,S/T,S.T.
720,TRIM,TRM,VALVE TRIM,VLV TRIM,V/TRIM,V-TRIM,V.TRIM,V TRM,TRIMSET,TRIM SET,TRIM KIT
721,TTMA,TTMA FLANGE,TANK TRUCK MANUFACTURERS ASSOCIATION,TTMA FLG,TANK TRUCK FLG,TANK TRUCK FLANGE,TTMA STYLE FLANGE,TTMA STYLE FLG,TANK TRUCK STYLE FLANGE,TANK TRUCK STYLE FLG,TTMA CONNECTION
722,TUB SPOUT SLIP FITTING,TUB SPOUT SLIP FTG,SLIP FTG TUB SPOUT,SLIP FITTING TUB SPOUT,TUB SPOUT SLIP-FIT,TUB SPOUT SLIP ON,SLIP-ON TUB SPOUT,TSS FITTING,TSS FTG,TUBSPOUT SLIP FIT,SLIP FIT TUBSPOUT
723,TUBE ADAPTER,TUBE ADPTR,TB ADAPTER,TB ADPTR,TUBE ADAPT,TUB ADAPTER,TUBING ADAPTER,TUBE-ADAPTER,TBE ADAPTER,TUBE ADP,TB-ADAPTER
724,TUBE VALVE,TUB VLV,TB VLV,TUBE VLV,TBE VALVE,TB VALVE,TUBE V,TUB V,TB V,T VLV,T VALVE
725,U BOLT WITH NUT,U-BOLT W/ NUT,U BOLT W/NUT,U-BOLT AND NUT,U BOLT & NUT,U-BOLT & NUT,UBOLT WITH NUT,UBOLT W/NUT,U-BOLT/NUT,U BOLT/NUT,UBOLT/NUT
726,UNIVERSAL COUPLING,UNIV COUPLING,UNIV CPLG,UNV COUPLING,UNV CPLG,UNIVERSAL CPLG,U COUPLING,U CPLG,UNIV CPLN,UNI COUPLING,UNI CPLG
727,VALVE LINKAGE,VLV LINK,VLVLINK,V/LINK,VLV LINKAGE,VALVE LINK,V LINKAGE,V/L,VL,V-LINK,V.LINK
728,VALVE LINKAGE KIT,VLV LINK KIT,VALVE LINKAGE,VLV LINKAGE KIT,V/L KIT,VLK,LINK KIT,LINKAGE KIT,VLV LNK KIT,V LINKAGE KIT,VALVE LINK KIT
729,VALVE KEY,VLV KEY,KEY VLV,V KEY,KEY V,VK,KEY FOR VALVE,VALVE K,K VLV,VALVE WRENCH,VLV WRENCH
730,VALVE PART,VLV PART,VLV PRT,VALVE PRT,V/PART,V/PRT,VLV COMPONENT,VALVE COMPONENT,V.PART,V.PRT,VALVE SPARE
731,VALVE PARTS,VLV PARTS,VLV PTS,VALVE PTS,V/PARTS,V/PTS,VALVE COMPONENTS,VLV COMPONENTS,VALVE SPARES,VLV SPARES,V/SPARES
732,VALVE WRENCH,VLV WRENCH,VALVE WRCH,VLV WRCH,VALVE KEY,VLV KEY,V WRENCH,V WRCH,V KEY,VALVE OPERATING WRENCH,VALVE OPERATING KEY
733,VANE,VAN,VANES,GUIDE VANE,FLOW VANE,TURNING VANE,STRAIGHTENING VANE,VN,VANING,VANED,VANE ASSEMBLY
734,VANE ACTUATOR,VANE ACT,VN ACT,VANE ACTR,VN ACTR,V/ACT,V-ACT,VN-ACT,VACT,VA,VANE-ACT
735,VP,VACUUM PUMP,VAC PUMP,VAC. PUMP,VCUM PMP,V.P.,V PUMP,V-P,V.PUMP,VAC P,VAC. P
736,WELD TRANSITION FITTING,WLD TRANS FTG,WELDING TRANS FITTING,WLD TRANSITION,WELD TRANS,TRANS FITTING,WLD TRANS FIT,TRANSITION FTG,WLD TRANS PIECE,WELD TRANS CONNECTOR,TRANSITION WELD FITTING
737,WING NUT,WNUT,WING-NUT,W-NUT,WNGNUT,WNG NUT,W NUT,W.NUT,W/NUT,WING N,W.N.
738,WING NUT CAP,WING CAP,WING NUT,WNG NUT CAP,WING-NUT CAP,WING N CAP,WING-CAP,WING/NUT CAP,W/N CAP,WNG CAP,W.N.CAP
739,WORM GEAR CLAMP,WG CLAMP,WORM GR CLAMP,WORM DRIVE CLAMP,WG HOSE CLAMP,WORM GEAR HSE CLAMP,WORM CLAMP,WGC,W/G CLAMP,W.G.C.,W-G-C
740,WRENCH,WRCH,WR,SPANNER,WRNCH,W.R.,W/R,WRENCH TOOL,HAND WRENCH,WRNC,WRENCH KEY
741,Y-TYPE STRAINER,Y STRAINER,Y TYPE STRN,Y-STRAINER,Y STR,Y-STR,WYES,Y-PATTERN STRAINER,Y PATTERN STR,Y TYP STRN,YTS
742,LOCK NUT,LN,LOCKNUT,LOCK-NUT,LOCK N,LCK NUT,LOCKING NUT,L NUT,L-NUT,L/NUT,L.N.
743,SHOWER HEAD,SHWR HEAD,SHW HEAD,SHOWER HD,SHWR HD,SH HEAD,SH HD,SHOWER H,SHWR H,S/HEAD,S/HD
744,SHOWERHEAD,SHOWER HEAD,SH HEAD,SHOWER-HEAD,S/HEAD,SH-HEAD,S HEAD,S-HEAD,S/H HEAD,SHR HEAD,SHWR HEAD
745,BOLT NUT,B/N,BOLT & NUT,BOLT AND NUT,BOLT/NUT,B&N,BLT/NUT,BOLT/NT,B-N,BN,BOLT-NUT
746,BULKHEAD TANK FITTING,BLKHD TNK FTG,BLKHD TANK FTG,BH TANK FTG,BULKHEAD FTG,BH TK FTG,BLKHD TK FITTING,BH TANK FITTING,TANK BULKHEAD,TK BLKHD FTG,BULK-HEAD FTG
747,UNION P TRAP,UNION P-TRAP,UNI P TRAP,UNI P-TRAP,U P TRAP,U P-TRAP,UNION PTRAP,UNI PTRAP,P-TRAP UNION,P TRAP UNION,U PTRAP
748,VENT PLUG,VNT PLG,VENT PLG,V PLUG,V PLG,VENTING PLUG,VENTPLG,VT PLG,V-PLG,V.PLG,VENT-PLG
749,SOCKET FLANGE,SKT FLG,SOCKET FLG,SO FLG,S.O. FLANGE,SO. FLANGE,S.O.F,SOF,SCKT FLANGE,SCKT FLG,S-O-F
750,VAN STONE SOCKET FLANGE,VS SOCKET FLANGE,VS SKT FLANGE,VS SKT FLG,VAN STONE SKT FLG,VANSTONE SOCKET FLG,VANSTONE SKT FLANGE,V.S. SOCKET FLANGE,V.S. SKT FLG,VAN-STONE SOCKET FLG,VS SOCKET FLG
751,VANSTONE,VAN STONE,VANSTON,VAN-STONE,VS FLANGE,VS FLG,VANSTONE FLANGE,VANSTONE FLG,VAN STONE FLANGE,VAN STONE FLG,VS
752,NAMUR,NAM,NMUR,NAMR,NMR,NAMUR VALVE,NAMUR VLV,NAM VLV,NAMUR SOLENOID,NAMUR SOL,NAM SOL
753,TEST CAP,TEST-CAP,TST CAP,TEST CP,TC,T-CAP,T CAP,TEST-C,TSTCAP,T.C.,TESTING CAP
754,SILICONE CAULK,SIL CAULK,SILCAULK,SIL CAULKING,SILICONE SEALANT,SIL SEALANT,SILCONE CAULK,SIL SEAL,SILICONE,SIL CK,SILCAULKING
755,3 BOLT D CLAMP,3-BOLT D CLAMP,3 BOLT D-CLAMP,3-BOLT D-CLAMP,D CLAMP 3 BOLT,D-CLAMP 3 BOLT,3B D CLAMP,3B D-CLAMP,3 BLT D CLAMP,3BLT D-CLAMP,THREE BOLT D CLAMP
756,AIR ELIMINATOR,AIR ELIM,A.E.,AIR ELMNTR,A/E,AIR ELMTR,AE,AIR-ELIM,AIR RELEASE,AIR VENT,AUTO AIR VENT
757,ALIGN CONNECTOR,ALIGN CONN,ALIGNMENT CONNECTOR,ALIGNMENT CONN,ALGN CONN,ALGN CONNECTOR,ALIGN CON,ALIGNMENT CON,ALGN CON,AL CONN,AL CONNECTOR
758,BAND CLAMP,BNDCLMP,BND CLMP,B CLAMP,BAND CLP,B CLP,BCLMP,B-CLAMP,BAND-CLAMP,B.CLAMP,BAND.CLAMP
759,BOSS LOCK COUPLING,BLC,BOSS LK CPLG,BOSS LOCK CPLG,BOSS LK COUPLING,B L COUPLING,B/L CPLG,BOSS-LOCK,B.L.C.,BOSS-LK,BOSSLOCK
760,BOSS LOCK DUST CAP,BOSS LK DUST CAP,BOSS-LOCK DUST CAP,BOSSLOK DUST CAP,BOSS LOCK DC,BOSS LK DC,BOSS-LOCK DC,BOSSLOK DC,BL DUST CAP,BOSS CAP,BLDC
761,BRACKET AND COUPLER,BRKT & CPLR,BRACKET & COUPLING,BRKT AND CPLNG,BRACKET/COUPLER,BRKT/CPLR,BRACKET W/COUPLER,BRKT W/CPLR,BRACKET & CPLR,BRCKT & CPLR,BRKT-CPLR
762,BRACKET COUPLER,BRKT CPLR,BRKT CPL,BRACKET CPL,BRKT COUPLER,BRCKT CPLR,BRCKT COUPLER,BKT CPLR,BKT COUPLER,BRKT-CPLR,BRACKET-COUPLER
763,BUG VENT,BV,BUG-VENT,BG VNT,BUG VT,B-VENT,BG VENT,BUGVENT,B VENT,B.V.,BG-VNT
764,CALIBRATION FASTENER,CAL FASTENER,CALIB FASTENER,CALIBR FASTENER,CAL FSTNR,CALIB FSTNR,CALIBRATION FSTNR,CAL-FASTENER,CALIB-FASTENER,CALIBR-FSTNR,CAL-FSTNR
765,CAMLOCK ADAPTER,CAM-LOCK ADAPTER,CAM LOCK ADPTR,CAMLOK ADAPTER,CAM-LOK ADAPTER,CAMLOCK ADPTR,CAM LOCK,CAM-LOCK,CAMLOK,CAM-LOK,CAMLOCK
766,CLAMP CAP,CAP CLP,CLP CAP,TRI CAP,TC CAP,TRICLAMP CAP,TRI-CLAMP CAP,TRI CLAMP CAP,SANITARY CAP,CLMP CAP,CLAMP END CAP
767,CLAMP FERRULE,CLMPFER,CLMP FER,CL FERRULE,CLAMP FER,C FERRULE,CLMP FERRULE,CL FER,CFERR,C FER,CLFERL
768,CLOSE NIPPLE,CLOSE NIP,CL NIP,CLN,CL NIPPLE,CLNIP,CL-NIP,CLOSE-NIP,C/NIP,C.N.,CN
769,CLOSET FLANGE,CLOS FLG,CLOS FLNG,CLOSET FLG,CLOSET FLNG,TOILET FLANGE,TOILET FLG,WC FLANGE,WC FLG,WATER CLOSET FLANGE,WATER CLOSET FLG
770,COMBINATION NIPPLE,COMBO NIPPLE,COMB NIP,COMB NIPP,COMBINATION NIP,COMBO NIP,COMB NPL,COMBO NPL,COMBINATION NPL,CMB NPL,COMB-NIP
771,COMPRESSION FITTING,COMP FTG,COMPRESSION FTG,COMP FITTING,COMP-FTG,COMP. FTG,COMPRESSION,COMP,COMP.FIT,COMP.FTG,COMPRESSION-FTG
772,COUPLER,CPLR,CPLNG,COUPLING,CPL,CPLG,COUP,CPLING,CPLN,CPLR-G,CPL-G
773,CROSS UNION,CROSS UN,X UNION,X UN,CRUN,CR UN,CROSS U,XU,CRU,XUNION,X-UNION
774,774. CUT OFF,774. CO,774.CUTOFF,774.C/O,774 CUT OFF,774 CO,774 C/O,774.C-O,774 C-O,774CUT-OFF,774C/O
775,DIELECTRIC CONNECTOR,DIEL CONN,DI-EL CONN,DIELECTRIC COUPLING,DIEL COUPLING,DI-EL COUPLING,DIEL UNION,DIELECTRIC UNION,DI-EL UNION,DIEL FTG,DIELECTRIC FTG
776,DOUBLE FERRULE,DBL FERRULE,DUAL FERRULE,DBL FER,DUAL FER,2X FERRULE,2-FERRULE,DOUBLE FER,TWO FERRULE,DBL-FER,DUAL-FER
777,DOUBLE PLUG FITTING,DBL PLUG FTG,DBL PLUG,DOUBLE PLUG FTG,2-PLUG FITTING,2XPLUG FITTING,DBL PLG FTG,DOUBLE PLG FTG,2XPLG FTG,2-PLG FTG,DBL-PLUG FTG
778,FEMALE CONNECTOR,FEM CONN,F CONN,FEMALE CONN,FEM CONNECTION,F CONNECTION,F-CONN,FEM-CONN,F/CONN,FEMALE FITTING,FEM FTG
779,HEADER,HDR,MANIFOLD,HEAD,HDDR,PIPE HEADER,DISTRIBUTION HEADER,SUPPLY HEADER,MAIN HEADER,RETURN HEADER,H.D.R
780,HEX HEAD NUT,HEX NUT,HH NUT,HEXNUT,HEX HD NUT,HEX HEAD N,HH N,H.H.N.,HEXAGONAL NUT,HEX N,HX NUT
781,HEX LONG NIPPLE,HEX LNG NIP,HEX LG NIP,HEXAGONAL LONG NIPPLE,HEX LONG NIP,HX LNG NIP,HEX L NIPPLE,HEXAGON LONG NIPPLE,HEX LONG NPL,HEX LNG NPL,HEXAGONAL LNG NIP
782,HEX REDUCER COUPLING,HEX RED CPLG,HEX RED COUPLING,HEX REDUCING CPLG,HEX REDUCING COUPLING,HEX RED CPLNG,HX RED CPLG,HEX RDC CPLG,HEX RDCR CPLG,HEX RDCR COUPLING,HX RDCR CPLG
783,HEX UNION NUT,HEX UN NUT,HEXAGONAL UNION NUT,HEX U NUT,HEX-UNION-NUT,HEX UNION N,HEXUN NUT,HEX-UN-NUT,HEXAGONAL UN NUT,HUN NUT,H.U.N.
784,HOSE CLAMP,HSE CLMP,H CLAMP,HOSE CLP,H/CLAMP,HSE CLP,HOSECLMP,H-CLAMP,HC CLAMP,HCLMP,H.CLAMP
785,LAP JOINT STUB END,LAP JT STUB END,LAP JOINT SE,LAP JT SE,LJSE,LJ STUB END,L.J.S.E.,STUB END LAP JOINT,STUB END LJ,LAP-JOINT STUB END,LAP JOINT STUBEND
786,LATCH LEVER,LTCH LVR,LATCH LVR,LTCH LEVER,L LEVER,L LVR,LEVER LATCH,LVR LATCH,LATCHING LEVER,LATCH-LEVER,LTCH-LVR
787,LINK SEAL,LINKSEAL,LINK-SEAL,LNK SEAL,LK SEAL,LINK-SL,L/SEAL,LSEAL,L-SEAL,L SEAL,LS
788,LIQUID GAUGE,LIQ GAUGE,LIQUID GG,LIQ GG,L GAUGE,LG,FLUID GAUGE,FLUID GG,FLD GAUGE,FLD GG,LVL GAUGE
789,LOCKING LEVER,LOCK LEVER,LCK LVR,LOCK LVR,LK LVR,LOCKING LVR,L/LEVER,L LEVER,LOCK-LEVER,L-LEVER,L.LEVER
790,LONG FERRULE,LG FERRULE,LONG FER,LG FER,LONG FRL,LG FRL,L FERRULE,L FER,LONG F,LNG FERRULE,LNG FER
791,MALE ADAPTER TYPE E,MALE ADPT TYPE E,M ADPTR TYPE E,MALE ADAPTER TY E,M ADAPTER TYPE E,MA TYPE E,MADPT TYPE E,M-ADPT-E,MALE ADPT E,M ADPT E,MALE E ADAPTER
792,MALE BRANCH TEE,MB TEE,M.B. TEE,MALE BR TEE,M/B TEE,M.B.T.,MBT,MALE B TEE,M BR TEE,M BRANCH T,MALE BR T
793,MALE PLUG,M PLUG,MPL,M PLG,ML PLUG,MALE PLG,M-PLUG,ML-PLG,M.PLUG,ML.PLG,M/PLG
794,MALE RUN TEE,M RUN TEE,MALE R TEE,M R TEE,MRT,M.R.T.,MALE R T,M RUN T,MALE RT,M RT,M-R-T
795,MUD DAUBER,MUD DBBER,MUD DABBER,MUD DAB,MUD DB,MD DAUBER,M DAUBER,MUDDAUBER,MUD-DAUBER,MUD.DAUBER,M.DAUBER
796,OCTAGONAL RING,OCT RING,OCTO RING,OCTAG RING,8-SIDED RING,OCTAGONAL SEAL RING,OCT SEAL RING,OCTAG SEAL RING,8-SIDED SEAL RING,OCT-RING,OCTO-RING
797,PATCH CLAMP,PATCH CLP,PTCH CLMP,PATCH,P CLAMP,P CLP,PCH CLMP,PTCH CLP,P.CLAMP,PCLMP,P.CLP
798,QUICK CONNECT BODY,QC BODY,QUICK-CONNECT BODY,Q/C BODY,QUICK CON BODY,Q-C BODY,QCB,QUICK CONN BODY,Q.C. BODY,QUICK-CON BODY,Q/CONNECT BODY
799,QUICK CONNECTOR,QUICK-CONN,QC,Q-CONN,QUICK CONNECT,Q/C,Q.C.,QUICK-CON,QCONN,Q CONN,QUICK CONNECTION
800,QUICK CONNECTOR PLUG,QC PLUG,QUICK CONN PLUG,Q/C PLUG,QUICK-CONN PLUG,Q.C. PLUG,QCP,QUICK COUPLING PLUG,QUICK-CONNECT PLUG,Q-C PLUG,QUICK DISC PLUG
801,QUICK COUPLING B,QC-B,Q/C-B,QUICK CPLG B,QCPLG-B,Q.C.B,QUICK COUPLER B,Q/CPLG-B,QUICK CPL B,Q-CPLG-B,QUICK-CPLG-B
802,REAR FERRULE,RR FERRULE,BACK FERRULE,REAR FER,RR FER,BACK FER,R FERRULE,R FER,RFERRULE,RFER,BFERRULE
803,REDUCER ADAPTER,RED ADPT,REDUCER ADPT,RED ADAPTER,REDUCING ADAPTER,RDCR ADPTR,RED-ADPT,REDUCER-ADAPTER,REDUCING-ADAPTER,RDCR ADAPTER,REDUCING ADPTR
804,804. REDUCER PORT CONNECTOR,804 REDUCER PORT CONN,804 RED PORT CONN,804. RED PORT CONN,804 REDUCER CONNECTOR,804. RED CONNECTOR,804 RED CONN,804. REDUCER PORT,804 PORT CONN,804. PORT CONN,804 CONN
805,REDUCER UNION,RED UNION,RED UN,RDR UNION,REDUCING UNION,RDCR UNION,RDCR UN,RED-UN,REDC UN,RDR UN,RDCR-UN
806,REDUCING CONNECTOR,RED CONN,RED CONNECTOR,REDUCING CONN,RED CON,REDCON,RDC CONN,RDCON,RC,REDUCING CONNECTION,REDUCER CONNECTOR
807,REPAIR CLAMP,REP CLMP,REPAIR CLMP,REP CLP,RCLMP,REPAIR CLP,RPR CLAMP,RPR CLMP,RPR CLP,R CLAMP,R CLMP
808,ROLLED ANGLE,ROLL ANGLE,RLD ANGLE,ROLLD ANGLE,R/A,RL ANGLE,ROLL ANG,RLD ANG,R ANGLE,R/ANGLE,RLLD ANGLE
809,ROUND BAR,RD BAR,ROUND,RND BAR,R/BAR,RD B,RND B,BAR ROUND,BAR RD,BAR RND,R BAR
810,ROUND HANDLE,RND HANDLE,RND HDL,ROUND HDL,RD HANDLE,RD HDL,ROUND HANDL,RND HANDL,RD HANDL,R HANDLE,R HDL
811,SAMPLING,SAMP,SAMPLE,SAMPL.,SAMP.,SMPL,SMPL.,SMPG,SMPG.,SAMP POINT,SAMPLE POINT
812,SHORT FEMALE FERRULE,SHORT FEM FERRULE,SH FEM FERRULE,SH F FERRULE,SHORT F FERRULE,SHRT FEM FERRULE,SHRT F FERRULE,SF FERRULE,SFF,SHORT FEM FER,SHORT F FER
813,SHORT FERRULE,SHRT FER,SHT FER,SHORT FER,SH FER,S/FER,SH FERRULE,SHRT FERRULE,S FERRULE,SHT FERRULE,S/FERRULE
814,SHORT WELD FERRULE,SHORT WLD FERRULE,SH WELD FERRULE,SH WLD FERRULE,SHORT FERRULE,SH FERRULE,SW FERRULE,S/W FERRULE,SHRT WLD FERRULE,SHRT FERRULE,SH-WLD FERRULE
815,SIDE OUTLET,S.O.,SO,S/O,SIDE OUT,SIDEOUT,SIDE-OUT,S-O,SD OUTLET,SIDE O,S OUTLET
816,SINGLE PLUG,SNGL PLUG,SGL PLUG,S PLUG,1 PLUG,SINGLE PLG,SNGL PLG,SGL PLG,S PLG,1 PLG,PLUG
817,SINK,SNK,BASIN,WASHBASIN,WASH BASIN,WASH-BASIN,WASH SNK,WASH-SNK,WASH SINK,WASH-SINK,WASHING SINK
818,SLIP ON ANGLE,SO ANGLE,S/O ANGLE,S.O. ANGLE,SLIP-ON ANGLE,SOP ANGLE,S-O ANGLE,SO ANG,S/O ANG,SLPON ANGLE,SLIP ON ANG
819,SLIP ON STUB END,SO STUB END,SLIP-ON STUB END,SL/ON STUB END,SLIP ON SE,SO SE,SOSE,S.O.S.E.,SLIP-ON SE,SLIP/ON SE,SO STUB
820,SPOOL COUPLER,SPOOL CPLG,SPL CPLR,SPOOL COUPLING,SPL COUPLING,SPOOL-CPLG,SP CPLR,SP-CPLG,SPOOL-COUPLING,SPL-CPLG,SP COUPLING
821,STRAINER CONNECTOR,STRNR CONN,STR CONN,STRAINER CONN,STRNR CONNECTION,STR CONNECTION,STRAIN CONNECTOR,STR CONNECTOR,STRN CONN,STRNR CNT,STR CNT
822,STREET CONNECTOR,ST CONN,STR CONN,STREET CONN,ST CONNECTOR,STR CONNECTOR,STRT CONN,STRT CONNECTOR,ST CNT,STREET CNT,STR CNT
823,TAG,IDENTIFIER,MARKING,LABEL,ID TAG,IDENT TAG,PIPE TAG,EQUIPMENT TAG,NAME TAG,LINE TAG,IDENTIFICATION TAG
824,TAPE,TAPE,TPE,ADHESIVE TAPE,INDUSTRIAL TAPE,SEALING TAPE,PIPE TAPE,PTFE TAPE,TEFLON TAPE,THREAD TAPE,THREAD SEAL TAPE
825,THREADED PIPE PLUG,THD PIPE PLUG,THRD PIPE PLUG,THD PP,THRD PP,PIPE PLUG THD,PIPE PLUG THRD,PP THD,PP THRD,THREAD PP,THREADED PP
826,THREADED PLUG,THD PLUG,THRD PLUG,TH PLUG,THREADED PLG,THD PLG,THRD PLG,THREAD PLG,SCREWED PLUG,SCR PLUG,SCRW PLUG
827,TUBE CLAMP,TB CLMP,TUBE CLMP,TB CLP,TUBECLAMP,TUB CLAMP,TUBING CLAMP,T CLAMP,T-CLAMP,T/CLAMP,TUBE CLP
828,TUBE CONNECTOR,TC,TUBE CONN,TUB CONN,TUBE CONNECTION,TUBING CONNECTOR,TUBE FITTING,TBE CONN,TB CONN,TUBE COUPLING,TUB CPL
829,TUBE NUT,TUBING NUT,TUBE NT,TUB NT,COMPRESSION NUT,COMP NUT,TUBE FITTING NUT,TBE NT,TB NT,COMPRESSION FITTING NUT,COMP FTG NUT
830,UNION ELBOW 90,UNION ELL 90,UN ELL 90,UN ELBOW 90,UNION 90 ELL,UN 90 ELL,UNION 90 ELBOW,UN 90 ELBOW,90 UNION ELBOW,90 UNION ELL,90 UN ELL
831,UNIVERSAL CONNECTOR,UNIV CONN,UNI CONN,UNIV CONNECTOR,UNIVERSAL CONN,U CONN,UNIV CNT,UNI CNT,UNIVERSAL CNT,U CNT,UC
832,WATER HEATER CONNECTOR,WHC,WTR HTR CONN,WATER HTR CONNECTOR,W/H CONNECTOR,WH CONN,WATER HEATER CONN,H2O HEATER CONNECTOR,H2O HTR CONN,W.H.C.,WATER HTR CNT
833,WELD,WLD,WELDED,WLDMT,WELDMENT,W,WD,WEL,WELD.,W.,WELD-
834,WELD NECK CLAMP,WN CLAMP,WN CLP,WELD NECK CLP,W.N. CLAMP,W/N CLAMP,WELDNECK CLAMP,WELDNECK CLP,W-N CLAMP,WN-CLAMP,W.N.C
835,WELD NECK HD CLAMP FLANGE,WN HD CLAMP FLANGE,WELD NECK HD CLMP FLG,WN HD CLMP FLG,WNHD CLAMP FLANGE,WNHD CLMP FLG,HD CLAMP WN FLANGE,HD CLMP WN FLG,HEAVY DUTY CLAMP WN FLANGE,HEAVY DUTY CLMP WN FLG,HD CLAMP WELD NECK FLG
836,WELD NIPPLE,WLD NPLE,WELD NIP,WLD NIP,WELD NPPLE,WLD NIPPLE,W NIPPLE,W NIP,W NPLE,WELD-NIP,WLD-NIP
837,WELD NIPPLE TOE,WLD NIP TOE,WELD NIP TOE,W NIP TOE,WN TOE,WELDING NIPPLE TOE,WELD NPL TOE,W NPL TOE,WLD NPL TOE,WLDG NIP TOE,WELD-NIPPLE-TOE
838,WELD PIPE,WELDED PIPE,WLD PIPE,WELD PIP,WLD PIP,W PIPE,W PIP,WELD LINE,WELDED LINE,WLD LINE,W LINE
839,HEAVY DUTY CLAMP,HD CLAMP,HEAVY DUTY CLMP,HD CLMP,HVY DTY CLAMP,H/D CLAMP,H.D. CLAMP,HEAVY-DUTY CLAMP,H-D CLAMP,HDC,HVY-DTY CLMP
840,ADVANCED GROOVE,ADV GROOVE,ADV GRV,ADVNCD GROOVE,ADV. GROOVE,A GROOVE,A GRV,A.GROOVE,A.GRV,ADVANCED GRV,AG
841,BREATHER VENT,BRTH VNT,BR VNT,BV,BVENT,BREATH VT,B VENT,BRTH-VNT,BR-VNT,BRTHVNT,B.V.
842,BULL HEAD PLUG,BULLHEAD PLUG,BULL-HEAD PLUG,BH PLUG,B.H. PLUG,B-H PLUG,B/H PLUG,BH PLG,BULL HD PLG,BULL HEAD PLG,BULLHEAD PLG
843,CLEVIS PIN,CLEV PIN,CLV PIN,CL PIN,CLVS PIN,CLEVIS,C PIN,CLEVS PIN,CLV P,CLEV P,CLP
844,COMPRESSION UNION,COMP UNION,COMP UN,COMPRESSION UN,COMP UNN,COMPRESS UNION,CMP UNION,CMP UN,COMPR UNION,COMPR UN,COMPRESS UN
845,TURNBUCKLE BODY,TB BODY,T/B BODY,TURNBUCKLE BDY,T-BUCKLE BODY,T/BUCKLE BODY,TURN-BUCKLE BODY,T.B. BODY,TRN BCKL BODY,TBKL BODY,TRNBKL BODY
846,WIRE ROPE CLIP,WR CLIP,WIRE RP CLIP,WIRE ROPE CLP,W/R CLIP,WRC,WIRE CABLE CLIP,CABLE CLIP,W.R. CLIP,WIRE-ROPE CLIP,W/ROPE CLIP
847,ENVELOPE,ENV,ENVLP,ENVELOP,ENVEL,ENVLPE,ENVP,ENV.,ENVL,ENVL.,E.N.V.
848,I-LINE,I LINE,ILINE,I-LN,ILN,I LN,I.LINE,I_LINE,I.LN,INLINE,IN LINE
849,T-HEAD NUT AND BOLT,T HEAD NUT & BOLT,THEAD NUT AND BOLT,T-HEAD N&B,T HD N&B,T HD NUT & BOLT,THEAD N&B,T-HEAD BOLT W/NUT,T HEAD BOLT WITH NUT,T-HEAD NB,THD N&B
850,WAX RING,WAXRING,WAX-RING,WAX RNG,WX RNG,WX RING,WAX-RNG,WX-RNG,W/RING,WR,W RING
851,HEX HEAD CAPSCREW,HEX HD CS,HHCS,HH CS,HEX HEAD CS,HEX HD CAPSCREW,H.H.C.S.,HEX CAP,HEX HD BOLT,HEX HEAD BOLT,HH BOLT
852,WATER PIPE,WTR PIPE,H2O PIPE,WATER LINE,WTR LINE,H2O LINE,WATER PIPING,WTR PIPING,H2O PIPING,W PIPE,W.P.
853,FABRICATED 2-PIECE,FAB 2-PC,FAB 2PC,FABRICATED TWO-PIECE,FAB TWO-PIECE,FAB TWO PC,FABR 2-PC,FABR 2PC,2-PC FAB,2PC FAB,TWO-PIECE FAB
854,22-0.5 DEGREE ELBOW 2-PIECE,22.5° ELBOW 2PC,22.5 DEG ELL 2-PC,22.5° ELL 2 PIECE,22-1/2° ELBOW 2PC,22-1/2 DEG ELL 2-PC,22.5D ELBOW 2-PIECE,ELBOW 22.5° 2PC,ELL 22.5° 2-PIECE,22-1/2° 2PC ELBOW,22.5 DEG 2PC ELL
855,WATER ANCHORED PIPE,WAP,W.A.P.,WATER-ANCHORED PIPE,WATER ANCHOR PIPE,WTR ANCHORED PIPE,WTR ANCHOR PIPE,WATER-ANCHOR PIPE,H2O ANCHORED PIPE,H2O ANCHOR PIPE,WATER ANCHRD PIPE
856,11-0.25 ELBOW,11-1/4 ELBOW,11-0.25 ELL,11-1/4 ELL,ELBOW 11-0.25,ELL 11-0.25,ELBOW 11-1/4,ELL 11-1/4,11-0.25° ELBOW,11-0.25° ELL,11.25° ELBOW
857,ELBOW 45,45 ELBOW,45° ELBOW,45 ELL,45° ELL,ELL 45,ELBOW 45°,45 DEG ELBOW,45 DEG ELL,ELL 45°,45-DEG ELBOW
858,LONG RADIUS 90 ELBOW,LR 90 ELBOW,LR 90 ELL,LR 90° ELBOW,LR 90° ELL,LONG RAD 90 ELBOW,LONG RAD 90 ELL,L.R. 90 ELBOW,L.R. 90 ELL,ELBOW LR 90,ELL LR 90
859,SHORT RADIUS 90 ELBOW,SR 90 ELBOW,SR 90 ELL,SR 90° ELBOW,SR 90° ELL,SHORT RAD 90 ELBOW,SHORT RAD 90 ELL,S.R. 90 ELBOW,S.R. 90 ELL,SHORT R 90 ELBOW,SHORT R 90 ELL
860,STRAIGHT TEE,STR TEE,STRAIT TEE,STR T,STRAIGHT T,TEE STRAIGHT,EQUAL TEE,T STRAIGHT,STRGHT TEE,TEE STR,EQ TEE
861,LONG RADIUS 45 ELBOW,LR 45 ELL,LR 45° ELBOW,LR 45 ELBOW,LR 45° ELL,LONG RAD 45 ELL,LONG RAD 45° ELBOW,LONG RADIUS 45° ELL,L.R. 45 ELBOW,L.R. 45° ELL,ELBOW LR 45
862,ELBOW 45 DEGREE,45 DEG ELL,45° ELBOW,45 ELBOW,45° ELL,ELBOW 45°,ELL 45°,45 DEG ELBOW,45 DEGREE ELL,ELBOW 45 DEG,ELL 45 DEG
863,90 DEGREE LONG RADIUS ELBOW,90 DEG LR ELBOW,90° LR ELL,90 LR ELBOW,LR 90 ELBOW,90 LR ELL,LONG RADIUS 90 ELL,90 LONG RAD ELBOW,LR 90° ELBOW,90 DEGREE LR ELL,ELBOW LR 90
864,RISING STEM GATE VALVE,RSGV,RS GATE VLV,RISING STEM GV,R/S GATE VALVE,RS GTX VLV,R.S.G.V.,RISING STEM GT VLV,RS GATE VALVE,RISING-STEM GATE VLV,R-S GATE VALVE
865,PIPE ERW,ERW PIPE,ELECTRIC RESISTANCE WELDED PIPE,E.R.W. PIPE,ERW LINE PIPE,ELECTRIC RESISTANCE WELD,ERW,E R W PIPE,WELDED PIPE ERW,E.R.W,RESISTANCE WELDED PIPE
866,COMPOSITE GRAPHITE,COMP GRAPH,COMP GRPH,COMP-GRAPH,COMP-GRPH,C-GRAPH,C GRAPH,COMPOSITE-GRAPHITE,CMPSIT GRPHT,CMP GRPHT,COMP GR
867,SEAMLESS CONCENTRIC,SMLS CONCENTRIC,SMLS CONC,SMLSS CONCENTRIC,SEAMLESS CONC,SMLSS CONC,CONC SMLS,CONCENTRIC SMLS,S/L CONCENTRIC,S/L CONC,CONC S/L
868,ELBOW 90 STREET,90 STREET ELBOW,90° STREET ELBOW,90 STR ELBOW,90° STR ELBOW,90 ST ELBOW,90° ST ELBOW,STREET ELL 90,STR ELL 90,ST ELL 90,90 ST ELL
869,STREET ELBOW 90,STREET ELL 90,STR ELL 90,STR ELBOW 90,90 STREET ELBOW,90 STREET ELL,90 STR ELL,90 STR ELBOW,90° STREET ELBOW,90° STREET ELL,90° STR ELL
870,ELBOW 90 DEGREE,90 DEG ELBOW,90° ELBOW,90 ELBOW,90 DEG ELL,90° ELL,ELBOW 90,ELL 90,90 ELL,90D ELBOW,90D ELL
871,THREADED RAISED FACE,THD RF,THRD RF,THD RAISED FACE,THRD RAISED FACE,THREADED RF,TH RF,THD R.F.,THRD R.F.,TH R.F.,THD R/F
872,BLIND RAISED FACE,BRF,RF BLIND,BLIND RF,RAISED FACE BLIND,RF BLD,BLIND RF FLANGE,RF BLIND FLANGE,RAISED FACE BLIND FLANGE,BLD RF,R.F. BLIND
873,RING INNER,INNER RING,I/RING,I RING,I/R,I.R.,IR,INNER R,INT RING,INTERNAL RING,INT R
874,LATERALWYE,LATERAL WYE,LAT WYE,LAT-WYE,LATRL WYE,LTRL WYE,LAT Y,LATERAL Y,LATRL Y,WYE LAT,Y LAT
875,PIPE SEAMLESS,SMLS PIPE,SEAMLESS PIPE,S/L PIPE,PIPE S/L,SMLS LINE PIPE,S.L. PIPE,PIPE SMLS,SEAMLESS LINE PIPE,SML PIPE,PIPE (SMLS)
876,876. SEAMLESS THREADED,876. SMLS THD,876. SMLS THRD,876. SMLSS THD,876. SEAMLESS THD,876. SMLSS THRD,876. SMLS THREADED,876. S/L THD,876. S/L THRD,876. SML THD,876. SML THRD
