,primary_term,permutation_1,permutation_2,permutation_3,permutation_4,permutation_5,permutation_6,permutation_7,permutation_8,permutation_9,permutation_10,permutation_11,permutation_12,permutation_13,permutation_14,permutation_15,permutation_16,permutation_17,permutation_18,permutation_19,permutation_20,permutation_21,permutation_22
0,90 DEGREE ELBOW,ELBOW 90 DEGREE LR,ELBOW 90,90,90°,LR 90,LR 90°,LONG RADIUS 90,LONG RADIUS 90°,90 ELL,90° ELL,90ELL,ELL 90,ELL 90°,ELL90,ELL90°,,,,,,,
1,90 DEGREE SR ELBOW,SR90,SR90°,SR 90,SR 90°,SHORT RADIUS 90   ,SHORT RADIUS 90°,90SR,90°SR,90 SR,90° SR,,,,,,,,,,,,
2,45 DEGREE ELBOW,45,45°,LR 45,LR 45°,LONG RADIUS 45,LONG RADIUS 45°,45 ELL,45° ELL,45ELL,ELL 45,ELL 45°,ELL45,ELL45°,,,,,,,,,
3,45 DEGREE SHORT RADIUS ELBOW,SR45,SR45°,SR 45,SR 45°,SHORT RADIUS 45   ,SHORT RADIUS 45°,45SR,45°SR,45 SR,45° SR,,,,,,,,,,,,
4,180 DEGREE ELBOW,180 DEG ELL,180° DEG ELL,180ELL,180° ELL,180 ELL,,,,,,,,,,,,,,,,,
5,TEE,T,,,,,,,,,,,,,,,,,,,,,
6,LONG RADIUS ELBOW 90,LR 90,90 LRE,,,,,,,,,,,,,,,,,,,,
7,REDUCING TEE,REDUCING T,RED TEE,RED T,,,,,,,,,,,,,,,,,,,
8,HALF COUPLING,HALF COUPLING,HALF CPLG,HALF CPL,1/2 COUPLING,1/2 CPLG,1/2 CPL ,HLF COUPLING,HLF CPLG,HLF CPL ,,,,,,,,,,,,,
9,BRANCH TEE,BRTEE,BR TEE,,,,,,,,,,,,,,,,,,,,
10,COUPLING,COUPLING,CPLG,CPL ,,,,,,,,,,,,,,,,,,,
11,COMPRESSION COUPLING,COMP CPLG,CCPL,C-CPLG,C/CPL,,,,,,,,,,,,,,,,,,
12,ECCENTRIC REDUCER,ECC RED,ECCRED,ECC R,ECC REDUC,ECCENTRIC RED,ECCENTRIC RDCR,ECC RDCR,,,,,,,,,,,,,,,
13,CONCENTRIC REDUCER,CONCENTRIC RED,CONCENTRIC RDCR,CONC REDUCER,CONC RED,CONC RDCR,CR,CNC REDUCER,CNC RED ,CNC RDCR,,,,,,,,,,,,,
14,REDUCER,REDUCING COUPLING,RDCR,RED CPL,RED CPLG,RED-CPL,R CPLG,REDCPL,R-C,RED-C,REDCOUP,RCPLG,RED CP,RED C,R COUP,,,,,,,,
15,CAP,CAP,,,,,,,,,,,,,,,,,,,,,
16,UNION,UNION,,,,,,,,,,,,,,,,,,,,,
17,CROSS,CRSS,X,CRS,,,,,,,,,,,,,,,,,,,
18,WELD NECK,WELDNECK,WLDNCK,WN,W/N,WELD NECK FLANGE,WELDNECK FLANGE,WLDNECK FLANGE,WLD NECK FLANGE,WN FLANGE,WN FLG,WELD NECK FLANGE,WELDNECK FLANGE,WLDNECK FLANGE,WLD NECK FLANGE,,,,,,,,
19,RAISED FACE WELD NECK FLANGE,RAISED FACE WELD NECK FLG,RAISED FACE WELD NECK,RAISED FACE WN FLANGE,RAISED FACE WN FLG,RAISED FACE WN ,RF WELD NECK FLANGE,RF WELD NECK FLG,RF WELD NECK,RF WN FLANGE,RF WN FLG,RF WN,,,,,,,,,,,
20,FLAT FACE WELD NECK FLANGE,FLAT FACE WELD NECK FLG,FLAT FACE WELD NECK,FLAT FACE WN FLANGE,FLAT FACE WN FLG,FLAT FACE WN ,FF WELD NECK FLANGE,FF WELD NECK FLG,FF WELD NECK,FF WN FLANGE,FF WN FLG,FF WN,,,,,,,,,,,
21,RING TYPE JOINT WELD NECK FLANGE,RING TYPE JOINT WELD NECK FLG,RING TYPE JOINT WELD NECK,RING TYPE JOINT WN FLANGE,RING TYPE JOINT WN FLG,RING TYPE JOINT WN ,RTJ WELD NECK FLANGE,RTJ WELD NECK FLG,RTJ WELD NECK,RTJ WN FLANGE,RTJ WN FLG,RTJ WN,,,,,,,,,,,
22,SLIP ON,SLIPON,SO,S/O,SLIP ON FLANGE,SLIPON FLANGE,SO FLANGE,S/O FLANGE,SLIP ON FLG,SLIPON FLG,SLIP ON FLANGE,SLIPON FLANGE,SO FLG,S/O FLG,,,,,,,,,
23,RAISED FACE SLIP ON FLANGE,RAISED FACE SLIP ON FLG,RAISED FACE SLIP ON,RAISED FACE SO FLANGE,RAISED FACE SO FLG,RAISED FACE SO ,RF SLIP ON FLANGE,RF SLIP ON FLG,RF SLIP ON,RF SO FLANGE,RF SO FLG,RF SO,,,,,,,,,,,
24,FLAT FACE SLIP ON FLANGE,FLAT FACE SLIP ON FLG,FLAT FACE SLIP ON,FLAT FACE SO FLANGE,FLAT FACE SO FLG,FLAT FACE SO ,FF SLIP ON FLANGE,FF SLIP ON FLG,FF SLIP ON,FF SO FLANGE,FF SO FLG,FF SO,,,,,,,,,,,
25,RING TYPE JOINT SLIP ON FLANGE,RING TYPE JOINT SLIP ON FLG,RING TYPE JOINT SLIP ON,RING TYPE JOINT SO FLANGE,RING TYPE JOINT SO FLG,RING TYPE JOINT SO ,RTJ SLIP ON FLANGE,RTJ SLIP ON FLG,RTJ SLIP ON,RTJ SO FLANGE,RTJ SO FLG,RTJ SO,,,,,,,,,,,
26,SOCKET WELD FLANGE,SOCKETWELD FLANGE,SOCKET WELD,SOCKET WLD,SKT WELD,SKT WLD,SW,S/W,SOCKET WELD FLG,SOCKET WLD FLG,SKT WELD FLG,SKT WLD FLG,SW FLG,S/W FLG,SOCKET WELD FLANGE,SOCKET WLD FLANGE,SKT WELD FLANGE,SKT WLD FLANGE,SW FLANGE,S/W FLANGE,,,
27,RAISED FACE SOCKET WELD FLANGE,RAISED FACE SOCKET WELD FLG,RAISED FACE SOCKET WELD,RAISED FACE SW FLANGE,RAISED FACE SW FLG,RAISED FACE SW ,RF SOCKET WELD FLANGE,RF SOCKET WELD FLG,RF SOCKET WELD,RF SW FLANGE,RF SW FLG,RF SW,,,,,,,,,,,
28,FLAT FACE SOCKET WELD FLANGE,FLAT FACE SOCKET WELD FLG,FLAT FACE SOCKET WELD,FLAT FACE SW FLANGE,FLAT FACE SW FLG,FLAT FACE SW ,FF SOCKET WELD FLANGE,FF SOCKET WELD FLG,FF SOCKET WELD,FF SW FLANGE,FF SW FLG,FF SW,,,,,,,,,,,
29,RING TYPE JOINT SOCKET WELD FLANGE,RING TYPE JOINT SOCKET WELD FLG,RING TYPE JOINT SOCKET WELD,RING TYPE JOINT SW FLANGE,RING TYPE JOINT SW FLG,RING TYPE JOINT SW ,RTJ SOCKET WELD FLANGE,RTJ SOCKET WELD FLG,RTJ SOCKET WELD,RTJ SW FLANGE,RTJ SW FLG,RTJ SW,,,,,,,,,,,
30,BLIND FLANGE,BLIND,BLND,BL,BLIND FLG,BLND FLG,BL FLG,BLIND FLANGE,BLND FLANGE,BL FLANGE,,,,,,,,,,,,,
31,RAISED FACE BLIND FLANGE,RAISED FACE BLIND FLG,RAISED FACE BLIND,RAISED FACE BL FLANGE,RAISED FACE BL FLG,RAISED FACE BL ,RF BLIND FLANGE,RF BLIND FLG,RF BLIND,RF BL FLANGE,RF BL FLG,RF BL,,,,,,,,,,,
32,FLAT FACE BLIND FLANGE,FLAT FACE BLIND FLG,FLAT FACE BLIND,FLAT FACE BL FLANGE,FLAT FACE BL FLG,FLAT FACE BL ,FF BLIND FLANGE,FF BLIND FLG,FF BLIND,FF BL FLANGE,FF BL FLG,FF BL,,,,,,,,,,,
33,RING TYPE JOINT BLIND FLANGE,RING TYPE JOINT BLIND FLG,RING TYPE JOINT BLIND,RING TYPE JOINT BL FLANGE,RING TYPE JOINT BL FLG,RING TYPE JOINT BL ,RTJ BLIND FLANGE,RTJ BLIND FLG,RTJ BLIND,RTJ BL FLANGE,RTJ BL FLG,RTJ BL,,,,,,,,,,,
34,THREADED FLANGE,THREADED FLANGE,THD FLANGE,,,,,,,,,,,,,,,,,,,,
35,RAISED FACE THREADED FLANGE,RAISED FACE THREADED FLG,RAISED FACE THREADED,RAISED FACE THD FLANGE,RAISED FACE THD FLG,RAISED FACE THD ,RF THREADED FLANGE,RF THREADED FLG,RF THREADED,RF THD FLANGE,RF THD FLG,RF THD,,,,,,,,,,,
36,FLAT FACE THREADED FLANGE,FLAT FACE THREADED FLG,FLAT FACE THREADED,FLAT FACE THD FLANGE,FLAT FACE THD FLG,FLAT FACE THD ,FF THREADED FLANGE,FF THREADED FLG,FF THREADED,FF THD FLANGE,FF THD FLG,FF THD,,,,,,,,,,,
37,RING TYPE JOINT THREADED FLANGE,RING TYPE JOINT THREADED FLG,RING TYPE JOINT THREADED,RING TYPE JOINT THD FLANGE,RING TYPE JOINT THD FLG,RING TYPE JOINT THD ,RTJ THREADED FLANGE,RTJ THREADED FLG,RTJ THREADED,RTJ THD FLANGE,RTJ THD FLG,RTJ THD,,,,,,,,,,,
38,LAP JOINT FLANGE,LJ,LAP JOINT,,,,,,,,,,,,,,,,,,,,
39,RING TYPE JOINT FLANGE,RTJ FLANGE,RTJ FLG,RTJF,,,,,,,,,,,,,,,,,,,
40,RAISED FACE FLANGE,RAISED FACE FLANGE,RAISED FACE FLG,RF FLANGE,RF FLG,RF FL,,,,,,,,,,,,,,,,,
41,SPIRAL WOUND GASKET,SWG,SPWD,SWGSK,SPIRALW,SPW GSK,SPWG,SPIRG,SPRGSK,SWDG,SPWND,,,,,,,,,,,,
42,RING GASKET,RNG GSK,RGK,RNGGSK,,,,,,,,,,,,,,,,,,,
43,FULL FACE GASKET,FFGSK,FF GSK,FULL GSKT,,,,,,,,,,,,,,,,,,,
44,FLANGE INSULATION GASKET,INSUL GSK,INSGSK,INS GSK,,,,,,,,,,,,,,,,,,,
45,HEX BOLT,HEXB,HXBLT,HEXBL,HX BLT,HXBT,HEXBT,HBOLT,HXBOL,HXBOLT,HEX BT,H.B.,H-B,HB.,HEX.B.,H.BT.,HB.B.,HX.,H-BT,HEX-B,HEX HEAD,,
46,UNION HEAD, UNION H,U H,,,,,,,,,,,,,,,,,,,,
47,STUD BOLT,STDB,STDBT,STUDB,STD BLT,STDBT,STUDBT,SBOLT,STBOL,STBOLT,STD BLT,STUD BLT,S BOLT,STUDBOLT,,,,,,,,,
48,EYE BOLT,EYE B,EYEB,EYBT,EYEBL,EY BLT,EYBT,EYEBT,EBOLT,EYBOL,EYBOLT,EYE BT,E/B,,,,,,,,,,
49,U BOLT,UBLT,UBOLT,UBT,U BLT,UBLT,UBLT,UBOL,UBLTS,UBOLT,U-BOLT,,,,,,,,,,,,
50,ANCHOR BOLT,ANCB,ANBT,ANCHB,ANC BLT,ANCBT,ANCHBT,ABOLT,ANBOL,ANBOLT,ANCORBOLT,,,,,,,,,,,,
51,SOCKOLET,SOL,S-O-L,S O L,SOCKET WELD OUTLET,SW OUTLET,S.O.,SOCK O LET,,,,,,,,,,,,,,,
52,WELDOLET,WOL,W-O-L,W O L,WELDED OUTLET,WLD OUTLET,WELD O LET,,,,,,,,,,,,,,,,
53,THREADOLET,TOL,T-O-L,T O L,THREADED OUTLET,THD OUTLET,THREAD O LET,,,,,,,,,,,,,,,,
54,ELBOLET,EOL,E-O-L,E O L,ELBOW OUTLET,,,,,,,,,,,,,,,,,,
55,BALL VALVE,BV,B VLV,BALV,BALL,BALL VLV,,,,,,,,,,,,,,,,,
56,GATE VALVE,GV,G VLV,GATE,GATE VLV,,,,,,,,,,,,,,,,,,
57,GLOBE VALVE,GLV,GL VLV,GLOBE VLV,,,,,,,,,,,,,,,,,,,
58,CHECK VALVE,CV,CH VLV,CHCK VALVE,CHECK,,,,,,,,,,,,,,,,,,
59,BUTTERFLY VALVE,BFV,BF VLV,BFLY VLV,BFLY,B.F.V.,BF-V,,,,,,,,,,,,,,,,
60,SANITARY BALL VALVE,SBV,S-BV,SANBV,SANBALL,BV-SAN,SAN-BALL,SAN BALL VLV,S.B.V.,SAN-BV,SANITARY BV,SAN B VLV,,,,,,,,,,,
61,HIGH PRESSURE BUTTERFLY VALVE,HPBFV,HP-BFV,HPBFLY,BFVHP,BFV-HP,HP-BTRFLY,HP BFLY VLV,H.P.B.V.,HP-BFLY,HP BUTTERFLY,HP B VLV,HP BTRFLY,HP/BFV,HPBV,,,,,,,,
62,CRYOGENIC GATE VALVE,CRYOGV,CRYO-GV,CRYOGATE,GV-CRYO,CRYOG,CRYO GATE VLV,C.G.V.,CRYO-G,CRYO GATE,CRY G VLV,CRY/GV,CGV,CRY GV,C/GV,CRYV,,,,,,,
63,EXTENDED BODY GATE VALVE,EBGV,EXT-GV,EXTGV,GV-EXT,EXTBODY,EXT BODY GV,E.B.G.V.,EXT-BODY,EXT GATE,EXT B VLV,EB/GV,,,,,,,,,,,
64,HOSE BIBB VALVE,HBV,HOSE BIB VLV,H.B.V.,H-B-V,,,,,,,,,,,,,,,,,,
65,NEEDLE VALVE,NDL,NV,NDLV,NEE-V,NDLVLV,NDL VLV,N.V.,N-V,NDL VL,NDL.,N/V,NDL/V,NE-V,,,,,,,,,
66,NON-RETURN VALVE,NRV,NR,NRVALVE,NON-RET,N.R.V.,N-R-V,NON-RET VLV,,,,,,,,,,,,,,,
67,11 1/4 DEG ELBOW,11 1/4 ELBOW,11 1/4 ELL,11 1/4° ELBOW,11 1/4° ELL,,,,,,,,,,,,,,,,,,
68,22 1/2 DEG 3R ELBOW,22 1/2 ELBOW 3R,22 1/2 3R ELL,22 1/2 ELL 3R,22 1/2° ELBOW 3R,22 1/2° 3R ELL,22 1/2° ELL 3R,,,,,,,,,,,,,,,,
69,22 1/2 DEG ELBOW,22 1/2 ELBOW,22 1/2 ELL,22 1/2° ELBOW,22 1/2° ELL,,,,,,,,,,,,,,,,,,
70,30 DEG 3R ELBOW,30 ELBOW 3R,30 3R ELL,30 ELL 3R,30° ELBOW 3R,30° 3R ELL,30° ELL 3R,,,,,,,,,,,,,,,,
71,30 DEG ELBOW,30 ELBOW,30 ELL,30° ELBOW,30° ELL,,,,,,,,,,,,,,,,,,
72,3R 45 DEG ELBOW,3R 45,3R 45 ELL,45 ELL 3R,45 DEG ELL 3R,ELL 3R 45,3R 45°,3R 45° ELL,45° ELL 3R,ELL 3R 45°,,,,,,,,,,,,,
73,3R 90 DEG ELBOW,3R 90,3R 90 ELL,3R 90 DEG ELL,,,,,,,,,,,,,,,,,,,
74,5R 45 DEG ELBOW,5R 45 ELL,5R 45° ELL,5R 45 ELBOW,5R 45° ELBOW,ELBOW 5R 45,ELL 5R 45,,,,,,,,,,,,,,,,
75,5R 90 DEG ELBOW,5R 90 ELL,5R 90° ELL,5R 90 ELBOW,5R 90° ELBOW,ELBOW 5R 90,ELL 5R 90,,,,,,,,,,,,,,,,
76,60 DEG 3R ELBOW,3R 60 ELL,3R 60° ELL,3R 60 ELBOW,3R 60° ELBOW,ELBOW 3R 60,ELL 3R 60,,,,,,,,,,,,,,,,
77,60 DEG ELBOW,60 ELL,60° ELL,60 ELBOW,60° ELBOW,ELBOW 60,ELL 60,,,,,,,,,,,,,,,,
78,ADAPTER,ADPT,,,,,,,,,,,,,,,,,,,,,
79,AFR BACKUP FLANGE,DIBU,DUCTILE IRON BACKUP FLANGE,AFR BU FL,AFR BACK UP,AFR B/U,AFR BU,AFR B U,AFR BCK UP,,,,,,,,,,,,,,
80,BACK FERRULE,BK FER,BACK FER,,,,,,,,,,,,,,,,,,,,
81,BOSS,,,,,,,,,,,,,,,,,,,,,,
82,BOSS WITH LIP,BOSS W LIP,BOSS W/L,,,,,,,,,,,,,,,,,,,,
83,BULKHEAD ADAPTER,BLKHD ADPT,BKHD ADP,,,,,,,,,,,,,,,,,,,,
84,BULKHEAD CONNECTOR,BLKHD CONN,BKHD CON,,,,,,,,,,,,,,,,,,,,
85,BULKHEAD UNION,BKHD UN,BLKHD UN,BLKD UN,BLK UN,,,,,,,,,,,,,,,,,,
86,BULKHEAD UNION ELBOW,BL PLG HH,BULL PLG HEX,BP HH,B PLUG HEX,B PLG HX,BPLG HX,BLP HH,,,,,,,,,,,,,,,
87,BULL PLUG,BL PLG,B PLUG,B-PLG,BL-PLG,BULL PLG,,,,,,,,,,,,,,,,,
88,BULL PLUG HEX HEAD,BPHH,B Plug HH,B Plug Hex,BULL PLG HH,,,,,,,,,,,,,,,,,,
89,BULL PLUG ROUND HEAD,RND HD BULL PLUG,BL PLG RH,BULL PLG RND,BP RH,B PLUG RND,BULLP RH,B PLG RD,BL-P RH,BPLG RD,,,,,,,,,,,,,
90,CONCENTRIC SWAGE,CONC SWAGE,CONC SWG,CON SWG,CONSWG,CNSWG,,,,,,,,,,,,,,,,,
91,CONNECTOR,CONN,,,,,,,,,,,,,,,,,,,,,
92,CUSHION CROSS,CUSH X,CUSH CROSS,CSH X,C CROSS,CUSHX,CSHX,CUSHCR,,,,,,,,,,,,,,,
93,CUSHION TEE,CUSH T,CSH T,CUSH TEE,C TEE,CUSH T,,,,,,,,,,,,,,,,,
94,ECCENTRIC SWAGE,ECC SWAGE,ECC SWG,ECC SW,ECCSWG,ECSWG,ECC-S,ECC-SWG,,,,,,,,,,,,,,,
95,ELBOW,ELL,ELBW,ELB,ELBW,LBW,,,,,,,,,,,,,,,,,
96,ELBOW POSITIONABLE,EL POS,ELB POS,ELBW POS,ELP,,,,,,,,,,,,,,,,,,
97,FERRULE SET,FER SET,FER-SET,FERSET,FERR SET,F SET,F-SET,,,,,,,,,,,,,,,,
98,FLUSH BUSHING,FL BSH,FLUSH BUS,FLSH BUSH,FL-BSH,F BUSH,FLUSHBSH,FLBSH,FL-B,FLSH BSH,FLUSHB,F/F BSH,FL BSG,,,,,,,,,,
99,FRONT FERRULE,FT FER,FRNT FER,FRT FERRULE,FR FER,F FERRULE,,,,,,,,,,,,,,,,,
100,HEX BUSHING,HX BSH,HEX BUS,HX BUSH,HEX-BSH,H BUSH,HEXBSH,HXBSH,HX-B,HX BSG,HEXB,H/H BSH,HEX BSG,HX/B,,,,,,,,,
101,LATROLET,LOL,L-O-L,L O L,LATERAL OUTLET,LAT,LATRO LET,LTLT,LAT LET,LATROLT,LATLT,L LET,,,,,,,,,,,
102,LUGNUT UNION,LN UN,LUG UN,LUG-UN,,,,,,,,,,,,,,,,,,,
103,NIPPLE,NIP,NPL,NIPL,NPPL,,,,,,,,,,,,,,,,,,
104,NUT,NUT,,,,,,,,,,,,,,,,,,,,,
105,PLUG,PLG,PL G,PG,,,,,,,,,,,,,,,,,,,
106,PLUG HEX HEAD,PLUG HEXAGONAL HEAD, HEX HEAD PLUG,HEX HD PLUG,PLG HH,PLUG HX,PLG HEX HD,PLG-HX,P HEX,PLUGHEX,PLGHH,PLG-H,PLUG HX HD,PLG-HH,HEX PLG,PLUGHH,HEXPLG,PLGHX,,,,,
107,PLUG ROUND HEAD,ROUND HEAD PLUG,RND HD PLUG,PLG RH,PLUG RND,PLG RND HD,PLG-RD,RNDPLG,RND PLG,,,,,,,,,,,,,,
108,PLUG SQUARE HEAD,SQUARE HEAD PLUG,SQ HEAD PLUG,SQ HD PLUG,PLG SQ,PLUG SQ,PLG SQ HD,PLG-SQ,P SQ,PLUGSQ,PLGSQHD,PSQ,,,,,,,,,,,
109,PORT CONNECTOR,PORT CON,PRT CONN,PRTCON,PORT CONN,,,,,,,,,,,,,,,,,,
110,PRESSURE TUBING,PRES TBG,PRESS TUB,PR TBG,P TUBE,PRTBG,P-TBG,,,,,,,,,,,,,,,,
111,QUICKLEG 90,QL 90,QUICK LEG,Q LEG 90,QLEG90,QL-90,Q-90,QLEG,QL90,Q90L,QKL90,Q-LEG,QL 90°,QUICK 90,Q-90,QL-9O,Q L 90,,,,,,
112,RAISED FACE GASKET,RF GSK,RF-GSK,RFGSK,RFGAS,RF-GAS,RFACE,RFG,RFGSKT,RF GASKET,R F GSK,R-F-G,R/F GSK,RF-G,RF SEAL,R F G,R-F SEAL,R/F/G,RFG,R/FG,RF/G,R.F.G,
113,REDUCING INSERT,RED INS,RED INSERT,RED-INS,R INSERT,,,,,,,,,,,,,,,,,,
114,REDUCING UNION,RED UN,RED UNION,REDUC UN,RED-UN,R UNION,REDUN,RED UN,,,,,,,,,,,,,,,
115,REDUCING UNION TEE,RED UN T,RED UN TEE,RED-UN-T,REDUNT,,,,,,,,,,,,,,,,,,
116,RAISED FACE WELD NECK ORIFICE SINGLE SET,RF WN ORIF 1 SET,RF WN OR 1,RF WN ORIF 1,,,,,,,,,,,,,,,,,,,
117,ROCKWOOD UNION TYPE 601,RW 601,ROCK 601,ROCKWD 601,ROCK 601,RW UN 601,ROCK UN 601,RW TYPE 601,,,,,,,,,,,,,,,
118,ROCKWOOD UNION TYPE 602,RW 602,RW-602,RKW602,RW-602,RKW602,RW UN 602,ROCK UN 602,RW TYPE 602,,,,,,,,,,,,,,
119,RING TYPE JOINT OCTAGONAL,RTJ OCT,RTJ OCTA,RTJ-OCT,R T J OCT,RTJOCT,R-T-J-O,RTJOC,R/T/J OCT,,,,,,,,,,,,,,
120,RING TYPE JOINT OVAL,RTJO,RINGO,RTJOV,RTJ O,RTJ OVAL RING,,,,,,,,,,,,,,,,,
121,RUN TEE,RUN T,RN TEE,R.T.,RUNTEE,RTEE,,,,,,,,,,,,,,,,,
122,Slip-On/Snap Engagement Backup Flange,SEBF,SE BACK UP,SE BAKUP FLG,,,,,,,,,,,,,,,,,,,
123,SPIRAL WOUND NO IR,SWNI,SW NO INNER,SPRL WND NO IR,SPIRAL WOUND NO INNER RING,,,,,,,,,,,,,,,,,,
124,SPIRAL WOUND IR,SPRIAL WOUND WITH INNER RING,SW WITH INNER,SPRL WND IR,SWIR,SWWIR,SWITHRING,SW WITH IR,,,,,,,,,,,,,,,
125,STREET 45,ST45,STR 45,STRT 45,STR45,S45,ST45EL,S.T.45,ST-45,45ST,45 STR,,,,,,,,,,,,
126,STREET 90,ST90,STR 90,STRT 90,STR90,S.T.90,,,,,,,,,,,,,,,,,
127,STUB END,MSS TYPE A STUB END,MSS TYPE B STUB END,MSS TYPE C STUB END,ASA TYPE A STUB END,ASA TYPE B STUB END,ASA TYPE C STUB END,MSS TYPE A SE,MSS TYPE B SE,MSS TYPE C SE,ASA TYPE A SE,ASA TYPE B SE,ASA TYPE C SE,MSS TP A SE,MSS TP B SE,MSS TP C SE,ASA TP A SE,ASA TP B SE,ASA TP C SE,STUB E,STUBEND,STB END,STUB
128,THERMOCOUPLE CONNECTOR,TC CONN,THERMO CONN,,,,,,,,,,,,,,,,,,,,
129,TUBE INSERT,TUBE INS,TUB INSERT,,,,,,,,,,,,,,,,,,,,
130,UNION CROSS,UNCR,UNICR,UCROS,UN X,UNI CROSS,U.C.,UN-CR,UNC.,U CROSS,,,,,,,,,,,,,
131,UNION ELBOW,U ELBOW,UNION ELL,U ELL,,,,,,,,,,,,,,,,,,,
132,UNION TEE,UNION T,UNION-T,UNTEE,UN-TEE,,,,,,,,,,,,,,,,,,
133,VENT PROTECTOR,VNT PROT,VENT-PROT,VENTPROT,VENT-P,VENTPROTECT,VENT PROT,VNT-P,,,,,,,,,,,,,,,
134,WELD SADDLE,W SDL,WELD-SAD,WELDSAD,WLD-SDL,WLDSADDLE,WELD SAD,WELD SADLE,,,,,,,,,,,,,,,
135,WYE,Y PIECE,,,,,,,,,,,,,,,,,,,,,
136,LATERAL,,,,,,,,,,,,,,,,,,,,,,
137,LOW PRESSURE TUBING,LOW PRES TUBE,LO PRESS TUBE,L/P-T,LOW-P TUBE,,,,,,,,,,,,,,,,,,
138,HIGH PRESSURE TUBING,HIGH PRES TUBE,HI PRESS TUBE,H/P-T,HIGH-P TUBE,,,,,,,,,,,,,,,,,,
139,MEDIUM PRESSURE TUBING,MED PRES TUBE,MED PRESS TUBE,M/P-T,MED-P TUBE,,,,,,,,,,,,,,,,,,
140,VICTAULIC JOINT,VIC JT,VIC CPLG,V-I-C,VIC.,VIC JNT,VICJ,VJNT,,,,,,,,,,,,,,,
141,PLUG VALVE,PV,P VLV,PLUGV,PLUG VLV,PLG VALVE,PG VLV,P VALVE,,,,,,,,,,,,,,,
142,DIAPHRAGM VALVE,DV,DIAPH VLV,DIAPHRM VALVE,D VLV,DIAPH V,,,,,,,,,,,,,,,,,
143,PINCH VALVE,PN VLV,PINCH VLV,,,,,,,,,,,,,,,,,,,,
144,RELIEF VALVE,RELIEF VLV,R VLV,,,,,,,,,,,,,,,,,,,,
145,SAFETY VALVE,SAFETY VLV,S VLV,,,,,,,,,,,,,,,,,,,,
146,ANGLE VALVE,ANGLE VLV,A VLV,,,,,,,,,,,,,,,,,,,,
147,CONTROL VALVE,CONTROL VLV,CNTRL VALVE,,,,,,,,,,,,,,,,,,,,
148,SOLENOID VALVE,SOL VLV,S VLV,SOLV,SLND VALVE,,,,,,,,,,,,,,,,,,
149,TRUNNION BALL VALVE,TBV,TB VLV,TRUNBV,TRUN BALL,TRUN BALL VLV,T.B.V.,TB-V,TBV.,TRUN B V,TB VV,T/B/V,TRUN BV,,,,,,,,,,
150,FLOATING BALL VALVE,FBV,FLT BALL VLV,FLOAT VALVE,F/B/V,FB VLV,F.B.V.,FLOATINGV,FLTBV,FB-V,FLT B V,FLT BALL,FBV.,,,,,,,,,,
151,KNIFE GATE VALVE,KGV,KNF GT VLV,KNIF VALVE,KG VLV,K.G.V.,KNIFEV,KNIFEV,KG-V,KNIFE G V,KNIFE GT,,,,,,,,,,,,
152,DOUBLE BLOCK BLEED,DBB,DB&B VLV,DBL BLK VALVE,DB VLV,DBBV,DBL BLK,D.B.B.,DBB-V,DBB.,DBLBLKV,DBL B V,DB VV,,,,,,,,,,
153,DUAL PLATE CHECK VALVE,DPCV,DL PLT VLV,DP VLV,D.P.C.V.,DL PLT V,DL PLT,,,,,,,,,,,,,,,,
154,HIGH PERFORMANCE BFV,HPBV,HP VLV,HI PERF VLV,H.P.B.V.,HPB-V,H/P/B/V,,,,,,,,,,,,,,,,
155,SWING CHECK VALVE,SCV,SC VLV,SWGCHKV,SWING CHK,SWING CHK VLV,S.C.V.,SC-V,SCV.,SWG CHK,SCVALVE,SWING-CHK,SWNGVLV,,,,,,,,,,
156,BALL CHECK VALVE,BCV,BALL CHK VLV,BC VLV,BALCHKV,BALL CHK,BL CHK,BCVALVE,BALL-CHK,BALVLV,,,,,,,,,,,,,
157,PISTON CHECK VALVE,PST CHK,PCVALVE,PISTON-CHK,PSTVLV,PSTN CHK VLV,P.C.V.,PC-V,PCV.,PCV,PC VLV,PSTCHKV,PISTON CHK,,,,,,,,,,
158,FITTING,fitting, Fitting,,,,,,,,,,,,,,,,,,,,
159,ERW PIPE,ERW,,,,,,,,,,,,,,,,,,,,,
160,SEAMLESS PIPE,SEAMLESS,,,,,,,,,,,,,,,,,,,,,
161,PIPE WELDED,WELDED,WELDED PIPE,WELDED_PIPE,,,,,,,,,,,,,,,,,,,
162,PIPE SMLS,P-SMLS,PSMLS,SMLS,SMLS PIPE,,,,,,,,,,,,,,,,,,
163,REDUCING BUSHING,RB,REDUCING B,,,,,,,,,,,,,,,,,,,,
164,UNION TAIL, UT, U TAIL, U-TAIL,,,,,,,,,,,,,,,,,,,
165,EXPANSION JOINT,EXP JNT,EXP JOINT,EXP-JNT,EJ,EXPAN JT,EXPANSION JT,EXP. JOINT,EXPAN JOINT,E.J.,EXP-JOINT,,,,,,,,,,,,
166,GAUGE,GA,GG,GAGE,PRESSURE GAUGE,PRESSURE GAGE,PRESS GAUGE,PRESS GA,PR GA,PR GG,P GAUGE,,,,,,,,,,,,
167,HANDLE,HNDL,HDL,HANDL,HND,H/D,HNDLE,HDLE,H.D.L.,H.D.,H-D,,,,,,,,,,,,
168,RELIEF,RLF,RLF VLV,RELIEF VALVE,RELIEF VLV,RV,REL VLV,REL VALVE,RLF-VLV,REL-VLV,RELF,,,,,,,,,,,,
169,GROOVED COUPLING,GRV CPLG,GRVD CPLG,GRV COUPLING,GROOVE CPLG,GRVED CPLG,GRVD COUPLING,GRV-CPLG,GROOVE COUPLING,GRV CPL,GRVD CPL,,,,,,,,,,,,
170,STEAM TRAP,STM TRP,ST TRP,STM TRAP,ST TRAP,STMTRP,STTRP,S TRAP,STRP,STP,S.T.,,,,,,,,,,,,
171,FABRICATED PIPE,FAB PIPE,FABR PIPE,FABRICATED PP,FAB PP,FABR PP,FABRICATED PIPING,FAB PIPING,FABR PIPING,PIPE FAB,PP FAB,,,,,,,,,,,,
172,LR 90 DEGREE ELBOW,LR 90 ELL,LR 90° ELL,LR 90 ELBOW,LR 90° ELBOW,ELBOW LR 90,ELL LR 90,LONG RADIUS 90 ELBOW,LONG RADIUS 90° ELBOW,LR 90,90 LR ELBOW,,,,,,,,,,,,
173,PIPE,PIP,PIPING,LINE PIPE,TUBE,TUBING,P/P,P.P,PP,LN PIPE,PIPES,,,,,,,,,,,,
174,WYE LATERAL,WYE LAT,WYE,Y LATERAL,Y LAT,LATERAL WYE,LAT WYE,Y BRANCH,WYE BRANCH,Y-LAT,WYE-LAT,,,,,,,,,,,,
175,22-0.5 DEGREE ELBOW,22.5 DEG ELBOW,22.5° ELBOW,22.5 DEG ELL,22.5° ELL,22-1/2 DEG ELBOW,22-1/2° ELBOW,22-1/2 DEG ELL,22-1/2° ELL,ELBOW 22.5 DEG,ELL 22.5 DEG,,,,,,,,,,,,
176,BUTTERFLY,BFLY,BFV,BTFLY,B-FLY,BTRFLY,BUTTERFLY VLV,BUTTERFLY VALVE,B.F.V.,BFLY VLV,BFLY VALVE,,,,,,,,,,,,
177,FLANGE ADAPTER,FLG ADPTR,FL ADPTR,FLANGE ADPT,FLG ADAPTER,FL ADAPTER,FLANGE-ADAPTER,FLG-ADPTR,FLNG ADPTR,FLNG-ADPTR,FLNG ADAPTER,,,,,,,,,,,,
178,SADDLE,SDDL,SDL,SADL,SDL FTG,SADDLE FITTING,PIPE SADDLE,SADL FTG,SADDLE FTG,PPE SDL,PPE SADDLE,,,,,,,,,,,,
179,SWAGE REDUCER,SWAGE RED,SWGRED,SWG RED,SWAGE,SWG REDUCER,SWGR,SWAGE RDR,SWG RDR,SWAGE CONCENTRIC REDUCER,SWAGE ECCENTRIC REDUCER,,,,,,,,,,,,
180,FABRICATED,FAB,FABR,FABRICATE,FAB'D,FABBED,FABRICATION,FABR'D,FABRICATED,FABRCTN,FAB.,,,,,,,,,,,,
181,LR 90 ELBOW,LR 90 ELL,LR 90° ELL,LR 90 ELBOW,LR 90° ELBOW,ELBOW LR 90,ELL LR 90,90 LR ELBOW,90 LR ELL,LONG RADIUS 90 ELBOW,LONG RADIUS 90 ELL,,,,,,,,,,,,
182,PRESSURE GAUGE,PRES GAUGE,PRESS GAUGE,P GAUGE,PG,PRESS GA,P.G.,PRES GA,PRESSURE GA,PR GAUGE,PRESSURE GAGE,,,,,,,,,,,,
183,SWING CHECK,SWING CHK,SWG CHK,SWNG CHK,SW CHK,SWING CHECK VLV,SWG CHECK VLV,SWING CHK VLV,SWG CHK VLV,SW CHECK VALVE,SWING CHECK VALVE,,,,,,,,,,,,
184,GLOBE,GLB,GL,GLOB,GLB VLV,GL VLV,GLOBE VLV,GLOBE VALVE,GLB VALVE,GL VALVE,G.L.V,,,,,,,,,,,,
185,WYE STRAINER,Y STRAINER,Y-STRAINER,WYE-STRAINER,Y STR,WYE STR,Y-STR,WYE-STR,W.Y.E. STRAINER,Y.S.,W.S.,,,,,,,,,,,,
186,90 ELBOW,90 ELL,90° ELL,90 DEG ELL,90° ELBOW,90 DEG ELBOW,ELBOW 90,ELL 90,90 LR ELBOW,90 SR ELBOW,90 DEGREE ELBOW,,,,,,,,,,,,
187,Y STRAINER,Y STR,Y-STR,Y-STRAINER,WYES,Y TYPE STRAINER,Y-TYPE STR,WHY STRAINER,Y STRAIN,YS,Y-S,,,,,,,,,,,,
188,REDUCING PIPE,RED PIPE,REDUCER PIPE,REDUC PIPE,RDC PIPE,RED PP,RDCR PIPE,REDUCING PIP,RED PPE,REDUCER PPE,RDC PPE,,,,,,,,,,,,
189,BACKUP RING,BU RING,B/U RING,BACK-UP RING,B.U. RING,BKUP RING,BUR,B-U RING,BACK UP RNG,B/U RNG,BKUP RNG,,,,,,,,,,,,
190,SPIRAL WOUND,SW,SP WND,SPRL WND,SWG,SP-WND,SPRL-WND,SPIRAL WOUND GASKET,SWG GASKET,SW GASKET,SPRL WOUND,,,,,,,,,,,,
191,SPIRAL,SPRL,SPR,SPRL WND,SPIRAL WOUND,SPIRAL-WOUND,SPRL-WND,SPR-WND,SP-WND,SWG,SW,,,,,,,,,,,,
192,RING,RNG,R,RINGO,RG,RINGS,RGING,RGS,RING JOINT,RJ,RNG JNT,,,,,,,,,,,,
193,ACTUATOR,ACT,ACTR,ACTUATR,ACTU,ACTUA,VALVE ACTUATOR,VLV ACT,V/ACT,ACT/V,ACTVR,,,,,,,,,,,,
194,ANGLE,ANG,ANGL,ANGV,ANGLE VALVE,ANG VLV,ANGVLV,ANGLVLV,ANG V,A.V.,ANGLEV,,,,,,,,,,,,
195,Y-STRAINER,Y STRAINER,Y-STR,YSTR,Y STR,Y-STRAIN,Y TYPE STRAINER,Y TYPE STR,Y.STR,Y/STR,WSTR,,,,,,,,,,,,
196,32. ATL TEE,ATLATERAL TEE,ASYMMETRICAL TEE,ATL T,A-TEE,ASYMMETRIC TEE,A-LATERAL,ASYMMETRICAL LATERAL TEE,A LAT TEE,ALAT T,A-LAT,,,,,,,,,,,,
197,BALL VALVE FULL PORT,BVFP,BV FP,FULL PORT BALL VALVE,FP BALL VALVE,BALL VLV FP,FP BALL VLV,FULL PORT BV,FP BV,F.P.B.V.,BALL VALVE F/P,,,,,,,,,,,,
198,BASKET,BSKT,BSK,BASK,BASKT,BASKET STRAINER,BSKT STRAINER,BSK STRAINER,BASK STRAINER,BASKT STRAINER,STRAINER BASKET,,,,,,,,,,,,
199,DUO CHECK,DUO CHK,DUO CK,DUAL CHECK,DUAL CHK,DUAL CK,DC VALVE,DC VLV,DUO CHECK VALVE,DUAL CHECK VALVE,DCV,,,,,,,,,,,,
200,FLOATING BALL,FLT BALL,FLOAT BALL,FLT BL,FLTG BALL,FLOATING BL,FB VALVE,F.B.,FLT B,FLOAT BL,F BALL,,,,,,,,,,,,
201,PTFE INSERT TEE,PTFE INS TEE,TFE INSERT TEE,TEFLON INSERT TEE,TEFLON INS TEE,PTFE LINED TEE,TFE LINED TEE,TEFLON LINED TEE,PTFE-LINED TEE,PTFE TEE,FLUOROPOLYMER TEE,,,,,,,,,,,,
202,RAISED FACE LONG WELD NECK FLANGE,RAISED FACE LONG WN FLANGE,RAISED FACE LWN FLANGE,RF LONG WELD NECK FLANGE,RF LWN FLANGE,RF LONG WN FLANGE,RAISED FACE LONG WELD NECK FLG,RF LONG WELD NECK FLG,RF LWN FLG,RFLWN FLANGE,RFLWN FLG,,,,,,,,,,,,
203,RAISED FACE SOCKETWELD FLANGE,RAISED FACE SW FLANGE,RAISED FACE SW FLG,RF SOCKETWELD FLANGE,RF SOCKETWELD FLG,RF SW FLANGE,RF SW FLG,RF-SW-FLG,RFSW FLANGE,RFSW FLG,RF-SW,,,,,,,,,,,,
204,RAISED FACE SOCKETWELD,RAISED FACE SW,RF SOCKETWELD,RF SW,RFSW,RF-SW,RF SOCKET WELD,RAISED FACE SOCKET WELD,RAISED FACE SKT WLD,RF SKT WLD,RFACE SW,,,,,,,,,,,,
205,REDUCING FLANGE,RED FLG,RED FLANGE,REDUC FLG,REDUC FLANGE,REDUCING FLG,RED. FLG,RED. FLANGE,REDUCER FLANGE,REDUCER FLG,RDC FLANGE,,,,,,,,,,,,
206,REDUCING INSERT TEE,RED INSERT TEE,REDUCER INSERT TEE,RED INS TEE,REDUCING TEE INSERT,RED TEE INSERT,RIT,REDIT,RED INS T,REDUCING INSERT T,REDUCER INS TEE,,,,,,,,,,,,
207,STANDARD,STD,STND,STAND,STNDR,STD.,STDRD,STNDRD,STANDARD WEIGHT,STD WT,STD WEIGHT,,,,,,,,,,,,
208,STRAIGHT,STRGHT,STR,STRT,STRGT,STRAGHT,STRAIT,STRT RUN,STR RUN,STRAIGHT RUN,STRG,,,,,,,,,,,,
209,STRAIGHT PIPE,STR PIPE,STRGHT PIPE,STRAIGHT PIP,STR PIP,PIPE STRAIGHT,PIPE STR,ST PIPE,STRGHT PIP,S PIPE,PIPE S,,,,,,,,,,,,
210,STRAINER,STRNR,STR,STRAIN,STRNR ASSY,STRAINER ASSEMBLY,FILTER,FILTR,FLTR,FTR,STRNR-ASSY,,,,,,,,,,,,
211,THREADED RAISED FACE FLANGE,THRD RF FLANGE,THD RF FLG,THREADED RF FLANGE,THD RAISED FACE FLG,THRD RAISED FACE FLANGE,RF THREADED FLANGE,RF THD FLG,RAISED FACE THD FLANGE,RAISED FACE THRD FLG,RF THRD FLG,,,,,,,,,,,,
212,TRUNNION BALL,TRUN BALL,TRUNN BALL,TRN BALL,TRUN BL,TB VLV,TRUN VLV,TRUNNION BV,TRUN B VLV,TRUNNION BALL VLV,TRUNNION BALL VALVE,,,,,,,,,,,,
213,POPPET CHECK,POPPET CHK,POP CHK,POPPET CHECK VALVE,POP CHECK VALVE,POPPET CHK VLV,POP CHK VLV,POPPET CV,POP CV,PCVA,P.C.V.,,,,,,,,,,,,
214,WAFER CHECK,WFR CHK,WAFER CHK,WFR CHECK VLV,WAFER CHECK VLV,WFR CHK VLV,WCV,W.C.V.,WAFER CK,WFR CK,WF CHK,,,,,,,,,,,,
215,WELD NECK RAISED FACE,WELD NECK RF,WN RF,WNRF,RAISED FACE WELD NECK,RF WELD NECK,RF WN,WELD NECK R.F.,WN R.F.,RAISED FACE WN,RF-WN,,,,,,,,,,,,
216,52 45 ELBOW,52 45 ELL,52 45° ELL,52 45 ELBOW,52 45° ELBOW,ELBOW 52 45,ELL 52 45,52 45DEG ELL,52 45DEG ELBOW,52-45 ELBOW,52-45 ELL,,,,,,,,,,,,
217,PUSH PULL TEE,PP TEE,P-P TEE,PUSH-PULL TEE,PUSH/PULL TEE,P/P TEE,PUSH & PULL TEE,PUSH&PULL TEE,PUSH-PULL T,PP T,P&P TEE,,,,,,,,,,,,
218,BALL CHECK,BALL CHK,BALL CK,B CHK,BCK,B CK,BALL CHECK VLV,BALL CHECK VALVE,BC VLV,BC VALVE,BCV,,,,,,,,,,,,
219,PUSH PULL,PSH PLL,PUSH-PULL,P-P,PUSH/PULL,P/P,P.P.,PUSHPULL,PSH-PLL,PSH/PLL,P PULL,,,,,,,,,,,,
220,FLOOR FLANGE,FL FLG,FLOOR FLG,FLR FLANGE,FLR FLG,FLG FLOOR,FLANGE FLOOR,FL. FLANGE,FL. FLG,FLOOR FLNG,FLR FLNG,,,,,,,,,,,,
221,GROUND JOINT UNION,GJ UNION,GROUND JT UNION,GRD JT UNION,GJ UNN,GRD JOINT UNN,GRND JT UNN,G.J. UNION,G.J.U.,GND JT UNION,GROUND JOINT UNN,,,,,,,,,,,,
222,REDUCER COUPLING,RED CPLG,RED COUPLING,REDUCING CPLG,REDUCING COUPLING,RED COUPLINGS,REDUCER CPLG,RED CPLNG,REDUCING CPLNG,RDCR CPLG,RDC CPLG,,,,,,,,,,,,
223,STREET 45 DEGREE ELBOW,STR 45 ELL,STR 45° ELL,STREET 45 ELL,STREET 45° ELL,STR 45 ELBOW,STR 45° ELBOW,STREET 45° ELBOW,45° STREET ELBOW,45 STR ELBOW,45° STR ELL,,,,,,,,,,,,
224,STREET 45 ELBOW,STR 45 ELL,STR 45° ELL,STR 45 ELBOW,STR 45° ELBOW,STREET 45 ELL,STREET 45° ELL,ELBOW STR 45,ELL STR 45,45 STR ELBOW,45° STR ELL,,,,,,,,,,,,
225,STREET 90 DEGREE ELBOW,STREET 90 DEG ELBOW,STREET 90° ELBOW,ST 90 DEG ELBOW,ST 90° ELBOW,STREET 90 ELL,STREET 90° ELL,ST 90 ELL,ST 90° ELL,STR 90 ELBOW,STR 90° ELL,,,,,,,,,,,,
226,STREET 90 ELBOW,STR 90 ELL,STR 90° ELL,STREET 90° ELBOW,STREET 90 ELL,STR 90 ELBOW,STREET ELBOW 90,90 STREET ELBOW,90° STREET ELL,90 STR ELBOW,90° STR ELL,,,,,,,,,,,,
227,FULL FACE,FF,F/F,F.F.,F-F,FULL-FACE,FULL FACED,F FACE,FULL/FACE,F/FACE,FULL.FACE,,,,,,,,,,,,
228,FLAT,FLT,FL,FLAT FACE,FF,F/F,F.F.,F-F,FLAT FC,FLAT FACED,F FACE,,,,,,,,,,,,
229,AIR VENT RELEASE,AIR VENT,AUTO AIR VENT,AIR RELEASE VALVE,AIR RELIEF VALVE,AIR VENT VALVE,AUTO AIR RELEASE,AIR RELEASE,AIR RELIEF,ARV,AV,,,,,,,,,,,,
230,AIR VENT VALVE,AV VALVE,AIR VNT VLV,AVV,A.V.V.,AIR VENT VLV,AIR RELEASE VALVE,AIR REL VLV,AIR RELIEF VALVE,AIR RLF VLV,VENT VALVE,,,,,,,,,,,,
231,CONTROL,CTRL,CNTRL,CONTRL,CNT,CTL,CNTL,CONT,CONTR,C-TRL,CTR,,,,,,,,,,,,
232,DRAIN TRAP,DRN TRAP,DRAIN TRP,DRN TRP,DRNTRAP,DRNTRP,D TRAP,D TRP,DTRP,D.TRAP,D.TRP,,,,,,,,,,,,
233,FLANGE NUT/BOLT SET,FLG NUT/BOLT SET,FLANGE BOLT SET,FLG BOLT SET,FLANGE FASTENER SET,FLG FASTENER SET,NUT AND BOLT SET,STUD BOLT SET,STUD AND NUT SET,FLANGE STUD SET,FLG STUD SET,,,,,,,,,,,,
234,NIPPLE ADAPTER,NIP ADPTR,NPADP,NIP ADP,NIPADP,NIPPLE ADPTR,NIP-ADP,NIPLE ADAPTER,NIPLE ADPTR,N-ADP,NADP,,,,,,,,,,,,
235,SIGHT FLOW INDICATOR,SFI,SIGHT GLASS,FLOW INDICATOR,SIGHT FLOW,FLOW SIGHT,S.F.I.,SIGHT FLW IND,FLOW SIGHT GLASS,SIGHT GLASS INDICATOR,FLOW SIGHT IND,,,,,,,,,,,,
236,SLEEVED PLUG,SLVD PLUG,SLV PLUG,SLEEVE PLUG,SLEEVED PLG,SL PLUG,SLVD PLG,SLV PLG,SLEEVE PLG,SL PLG,SLPLG,,,,,,,,,,,,
237,STUD AND NUT KIT,STUD & NUT KIT,STD & NUT KIT,STUD N NUT KIT,STUD/NUT KIT,S&N KIT,STUD NUT SET,STD/NUT SET,STUD/NUT ASSEMBLY,STUD AND NUT SET,STUD & NUT ASSEMBLY,,,,,,,,,,,,
238,STUD BOLT KIT,SB KIT,STD BLT KIT,STUD BLT KIT,SBK,STD BOLT SET,STUD SET,STUD/NUT SET,STUD AND NUT KIT,BOLT/NUT KIT,STUD/NUT KIT,,,,,,,,,,,,
239,STUD NUT SET,STD NUT SET,STUD & NUT SET,STUD AND NUT SET,STUD/NUT SET,STD/NUT SET,STUD N NUT SET,STUDNUT SET,STD & NUT SET,STUD-NUT SET,SNS,,,,,,,,,,,,
240,TANK FLANGE,TNK FLG,TANK FLG,TNK FLANGE,TK FLANGE,TK FLG,STORAGE TANK FLANGE,STORAGE TANK FLG,VESSEL FLANGE,VESSEL FLG,T-FLG,,,,,,,,,,,,
241,WEIR,WR,WIR,WER,WEIER,WYR,WEAR,WIER,W-R,W.R.,WYRE,,,,,,,,,,,,
242,RED RUBBER FLAT FACE,RED RBR FF,RED RUBBER FF,RR FF,RED RBR FLAT FACE,RRFF,RED RBR F/F,RED RUBBER F/F,RR F/F,RED RBR FLAT FCE,RED RUBBER FLAT FCE,,,,,,,,,,,,
243,BUSHING,BSH,BUSH,BSHG,REDUCER BUSH,REDUCING BUSH,RED BUSH,BUSHN,BSHING,BSHNG,BSG,,,,,,,,,,,,
244,CONE STRAINER,CONE STRNR,CONE STRN,CONE STR,CONE FILTER,CN STRAINER,CN STRNR,CN STRN,CONICAL STRAINER,CONICAL STRNR,CONICAL FILTER,,,,,,,,,,,,
245,HEX CSK PLUG,HEX COUNTERSUNK PLUG,HEXAGONAL COUNTERSUNK PLUG,HEX CS PLUG,HEX CSNK PLUG,HEXAGON CSK PLUG,HEX COUNTRSUNK PLUG,HEXAGONAL CSK PLUG,HEX COUNTER SUNK PLUG,HEXAGON COUNTER SUNK PLUG,HEX C/S PLUG,,,,,,,,,,,,
246,HEX HEAD BLIND FLANGE,HEX HD BLIND FLG,HEX HEAD BLIND FLG,HH BLIND FLANGE,HH BLIND FLG,HHBLIND FLANGE,HHBLIND FLG,HEX BLIND FLANGE,HEX BLIND FLG,HEX HD BL FLG,HH BL FLG,,,,,,,,,,,,
247,HEX PLUG,HEX PL,HEX PLG,HEXPLG,HX PLG,HXPLG,H PLG,HP,HEXAGONAL PLUG,HEX HEAD PLUG,HEX HD PLG,,,,,,,,,,,,
248,KNIFE GATE,KGV,KNFE GT,KNF GT,K.G.V.,KNIFE GT,KN GT,K GT,KNIFE-GATE,KNF-GT,K/G/V,,,,,,,,,,,,
249,MALE ADAPTER,MA,MALE ADPT,M ADAPTER,M ADPT,MALE ADP,M ADP,ML ADPT,MALE FITTING,M-ADPT,M.A.,,,,,,,,,,,,
250,RAISED FACE REDUCING FLANGE,RF REDUCING FLANGE,RF RED FLANGE,RF RED FLG,RAISED FACE RED FLANGE,RAISED FACE RED FLG,RF REDUCING FLG,RFRED FLG,RF RED,RAISED FACE REDUCER,RF REDUCER,,,,,,,,,,,,
251,RAISED FACE REDUCING THREADED FLANGE,RAISED FACE RED THD FLANGE,RAISED FACE RED THD FLG,RF REDUCING THREADED FLANGE,RF RED THREADED FLG,RF RED THD FLANGE,RF RED THD FLG,RF RTF,RFRTF,RF RED THRD FLG,RAISED FACE RED THRD FLG,,,,,,,,,,,,
252,REDUCING THREADED RAISED FACE FLANGE,RED THD RF FLANGE,RED THD RF FLG,REDUCING THD RF FLANGE,REDUCING THD RF FLG,RED THRD RF FLANGE,RED THRD RF FLG,REDUCING THREADED RF FLG,RED NPT RF FLANGE,RED NPT RF FLG,REDUCING NPT RF FLG,,,,,,,,,,,,
253,THREADED BUSHING,THD BUSHING,THRD BUSHING,THD BUSH,THRD BUSH,TH BUSH,THREADED BSH,THD BSH,THRD BSH,T BUSH,TB,,,,,,,,,,,,
254,90. BOLT SET,90° BOLT SET,90DEG BOLT SET,90 DEGREE BOLT SET,90 DEG BST,90° BST,90 BSET,90DEG BS,90° BS,90 BS,90 B/S,,,,,,,,,,,,
255,22-0.5 ELBOW,22-1/2 ELBOW,22.5 ELBOW,22-0.5 ELL,22-1/2 ELL,22.5 ELL,22-0.5° ELBOW,22-1/2° ELBOW,22.5° ELBOW,22-0.5° ELL,22-1/2° ELL,,,,,,,,,,,,
256,2-PIECE 22-0.5 DEGREE ELBOW,2PC 22-0.5 DEG ELL,2 PC 22-0.5° ELBOW,2-PC 22-0.5° ELL,2 PIECE 22-0.5° ELL,2-PIECE 22-0.5 DEG ELL,2PC 22-0.5° ELBOW,2 PC 22-0.5 DEG ELBOW,ELBOW 2PC 22-0.5°,ELL 2PC 22-0.5 DEG,2-PC 22-0.5 ELBOW,,,,,,,,,,,,
257,30 DEGREE ELBOW,30 DEG ELL,30° ELL,30 ELBOW,30° ELBOW,ELBOW 30,ELL 30,30 DEG BEND,30° BEND,30 DEG,30°,,,,,,,,,,,,
258,FABRICATED TEE,FAB TEE,FABRICATED T,FAB T,FABR TEE,FABR T,FABRICATED-TEE,FABRICATED T,FABRICATED-T,FAB-TEE,FAB-T,,,,,,,,,,,,
259,BACK UP FLANGE,BACKUP FLANGE,BACK-UP FLANGE,BUF,B/U FLANGE,B.U. FLANGE,BACK UP FLG,BACKUP FLG,B/U FLG,BU FLANGE,BU FLG,,,,,,,,,,,,
260,BACKUP FLANGE,BU FLANGE,BACKUP FLG,BU FLG,B/U FLANGE,B/U FLG,BACK-UP FLANGE,BACK-UP FLG,B.U. FLANGE,B.U. FLG,BKUP FLG,,,,,,,,,,,,
261,30 ELBOW 2-PIECE,30° ELBOW 2PC,30 DEG ELBOW 2-PC,30° ELL 2-PIECE,30 DEG ELL 2PC,2PC 30° ELBOW,2-PIECE 30 DEG ELL,2PC 30 DEG ELBOW,30° 2PC ELBOW,30 DEG 2-PC ELL,2-PC 30° ELL,,,,,,,,,,,,
262,MECHANICAL JOINT ADAPTER,MJ ADAPTER,MECH JT ADAPTER,MJ ADPTR,MECHANICAL JT ADPTR,MECH JOINT ADAPTER,MJ ADP,MECH JT ADP,MECHANICAL JOINT ADP,MJ-ADAPTER,MECH-JOINT-ADAPTER,,,,,,,,,,,,
263,WATER ANCHOR PIPE,WAP,WATER ANCHOR,W/A PIPE,WA PIPE,H2O ANCHOR PIPE,ANCHOR PIPE WATER,W.A.P.,H2O A/P,WATER A/P,W-A-P,,,,,,,,,,,,
264,2-PIECE ELBOW,2 PC ELBOW,2PC ELBOW,2-PC ELBOW,TWO PIECE ELBOW,TWO-PIECE ELBOW,2 PIECE ELL,2-PC ELL,2PC ELL,TWO PIECE ELL,TWO-PIECE ELL,,,,,,,,,,,,
265,BRANCH SADDLE,BRCH SDL,BR SDL,BRANCH SDL,BR SADDLE,BRCH SADDLE,BRNCH SDL,B SDL,SADDLE BRANCH,SDL BRANCH,B SADDLE,,,,,,,,,,,,
266,HAMMER LUG UNION,HAMMER UNION,HAMMER LUG,HMR LUG UNION,HMR UNION,HMR LUG,H/L UNION,H.L.U.,H L U,HLU,HL UNION,,,,,,,,,,,,
267,VALVE,VLV,V/V,VV,VALV,V,VAL,VLE,VL,VA,V.V.,,,,,,,,,,,,
268,VICTAULIC TRANSITION,VIC TRANS,VICTAULIC TRANS,VIC TRANSITION,VICT TRANS,VICT TRANSITION,VIC-TRANS,VICTAULIC-TRANS,VIC TRANSITION COUPLING,VICTAULIC TRANSITION COUPLING,VIC TRANS CPLG,,,,,,,,,,,,
269,THERMODYNAMIC TRAP,TD TRAP,THERMO TRAP,TDT,THERMODYNAMIC STEAM TRAP,TD STEAM TRAP,THERMO-DYNAMIC TRAP,T/D TRAP,DISC TRAP,THERMODYNAMIC DISC TRAP,T.D. TRAP,,,,,,,,,,,,
270,VOLUME BOOSTER,VOL BOOSTER,VOL BOOST,V BOOSTER,V-BOOST,VB,V.B.,VOLM BOOSTER,VOLM BOOST,V BOOST,VOL BST,,,,,,,,,,,,
271,TUBE,TUB,TB,TUBING,TBG,TUBULAR,T.B.,T.U.B.E.,TBING,TBE,TUBES,,,,,,,,,,,,
272,STUD AND NUT SET,STUD & NUT SET,STUD AND NUTS,STUD & NUTS,STUD/NUT SET,STUD/NUTS,STD & NUT,S&N SET,S/N SET,STUD/NUT ASSEMBLY,STUD-NUT SET,,,,,,,,,,,,
273,GLOBE PLUG,GLB PLG,GL PLG,GLOBE PLG,GL PLUG,G PLG,GLB PL,GB PLG,GLBE PLG,GLB PLUG,G PLUG,,,,,,,,,,,,
274,PISTON CHECK,PIST CHK,PST CHK,PSTN CHK,PISTON CHK VLV,PIST CHECK VLV,PISTON CHK VALVE,P.C.V.,PSTN CHECK,PST CHECK,PIST CK,,,,,,,,,,,,
275,DUAL PLATE CHECK,DPCV,DL PLT CK,DP CK,D.P.C.V.,DL PLT CHK,DUAL PLT CHECK,DUAL PLATE CK,DP CHECK,DPC VALVE,DUAL CHECK,,,,,,,,,,,,
276,RAISED FACE,RF,R/F,R.F.,R F,R-F,RFACE,RAISED FCE,RSD FACE,RSDFACE,R.FACE,,,,,,,,,,,,
277,SOCKETWELD,SW,SCKT WLD,SKT WLD,S/W,SOCKET WELD,SCKT WELD,S.W.,SKT-WLD,SCKT-WLD,S-W,,,,,,,,,,,,
278,FLAT RING,FR,FLT RNG,FLAT RNG,F/R,F.R.,F-R,FLAT-RING,FLAT/RING,F RING,FLT RING,,,,,,,,,,,,
279,ALARM CHECK,ALARM CHK,ALRM CHK,ALM CHK,ALARM CHECK VLV,ALARM CHECK VALVE,ALM CHECK VALVE,ALRM CHK VLV,A.C.V.,ACV,ALARM CK,,,,,,,,,,,,
280,ALARM VALVE,ALRM VLV,ALM VLV,ALARM VLV,A VLV,ALRM V,ALM V,AL VLV,A.V.,ALRM VALVE,AL V,,,,,,,,,,,,
281,MOUNTING GAUGE,MTG GAUGE,MOUNT GAUGE,MNT GAUGE,MTG GA,MOUNT GA,MNT GA,MOUNTING GG,MTG GG,MNT GG,M GAUGE,,,,,,,,,,,,
282,CROSS GASKET,CROSS GSK,X GSK,CROSS-GSK,X-GSK,CROSS SEAL,X SEAL,XGSK,X-G,CROSS-G,CROSS G,,,,,,,,,,,,
283,SPIRAL WOUND CROSS,SW CROSS,SWG CROSS,SPRL WND CROSS,SPIRAL WND CROSS,SP WND CROSS,SPW CROSS,SPC CROSS,SPWC,SWGC,SW-CROSS,,,,,,,,,,,,
284,NON-ASBESTOS,NON ASBESTOS,NON-ASB,NON ASB,N-A,ASBESTOS FREE,ASB FREE,ASB-FREE,NON ASBESTOS MATERIAL,,,,,,,,,,,,,,
285,IRON PIPE,IP,I PIPE,I-PIPE,IRON PIP,I.P.,FE PIPE,IRON PPE,I.PIPE,IRN PIPE,IRON P,,,,,,,,,,,,
286,MOUNT,MTN,MNT,MTG,MOUNTING,MNTG,MT,MOUNTER,MOUNTED,MOUNTINGS,MNTS,,,,,,,,,,,,
287,BALL VALVE REDUCED PORT,BALL VLV RED PORT,BALL VLV RP,BV RED PORT,BV RP,BVRP,RED PORT BALL VLV,RP BALL VLV,REDUCED PORT BV,RP BV,BALL VALVE RP,,,,,,,,,,,,
288,REDUCED PORT BALL,RED PORT BALL,RP BALL,REDUCED PORT BALL VALVE,RED PORT BALL VALVE,RP BALL VALVE,RPBV,RPB,RED PORT BV,REDUCED PORT BV,R.P.B.V.,,,,,,,,,,,,
289,STEAM AIR VENT,STM AIR VENT,STEAM VENT,STM VENT,AIR VENT,STEAM A/V,STM A/V,S.A.V.,SAV,STEAM AV,STM AV,,,,,,,,,,,,
290,CLOSURE,CLSR,PIPE CLOSURE,END CLOSURE,CLR,CLS,CLOSR,PIPE CLSR,END CLSR,CLSURE,PIPING CLOSURE,,,,,,,,,,,,
291,SIMPLE,SIMP,SMPL,SMP,SIM,SIMPL,BASIC,STD,STANDARD,PLAIN,REGULAR,,,,,,,,,,,,
292,CROSS GROOVE INSERT,CGI,CROSS GRV INSERT,CROSS GROOVE INSRT,CROSS-GROOVE INSERT,CG INSERT,CROSS GRV INSRT,C/G INSERT,C.G.I.,CROSS-GRV INSERT,CRS GRV INSERT,,,,,,,,,,,,
293,COVER,CVR,COVR,COV,CVER,PLATE COVER,CLOSURE,CAP COVER,BLIND COVER,ACCESS COVER,PROTECTIVE COVER,,,,,,,,,,,,
294,Y-BALL CHECK,Y BALL CHK,Y-BALL CHK,Y BALL CHECK VLV,Y-BALL CHECK VLV,Y-BALL CHK VLV,YBC,Y.B.C.,Y BALL CV,Y-B-C,Y/B/C,,,,,,,,,,,,
295,WELD NECK RTJ FLANGE,WN RTJ FLANGE,WELD NECK RTJ FLG,WN RTJ FLG,RTJ WELD NECK FLANGE,RTJ WELD NECK FLG,RTJ WN FLANGE,RTJ WN FLG,WNRTJ FLANGE,WNRTJ FLG,WN-RTJ FLANGE,,,,,,,,,,,,
296,FLEXITALLIC,FLEXITALIC,FLEXI,FLX,FLEX-GSK,FLEXITALLIC GSK,FLEX GASKET,FLEXITALLIC SEAL,FLEX SEAL,FLX GSK,FLEX-SEAL,,,,,,,,,,,,
297,FLURPLY,FLURPLY,FLP,FLPLY,FLPL,FL PLY,FL-PLY,F.P.,F/P,FL.PLY,FL/PLY,,,,,,,,,,,,
298,WELD NECK RF,WN RF,WELD NECK RAISED FACE,WN RAISED FACE,RF WELD NECK,RF WN,RAISED FACE WELD NECK,RAISED FACE WN,W/N RF,WELD-NECK RF,W.N. RF,,,,,,,,,,,,
299,OVAL RING,OVAL RNG,OV RING,OV RNG,OVAL R,OVL RING,OVL RNG,O RING,O RNG,O-RING,O/RING,,,,,,,,,,,,
300,Y GLOBE,Y GLB,Y-GLOBE,Y PATTERN GLOBE,Y-PATTERN GLOBE,Y TYPE GLOBE,Y-TYPE GLOBE,Y GLOBE VALVE,Y-GLOBE VALVE,YGLOBE,Y GLV,,,,,,,,,,,,
301,HAMMER UNION,HAMR UNION,HAMMER UN,HAMR UN,HMR UNION,HMR UN,HAMMER U,HAM UNION,HAM UN,H UNION,HU,,,,,,,,,,,,
302,THREADED TEE,THD TEE,THRD TEE,THREAD TEE,T-TEE,SCREWED TEE,SCR TEE,NPT TEE,THRD T,THD T,SCR T,,,,,,,,,,,,
303,BELL COUPLING,BELL CPLG,BL CPLG,BELL CPL,BL CPL,BELL-CPLG,B/CPLG,BELL COUPL,BL COUPL,B.CPLG,BELL-CPL,,,,,,,,,,,,
304,FLANGE RING,FLG RING,FL RING,FLNG RNG,FLG RNG,FL RNG,FLANGE RNG,F/RING,F RING,F.RING,F/RNG,,,,,,,,,,,,
305,RING FLANGE,RNG FLG,RING FLG,RNG FLANGE,R/FLG,R.FLG,R-FLG,RING-FLG,RING-FLANGE,R FLANGE,R/FLANGE,,,,,,,,,,,,
306,STUB FLANGE,STUB FLG,STB FLANGE,STB FLG,STUBBED FLANGE,STUBBED FLG,STUB-FLG,STB-FLG,STUB-FLANGE,STB-FLANGE,STUB,,,,,,,,,,,,
307,TAPER NIPPLE,TAPERED NIPPLE,TAP NIPPLE,TPR NIPPLE,REDUCING NIPPLE,RED NIPPLE,REDUCER NIPPLE,TP NIPPLE,TAP NIP,TPR NIP,RED NIP,,,,,,,,,,,,
308,ELBOWOLET,ELBOW-O-LET,ELBOWLET,ELBOW-LET,ELBOW O LET,ELB-O-LET,ELBL,ELBOW OLET,ELBOW-OLET,ELBOLET,ELB OLET,,,,,,,,,,,,
309,ELBOWELDOLET,ELBOW WELDOLET,ELB WELDOLET,ELBO WELDOLET,ELBOWLET,EBWLT,EBW,ELBOW W/O,ELBOW W.O.,ELB W/O,ELB W.O.,,,,,,,,,,,,
310,INSERT,INSRT,INSER,INS,INST,PIPE INSERT,FITTING INSERT,INRT,INSERTS,INSERTION,INSET,,,,,,,,,,,,
311,REDUCER INSERT,RED INSERT,REDUCER INSRT,RED INSRT,REDCR INSRT,RDR INSERT,REDC INSERT,REDUC INSRT,RDR INSRT,RED INS,REDUCER INS,,,,,,,,,,,,
312,SOCKET TEE,SCKT TEE,SKT TEE,SOCK TEE,S/W TEE,SW TEE,SOCKET T,SCKT T,SKT T,S.W. TEE,SOCKETWELD TEE,,,,,,,,,,,,
313,NEEDLE,NDLV,NDL VLV,NEEDLE VLV,NEEDLE VALVE,NDL VALVE,N VLV,N-VLV,NDLE,NDL V,N.V.,,,,,,,,,,,,
314,MANIFOLD,MANF,MNFLD,MAN,MFLD,MANIF,MNFD,MANIFD,MF,MNFL,M'FLD,,,,,,,,,,,,
315,FULL COUPLING,FULL CPLG,FLL CPLG,FULL COUP,FLL COUP,FULL CPL,FLL CPL,CPLG FULL,COUP FULL,CPL FULL,F/CPLG,,,,,,,,,,,,
316,REDUCED PORT BALL VALVE,RPBV,RED PORT BV,REDUCED PORT BV,RED PORT BALL VLV,RED PORT BALL VALVE,RP BALL VLV,RP BALL VALVE,REDUCED PORT B/V,RED PORT B/V,RP B/V,,,,,,,,,,,,
317,FILTER REGULATOR,FLTR REG,FIL REG,F/R,FR,FILTER/REG,FLTR/REG,FIL/REG,F-R,FILTER-REG,FLTR-REG,,,,,,,,,,,,
318,BASKET STRAINER,BST,BSKT STRNR,B/S,BASKET STRNR,BSKT STRAINER,B STRAINER,B.S.,BSKT STR,BASKET STR,B STRNR,,,,,,,,,,,,
319,COMPANION FLANGE,COMP FLG,COMP FLANGE,CP FLG,CP FLANGE,CMP FLG,CMP FLANGE,COMPANION FLG,C FLG,COMP F,CP F,,,,,,,,,,,,
320,GATE OS&Y,GATE OSY,OS&Y GATE,OSY GATE,OUTSIDE SCREW AND YOKE GATE,OS AND Y GATE,GATE OUTSIDE SCREW AND YOKE,OS+Y GATE,GT OSY,GT OS&Y,GATE OS+Y,,,,,,,,,,,,
321,GATE VALVE OS&Y,GATE VLV OS&Y,GTV OS&Y,GT VLV OS&Y,OS&Y GATE VALVE,OS&Y GATE VLV,OS&Y GTV,OSAY GATE VALVE,GATE VALVE OSAY,GATE VLV OSAY,OS+Y GATE VALVE,,,,,,,,,,,,
322,OS&Y GATE,OUTSIDE SCREW AND YOKE GATE,OS AND Y GATE,OSY GATE,OS+Y GATE,OS-Y GATE,OUTSIDE STEM AND YOKE GATE,O.S.&Y. GATE,O S Y GATE,O S AND Y GATE,OSY GT,,,,,,,,,,,,
323,OS&Y GATE VALVE,OSYV,OS&Y GV,OSY GATE VLV,OUTSIDE SCREW AND YOKE GATE VALVE,OS+Y GATE VALVE,OUTSIDE STEM AND YOKE GATE VALVE,OSY GTV,OS&Y GT VLV,OS AND Y GATE VALVE,OS-Y GATE VALVE,,,,,,,,,,,,
324,SILENT CHECK,SILENT CHK,SLNT CHK,SIL CHK,SILENT CHECK VALVE,SLNT CHECK VLV,SIL CHECK VLV,SILENT CHK VLV,NOISELESS CHECK,CENTER GUIDED CHECK,SPRING LOADED CHECK,,,,,,,,,,,,
325,STEAM TRAP INVERTED BUCKET,IB STEAM TRAP,INVERTED BUCKET ST,IB ST,INVT BUCKET TRAP,INV BUCKET ST,STEAM TRAP IB,ST IB,IBT,IB TRAP,INVTD BCKT ST,,,,,,,,,,,,
326,THREADED COMPANION FLANGE,THD COMPANION FLG,THRD COMPANION FLANGE,THD COMP FLG,THRD COMP FLANGE,SCREWED COMPANION FLG,SCR COMPANION FLANGE,THREADED COMP FLG,THD COMPANION,SCREWED COMP FLG,SCR COMP FLANGE,,,,,,,,,,,,
327,TWIN WAFER CHECK,TWN WFR CHK,TWIN WFR CHK,TWIN WAFER CHK,TWN WAFER CHK,TWIN WF CHK,TWN WF CHK,TWIN WAFER CHECK VLV,TWN WFR CHECK VLV,TWIN WAFER CV,TWN WFR CV,,,,,,,,,,,,
328,PISTON,PSTN,PST,PISTN,P/STN,P-STN,P.STN,PIST,PISTNS,P STONS,P/STONS,,,,,,,,,,,,
329,WRI GRAPHITE,WIRE REINFORCED GRAPHITE,WRI GRPH,WIRE REINF GRAPHITE,W.R.I. GRAPHITE,WIRE REIN GRAPHITE,WR GRAPHITE,W/R GRAPHITE,WIRE-REINFORCED GRAPHITE,WRI-GRAPHITE,W.R. GRAPHITE,,,,,,,,,,,,
330,ADAPTER FLANGE,ADPT FLG,ADAPT FLG,ADAPTER FLG,ADP FLG,ADPTR FLANGE,ADAPT FLANGE,ADP FLANGE,ADPT FLANGE,FLG ADAPTER,FLANGE ADAPTER,,,,,,,,,,,,
331,THREADED COMPRESSION FLANGE,THD COMP FLG,THRD COMP FLANGE,THD COMPRESSION FLG,THRD COMPRESSION FLANGE,COMPRESSION THD FLG,COMP THD FLANGE,COMPRESSION THRD FLG,TC FLANGE,TC FLG,THREADED COMP FLG,,,,,,,,,,,,
332,CHECK VALVE DUO,DUO CHECK VALVE,DCV,DUO CHK VLV,DUO VLV,DUAL CHECK VALVE,DUAL CHK VLV,DUAL VLV,D.C.V.,DUO-CHECK,DUAL-CHECK,,,,,,,,,,,,
333,FLANGE,FLG,FLN,FL,FLNG,FG,FLANGE,FLG.,F.L.G.,F.L.,F/L,,,,,,,,,,,,
334,FLAT FACE FLANGE,FF FLANGE,FF FLG,FLAT FACE FLG,FF,F.F. FLANGE,F.F. FLG,FLAT FACED FLANGE,FLAT FACED FLG,F/F FLANGE,F/F FLG,,,,,,,,,,,,
335,FLAT FACE SOCKETWELD FLANGE,FLAT FACE SW FLANGE,FLAT FACE SW FLG,FF SOCKETWELD FLANGE,FF SOCKETWELD FLG,FF SW FLANGE,FF SW FLG,FLAT FACE SOCKET WELD FLANGE,FF SOCKET WELD FLANGE,FLAT FACE S/W FLANGE,FF S/W FLANGE,,,,,,,,,,,,
336,FLAT FACE SOCKETWELD FLANGE,FLAT FACE SW FLANGE,FLAT FACE SW FLG,FF SOCKETWELD FLANGE,FF SOCKETWELD FLG,FF SW FLANGE,FF SW FLG,FLAT FACE SOCKET WELD FLANGE,FF SOCKET WELD FLANGE,FLAT FACE S/W FLANGE,FF S/W FLANGE,,,,,,,,,,,,
337,GLOBE OS&Y,GLB OS&Y,GLOBE OUTSIDE SCREW AND YOKE,OS&Y GLOBE,OS&Y GLB,GLOBE OSY,GLB OSY,OSY GLOBE,O.S.&Y. GLOBE,GLOBE O.S.&Y.,OUTSIDE SCREW AND YOKE GLOBE,,,,,,,,,,,,
338,INSERT TEE,INS TEE,INSRT TEE,INSERT T,INS T,INSRT T,INSTR TEE,INSERT-TEE,INS-TEE,INST TEE,INST T,,,,,,,,,,,,
339,INSULATED TEE,INS TEE,INSUL TEE,INSULATED T,INS T,INSUL T,INSULATED T-PIECE,INSUL T-PIECE,INS T-PIECE,THERMAL INSULATED TEE,THERMALLY INSULATED TEE,,,,,,,,,,,,
340,LAP JOINT SOCKET WELD FLANGE,LAP JT SW FLANGE,LAP JOINT SW FLG,LAP JT SW FLG,LAP JOINT SOCKET FLG,LAP JT SOCKET FLG,LJ SW FLANGE,LJ SW FLG,LJSW FLANGE,LJSW FLG,LJ SOCKET WELD FLG,,,,,,,,,,,,
341,LAP JOINT SOCKETWELD FLANGE,LAP JOINT SW FLANGE,LAP JOINT SW FLG,LJ SOCKETWELD FLANGE,LJ SW FLANGE,LJ SW FLG,LAP JNT SW FLANGE,LAP JNT SW FLG,L/J SW FLANGE,L/J SW FLG,LJSW FLG,,,,,,,,,,,,
342,LJ FLANGE,LAP JOINT FLANGE,LAP JOINT FLG,LJ FLG,LAP JNT FLANGE,LAP JNT FLG,L/J FLANGE,L/J FLG,L.J. FLANGE,L.J. FLG,LAPJNT FLG,,,,,,,,,,,,
343,REDUCER INSERT TEE,RED INSERT TEE,REDUCER INS TEE,RED INS TEE,REDUCER INSERT T,RED INSERT T,REDUCER INS T,RED INS T,RIT,R.I.T.,R I T,,,,,,,,,,,,
344,SOCKET WELD RAISED FACE FLANGE,SW RF FLANGE,SW RF FLG,SOCKET WELD RF FLANGE,SOCKET WELD RF FLG,SW RAISED FACE FLANGE,SW RAISED FACE FLG,SOCKET RF FLANGE,SOCKET RF FLG,SW RFF,SWRF FLG,,,,,,,,,,,,
345,SOCKETWELD RAISED FACE FLANGE,SW RF FLANGE,SW RF FLG,SOCKET WELD RF FLANGE,SOCKET WELD RF FLG,SW RAISED FACE FLANGE,SW RAISED FACE FLG,SOCKETWELD RF FLANGE,SOCKETWELD RF FLG,SOCKET RF FLANGE,SOCKET RF FLG,,,,,,,,,,,,
346,TEE INSERT,TEE INRT,T-INSERT,TINRT,TEE INSRT,T INSRT,TEE-INSERT,T-INSRT,T INSERT,TINSRT,TINSERT,,,,,,,,,,,,
347,THREADED,THD,THRD,THR'D,TH'D,T'D,THREAD,THRDED,THDD,NPT,FNPT,,,,,,,,,,,,
348,AIR RELEASE,AR,AIR REL,A/R,A.R.,AIR RELEASE VLV,AIR RELEASE VALVE,A.R.V.,ARV,AIR REL VLV,AIR REL VALVE,,,,,,,,,,,,
349,SLIP-ON FLANGE,SLIP ON FLANGE,SO FLANGE,SO FLG,SLIP ON FLG,SLIP-ON FLG,S.O. FLANGE,S.O. FLG,SO-FLG,S/O FLANGE,S/O FLG,,,,,,,,,,,,
350,INSTRUMENTATION TEE,INST TEE,INSTR TEE,INSTRUMENT TEE,INST T,INSTR T,INSTRUMENTATION T,I-TEE,I TEE,INST-TEE,INSTR-TEE,,,,,,,,,,,,
351,INSULATING KIT,INSUL KIT,INS KIT,ISOLATION KIT,ISOL KIT,INSULATING SET,FLANGE ISOLATION KIT,FLG ISOL KIT,DIELECTRIC KIT,INSUL SET,ISO KIT,,,,,,,,,,,,
352,INSULATION KIT,INSUL KIT,INS KIT,ISOL KIT,ISOLATION KIT,INSL KIT,INSULATION SET,INSUL SET,ISOLATING KIT,FLANGE INSULATION KIT,FLG INSUL KIT,,,,,,,,,,,,
353,FLR FLANGE,FLARE FLANGE,FLR FLG,FLARE FLG,FLR FL,FLARE FL,FL FLG,FLARED FLANGE,FLARED FLG,FLD FLANGE,FLD FLG,,,,,,,,,,,,
354,GROOVED JOINT,GRV JNT,GROOVE JNT,GRV JOINT,GRVD JNT,GROOVE JOINT,GROOVED JT,GRV JT,GRVD JOINT,G.J.,GJ,,,,,,,,,,,,
355,GROUND-JOINT UNION,GJ UNION,GROUND JOINT UNION,GRD JNT UNION,GND JNT UNION,G.J. UNION,GROUND-JT UNION,GRD-JNT UNION,GROUND JOINT UNN,G-J UNION,GJ UNN,,,,,,,,,,,,
356,PIPE UNION,UNION,PIPE UN,UN,SCREWED UNION,THREADED UNION,SCR UNION,THD UNION,PIPE UN FTG,PIPE UN FITTING,UNI,,,,,,,,,,,,
357,STREET TEE,ST TEE,STR TEE,STREET T,STR T,ST T,S-TEE,S TEE,STREETTEE,ST. TEE,STR. TEE,,,,,,,,,,,,
358,FLAT FACE,FF,F/F,F.F.,F-F,FLAT FACED,F FACE,FLAT FCE,F FCE,FLT FACE,FLAT F,,,,,,,,,,,,
359,DIELECTRIC FLANGE,DIEL FLANGE,DIEL FLG,DI-EL FLANGE,DI-EL FLG,DIELECTRIC FLG,DE FLANGE,DE FLG,DIELEC FLANGE,DIELEC FLG,D/E FLANGE,,,,,,,,,,,,
360,NUT/BOLT SET,NUT AND BOLT SET,BOLT AND NUT SET,N/B SET,B/N SET,STUD BOLT W/NUTS,BOLT/NUT ASSY,STUD BOLT/NUT ASSY,NUTS AND BOLTS,BOLT & NUT SET,NUT & BOLT SET,,,,,,,,,,,,
361,SLEEVED PLUG VALVE,SLV PLG VLV,SLVD PLG VLV,SL PLG VLV,SLEEVE PLG VLV,SLEEVED PV,SLV PV,SLVD PV,SPV,SL PV,SLVD PLUG,,,,,,,,,,,,
362,EXPANSION,EXP,EXPN,EXPAN,EXPNSN,EXP JNT,EXPANSION JOINT,EXP JOINT,EXPN JT,EXP-JT,EXPN-JNT,,,,,,,,,,,,
363,FLANGE SPACER,FLG SPACER,FLNG SPACER,FL SPACER,FLANGE SPCR,FLG SPCR,FLNG SPCR,FL SPCR,F/SPACER,F/SPCR,SPACER FLG,,,,,,,,,,,,
364,FLAT FACE SPACER,FF SPACER,FLAT FACE SPCR,FF SPCR,F.F. SPACER,FLAT-FACE SPACER,F/F SPACER,FLAT FACED SPACER,F-F SPACER,FLAT FACE SPACR,F.F.SPCR,,,,,,,,,,,,
365,FLAT RING SPACER,FLT RNG SPACER,FLAT RNG SPACER,FLT RING SPCR,FLAT RING SPCR,F/R SPACER,F R SPACER,FR SPACER,F.R. SPACER,FLAT SPACER RING,FLT SPCR RING,,,,,,,,,,,,
366,ISO KIT,ISOLATION KIT,INSULATING KIT,ISOL KIT,INSUL KIT,ISOLATING KIT,ISO SET,ISOLATION SET,INSULATING SET,DIELECTRIC KIT,DIELECTRIC SET,,,,,,,,,,,,
367,SPACER,SPCR,SPC,SPAC,SP,SPR,SPACNG,SPACING,SPACE,SPACR,S P R,,,,,,,,,,,,
368,RED RUBBER,RR,RED RUB,R/R,RED-RUB,R-R,RED RUBBER GSK,RED RUBBER GASKET,RR GSK,RR GASKET,R.R.,,,,,,,,,,,,
369,BOLT KIT,BK,B/K,B.K.,BOLT SET,BOLT PACK,BOLT ASSEMBLY,FASTENER KIT,BOLT & NUT KIT,B&N KIT,STUD BOLT KIT,,,,,,,,,,,,
370,BUTTERFLY HIGH PERFORMANCE,HP BUTTERFLY VALVE,HIGH PERFORMANCE BUTTERFLY,HP BFV,HPBFV,HP BFLY,HIGH PERF BFV,HIGH PERF BUTTERFLY,HI PERF BUTTERFLY,HP BUTTERFLY,HIGH PERFORMANCE BFV,,,,,,,,,,,,
371,BUTTERFLY VALVE HIGH PERFORMANCE,HPBFV,HP BFV,HIGH PERF BFV,HP BUTTERFLY VLV,HIGH PERFORMANCE BFV,HI PERF BUTTERFLY,HIGH PERF BUTTERFLY,HP BUTTERFLY VALVE,BUTTERFLY HP,BFV HP,,,,,,,,,,,,
372,COUNTERSUNK PLUG,CS PLUG,CTRSNK PLUG,C/S PLUG,CTR SNK PLUG,COUNTER SUNK PLUG,CSK PLUG,CNTRSNK PLUG,C.S. PLUG,CSNK PLUG,CSUNK PLUG,,,,,,,,,,,,
373,CUT GROOVE,CUT GRV,CT GRV,CUT GROOV,C GROOVE,C GRV,CUT-GROOVE,C-GROOVE,CT-GRV,C/GRV,C.GRV,,,,,,,,,,,,
374,FLANGE BOLT SET,FLG BLT SET,FLG BOLT SET,FLANGE BLT SET,B7 STUD SET,STUD BOLT SET,BOLT & NUT SET,STUD & NUT SET,FASTENER SET,FLANGE FASTENER SET,STUD BOLT & NUT SET,,,,,,,,,,,,
375,FLANGE STUD AND NUT SET,STUD BOLT AND NUT SET,STD BOLT AND NUT SET,FLANGE STUD BOLT SET,STUD AND NUT SET,FLANGE STUD SET,STD & NUT SET,STUD & NUT SET,FLG STD & NUT SET,FLG STUD AND NUT,STUD BOLT SET,,,,,,,,,,,,
376,FLAT FACE SIDE OUTLET FLANGE,FF SIDE OUTLET FLANGE,FF SIDE OUTLET FLG,FLAT FACE SIDE OUTLET FLG,FF SO FLANGE,FF SO FLG,FLAT FACE SO FLANGE,FLAT FACE SO FLG,SIDE OUTLET FF FLANGE,SIDE OUTLET FF FLG,SO FF FLANGE,,,,,,,,,,,,
377,FLAT FACE SLIP-ON FLANGE,FF SLIP-ON FLANGE,FF SO FLANGE,FF SO FLG,FLAT FACE SO FLANGE,FLAT FACE SO FLG,FF SLIP ON,FLAT FACE SLIP ON,FF S/O FLANGE,FLAT FACE S/O FLANGE,FF SLIPON FLG,,,,,,,,,,,,
378,GRAPHITE,GRPH,GR,GRFT,GRAPH,GFT,GRAF,GRPHTE,GRAPHT,GRAFIT,GRAFITE,,,,,,,,,,,,
379,GRAPHITE WRI,GRAPHITE WOUND RING INSERT,GRPH WRI,GR WRI,GRPH WOUND RING INSERT,GRAPH WRI,GRAPHITE RING INSERT,GR WOUND RING INSERT,GRPH RING INSERT,GRAPH RING INSERT,GRAPHITE WOUND INSERT,,,,,,,,,,,,
380,ISOLATION,ISO,ISOLATOR,ISOL,ISOL VLV,ISO VLV,ISOLATION VALVE,ISO VALVE,ISOL VALVE,ISOLATING,ISOLATE,,,,,,,,,,,,
381,KAMMPRO,KAM PRO,KAMP PRO,KAMM PRO,KAM-PRO,KAMP-PRO,KAMM-PRO,K PRO,K-PRO,KPRO,K.PRO,,,,,,,,,,,,
382,KNIFE VALVE,KNF VLV,KNFE VLV,KV,K VLV,KNIFE V,KNF V,K.V.,KNFE V,K-VLV,KNIFE,,,,,,,,,,,,
383,RAISED FACE SWEAT FLANGE,RAISED FACE SWEAT FLG,RF SWEAT FLANGE,RF SWEAT FLG,RF SW FLANGE,RF SW FLG,RAISED FACE SW FLANGE,RAISED FACE SW FLG,RF SWT FLANGE,RF SWT FLG,RAISED FACE SWT FLG,,,,,,,,,,,,
384,SOCKET WELD FLAT FACE FLANGE,SW FF FLANGE,SW FF FLG,SOCKET WELD FF FLANGE,SOCKET WELD FF FLG,FLAT FACE SW FLANGE,FF SW FLANGE,FF SW FLG,FLAT FACE SOCKET WELD FLG,SW FLAT FACE FLG,SOCKET FLAT FACE FLANGE,,,,,,,,,,,,
385,SPUD WELD,SPUDWELD,SPUD-WELD,SPUD WLD,SPUDWLD,SPUD-WLD,SP WELD,SP-WELD,SP WLD,SPUD,SPD WLD,,,,,,,,,,,,
386,BLEED RING,BLD RNG,BLEEDER RING,BLD RING,BR,BLDR RNG,BLDR RING,B/R,B.R.,BLEEDRING,BLD-RNG,,,,,,,,,,,,
387,PIG SIGNALLER,PIG DETECTOR,PIG SIG,PIPELINE PIG SIGNALLER,PIG PASSAGE INDICATOR,PIG PASSAGE SIGNALLER,PIGGING SIGNALLER,PIG DETECTION SYSTEM,PIG PASSING INDICATOR,PIG INDICATOR,PIG SENSOR,,,,,,,,,,,,
388,HDPE PIPE,HIGH DENSITY POLYETHYLENE PIPE,HDPE,PE PIPE,PE4710 PIPE,POLYETHYLENE PIPE,HIGH DENSITY PE PIPE,HD POLYETHYLENE PIPE,HDPE LINE PIPE,PE100 PIPE,HDPE PIPING,,,,,,,,,,,,
389,GLOBE VALVE WYE PATTERN,WYE PATTERN GLOBE VALVE,WYE GLOBE VALVE,Y PATTERN GLOBE VALVE,Y-PATTERN GLOBE VLV,WYE GLB VLV,Y PATTERN GLV,Y-PTN GLOBE VLV,WYE PTN GLV,Y GLV,WYE GLV,,,,,,,,,,,,
390,WYE PATTERN GLOBE,WYE PATTERN GLOBE VALVE,Y PATTERN GLOBE VALVE,WYE GLOBE VALVE,Y GLOBE VALVE,WYE-PATTERN GLOBE,Y-PATTERN GLOBE,WYE PTN GLOBE,Y PTN GLOBE,WYE GLOBE,Y GLOBE,,,,,,,,,,,,
391,Y-GLOBE,Y GLOBE VALVE,Y-PATTERN GLOBE,Y PATTERN GLOBE,Y-GLB,Y GLB,Y-GLOBE VLV,Y GLOBE VLV,Y-TYPE GLOBE,Y TYPE GLOBE,Y PATTERN GLB,,,,,,,,,,,,
392,OS&Y,OUTSIDE SCREW AND YOKE,OS AND Y,OS + Y,OS+Y,O.S.&Y.,O.S.Y.,OSY,OS-Y,OUTSDE SCRW & YOKE,O S & Y,,,,,,,,,,,,
393,AIR VENT,A/V,AV,AIR VNT,A VENT,A-V,A.V.,AIRVENT,AIR-VENT,AIR.VENT,A/VENT,,,,,,,,,,,,
394,GATE NON-RISING STEM,GATE NRS,GTE NRS,NRS GATE,NRS GTE,NON RISING STEM GATE,NON-RISING STEM GATE,GATE VALVE NRS,NRS GATE VALVE,GV NRS,NRS GV,,,,,,,,,,,,
395,INVERTED BUCKET STEAM TRAP,IB STEAM TRAP,INV BUCKET ST,IB ST TRAP,INVTD BUCKET ST,IB TRAP,INV BUCKET TRAP,INVERTED BUCKET ST,IBT,I.B.S.T.,IBST,,,,,,,,,,,,
396,IPS,IRON PIPE SIZE,I.P.S.,I P S,IRON PIPE STANDARD,I.P. SIZE,IRON PS,I PIPE SIZE,IRON P SIZE,IPSIZE,I.PIPE.SIZE,,,,,,,,,,,,
397,INVERTED BUCKET TRAP,IBT,INV BCKT TRP,INV BKT TRAP,I.B.T.,INVTD BCKT TRAP,INV-BCKT-TRP,INVERTED BKT TRAP,INV BUCKET TRAP,INVTD BUCKET TRAP,IB TRAP,,,,,,,,,,,,
398,FLOW CONTROL,FLW CNTRL,FLOW CTRL,FL CTRL,FC,F/C,F.C.,FLOW CNTL,FL CNTRL,FLW CTL,FLOW CTL,,,,,,,,,,,,
399,PILOT,PLT,PILOT VLV,PILOT VALVE,PLT VLV,PLT VALVE,PILOT OPERATED,PILOT ACTUATED,PLT OPERATED,PLT ACTUATED,PILOT OP,,,,,,,,,,,,
400,PRESSURE REGULATOR,PRESS REG,PR REG,PRESS REGTR,P REG,PRES RGTR,PR RGTR,PRES REG,P RGTR,PRESSURE RGTR,PRESS RGTR,,,,,,,,,,,,
401,3WAY BALL,3 WAY BALL VALVE,THREE WAY BALL VALVE,3-WAY BALL VALVE,THREE-WAY BALL VALVE,3W BALL VALVE,3WAY BV,3 WAY BV,THREE WAY BV,3-WAY BV,3W BV,,,,,,,,,,,,
402,FLOAT BALL,FLOATBALL,FLT BALL,FLT BL,FB,F/B,F.B.,FLOAT BL,FLTBALL,F BALL,FLT B,,,,,,,,,,,,
403,DIAPHRAGM GLOBE,DGLOBE,DIA GLOBE,DIAP GLOBE,DIA GLB,DIAPH GLOBE,D-GLOBE,DIAPHRAGM GLB,DIA-GLOBE,D GLOBE,DGLB,,,,,,,,,,,,
404,WELD NECK RTJ,WN RTJ,RTJ WELD NECK,RTJ WN,WELDNECK RTJ,WN-RTJ,RING TYPE JOINT WELD NECK,RING TYPE JOINT WN,RTJ WELDNECK,RING JOINT WELD NECK,RING JOINT WN,,,,,,,,,,,,
405,FULL FACE CARBON,FF CARBON,FULL FACE CRB,FF CRB,F/F CARBON,F.F. CARBON,FULL FACE C,F-F CARBON,FULL-FACE CARBON,F/F CRB,F.F. CRB,,,,,,,,,,,,
406,SCREEN,SCRN,SCR,STRAINER SCREEN,STRN SCRN,FILTER SCREEN,FLTR SCRN,MESH SCREEN,MSH SCRN,SCREENING,SCN,,,,,,,,,,,,
407,SLIP ON RAISED FACE,SLIP ON RF,SO RF,SORF,SO RAISED FACE,SLIP ON R.F.,S.O.R.F.,SO R.F.,S/O RF,S.O. RAISED FACE,SLIP-ON RF,,,,,,,,,,,,
408,CHECK GLOBE INLINE,CK GLB INLINE,CHECK GLB INLINE,CK GLOBE INLINE,INLINE CHECK GLOBE,INLINE CK GLB,INLINE CHECK GLB,INLINE CK GLOBE,CKGLB INLINE,INLINECKGLB,INLINE-CK-GLB,,,,,,,,,,,,
409,245 FOR CARB,245 FORGED CARBON STEEL,245 FORGED CS,245 FOR CS,245 FORGED CARB STL,245 FORGED,245 FOR CARBON STEEL,245 FORGED C/S,245 FOR C/S,245 F/CARB,245 F/CS,,,,,,,,,,,,
410,RAISED FACE WELD NECK ORIFICE,RF WELD NECK ORIFICE,RAISED FACE WN ORIFICE,RF WN ORIFICE,RFWN ORIFICE,RF WELD NECK OR,RAISED FACE WN OR,RF WN OR,RFWN OR,RAISED FACE WELDNECK ORIFICE,RF WELDNECK ORIFICE,,,,,,,,,,,,
411,RAISED FACE WELD NECK ORIFICE FLANGE,RF WELD NECK ORIFICE FLANGE,RAISED FACE WN ORIFICE FLG,RF WN ORIFICE FLANGE,RAISED FACE WELD NECK ORIF FLG,RF WELD NECK ORIF FLG,RAISED FACE WN ORIF FLANGE,RF WN ORIF FLG,RFWN ORIFICE FLANGE,RFWN ORIF FLG,RF WNOF,,,,,,,,,,,,
412,LUG UNION,LG UN,LUG UN,L UNION,LG UNION,L UN,LUG U,L U,LG U,UNION LUG,UN LUG,,,,,,,,,,,,
413,LATERAL WYE,LAT WYE,LAT Y,LATERAL Y,LTL WYE,LTL Y,LAT-WYE,LAT-Y,LTRL WYE,LTRL Y,L-WYE,,,,,,,,,,,,
414,SOCKET COUPLING,SOCK CPLG,SKT CPLG,SOCKET CPLG,SCKT CPLG,S/W CPLG,SOCKOLET CPLG,SW CPLG,SOCK COUPLING,SKT COUPLING,S/W COUPLING,,,,,,,,,,,,
415,SOCKET INSERT,SOCK INSERT,SKT INSERT,SOCKET INS,SKT INS,S-INSERT,SOCK INS,SOCKET INSR,SO INSERT,S INSERT,S.I.,,,,,,,,,,,,
416,HEX REDUCING BUSHING,HEX RED BUSH,HEX BUSHING RED,HEX RED BSH,HEX BUSH RED,HEX RD BUSH,HEX BSH RED,HEX REDUCING BSH,HEX RED BSHG,HEXAGONAL REDUCING BUSHING,HEX BSHG RED,,,,,,,,,,,,
417,ROUND HEAD BULL PLUG,RH BULL PLUG,BULL PLUG RH,RND HEAD BULL PLUG,ROUND HD BULL PLUG,RH BULL PLG,RHBP,RND HD BP,ROUND HEAD BP,RH BP,BULL PLG RH,,,,,,,,,,,,
418,3-WAY BALL,THREE WAY BALL,3 WAY BALL,THREE-WAY BALL,3-WAY BALL VALVE,THREE WAY BALL VALVE,3 WAY BALL VALVE,THREE-WAY BALL VALVE,3W BALL,3W BALL VALVE,3WAY BALL,,,,,,,,,,,,
419,CHECK BALL,CHKBALL,CHK BALL,CK BALL,CHECK BL,CHK BL,CK BL,CHKBL,CKBL,CHK-BALL,CK-BALL,,,,,,,,,,,,
420,CONTROLLED DISC TRAP,CD TRAP,CTRL DISC TRAP,CNTRL DISC TRAP,CDT,CONT DISC TRP,CONTROL DISC TRP,CTRL DSC TRP,CNTRL DSC TRP,CONTRL DISC TRAP,C.D.T.,,,,,,,,,,,,
421,PRESSURE REGISTER,PRESS REG,PRES RGSTR,PR REG,PRESS RGSTR,P REGISTER,P REG,PRES REG,PR REGISTER,PRESSURE REG,P RGSTR,,,,,,,,,,,,
422,ANCHOR FLANGE,ANCHOR FLG,ANC FLG,ANC FLANGE,ANCHR FLG,ANCHR FLANGE,A.F.,A/F,ANCH FLG,ANCH FLANGE,ANCHOR F,,,,,,,,,,,,
423,BLIND RAISED FACE FLANGE,BLIND RF FLANGE,BLD RF FLG,BLIND RF FLG,RF BLIND FLANGE,RF BLD FLG,BLRF FLG,BRF FLANGE,BRF FLG,BLIND R.F. FLANGE,BLIND R/F FLANGE,,,,,,,,,,,,
424,CGI,CAST GRAY IRON,CAST GREY IRON,C.G.I.,C G I,CAST G IRON,CST GRY IRN,CAST GRY IRON,C.GRAY IRON,C.GREY IRON,CST GRAY IRN,,,,,,,,,,,,
425,BELLOWS SEAL GATE,BELLOWS SEAL GATE VALVE,BSG VALVE,BSGV,BS GATE VALVE,BS GATE,BELLOWS GATE,BELLOWS GATE VLV,BSG VLV,BELLOWS SEALED GATE,BELLOWS SEAL GT VLV,,,,,,,,,,,,
426,3 WAY BALL,3WAY BALL,THREE WAY BALL,3-WAY BALL,3W BALL,3 WAY BV,THREE WAY BV,3WAY BV,3-WAY BV,3W BV,3WAY BALL VLV,,,,,,,,,,,,
427,CHECK VALVE SWING,SWING CHECK VALVE,SCV,SWING CHK VLV,SWG CHK VLV,SW CHK VLV,S.C.V.,SWING CHECK,SWG CHECK,SWING CK VLV,SW CK VLV,,,,,,,,,,,,
428,RISING STEM ISOLATION,RSI,RISING STEM ISOL,RS ISOLATION,RS ISOL,RISING STEM ISOL VALVE,RSI VALVE,RISING STEM ISOLATION VLV,RS ISOLATION VLV,RISING STEM ISO,RS ISO,,,,,,,,,,,,
429,WRI,WROT,WROUGHT,WROUGHT IRON,WRT,WROT IRON,W.R.I.,W/R/I,W-R-I,W.R.I,WR IRON,,,,,,,,,,,,
430,STUD,STD,STUD BOLT,ST BOLT,STUDDING,STUD-BOLT,STUD/BOLT,STUD B,ST-BOLT,STD BOLT,STUDBOLT,,,,,,,,,,,,
431,CLAMP BOLT,CLMP BLT,CL BLT,CLAMP-BOLT,CLMP-BLT,CL-BLT,CLAMPING BOLT,C/BOLT,C-BLT,CLAMP B,C BOLT,,,,,,,,,,,,
432,INSTRUMENT,INST,INSTR,INSTRM,INSTRMNT,I&C,INSTRUMENTN,INSTRUMNT,INSTRU,INSTMT,INSTRMT,,,,,,,,,,,,
433,PIPE CLAMP,PIPE CLMP,P CLAMP,P CLMP,PCLMP,PIPE CLP,P CLP,PCLP,PIPE SUPPORT CLAMP,PIPE SUPP CLMP,PSC,,,,,,,,,,,,
434,STUD WITH 2 HEAVY HEX NUTS,STUD W/2HH NUTS,STUD W/ 2 HVY HEX NUTS,STD W/2HHN,STUD & 2HH NUTS,STD & 2HHN,STUD WITH TWO HEAVY HEX NUTS,ALL THREAD WITH 2HHN,AT W/2HHN,STUD 2HHN,STUD-2HHN,,,,,,,,,,,,
435,STUD WITH NUTS,STUD W/ NUTS,STD W/NTS,STUD AND NUTS,STUD & NUTS,STD & NTS,STUD/NUTS,STUDS W/NUTS,STD/NTS,STUD + NUTS,THREADED STUD W/NUTS,,,,,,,,,,,,
436,STUD WITH NUT,STUD W/ NUT,STUD & NUT,STUD AND NUT,STD W/NUT,STD & NUT,STUDDING WITH NUT,STUD/NUT,STD/NUT,STUD W/N,STD W/N,,,,,,,,,,,,
437,THERMODYNAMIC,THERMO DYN,THERMO-DYN,TD,THDY,THERMODYN,TH-DYN,T-DYN,TDYN,T.D.,T/D,,,,,,,,,,,,
438,CAP SCREW,CS,CAP SCR,C/S,C.S.,CAPSCR,CAP-SCREW,CAPSCRW,C-S,CAPSCREW,CAP S,,,,,,,,,,,,
439,DUST CAP,DUST PROTECTION CAP,PROTECTIVE DUST CAP,DUST COVER,END CAP DUST,D-CAP,DCAP,DUST PROTECTION COVER,DUST SHIELD CAP,DST CAP,D CAP,,,,,,,,,,,,
440,DUST PLUG,DUST PLG,D PLG,DUST CAP,D CAP,DST PLG,PLG DUST,DUST PROTECTION PLUG,DUSTPLG,D-PLG,DUST-PLG,,,,,,,,,,,,
441,QUICK COUPLING,QC,QUICK CPLG,QUICK CPLNG,Q/COUPLING,QCOUP,Q-CPLG,Q.CPLG,QUICK-CPLG,Q/C,QK CPLG,,,,,,,,,,,,
442,QUICK DISCONNECT COUPLING,QD COUPLING,QUICK DISC COUPLING,QDC,QUICK CONNECT,QUICK DISCONNECT,Q.D. COUPLING,QUICK RELEASE COUPLING,QD CONNECTOR,QUICK DIS COUPLING,Q/D COUPLING,,,,,,,,,,,,
443,REDUCING COUPLING ADAPTER,RED CPLG ADPTR,REDUCING CPLG ADPT,RED CPL ADAPTER,REDCR CPLG ADPTR,RED COUP ADPTR,REDUCING COUPLING ADPT,RDCR CPLG ADPTR,RED COUPLING ADAPTER,REDUCER CPLG ADPTR,REDUCING COUPL ADPTR,,,,,,,,,,,,
444,HEX NUT,HEXNUT,HEX N,HX NUT,HEXAGONAL NUT,HX N,HEX-NUT,HEX,H NUT,H-NUT,HEXN,,,,,,,,,,,,
445,SPLIT RING HANGER,SRH,SPLIT RNG HNGR,SPLIT-RING HANGER,SPL RNG HNGR,S.R.H.,SPLIT RING SUPPORT,SPLIT-RING SUPPORT,SPLIT RNG SUPT,SPL RNG SUPT,SPLIT RING,,,,,,,,,,,,
446,3-WAY,THREE WAY,THREE-WAY,3WAY,3 WAY,THREEWAY,3-W,3W,THREE W,3 W,THREE-W,,,,,,,,,,,,
447,5-WAY SELECTOR,5 WAY SELECTOR,5 WAY SELECT VLV,5-WAY SELECT VALVE,5WAY SELECTOR,5-WAY SEL VLV,5 WAY SEL VLV,5WAY SELECT VALVE,5-WAY SELECTOR VLV,5 WAY SELECTOR VALVE,5WAY SEL VLV,,,,,,,,,,,,
448,BOILER DRAIN,BLR DRN,BLR DR,BLRDRN,B.D.,BD VLV,BOILER DR,BOILER DRN VLV,BLR DRAIN VLV,BOILER DRAIN VALVE,BD VALVE,,,,,,,,,,,,
449,CLOSET BOLT,CLS BLT,CLST BLT,CL BLT,CLT BLT,CLOSET B,C BOLT,CLST BOLT,CL BOLT,CLT BOLT,C.B.,,,,,,,,,,,,
450,COLLET SET,COLL SET,CLT SET,COL SET,COLLSET,CLTSET,COLSET,CSET,C-SET,CLS,CS,,,,,,,,,,,,
451,COMPRESSION NUT,COMP NUT,COMPNUT,COMP-NUT,COMPRESSION-NUT,COMP. NUT,COMPR NUT,COMPRESS NUT,COMP N,CNUT,C-NUT,,,,,,,,,,,,
452,COUPLING BARB,BARB COUPLING,CPLG BARB,BARB CPLG,HOSE BARB COUPLING,HOSE BARB CPLG,BARBED COUPLING,BARBED CPLG,CPL BARB,BARB CPL,COUPLING WITH BARB,,,,,,,,,,,,
453,DOUBLE PLUG,DBL PLUG,DBLE PLUG,D PLUG,DBL PLG,DBLE PLG,D PLG,DL PLUG,DL PLG,D.P.,DP,,,,,,,,,,,,
454,FERRULE,FER,FERL,FERR,FRLE,FRL,COMPRESSION FERRULE,COMP FERRULE,COMP FER,FERR COMP,FER COMP,,,,,,,,,,,,
455,FOG NOZZLE,FOG NZL,FOGNOZ,FG NOZZ,FG NZL,FOG NOZ,F NOZZLE,SPRAY NOZZLE,MIST NOZZLE,ATOMIZING NOZZLE,SPRAY NOZ,,,,,,,,,,,,
456,HEX ADAPTER,HEX ADPTR,HEXAGONAL ADAPTER,HEX ADP,HEX-ADP,HEXADP,HEX REDUCING ADAPTER,HEX RED ADAPTER,HEXAGONAL REDUCING ADAPTER,HEX ADPT,HEX-ADAPTER,,,,,,,,,,,,
457,HEX HEAD BOLT,HH BOLT,HEX BOLT,HEXHEAD BOLT,HEX HD BOLT,HH B,H.H.B.,HEX HD B,HHBOLT,HH BLT,HEXBOLT,,,,,,,,,,,,
458,HEX NIPPLE,HEX NIP,HEXNIP,HX NIP,HEXAGONAL NIPPLE,HEX NPLE,HX NPLE,HEXNPL,HEX NPL,HX NPL,H NIP,,,,,,,,,,,,
459,HOSE BARB,BARB,HB,HBARB,H BARB,H-BARB,HOSE-BARB,HOSBARB,HOSE FITTING,BARBED FITTING,BARB FITTING,,,,,,,,,,,,
460,HOSE CONNECTOR,HOSE CONN,HOSE CON,HSE CONN,HSE CON,H CONN,HOSE CNT,HOSE CONNECTION,HSE CONNECTION,H CONNECTION,HOSE CONNECT,,,,,,,,,,,,
461,HOSE MENDER,HOSE COUPLING,HOSE CONNECTOR,HOSE REPAIR,HOSE SPLICE,HOSE JOINER,HOSE UNION,HOSE FITTING,H/MENDER,H MENDER,H-MENDER,,,,,,,,,,,,
462,HOSE VALVE,HSV,HOSE VLV,HS VLV,H VLV,HOSE V,HSE VLV,H.V.,HS.VLV,HOSE-VLV,H-VLV,,,,,,,,,,,,
463,HOSE ADAPTER,ADAPTER HOSE,HOSE ADPT,HOSE ADP,ADPT HOSE,HSE ADPTR,HSE ADP,H ADAPTER,H ADPT,HOSE-ADPT,HOSE/ADPT,,,,,,,,,,,,
464,HOSE BIBB,HOSE BIB,HOSEBIB,HOSE BIBB VALVE,HOSEBIBB,HOSE VALVE,GARDEN VALVE,SILLCOCK,OUTDOOR FAUCET,SPIGOT,HOSE TAP,,,,,,,,,,,,
465,MALE CONNECTOR,MALE CONN,M CONN,MC,MALE CON,M CON,MALE FITTING,M FTG,MALE CONNECTION,M CONNECTION,MALE CNT,,,,,,,,,,,,
466,MALE ELBOW,ML ELBOW,ML ELL,MALE ELL,M ELBOW,M ELL,M.E.,ML.EL.,MALE 90,ML 90,M-EL,,,,,,,,,,,,
467,MALE INSERT,MI,M INSERT,MALE INS,M INS,MALE INSRT,M INSRT,ML INSERT,ML INS,ML INSRT,MALE-INSERT,,,,,,,,,,,,
468,304 MALE THREADED PLUG,304 MTH PLG,304 M THD PLG,304 MALE THD PLUG,304 M THREAD PLG,SS304 MALE THD PLG,304SS MTH PLUG,304 M THREADED PLG,304SST MTH PLG,304 MALE PLG,304 M PLG,,,,,,,,,,,,
469,MALE THREADED RUN TEE,MALE THD RUN TEE,M THD RUN TEE,MALE THREAD RUN TEE,MT RUN TEE,MALE THREADED RT,MALE THD RT,M THD RT,MTR TEE,MALE THR RUN T,M THREAD RUN TEE,,,,,,,,,,,,
470,NOZZLE,NZL,NOZ,NOZL,NZZL,NZ,N-ZL,SPRAY NOZZLE,NOZZL,SPRY NZL,NOZZEL,,,,,,,,,,,,
471,PIN LUG,P/LUG,P LUG,PIN-LUG,P-LUG,PLUG,P.LUG,P.L.,PIN LG,P/L,P/L/G,,,,,,,,,,,,
472,PORT CONNECTOR DOUBLE,DBL PORT CONN,DOUBLE PORT CONNECTOR,DBL PORT CONNECTOR,DOUBLE PORT CONN,PORT CONN DBL,PORT CONN DOUBLE,DPC,D.P.C.,2X PORT CONN,DUAL PORT CONN,,,,,,,,,,,,
473,309 PORT CONNECTOR UNION,309 PCU,309 PORT CONN UNION,309 PORT CONN,309 CONNECTOR UNION,309 CONN UNION,PORT CONNECTOR UNION 309,PCU 309,309 P C U,309 P.C.U.,309 PORT UN,,,,,,,,,,,,
474,PUMP ADAPTER,PUMP ADPT,PMP ADPTR,PUMP ADPTR,PMP ADAPTER,P ADAPTER,P ADPTR,PUMP ADP,PMP ADP,PUMP-ADAPTER,PMP-ADPTR,,,,,,,,,,,,
475,REDUCING ADAPTER,RED ADPT,RED ADAPTER,REDUCER ADAPTER,REDUC ADPT,REDUCING ADPT,RED ADP,RDCR ADPTR,REDUCER ADPT,REDUCING ADAPTOR,RDCR ADAPT,,,,,,,,,,,,
476,SOLENOID,SOL,SLN,SOLN,SOLEN,SOL VLV,SOLENOID VALVE,SOL VALVE,SLN VLV,SOLN VLV,SV,,,,,,,,,,,,
477,SPRING CHECK,SPRING CHK,SPR CHK,SPRG CHK,SPRING CHECK VLV,SPRING CHECK VALVE,SPR CHECK VLV,SPRG CHECK VALVE,SCV,S.C.V.,SPRING CHK VLV,,,,,,,,,,,,
478,THERMOMETER WELL ELBOW,THERM WELL ELBOW,THERMWELL ELBOW,THERM WELL ELL,THERMWELL ELL,TEMP WELL ELBOW,TEMP WELL ELL,THERMOWELL ELBOW,THERMOWELL ELL,THERM-WELL ELBOW,THERM-WELL ELL,,,,,,,,,,,,
479,UNION 90 ELBOW,UNION 90 ELL,UNION 90° ELBOW,UNION 90° ELL,UN 90 ELBOW,UN 90 ELL,UN 90° ELBOW,UN 90° ELL,UNION ELBOW 90,UN ELL 90,UNION ELL 90,,,,,,,,,,,,
480,316 UNION DOUBLE,316 DBL UNION,316 DOUBLE UNION,SS316 DBL UNION,SS316 DOUBLE UNION,316SS DBL UNION,316SS DOUBLE UNION,UNION DBL 316,UNION DOUBLE 316,DBL UNION 316,DOUBLE UNION 316,,,,,,,,,,,,
481,WASHER,WSH,WSHR,WASH,W/S,W-S,W.S.,WS,WASHERS,WSHS,W/SH,,,,,,,,,,,,
482,REDUCED PRESSURE ZONE,RPZ,RED PRESS ZONE,REDUCED PRESS ZONE,RED PRESSURE ZONE,R.P.Z.,RP ZONE,RED PR ZONE,REDUCED PR ZONE,RPZ ASSEMBLY,REDUCED PRESSURE ZONE ASSEMBLY,,,,,,,,,,,,
483,REDUCED PRESSURE ZONE VALVE,RPZ VALVE,RPZ VLV,RPZV,RED PRESS ZONE VLV,REDUCED PRESS ZONE V,RPZ,RED P ZONE VALVE,REDUCED P ZONE VLV,RP ZONE VALVE,RED PRESSURE ZONE V,,,,,,,,,,,,
484,ROUGHING VALVE,ROUGH-IN VALVE,ROUGH IN VLV,ROUGHING VLV,ROUGH-IN VLV,RGH-IN VALVE,RGH IN VLV,RGHIN VLV,RGH-IN VLV,ROUGH VALVE,RGH VLV,,,,,,,,,,,,
485,TRANSITION COUPLING,TRANS CPLG,TRANS COUPLING,TRN CPLG,TRANS CPLNG,TRANSITION CPLG,TR CPLG,TRANS-CPLG,TRANS. CPLG,TRAN COUPLING,TRANSITION CPL,,,,,,,,,,,,
486,TRAP PRIMER,TRAP PRM,TRP PRMR,TRP PRIMER,T PRIMER,TRAP PRI,T PRI,TP,TRPRM,T.P.,T-P,,,,,,,,,,,,
487,CAM AND GROOVE,CAM & GROOVE,CAM GROOVE,CAMLOCK,CAM-LOCK,CAM LOCK,KAMLOK,KAM-LOK,C&G,C AND G,C-N-G,,,,,,,,,,,,
488,CLAMP,CLP,CLMP,CLAMPING,CLAMPED,CLAM,CLAMPNG,CLMP-,CL,CLMPING,C-CLAMP,,,,,,,,,,,,
489,REPAIR,RPAIR,RPR,REPAR,REPR,REPARATION,RPRG,REP,REPARAR,REPARE,REPAIRING,,,,,,,,,,,,
490,REPAIR KIT,REPAIR KT,RPRKT,REP KIT,RPR KIT,REPR KIT,REP-KIT,RPR-KIT,RK,R/K,R.K.,,,,,,,,,,,,
491,3R 45 DEGREE ELBOW,3R 45 ELL,3R 45° ELL,3R 45 ELBOW,3R 45° ELBOW,ELBOW 3R 45,ELL 3R 45,3R 45DEG ELL,3R 45DEG ELBOW,3R 45-DEG ELBOW,3R 45-DEG ELL,,,,,,,,,,,,
492,3R 90 DEGREE ELBOW,3R 90 ELL,3R 90° ELL,3R 90 ELBOW,3R 90° ELBOW,ELBOW 3R 90,ELL 3R 90,3R 90DEG ELL,3R 90DEG ELBOW,3R 90 DEG ELL,3R LR ELBOW,,,,,,,,,,,,
493,3R 90 ELBOW,3R 90 ELL,3R 90° ELL,3R 90 ELBOW,3R 90° ELBOW,ELBOW 3R 90,ELL 3R 90,3R 90DEG ELL,3R 90DEG ELBOW,3R ELBOW 90,3R ELL 90,,,,,,,,,,,,
494,ADJUSTABLE CLEVIS,ADJ CLEVIS,ADJUST CLEVIS,ADJ CLEV,ADJUSTABLE CLEV,ADJ. CLEVIS,ADJUST. CLEVIS,ADJ-CLEVIS,ADJUST-CLEVIS,ADJUSTABLE CLVS,ADJ CLVS,,,,,,,,,,,,
495,ADJUSTABLE CLEVIS HANGER,ADJ CLEVIS HANGER,ADJ CLEVIS HANGR,ADJ CLV HANGER,ADJ CLV HANGR,ADJUSTABLE CLV HANGER,ADJUSTABLE CLV HANGR,ADJ CLEVIS,ADJUSTABLE CLEVIS,ADJ CLV,CLEVIS HANGER,,,,,,,,,,,,
496,BEAM ATTACHMENT,BEAM ATTACH,BM ATTACHMENT,BM ATTACH,BEAM CLAMP,BM CLAMP,BEAM CLIP,BM CLIP,BEAM FASTENER,BEAM CONNECTOR,BEAM SUPPORT,,,,,,,,,,,,
497,BEAM CLAMP,BM CLMP,B CLAMP,BEAM CLMP,B/CLAMP,B-CLAMP,BC,BEAM C,B.CLAMP,BM CLP,BEAM CLP,,,,,,,,,,,,
498,BUTTERFLY VALVE HANDLE,BFV HANDLE,BTF VLV HANDLE,BFLY VLV HANDLE,BTFLY VLV HANDLE,BV HANDLE,BFLY HANDLE,BTFLY HANDLE,BTF HANDLE,BFV HDL,BFLY HDL,,,,,,,,,,,,
499,BUTTERFLY HANDLE,BFV HANDLE,BFLY HANDLE,B'FLY HANDLE,BTF HANDLE,BUTTERFLY VLV HANDLE,BUTTERFLY VALVE HANDLE,BFV VLV HANDLE,BFLY VLV HANDLE,BTF VLV HANDLE,BV HANDLE,,,,,,,,,,,,
500,C CLAMP,C-CLAMP,C/CLAMP,CCLAMP,C TYPE CLAMP,C-TYPE CLAMP,C STYLE CLAMP,C-STYLE CLAMP,CSTYLE CLAMP,CTYPE CLAMP,C.CLAMP,,,,,,,,,,,,
501,CLAMP PIPE,PIPE CLAMP,P CLAMP,PIPE CLP,P CLP,PCLAMP,P/CLAMP,P-CLAMP,PIPE-CLAMP,PIPE/CLAMP,CLMP PIPE,,,,,,,,,,,,
502,CLEVIS,CLV,CLEVS,CLEV,CLE,CLEVIS HANGER,CLEVIS SUPPORT,PIPE CLEVIS,CLVS,CLEVIS PIN,CLV PIN,,,,,,,,,,,,
503,CLEVIS HANGER,CLV HNGR,CLEV HNGR,CLEVIS HGR,CLV HGR,CLEV HGR,CLEVIS,CLV,CLEV,CL HNGR,CL HGR,,,,,,,,,,,,
504,CLEVIS WITH PIN,CLEVIS W/ PIN,CLEVIS AND PIN,PIN CLEVIS,CLEVIS PIN ASSEMBLY,CLEVIS-PIN,CLEVIS/PIN,CLEVIS + PIN,PIN & CLEVIS,CLEVIS PIN SET,CLEVIS-PIN ASSY,,,,,,,,,,,,
505,CLIP,CLP,CLAMP,CLMP,PIPE CLIP,PIPE CLAMP,PIPE CLP,PIPE CLMP,SUPPORT CLIP,SUPPORT CLAMP,SUPPORT CLP,,,,,,,,,,,,
506,CONCENTRIC SWAGE NIPPLE,CONC SWAGE NIPPLE,CONCENTRIC SWAGE NIP,CONC SWG NIPPLE,CONC SWAGE NIP,CSN,CONC SWG NIP,CONCENTRIC REDUCER NIPPLE,CONC RED NIPPLE,CONC REDUCER NIP,CONCENTRIC NIP,,,,,,,,,,,,
507,COUPLING PLUG,CPLG PLUG,CPLNG PLG,CPL PLUG,PLUG CPLG,PLG CPLG,COUPLING PLG,CPG PLUG,CPLG PLG,COUP PLUG,COUP PLG,,,,,,,,,,,,
508,CPLUG,COUNTER PLUG,COUNTERSINK PLUG,COUNTERSUNK PLUG,C-PLUG,C PLG,COUNTER PLG,CSINK PLUG,CSUNK PLUG,C PLUG,CTR PLUG,,,,,,,,,,,,
509,DOUBLE BOLT PIPE CLAMP,DBL BOLT PIPE CLAMP,DOUBLE BOLT CLAMP,DBL BOLT CLAMP,2-BOLT PIPE CLAMP,TWO BOLT PIPE CLAMP,2BOLT CLAMP,DBPC,DB CLAMP,2-BOLT CLAMP,DBL-BOLT CLAMP,,,,,,,,,,,,
510,EYE NUT,EYENUT,EYE-NUT,EYE.NUT,E/NUT,E NUT,E-NUT,EYE N,EN,ENUT,E.NUT,,,,,,,,,,,,
511,FLAT WASHER,FW,F/W,F-W,F.W.,F WASHER,FLAT WASH,FL WASHER,FLAT WSH,FL WSH,WASHER,,,,,,,,,,,,
512,HANDWHEEL,HWHL,HW,HAND WHEEL,H/W,H-W,HAND-WHEEL,H.W.,HAND/WHEEL,HNDWHL,OPERATING WHEEL,,,,,,,,,,,,
513,HEAVY HEX NUT,HH NUT,H HEX NUT,HVY HEX NUT,HHNUT,HEAVY HEXNUT,HVY HX NUT,HH N,HEAVY HX NUT,H.H. NUT,HVY HEXNUT,,,,,,,,,,,,
514,350 HEX BULL PLUG,350# BULL PLUG,350LB BULL PLUG,350 BP HEX,350# BP HEX,350LB BP HEX,350 HEX BP,350# HEX BP,350LB HEX BP,350 CLASS BULL PLUG,350CLASS BP,,,,,,,,,,,,
515,HEX CAP,HEXAGON CAP,HEX HEAD CAP,HEXAGONAL CAP,HC,HEX CP,HX CAP,HEX C,HEXCAP,HEX-CAP,HEX.CAP,,,,,,,,,,,,
516,HEX HEAD BULL PLUG,HEX BULL PLUG,HEX HD BULL PLUG,HH BULL PLUG,HHBP,HEX HD BP,HEX BULL PLG,HEX HD B PLUG,HEX HEAD B PLUG,HH B PLUG,HEXHEAD BULL PLUG,,,,,,,,,,,,
517,HEXAGON NUT,HEX NUT,HEXNUT,HEX-NUT,HEX. NUT,HEXAGONAL NUT,HX NUT,HXNUT,H NUT,HN,HEXNUT,,,,,,,,,,,,
518,INSULATION PROTECTOR SHIELD,INS PROT SHIELD,INSUL PROT SHIELD,INS SHIELD,INSUL SHIELD,PROTECTION SHIELD,PROT SHIELD,IPS,PIPE SHIELD,INSULATION SHIELD,SADDLE SHIELD,,,,,,,,,,,,
519,INSULATION SHIELD,INS SHLD,INSUL SHIELD,INS SHIELD,INSUL SHLD,INSULATION SHLD,I-SHIELD,I SHLD,I-SHLD,INS-SHLD,INSUL-SHLD,,,,,,,,,,,,
520,LATERAL 45,LAT 45,45 LAT,45° LAT,45 LATERAL,45° LATERAL,LATERAL 45°,45 DEG LATERAL,45 DEGREE LATERAL,LAT 45°,45DEG LAT,,,,,,,,,,,,
521,LINED,LND,LINR,LIN,LIND,LINED PIPE,LINE,LINER,L/D,L-D,L.D.,,,,,,,,,,,,
522,LINED PIPE,LND PIPE,LINED PP,LND PP,LINED PIP,LND PIP,L PIPE,L PP,L PIP,LINED P,LND P,,,,,,,,,,,,
523,LOCK WASHER,LW,LOCK WSH,L WASHER,LCK WSHR,LOCKING WASHER,L/W,L.W.,LK WSHR,LOCK-WASHER,L-W,,,,,,,,,,,,
524,360. LOCKING HANDLE,360° LOCKING HANDLE,360 DEG LOCKING HANDLE,360 DEGREE LOCKING HANDLE,360 LH,360° LH,HANDLE 360 LOCK,HANDLE LOCK 360,360 LOCK HDL,360° LOCK HDL,360 DEG LH,,,,,,,,,,,,
525,LR 180 DEGREE ELBOW,LR 180 ELL,LR 180° ELL,LR 180 ELBOW,LR 180° ELBOW,ELBOW LR 180,ELL LR 180,LR 180D ELBOW,LR 180D ELL,LONG RADIUS 180 ELBOW,LONG RADIUS 180 ELL,,,,,,,,,,,,
526,LR 180 ELBOW,LR 180 ELL,LR 180° ELL,LR 180 ELBOW,LR 180° ELBOW,ELBOW LR 180,ELL LR 180,LONG RADIUS 180 ELBOW,LONG RADIUS 180 ELL,LR RETURN BEND,LONG RADIUS RETURN BEND,,,,,,,,,,,,
527,LR 45 DEGREE ELBOW,LR 45 ELL,LR 45° ELL,LR 45 ELBOW,LR 45° ELBOW,ELBOW LR 45,ELL LR 45,LR 45 DEG ELL,LR 45 DEG ELBOW,LONG RADIUS 45 ELBOW,LONG RADIUS 45 ELL,,,,,,,,,,,,
528,LR 45 ELBOW,LR 45 ELL,LR 45° ELL,LR 45 ELBOW,LR 45° ELBOW,ELBOW LR 45,ELL LR 45,LR 45,LONG RADIUS 45 ELBOW,LONG RADIUS 45° ELL,L.R. 45 ELBOW,,,,,,,,,,,,
529,365. LR ELBOW,365. LONG RADIUS ELBOW,365. LR ELL,365. LONG RADIUS ELL,365. ELL LR,365. ELBOW LR,365. L.R. ELBOW,365. L.R. ELL,365. LONG RAD ELBOW,365. LONG RAD ELL,365. L/R ELBOW,,,,,,,,,,,,
530,LR RETURN BEND,LONG RADIUS RETURN BEND,LR RET BEND,LR RTN BEND,LONG RAD RET BEND,LONG RAD RTN BEND,L.R. RETURN BEND,LR 180 BEND,LONG RADIUS 180 BEND,LR 180° BEND,LONG RADIUS 180° BEND,,,,,,,,,,,,
531,MACHINE BOLT,MACH BOLT,MCH BLT,MB,M.B.,MACH BLT,M BOLT,MACHINE BLT,MCH BOLT,M/B,MAC BLT,,,,,,,,,,,,
532,NIPOLET,NIPO,NIPLT,NIP,NPL,NLET,NIPOL,NIPL,NPLTT,NPLT,NIPLET,,,,,,,,,,,,
533,OVAL LOCKING HANDLE,OVAL LOCK HDL,OVAL LCK HANDLE,OVAL LK HDL,OV LOCK HDL,OV LCK HANDLE,OVL LOCK HDL,OVL LCK HANDLE,OVAL LOCKING HDL,OV LOCKING HDL,OVL LOCKING HDL,,,,,,,,,,,,
534,PIPE STRAP,PSTR,P STRAP,P/STRAP,P-STRAP,PIPE STR,PIPESTRAP,PIPE-STRAP,P.STRAP,PIPE/STRAP,P.STR,,,,,,,,,,,,
535,PLAIN END,PE,PLN END,PLAIN-END,PL END,P/E,P.E.,PLN E,P END,PLAIN,P-END,,,,,,,,,,,,
536,PLAIN END PIPE,PE PIPE,PLN END PIPE,PLAIN ENDED PIPE,PE PP,PEP,PLAIN END PP,PLAIN PIPE,P.E. PIPE,P/E PIPE,P.E.P,,,,,,,,,,,,
537,RECOVERY COUPLING,RECOVERY CPLG,REC COUPLING,REC CPLG,RCVY COUPLING,RCVY CPLG,RECOVERY CPLING,REC CPLING,RCVY CPL,RCV COUPLING,RCV CPLG,,,,,,,,,,,,
538,REDUCING LONG COUPLING,RED LONG CPLG,REDUCING LNG CPLG,RED LNG CPLG,REDUC LONG CPLG,RED LONG COUPLING,REDUCING LONG CPLNG,RED LG CPLG,REDUCING L CPLG,REDUC LG COUPLING,REDUCING LONG CPLG,,,,,,,,,,,,
539,RISER CLAMP,RISER CLMP,CLAMP RISER,CLMP RISER,RSR CLAMP,RSR CLMP,R/CLAMP,R/CLMP,R CLAMP,R CLMP,RISER CLP,,,,,,,,,,,,
540,ROUND BULL PLUG,RND BULL PLUG,RD BULL PLUG,ROUND BULLPLUG,RND BULLPLUG,RD BULLPLUG,BULL PLUG RND,BULL PLUG RD,BULLPLUG RND,BULLPLUG RD,RND BLP,,,,,,,,,,,,
541,ROUND HEAD EYE NUT,RH EYE NUT,RND HD EYE NUT,ROUND HD EYE NUT,RD HD EYE NUT,RHEY NUT,RH EYE N,RND HEAD E-NUT,ROUND EYE NUT,R.H. EYE NUT,RND EYE NUT,,,,,,,,,,,,
542,SEAL FITTING,SEAL FTG,SL FTG,SEAL FIT,SL FIT,SL FITTING,SEALING FITTING,SEAL-FTG,SEALFTG,SLFTG,SL-FTG,,,,,,,,,,,,
543,SPUD,SPD,SPUD FITTING,SPUD CONNECTION,SPUD CONNECTOR,SPUDPIECE,SPUD PIECE,SP,SPUD FTG,SPUD CONN,SPUD-CONN,,,,,,,,,,,,
544,SQUARE TUBE,SQ TUBE,SQ TB,SQTUBE,SQR TUBE,SQR TB,SQUARE TB,SQ TUBING,SQUARE TUBING,SQR TUBING,SQTB,,,,,,,,,,,,
545,SR 180 DEGREE ELBOW,SR 180 ELL,SR 180° ELL,SR 180 ELBOW,SR 180° ELBOW,ELBOW SR 180,ELL SR 180,180 SR ELBOW,180° SR ELBOW,180 SR ELL,180° SR ELL,,,,,,,,,,,,
546,SR 90 DEGREE ELBOW,SR 90 ELL,SR 90° ELL,SR 90 ELBOW,SR 90° ELBOW,ELBOW SR 90,ELL SR 90,SHORT RADIUS 90 ELBOW,SHORT RADIUS 90 ELL,SR90 ELBOW,SR90 ELL,,,,,,,,,,,,
547,SR 90 ELBOW,SR 90 ELL,SR 90° ELL,SR 90 ELBOW,SR 90° ELBOW,ELBOW SR 90,ELL SR 90,SHORT RADIUS 90 ELBOW,SHORT RADIUS 90 ELL,SHORT RAD 90 ELBOW,SHORT RAD 90 ELL,,,,,,,,,,,,
548,SR RETURN BEND,SR RTN BND,SR RET BEND,SR RTN BEND,SR RETURN B,SR RET B,SR RTN B,SHORT RADIUS RETURN BEND,SHORT RAD RETURN BEND,SHORT RADIUS RTN BND,SR 180 RETURN,,,,,,,,,,,,
549,STANDARD WELD TEE,STD WELD TEE,STD WLD TEE,STANDARD W TEE,STD W TEE,WELD TEE STD,WLD TEE STD,TEE STD WELD,TEE WLD STD,TEE W STD,STD WT,,,,,,,,,,,,
550,STEM,STM,VALVE STEM,VLV STM,V/STM,V-STM,VLV-STM,VALVE-STEM,V.STM,VLVSTM,VALVESTEM,,,,,,,,,,,,
551,STRAIGHT ROD COUPLING,STR ROD CPLG,STR ROD COUPLING,STRAIGHT ROD CPLG,ROD COUPLING STR,ROD CPLG STR,STR RD CPLG,STR RD COUPLING,STRAIGHT RD CPLG,STRAIGHT RD COUPLING,SRC,,,,,,,,,,,,
552,STRUT,STRUCTURAL SUPPORT,SUPPORT STRUT,PIPE STRUT,CHANNEL STRUT,STR,STRT,STRUCT,SUPPORT CHANNEL,METAL STRUT,MOUNTING STRUT,,,,,,,,,,,,
553,SWAGE,SWG,SWAG,SWEDGE,SWEDG,SWDG,SWAGED,SWAGING,SWGD,SWG NIPPLE,SWAGE NIPPLE,,,,,,,,,,,,
554,SWAGE CONCENTRIC,CONCENTRIC SWAGE,SWAGE CONC,CONC SWAGE,SWAGE CON,CON SWAGE,SWG CONC,CONC SWG,SWG CON,CON SWG,CONCENTRIC REDUCER,,,,,,,,,,,,
555,SWAGE NIPPLE,SWAGE NIP,SWG NIP,SWAGE,SWG NIPPLE,SWAGE NPL,SWG NPL,REDUCER NIPPLE,RED NIPPLE,CONCENTRIC NIPPLE,ECCENTRIC NIPPLE,,,,,,,,,,,,
556,THREADED AND COUPLED,T&C,THD & CPLG,THD AND CPLG,THRD & CPLG,THRD AND CPLG,T AND C,T + C,THD & COUPLED,THREADED & COUPLED,T/C,,,,,,,,,,,,
557,THREADED AND COUPLED PIPE,T&C PIPE,THD & CPLG PIPE,THRD & CPLG PIPE,THD AND CPLG PIPE,T AND C PIPE,T/C PIPE,T-C PIPE,THD & CPL PIPE,THRD AND COUPLED PIPE,T&C LINE PIPE,,,,,,,,,,,,
558,TRANSITION FITTING,TRANS FTG,TRANS FITTING,TRANSITION FTG,TRN FTG,TRANS-FTG,TRN FITTING,TRAN FTG,TRAN FITTING,TR FTG,TRANSITION,,,,,,,,,,,,
559,TURNBUCKLE,TRNBKL,TURN BUCKLE,TURN-BUCKLE,T-BUCKLE,T BUCKLE,T/BUCKLE,TURN/BUCKLE,T.BUCKLE,TURNBKL,T-BKL,,,,,,,,,,,,
560,U BOLT WITH NUTS,U-BOLT W/ NUTS,U-BOLT WITH NUTS,U BOLT W/NUTS,U-BOLT & NUTS,UBOLT WITH NUTS,U-BOLT/NUTS,U BOLT + NUTS,U-BOLT AND NUTS,UBOLT W/NUTS,U-BOLT ASSEMBLY,,,,,,,,,,,,
561,VALVE BOX BOTTOM,VLV BOX BTM,VB BOTTOM,VLV BX BTM,V/B BOTTOM,VALVE BX BTM,V.B. BOTTOM,VLV BOX BASE,VALVE BX BASE,VB BASE,V/B BASE,,,,,,,,,,,,
562,VALVE HANDLE,VLV HANDLE,VLV HDL,VALVE HDL,V/HANDLE,V/HDL,VALVE LEVER,VLV LEVER,HANDLE VLV,HDL VLV,V HANDLE,,,,,,,,,,,,
563,WEDGE ANCHOR,WDG ANCHR,WEDGE ANCR,WDG ANCHOR,WEDG ANCHR,W ANCHOR,WDG ANC,WEDGE ANC,W ANC,WDG-ANCHR,WEDGE-ANCHOR,,,,,,,,,,,,
564,WELD BEAM ATTACHMENT,WBA,WELD BM ATTACH,WLD BM ATTACH,BEAM ATTACHMENT WELD,W.B.A.,WELD BEAM ATTACH,WLD BEAM ATTACHMENT,WELDED BEAM ATTACHMENT,BEAM WELD ATTACHMENT,WELD BM ATT,,,,,,,,,,,,
565,WELD TEE,WLD TEE,WELDING TEE,BW TEE,BUTT WELD TEE,BUTTWELD TEE,BW T,WELD T,WLD T,BUTT WELD T,BUTTWELD T,,,,,,,,,,,,
566,WELD BEAM,WLD BEAM,W BEAM,W/BEAM,WELDED BEAM,W-BEAM,WLD BM,W BM,WBEAM,W.BEAM,WELD BM,,,,,,,,,,,,
567,403. 0.25 BEND,403-0.25 BEND,403-0.25° BEND,403 QUARTER BEND,403 1/4 BEND,403 90° BEND,403 90 DEG BEND,403-90 BEND,403.90 BEND,403 90 BEND,403-90° BEND,,,,,,,,,,,,
568,404. 0.125 BEND,404. 1/8 BEND,404 0.125 BEND,404 1/8 BEND,404. 45° BEND,404 45° BEND,404. 45 DEG BEND,404 45 DEG BEND,0.125 404 BEND,45° 404 BEND,45 DEG 404 BEND,,,,,,,,,,,,
569,BEND,BND,ELBOW,ELL,PIPE BEND,PIPE BND,PB,BENDING,BENT,BND PIPE,PIPE ELBOW,,,,,,,,,,,,
570,BLIND PLUG,BL PLUG,B PLUG,BLD PLUG,BLND PLUG,BLIND PLG,BL PLG,B PLG,BLD PLG,BLND PLG,PLG BLIND,,,,,,,,,,,,
571,COMBINATION LONG T-WYE,COMB LONG T-WYE,COMB LNG T-WYE,COMBO LNG T-WYE,COMBO LONG T-WYE,COMB T-WYE LONG,COMBO T-WYE LONG,CLT-WYE,COMB L T-WYE,COMBINATION T-WYE LONG,CLTW,,,,,,,,,,,,
572,CORED PLUG,CPLUG,C-PLUG,CORD PLG,CORED PLG,C PLUG,CRD PLG,C.PLUG,C/PLUG,COR PLG,CORED-PLUG,,,,,,,,,,,,
573,DIAPHRAGM,DIAPH,DIA,DIAP,DPHM,DIAPHM,DIAFRM,DPH,DIAFRAM,DIAPHRAM,DIAPRM,,,,,,,,,,,,
574,DOUBLE COMBINATION LONG T-WYE,DBL COMB LONG T-WYE,DOUBLE COMB LONG T-WYE,DBL COMBINATION LONG T-WYE,DBL CMB LNG T-WYE,DOUBLE CMB LNG T-WYE,DBL COMB L T-WYE,DOUBLE COMB L T-WYE,DBL COMBINATION L T-WYE,DCL T-WYE,DCLW,,,,,,,,,,,,
575,DOUBLE WYE,DBL WYE,DOUBLE Y,DBL Y,DY,D WYE,D Y,DOUBLE WY,DBL WY,DWY,D-WYE,,,,,,,,,,,,
576,INCREASER,INCR,INC,INCRS,INCREASR,RED INCR,REDUCING INCREASER,INC RED,INCREASER REDUCER,INCR RDCR,SIZE INCREASER,,,,,,,,,,,,
577,LONG T-WYE,LNG T-WYE,LONG TWY,LNG TWY,LONG TEE WYE,LNG TEE WYE,LONG T WYE,LNG T WYE,LONG TEE-WYE,LNG TEE-WYE,L T-WYE,,,,,,,,,,,,
578,LR BEND,LONG RADIUS BEND,L.R. BEND,LR BND,L R BEND,L.R.B.,LONG RAD BEND,L-R BEND,LRB,LONG-RADIUS BEND,L/R BEND,,,,,,,,,,,,
579,NAN,NANOMETER,NM,NANO,NANO METER,N-METER,N.M.,N.A.N.,N-M,N/M,N METER,,,,,,,,,,,,
580,P TRAP,P-TRAP,P TRP,P.TRAP,PTRAP,P TYPE TRAP,P-TYPE TRAP,P STYLE TRAP,P-STYLE TRAP,P BEND,P-BEND,,,,,,,,,,,,
581,RIM,RING,R.I.M.,R-I-M,R/I/M,R.I.M,RING INSERT METALLIC,RING INSERT MET,RING-INSERT-MET,RING/INSERT/MET,RING.INSERT.MET,,,,,,,,,,,,
582,RUNNING TRAP,RUN TRAP,RUNNING TRP,RUN TRP,RTR,R TRAP,RUNTRAP,RUN-TRAP,RUNNING-TRAP,RUNNING-TRP,RUN-TRP,,,,,,,,,,,,
583,SCREWED VALVE,SCR VLV,SCRWD VLV,SCRW VLV,SCRD VLV,NPT VALVE,THD VALVE,THREADED VALVE,SCREWED-END VALVE,SCR. VALVE,THD. VALVE,,,,,,,,,,,,
584,SHORT RADIUS 45 DEGREE ELBOW,SR 45 ELBOW,SR 45 ELL,SR 45° ELBOW,SR 45° ELL,SHORT RAD 45 ELBOW,SHORT RAD 45 ELL,SR 45,S.R. 45 ELBOW,S.R. 45° ELL,SHORT R 45 ELL,,,,,,,,,,,,
585,SOIL,SOIL PIPE,SL PIPE,SOIL LINE,SL LINE,SOIL PIPING,SL PIPING,SOIL PIP,SL PIP,SOIL P,SL P,,,,,,,,,,,,
586,SOIL PIPE,SP,SOIL P,SL PIPE,SEWER PIPE,S PIPE,SL P,SOILP,S.P.,S-P,S/P,,,,,,,,,,,,
587,SOLID PLUG,SOL PLUG,SLD PLUG,SOLID PLG,SLD PLG,SOL PLG,S PLUG,SPLG,SOLID PL,S-PLUG,S/PLUG,,,,,,,,,,,,
588,TEST PLUG,TEST PLG,TST PLG,TST PLUG,TEST-PLG,TEST-PLUG,T-PLUG,T-PLG,T PLUG,T PLG,TESTING PLUG,,,,,,,,,,,,
589,VALVE BOX,VB,VLV BOX,V BOX,V-BOX,VBOX,VALVE BX,VLV BX,V.BOX,V/BOX,VALVE-BOX,,,,,,,,,,,,
590,SHOWER,SHWR,SHR,SHOWER HEAD,SHWR HEAD,SHOWER UNIT,SHWR UNIT,EMERGENCY SHOWER,EMRG SHWR,SAFETY SHOWER,SFTY SHWR,,,,,,,,,,,,
591,LA TRAP,LA STM TRAP,LEVER & ACTUATOR TRAP,LEVER ACTUATOR TRAP,L&A TRAP,L/A TRAP,LEVER ACTION TRAP,LVR ACTR TRAP,L.A. TRAP,L A TRAP,LA-TRAP,,,,,,,,,,,,
592,FAUCET,FAUCET,FAU,FAUCT,FCT,WATER TAP,TAP,SPIGOT,WATER VALVE,FAUCET VALVE,F.C.T,,,,,,,,,,,,
593,RIGID COUPLING,RGD CPLG,RGD COUPLING,RIGID CPLG,RGD CPLNG,RIGID CPLNG,RIG COUPLING,RIG CPLG,RGID COUPLING,RGID CPLG,RIGID CPL,,,,,,,,,,,,
594,STRUT CLAMP,STRUT CLP,STR CLP,STRUT CLMP,STR CLMP,CHANNEL CLAMP,CHNL CLAMP,CHNL CLP,STRT CLMP,S/CLAMP,S/CLP,,,,,,,,,,,,
595,TRAP ADAPTER,TRAP ADPTR,TRP ADPTR,TRP ADAPTER,TRAP ADAPT,TRP ADAPT,TRAP-ADPTR,TRAP-ADAPTER,TRP-ADPTR,TRP-ADAPTER,TRAP COUPLING,,,,,,,,,,,,
596,BULKHEAD,BLKHD,BH,BULKHEAD FITTING,BLK HD,B/H,BULK HD,B.H.,BLKHD FTG,BH FTG,BULKHEAD CONNECTOR,,,,,,,,,,,,
597,VAN STONE FLANGE,VAN STONE FLG,VANSTONE FLANGE,VANSTONE FLG,VS FLANGE,VS FLG,V.S. FLANGE,V.S. FLG,V/S FLANGE,V/S FLG,VSF,,,,,,,,,,,,
598,45 DEGREE BEND,45° BEND,45 DEG BEND,45 DEGREE BND,45° BND,45 DEG BND,BEND 45 DEGREE,BEND 45°,BEND 45 DEG,BND 45 DEG,BND 45°,,,,,,,,,,,,
599,BACKING RING,BACK RING,B/RING,B RING,B/R,B.R.,BKING RING,BK RING,BACKING RNG,BCK RING,BCKNG RNG,,,,,,,,,,,,
600,BACK-UP FLANGE,BUF,BACKUP FLANGE,BACK UP FLANGE,B/U FLANGE,B-U FLANGE,BACK-UP FLG,BACKUP FLG,B/U FLG,B-U FLG,BU FLANGE,,,,,,,,,,,,
601,BAS RIM AND GUIDE,BASE RIM AND GUIDE,BAS RIM & GUIDE,BASE RIM & GUIDE,BAS R&G,BASE R&G,BAS R & G,BASE R & G,BAS GUIDE & RIM,BASE GUIDE & RIM,BAS GDE & RIM,,,,,,,,,,,,
602,BASE RIM AND GUIDE,BASE RIM & GUIDE,GUIDE & BASE RIM,GUIDE AND BASE RIM,RIM AND GUIDE BASE,RIM & GUIDE BASE,B/R AND GUIDE,B/R & GUIDE,BASE R&G,BASE R & G,BR&G,,,,,,,,,,,,
603,BLIND UNION FLANGE,BLN UNION FLG,BLIND UN FLG,BU FLANGE,BU FLG,BLND UNION FLANGE,BLND UN FLG,BLIND UNION,BLN UN,B.U. FLANGE,B.U.F.,,,,,,,,,,,,
604,BUSHING FLANGE,BUSH FLG,BUSH FLANGE,BUSHING FLG,BSH FLG,BSH FLANGE,BSHG FLG,BSHG FLANGE,BG FLG,BG FLANGE,BUSH-FLG,,,,,,,,,,,,
605,CHAINWHEEL,CHAIN WHEEL,CHNWHL,CHN WHL,CH-WHL,CHAIN-WHEEL,CH WHEEL,CHAIN OPERATOR,CHN OPERATOR,CHAIN-OPERATOR,CH.WHL,,,,,,,,,,,,
606,GUIDE,GD,GUD,GUYD,GUID,GUIDE RAIL,GUIDE ROD,GUIDE PIN,GUIDE BAR,GUIDE BLOCK,GUIDE PLATE,,,,,,,,,,,,
607,MECHANICAL COVER KIT,MECH COVER KIT,MECH COV KIT,MCK,MECHANICAL CVR KIT,MECH CVR KIT,MECHANICAL COVER SET,MECH COVER SET,MECHANICAL CVR SET,MECH CVR SET,MECHANICAL KIT,,,,,,,,,,,,
608,MECHANICAL KIT,MECH KIT,MECH-KIT,MECHANICAL SET,MECH SET,MECH. KIT,MECH ASSEMBLY,MECHANICAL ASSEMBLY,M-KIT,MECHANICAL PKG,MECH PKG,,,,,,,,,,,,
609,MJ ADAPTER,MECHANICAL JOINT ADAPTER,MJ ADAPTOR,MECHANICAL JOINT ADAPTOR,MJ-ADAPTER,MJ-ADAPTOR,MECH JOINT ADAPTER,MECH JT ADAPTER,M.J. ADAPTER,M.J.A.,MJA,,,,,,,,,,,,
610,RIM AND GUIDE,R&G,RIM & GUIDE,R AND G,R + G,R-G,RIM/GUIDE,RIM + GUIDE,RIM-GUIDE,R+G,R/G,,,,,,,,,,,,
611,STUB END BACKUP FLANGE,STUB END BU FLG,STUB END B/U FLG,STUB END BACKUP FLG,STUB END B.U. FLANGE,SE BACKUP FLANGE,SE BU FLG,SE B/U FLG,SE BACKUP FLG,STUB END B-U FLG,SE B-U FLANGE,,,,,,,,,,,,
612,STUB END FLANGE,STUB FLG,STUB END FLG,STUB-END FLANGE,STUB FLANGE,SE FLANGE,SE FLG,STB END FLG,S.E. FLANGE,S.E. FLG,STUB-END FLG,,,,,,,,,,,,
613,FORGED STEEL GASKET,FGD STL GSK,FRGD STL GSK,FORGED STL GSKT,FGD STEEL GASKET,FORGED STL GSK,FRGD STEEL GSKT,FGD STL GSKT,FORGED STEEL GSK,FRGD STL GASKET,FORGED STL GASKET,,,,,,,,,,,,
614,FLANGE ADAPTER GASKET,FLG ADPTR GSK,FA GSK,FLANGE ADPTR GASKET,FLG ADAPTER GASKET,FL ADPTR GSK,FLNG ADPTR GSK,F.A. GASKET,FA GSKT,FLANGE ADPT GSK,F/A GASKET,,,,,,,,,,,,
615,GROOVED FLANGE ADAPTER,GRV FLG ADPT,GROOVE FLG ADAPTER,GRV FLANGE ADPTR,GROOVED FLG ADPT,GRV FLG ADP,GRVD FLG ADPTR,GRV-FLG-ADPT,GROOVE/FLG/ADPT,GRV.FLG.ADPT,GROOVED FLANGE ADP,,,,,,,,,,,,
616,GROOVED FLANGE ADAPTER GASKET,GROOVED FLG ADPTR GSKT,GRV FLG ADPTR GSKT,GRVD FLG ADPTR GSKT,GRV FLANGE ADAPTER GSK,GROOVED FLANGE ADPTR GSK,GRV FLG ADAPT GASKET,GRVD FLANGE ADAPT GSK,GROOVE FLG ADAPTER GSK,GRV FL ADAPTER GASKET,GROOVED FLANGE ADAPT SEAL,,,,,,,,,,,,
617,HANGER STRAP,HANG STRAP,HNGR STRAP,PIPE HANGER STRAP,HANGER STRP,HANG STRP,HNGR STRP,PIPE STRP,H STRAP,PIPE SUPPORT STRAP,SUPPORT STRAP,,,,,,,,,,,,
618,HEX HEAD CAP SCREW,HHCS,HEX HD CAP SCREW,HEX CAP SCREW,HH CAP SCREW,HEX HEAD SCREW,HEXHEAD CAP SCREW,HCS,H.H.C.S.,HEX HD CS,HEX HEAD C/S,,,,,,,,,,,,
619,455. HEX MACHINE BOLT,HEX MACHINE BOLT,HEX M BOLT,HEX MB,HMAB,HM BOLT,H.M.B.,MACHINE HEX BOLT,M HEX BOLT,455 HEX BOLT,455 HMB,,,,,,,,,,,,
620,LINK CHAIN,LNK CHN,LINK-CHAIN,LK CHAIN,L-CHAIN,L.CHAIN,LCHAIN,CHAIN LNK,CHAIN-LINK,CHAIN LINK,L/CHAIN,,,,,,,,,,,,
621,LIQUID LEAK DETECTOR,LLD,LEAK DETECTOR,LIQUID DETECTOR,LEAK TEST FLUID,LEAK TEST SOLUTION,LEAK CHECK FLUID,LEAK FINDING SOLUTION,LEAK DETECTION FLUID,LEAK LOCATOR,LEAK TESTING COMPOUND,,,,,,,,,,,,
622,T-GASKET,T GSK,T-GSK,TGSK,T GASKET,T-TYPE GASKET,T TYPE GSK,T.GSK,T/GSK,T/G,T.G,,,,,,,,,,,,
623,SHEET,SHT,SH,SHEE,METAL SHEET,FLAT SHEET,PLATE SHEET,STL SHEET,STEEL SHEET,SHEETMETAL,SH MTL,,,,,,,,,,,,
624,COVER KIT,CVR KIT,COVER SET,CVR SET,COVER ASSEMBLY,CVR ASSEMBLY,COVER ASSY,CVR ASSY,COVER PKG,CVR PKG,COVER PACKAGE,,,,,,,,,,,,
625,TUBE PLUG,TB PLG,TBPLG,T-PLG,T PLG,TUBE PLG,T/PLG,TUB PLG,T.PLG,TUBEPLUG,TUBE-PLG,,,,,,,,,,,,
626,45 WYE,45° WYE,45 DEG WYE,45° Y,45 DEG Y,WYE 45,WYE 45°,Y 45,Y 45°,45-Y,45Y,,,,,,,,,,,,
627,BF SADDLE,BUTTERFLY SADDLE,BUTTERFLY VLV SADDLE,BFV SADDLE,B/F SADDLE,B.F. SADDLE,BFLY SADDLE,B-F SADDLE,BTRFLY SADDLE,BTFLY SADDLE,B/FLY SADDLE,,,,,,,,,,,,
628,BLACK PIPE,BLK PIPE,BLK PP,BLACK PP,BLK PIP,BLACK PIP,B/P,BLK P,BLKP,BP,B PIPE,,,,,,,,,,,,
629,BRANCH FITTING SADDLE,BRANCH SADDLE,SADDLE BRANCH,BRANCH FTG SADDLE,BF SADDLE,BRANCH FITTING,SADDLE FITTING,BRANCH SADDLE FITTING,SADDLE BRANCH FITTING,B.F. SADDLE,BR FTG SADDLE,,,,,,,,,,,,
630,CORRUGATED,CORR,CORRUG,CORRG,COR,CRGTD,CRRUG,CRRGTD,CORRUGATE,CRGT,CRG,,,,,,,,,,,,
631,FAB TEE,FABRICATED TEE,FAB T,FABR TEE,FABRICATED T,FAB. TEE,FABR. TEE,FAB'D TEE,FABRICATED T-PIECE,FAB T-PIECE,FABR T,,,,,,,,,,,,
632,FABRICATED FLANGE,FAB FLANGE,FAB FLG,FABR FLANGE,FABR FLG,FABRICATED FLG,FAB. FLANGE,FAB. FLG,FABR. FLANGE,FABR. FLG,F/F,,,,,,,,,,,,
633,HDPE,HIGH DENSITY POLYETHYLENE,HIGH-DENSITY POLYETHYLENE,HDPE PIPE,HIGH DENSITY PE,HD POLYETHYLENE,H.D.P.E.,HIGH-DENSITY PE,HD PE,HDPE LINE,HIGH DENSITY PE PIPE,,,,,,,,,,,,
634,IRON PIPE SIZE PIPE,IPS PIPE,IPS,IRON PIPE SIZE,I.P.S. PIPE,I.P.S.,IRON PIPE,IP SIZE PIPE,IP SIZE,IRON PS PIPE,I P S,,,,,,,,,,,,
635,PERFORATED,PERF,PERFD,PERF'D,PERFORATD,PRF,PRFRTD,PER,PRFR,PERFRT,P'FTD,,,,,,,,,,,,
636,PLAIN SOLID PIPE,PSP,PLN SLD PIPE,PLAIN PIPE,SOLID PIPE,P/S PIPE,PLN PIPE,SLD PIPE,P.S.P.,P-S-P,P/S/P,,,,,,,,,,,,
637,REDUCER TEE,RED TEE,REDUCING TEE,TEE REDUCER,RDCR TEE,REDUC TEE,RED T,REDUCER T,REDUCING T,RDCR T,REDUC T,,,,,,,,,,,,
638,SADDLE ROUND BASE,SADDLE RD BASE,RD BASE SADDLE,ROUND BASE SADDLE,ROUND SADDLE BASE,SRB,RD SADDLE BASE,SADDLE BASE RD,SADDLE BASE ROUND,RND BASE SADDLE,SADDLE RND BASE,,,,,,,,,,,,
639,SADDLE TEE,SADDLE T,SDL TEE,SDL T,BRANCH SADDLE,WELDOLET,TEE SADDLE,SADDLE BRANCH,PIPE SADDLE,SADDLE FITTING,BRANCH CONNECTION,,,,,,,,,,,,
640,SOLID,SLD,SOL,SOLID STATE,S/L/D,S.L.D.,SLD ST,SOLST,S-L-D,S/L,S.L.,,,,,,,,,,,,
641,SOLID PIPE,SOL PIPE,SOLID PIP,S PIPE,SLD PIPE,SOLID PP,SOL PP,SLD PP,S PP,SOLID P,SLD P,,,,,,,,,,,,
642,SWAGED REDUCER,SWGD RED,SWG RED,SWAGED RED,SWGD REDUCER,SWG REDUCER,SWAGE REDUCER,SWGD RDR,SWAGED RDR,SWG RDR,SWAGE RDR,,,,,,,,,,,,
643,THREADED FITTING,THD FTG,THRD FTG,THD FITTING,THRD FITTING,SCREWED FITTING,SCR FTG,SCRD FTG,NPT FITTING,NPT FTG,THREADED FTG,,,,,,,,,,,,
644,WELDING ROD,WLD ROD,WELD ROD,W ROD,W/ROD,WLDG ROD,WELDING ELECTRODE,WLD ELECTRODE,WELD ELECTRODE,WELDING CONSUMABLE,WELD WIRE,,,,,,,,,,,,
645,ROD,RD,THREADED ROD,THD ROD,TH RD,T ROD,CONNECTING ROD,CONN ROD,ALL THREAD ROD,ALL-THREAD,ATR,,,,,,,,,,,,
646,ACCESSORY KIT,ACC KIT,ACCY KIT,ACCESS KIT,ACCESSORIES KIT,ACC SET,ACCY SET,ACCESS SET,ACCESSORY SET,ACC PACK,ACCY PACK,,,,,,,,,,,,
647,BUTTERFLY SPACER,BFV SPACER,BFLY SPACER,BTF SPACER,BF SPACER,BUTTERFLY SPC,BFV SPC,BFLY SPC,BTF SPC,BF SPC,BTFLY SPACER,,,,,,,,,,,,
648,BUTTERFLY VALVE SPACER,BFV SPACER,BFLY VLV SPACER,BTF VLV SPACER,BTRFLY VLV SPACER,BV SPACER,BTFLY SPACER,BTF SPACER,BFV-SPACER,BUTTERFLY SPACER,BFLY SPACER,,,,,,,,,,,,
649,CHAMFER,CHFR,CHMFR,CHAMP,CHF,CHAM,CHAMP EDGE,CHAMFERED,CHAMFERED EDGE,CHAMFER EDGE,CH,,,,,,,,,,,,
650,CLEANOUT WITH RAISED HEAD PLUG,C.O. W/ RAISED HEAD PLUG,CLEANOUT W/RAISED HEAD,CO W/RAISED HEAD PLUG,CLEANOUT RAISED HEAD,C.O. RAISED HEAD,RAISED HEAD CLEANOUT,RH CLEANOUT,RAISED HEAD CO,RH CO,CO RH PLUG,,,,,,,,,,,,
651,FABRICATED BRANCH SADDLE,FAB BRANCH SADDLE,FABRICATED BR SADDLE,FAB BR SADDLE,BRANCH SADDLE FAB,BR SADDLE FAB,FBR SADDLE,FAB SADDLE,BRANCH SDL FAB,BR SDL FAB,FABR BR SDL,,,,,,,,,,,,
652,GROOVED ADAPTER,GRV ADPTR,GROOVE ADPTR,GRV ADAPTER,GRVD ADPTR,GRVD ADAPTER,GRVED ADPTR,GRV-ADPTR,GROOVE-ADPTR,GRVED-ADPTR,GRVD-ADPTR,,,,,,,,,,,,
653,MECHANICAL TEE,MECH TEE,MECH T,MECHANICAL T,M-TEE,M TEE,M/TEE,M.TEE,MECH-TEE,M-T,M/T,,,,,,,,,,,,
654,QUICK CONNECT ADAPTER,QC ADAPTER,QUICK CONN ADPTR,Q/C ADAPTER,QUICK CONNECT ADPTR,QC ADPTR,Q-C ADAPTER,QUICK-CONNECT ADAPTER,Q.C. ADAPTER,QUICK CONN ADAPTER,Q/C ADPTR,,,,,,,,,,,,
655,TAP ON PIPE TEE,TAP ON TEE,TAPPED TEE,TEE WITH TAP,PIPE TEE W/TAP,TAPPED PIPE TEE,BRANCH TAP TEE,TEE WITH BRANCH TAP,PIPE TEE WITH TAP,BRANCH TAPPED TEE,TAPPING TEE,,,,,,,,,,,,
656,TRANSITION PIPE,TRANS PIPE,TRANSITION PP,TRANS PP,TRANS P,TRAN PIPE,TRANSITIONAL PIPE,TRANS-PIPE,TRANS. PIPE,TRAN-PIPE,TRNS PIPE,,,,,,,,,,,,
657,BOSS CLAMP,BOSS CLP,BS CLMP,BS CLP,BSS CLMP,BOSS-CLMP,BSS-CLP,BSS/CLP,BOSS/CLMP,B/CLMP,B.CLMP,,,,,,,,,,,,
658,EXTENSION PIECE,EXT PIECE,EXTENSION PC,EXT PC,EXT PCS,EXTENSION PCS,EXTENDER,EXTN PIECE,EXTN PC,EXT PCE,EXTENSION PCE,,,,,,,,,,,,
659,EXTERNAL PLUG,EXT PLUG,EX PLUG,EXTERNAL PLG,EXT PLG,EX PLG,EXTERNL PLG,EXTNL PLUG,EXTNL PLG,E PLUG,E PLG,,,,,,,,,,,,
660,ONE HOLE CLAMP,1-HOLE CLAMP,1 HOLE CLAMP,SINGLE HOLE CLAMP,1H CLAMP,1-H CLAMP,ONE-HOLE CLAMP,1HOLE CLAMP,1 H CLAMP,CLAMP 1H,CLAMP 1-HOLE,,,,,,,,,,,,
661,PIPE RING,PIPE RNG,P RING,P RNG,PIPE RETAINING RING,PIPE RETENTION RING,PIPE R/R,P R/R,PIPING RING,P.RING,P.RNG,,,,,,,,,,,,
662,SOCKET,SKT,SOCKT,SOC,S,SCKT,SKT FTG,SOCKET FITTING,SOCKET FTG,SOC FTG,S FTG,,,,,,,,,,,,
663,SPLIT PIPE RING,SPR,SPLIT RING,SPLIT PIPE CLAMP,SPLIT RING CLAMP,PIPE SPLIT RING,S.P.R.,SPLIT-PIPE RING,SPLIT-RING,SPLIT P RING,SP RING,,,,,,,,,,,,
664,SPLIT RING,SPL RNG,SP RNG,SPLIT RNG,SPL RING,SP RING,S/R,S.R.,SPLT RNG,SPLT RING,S RING,,,,,,,,,,,,
665,SPLIT PIPE,SPLIT PIPE FITTING,SPL PIPE,SPLIT PP,SP PIPE,SPLIT PIP,SPL PIP,SPLIT-PIPE,SPLIT/PIPE,S/PIPE,SP/PIPE,,,,,,,,,,,,
666,SWIVEL SPLIT RING,SWVL SPLT RNG,SWVL SPLIT RNG,SWV SPLT RNG,SWVL S/R,SWVL SR,SWIVEL SR,SWIVEL S/R,SWV SR,SWV S/R,SWVL SPLIT RING,,,,,,,,,,,,
667,GAS PIPE,GP,G PIPE,GAS PIP,G.P.,GAS LINE,GASLINE,G-PIPE,G/P,GAS P,G LINE,,,,,,,,,,,,
668,3-WAY SOLENOID,3WAY SOLENOID,THREE WAY SOLENOID,3-WAY SOL,3WAY SOL,THREE WAY SOL,3 WAY SOLENOID,3W SOLENOID,3W SOL,3-WAY SOLENOID VALVE,3WAY SOLENOID VLV,,,,,,,,,,,,
669,505. 45 DEGREE GROOVE FITTING,505. 45 DEG GROOVE FTG,505. 45° GROOVE FTG,505. 45 DEGREE GRV FTG,505. 45° GRV FTG,505. 45 DEG GRV FITTING,505. 45 GROOVE,505. 45° GRV,505. 45 GRV,505. 45 FTG,505. GROOVE 45,,,,,,,,,,,,
670,4-WAY,FOUR WAY,FOUR-WAY,4 WAY,4WAY,FOUR-WAY CROSS,4-WAY CROSS,4 WAY CROSS,FOURWAY,4-WAY CROSSING,FOUR WAY CROSS,,,,,,,,,,,,
671,ADAPTER SLEEVE,ADPT SLV,ADAPT SLV,ADPTR SLEEVE,ADAPTER SLV,ADPT SLEEVE,ADP SLV,ADPT SLVE,ADAPT SLEEVE,ADPTR SLV,ADP SLEEVE,,,,,,,,,,,,
672,ADHESIVE,ADHSV,ADH,ADHES,ADHESV,BONDING AGENT,BOND AGENT,GLUE,CEMENT,SEALANT,EPOXY,,,,,,,,,,,,
673,ADJUSTABLE ANGLE THERMOMETER,ADJ ANGLE THERM,ADJ ANG THERM,ADJUST ANGLE THERM,ADJ-ANGLE THERMOMETER,ADJUSTABLE THERM,ADJ THERMOMETER,ADJ-ANG THERM,ADJUST-ANGLE THERM,AAT,ADJ A THERM,,,,,,,,,,,,
674,ADJUSTABLE WRENCH,ADJ WRENCH,ADJUSTABLE SPANNER,ADJ SPANNER,CRESCENT WRENCH,MONKEY WRENCH,SHIFTING SPANNER,ADJ-WRENCH,ADJ. WRENCH,ADJUST WRENCH,ADJUSTABLE-WRENCH,,,,,,,,,,,,
675,AGS,AUTOMATIC GAUGE SWITCH,AUTO GAUGE SWITCH,AUTO GAGE SWITCH,AUTOMATIC GAGE SWITCH,AGS SWITCH,A.G.S.,A-G-S,A/G/S,AUTO G SWITCH,A G S,,,,,,,,,,,,
676,512. AIR AND VACUUM VALVE,AIR & VACUUM VALVE,AIR/VACUUM VALVE,A&V VALVE,A/V VALVE,AIR & VAC VLV,AIR/VAC VLV,A&V VLV,A/V VLV,512 A&V VALVE,512 AIR/VAC VALVE,,,,,,,,,,,,
677,AIR KING,AIR KNG,A/KING,A KING,A-KING,A.KING,AIR-KING,A/K,A.K.,AK,A-K,,,,,,,,,,,,
678,ALL THREAD ROD,ATR,A/T ROD,ALL-THREAD,THREADED ROD,A.T.R.,ALL THD ROD,FULL THREAD ROD,CONTINUOUS THREAD ROD,FULLY THREADED ROD,THD ROD,,,,,,,,,,,,
679,ANGLE STOP,ANG STOP,ANGLE STP,ANG STP,ANGL STOP,ANGL STP,A STOP,A STP,ASTOP,ASTP,A-STOP,,,,,,,,,,,,
680,ATTACHMENT SET,ATTACH SET,ATTCH SET,ATTACHMT SET,ATT SET,ATCH SET,SET ATTACH,SET ATTCH,ATTACHMENT KIT,ATTACH KIT,ATTCH KIT,,,,,,,,,,,,
681,ATTACHMENT WELD BEAM,ATT WELD BEAM,ATTACH WELD BEAM,ATT W BEAM,ATTACHMENT W BEAM,ATTACH W BEAM,ATT WLD BEAM,ATTACHMENT WLD BEAM,ATTACH WLD BEAM,AWB,A.W.B.,,,,,,,,,,,,
682,BAND,BANDING,BND,STRAP,PIPE BAND,STAINLESS BAND,SS BAND,METAL BAND,STEEL BAND,CLAMP BAND,STRAPPING,,,,,,,,,,,,
683,BELBOW MALE ADAPTER,BELBOW M ADPT,BELBOW MALE ADPT,BELBOW M ADP,BELBOW MA,B-ELBOW MALE ADAPTER,B-ELBOW M ADPT,BELB M ADPT,BELB MA,BELBOW M,B-ELB MALE ADPT,,,,,,,,,,,,
684,BELBOW X MALE ADAPTER,BELBOW X MAD,BELB X MALE ADPT,BELB X MA,BE X MALE ADAPTER,BELBOW X M ADPTR,B/E X MALE ADPTR,BELB X M AD,BE X MAD,BELBOW TO MALE,BE-MA,,,,,,,,,,,,
685,BELL ADAPTER,BELL ADPT,BLL ADPTR,BELL ADAPTR,BLL ADAPTER,BELL-ADAPTER,BELL-ADPT,B-ADAPTER,B ADPT,BELL ADAPT,B-ADPTR,,,,,,,,,,,,
686,BOLT,BLT,FASTENER,FSTNR,B,BLTS,BOLTG,BOLT ASSY,BOLT ASSEMBLY,BOLT FAS,BOLTING,,,,,,,,,,,,
687,BOLT AND NUT,B&N,BLT & NUT,BOLT & NUT,BOLT/NUT,B/N,BOLT W/NUT,BOLT WITH NUT,BN,BOLT+NUT,BOLT-NUT,,,,,,,,,,,,
688,BOLT AND NUT SET,B&N SET,BOLT & NUT SET,BOLT/NUT SET,B/N SET,BOLT NUT ASSEMBLY,BOLT AND NUT ASSEMBLY,FASTENER SET,BOLT NUT SET,B AND N SET,STUD BOLT AND NUT SET,,,,,,,,,,,,
689,BOLT WITH NUT,BOLT W/NUT,BOLT & NUT,BLT W/NUT,BLT & NUT,BOLT AND NUT,B/W NUT,BOLT/NUT,BLT/NUT,B&N,B/N,,,,,,,,,,,,
690,BONNET,BON,BNT,VALVE BONNET,VLV BONNET,BONNET ASSY,BONNET ASSEMBLY,VALVE BON,VLV BON,BONNETT,BONET,,,,,,,,,,,,
691,BOSS COUPLING,BOSS CPLG,BOSS CPLNG,BSS COUPLING,BSS CPLG,BSS CPLNG,BOSS-CPLG,BOSS-CPLNG,BSS-CPLG,BSS-CPLNG,BOSS CPL,,,,,,,,,,,,
692,BOSS HOSE ADAPTER,BOSS HSE ADPTR,BHA,BOSS-HOSE ADPTR,BOSS/HOSE ADAPTER,BOSS TO HOSE ADAPTER,BOSS-HOSE FITTING,BOSS X HOSE ADAPTER,BOSS/HSE ADPTR,BOSS-HSE-ADPTR,BOSS HOSE FITTING,,,,,,,,,,,,
693,BOSS STEM,BS STEM,BOSS STM,BS STM,BOSS STEEM,BOSS,B STEM,BOSS-STEM,B/S STEM,B.S. STEM,B-STEM,,,,,,,,,,,,
694,BRACKET,BRKT,BRACK,BRCKT,BKT,BRACKET SUPPORT,BRAC,BRKT SUPP,BKT SUPP,BRKT SUPPORT,MOUNTING BRACKET,,,,,,,,,,,,
695,BULKHEAD ELBOW ADAPTER,BLKHD ELB ADPTR,BLKHD ELL ADPTR,BH ELB ADPTR,BH ELL ADPTR,BLKHD ELBOW ADP,BULKHEAD ELB ADP,BLKHD ELL ADP,BH ELBOW ADP,BULKHEAD ADAPTER,BH ELL ADP,,,,,,,,,,,,
696,CABLE KIT,CBL KIT,CBLE KIT,CABLE ASSY,CABLE ASSEMBLY,CBL ASSY,CBL SET,CABLE SET,CBLE SET,CABLE PACKAGE,CBL PKG,,,,,,,,,,,,
697,CALIBRATED FITTING,CAL FIT,CALIB FTG,CALIBR FTG,CAL FTG,CALIBRATED FTG,CALIB FITTING,CALIBR FITTING,CAL. FIT,CAL. FTG,CALIBR. FTG,,,,,,,,,,,,
698,CARRIAGE BOLT,CARR BOLT,CAR BOLT,CRGE BOLT,CARR BLT,CAR BLT,CB,CRBLT,C-BOLT,C BLT,CARRIAGE,,,,,,,,,,,,
699,CAULK GUN,CAULKING GUN,CLK GUN,SEALANT GUN,CAULKER,CAULK APPLICATOR,SEALANT APPLICATOR,CLK APPLICATOR,ADHESIVE GUN,SEALING GUN,CAULK DISPENSER,,,,,,,,,,,,
700,CHAIN,CHN,CAIN,CH,CHANE,CHAINE,CHAN,CHAYN,C-CHAIN,CH-N,CHNN,,,,,,,,,,,,
701,CHAMFER TOOL,CHAMF TOOL,CHFR TOOL,CHMFR TOOL,CHAMFERING TOOL,CHAM-TOOL,BEVEL TOOL,EDGE PREP TOOL,PIPE BEVEL TOOL,PIPE CHAMFER TOOL,PIPE PREP TOOL,,,,,,,,,,,,
702,CHANNEL NUT,CHAN NUT,CH NUT,CNUT,CNOT,C-NUT,CHNUT,CH-NUT,CHANNEL NT,CHNL NUT,CHNL NT,,,,,,,,,,,,
703,CHEMICAL CURE,CHEM CURE,CHM CURE,CHEMICAL CURING,CHEM CURING,CHM CURING,CH CURE,CHEMICAL CUR,CHEM CUR,CHM CUR,CH CUR,,,,,,,,,,,,
704,CLEANOUT,C.O.,CLN OUT,CLEAN-OUT,CLN-OUT,CO,CLEAN OUT,CLNOUT,C/O,CL OUT,CLEAN-O,,,,,,,,,,,,
705,CLEANOUT WITH PLUG,CO W/ PLUG,C.O. WITH PLUG,CLEANOUT W/PLUG,CO WITH PLUG,C.O.W/P,CLEANOUT & PLUG,CO & PLUG,C/O W/PLUG,CLEANOUT/PLUG,CO/PLUG,,,,,,,,,,,,
706,CLOSE HD NIPPLE,CLOSE HEAD NIPPLE,CLS HD NIP,CLOSE HD NIP,CLS HEAD NIP,CLOSE HEADED NIPPLE,CLS HD NIPPLE,CLOSE HEADED NIP,CH NIPPLE,CH NIP,CLOSE HD,,,,,,,,,,,,
707,COMBINATION KING NIPPLE,COMBO KING NIP,COMB KING NIP,COMBINATION KNG NIP,COMBO KNG NIP,COMB KNG NIP,KING COMBO NIP,KNG COMBO NIP,KING COMB NIP,KNG COMB NIP,COMBO K-NIP,,,,,,,,,,,,
708,COMP COUPLING,COMPRESSION COUPLING,COMP CPLG,COMPRESSION CPLG,COMP COUPL,COMPRESSION COUPL,COMP CPL,COMPRESSION CPL,COMP-CPLG,COMP-CPL,COMPRESSION-CPLG,,,,,,,,,,,,
709,COMPLETE UNION,COMP UNION,COMP UN,CMPLT UNION,CMPL UN,CMPLT UN,CMP UNION,COMPLETE UN,CMPLT,CPL UN,CPL UNION,,,,,,,,,,,,
710,CONDUIT CLAMP,COND CLMP,COND CLP,CONDUIT CLP,CNDUIT CLAMP,COND CLAMP,CDT CLAMP,CDT CLP,CONDUIT CLIP,COND CLIP,CNDUT CLMP,,,,,,,,,,,,
711,CONDUIT HANGER,COND HNGR,CONDUIT HNGR,COND HANGER,COND HGR,CONDUIT HGR,CONDUCT HANGER,CNDUIT HANGER,CNDUT HNGR,C HANGER,C HNGR,,,,,,,,,,,,
712,CONTROL DISC STEAM TRAP,CD STEAM TRAP,CONTROL DISC ST,CD ST,CTRL DISC TRAP,CTRL DSC ST,CD TRAP,CONTRL DSC TRAP,CTRL DISC STM TRAP,CD STM TRAP,CNTRL DSC TRAP,,,,,,,,,,,,
713,CORNER ANGLE,CORN ANGL,CORN ANG,CRN ANGL,CORN-ANGL,CNR ANGL,CORNER ANG,COR ANGLE,CNR ANGLE,C/ANGLE,C-ANGLE,,,,,,,,,,,,
714,COUPLING NUT,CPLG NUT,CPL NUT,COUPLING N,CPLNUT,CPL-NUT,CPLG-NUT,C-NUT,COUP NUT,CNUT,CN,,,,,,,,,,,,
715,COUPLING GASKET,CPLG GSK,CPLG GSKT,CPL GSK,CPL GSKT,COUP GSK,COUP GSKT,COUPLING GSK,COUPLING SEAL,CPLG SEAL,CPL SEAL,,,,,,,,,,,,
716,CUSHION CLAMP,CUSHION CLMP,CUSH CLAMP,CUSH CLMP,CSH CLMP,CUSHION-CLAMP,CUSHION/CLAMP,CUSH-CLAMP,CUSH/CLAMP,CUSHCLAMP,CUSHCLMP,,,,,,,,,,,,
717,CUSHION PIPE STRUT CLAMP,CUSHION STRUT CLAMP,CPSC,CUSH PIPE STRUT,CUSH STRUT CLAMP,CUSHION PIPE CLAMP,CUSHION STRUT,PIPE STRUT CLAMP CUSHION,STRUT CLAMP CUSHION,CUSHIONED PIPE CLAMP,CUSHIONED STRUT CLAMP,,,,,,,,,,,,
718,CUSHION TUBE CLAMP,CUSHION TUBE CLMP,CUSHION TBE CLAMP,CUSH TUBE CLAMP,CUSHION T CLAMP,CUSH T CLAMP,CUSH TUBE CLMP,CUSHION TC,CSH TUBE CLAMP,CUSHION CLAMP,CTC,,,,,,,,,,,,
719,CUSHION TUBE STRUT CLAMP,CUSHION TUBE STRUT,TUBE STRUT CLAMP,CUSHION STRUT CLAMP,CUSHION CLAMP,CTB STRUT CLAMP,CTB CLAMP,CUSH TUBE CLAMP,TUBE CUSHION CLAMP,CUSH STRUT,CTB,,,,,,,,,,,,
720,CUTOFF,CUT OFF,CUT-OFF,CUTTING OFF,CUT,CUTOFF POINT,C/O,C.O.,CUTOFF MARK,CUT LINE,CUTOFF LINE,,,,,,,,,,,,
721,DELUGE,DELUGE VALVE,DLG,DLG VLV,DEL VLV,DELUGE SYSTEM,DLG SYSTEM,DEL SYSTEM,DELUGE SYS,DLG SYS,DEL SYS,,,,,,,,,,,,
722,DIELECTRIC UNION,DIEL UNION,DI-EL UNION,DIE UNION,D/E UNION,DE UNION,DIEL UN,D.E. UNION,DIELECTRIC UN,DI-ELECTRIC UNION,D-E UNION,,,,,,,,,,,,
723,559. DIV SET,559 DIVERTER SET,559 DIV SEAT,559 DIVERTER,559 DIV,DIV SET 559,DIVERTER SET 559,559 DIV. SET,559.DIV.SET,559-DIV-SET,559/DIV/SET,,,,,,,,,,,,
724,DOUBLE BOLT CLAMP,DBL BOLT CLAMP,DBL BLT CLAMP,DOUBLE B CLAMP,DB CLAMP,DBC,D.B.C.,2-BOLT CLAMP,TWO BOLT CLAMP,2B CLAMP,DUAL BOLT CLAMP,,,,,,,,,,,,
725,DOUBLE BOLT CLAMP WITH SADDLE,DBL BOLT CLAMP W/SADDLE,DBL BOLT CLMP W/SDL,2-BOLT CLAMP W/SADDLE,DOUBLE BOLT CLMP & SADDLE,DBL BOLT & SADDLE CLAMP,2-BOLT SADDLE CLAMP,DOUBLE-BOLT SADDLE CLAMP,DBL-BOLT CLAMP/SADDLE,2BOLT CLAMP W/SADDLE,DBL BOLT SADDLE CLAMP,,,,,,,,,,,,
726,DOUBLE HEX NIPPLE,DBL HEX NIP,DBL HX NIP,DH NIP,DHN,2X HEX NIP,DOUBLE HEXAGON NIPPLE,DBL HEXAGON NIP,HEX X HEX NIP,HXH NIP,D-HEX NIP,,,,,,,,,,,,
727,DRY PIPE,DRY PIP,DRY-PIPE,DRYPIPE,D PIPE,D-PIPE,D.PIPE,DRY P,D.P.,D/P,DP,,,,,,,,,,,,
728,DRY PIPE VALVE,DPV,DRY-PIPE VLV,DRY PIPE VLV,D.P.V.,DRY-P-VLV,DRY P VLV,DRY-P VALVE,D P VALVE,D-P-V,DRY P V,,,,,,,,,,,,
729,ELBOW ADAPTER,ELB ADP,ELL ADP,ELBOW ADPT,ELL ADPT,ELB ADPTR,ELL ADPTR,ELBOW ADAPTR,ADPT ELBOW,ADPTR ELBOW,ADAPTER ELBOW,,,,,,,,,,,,
730,ENDSEAL,END SEAL,END-SEAL,END_SEAL,SEAL END,SEAL-END,SEAL_END,ES,E/S,E.S.,E-S,,,,,,,,,,,,
731,ENVELOPE GASKET,ENV GSK,ENVL GSKT,ENV-GSK,ENVELOPE GSK,ENVL-GSK,ENV GASKET,ENVL GASKET,ENV-GSKT,ENVL-GSKT,ENVELOPE-GSK,,,,,,,,,,,,
732,EXPANSION TANK,EXP TNK,EXP TANK,EXPAN TNK,EXPAN TANK,ET,E.T.,EXPANSION VSL,EXP VSL,EXPANSION VESSEL,EXP VESSEL,,,,,,,,,,,,
733,FENDER WASHER,FND WSHR,FNDR WSHR,FDR WSHR,FENDER WSHR,F WASHER,FND WSH,FNDR WSH,FDR WSH,F WSH,FENDER,,,,,,,,,,,,
734,FILTER,FLT,FLTR,FILTR,FTR,F.L.T.,F.L.T.R.,FILT,STRAINER,STRAINR,STR,,,,,,,,,,,,
735,FLANGE COUPLING,FLG COUPLING,FLANGE CPLG,FLG CPLG,FL COUPLING,FL CPLG,FLGD COUPLING,FLGD CPLG,FLANGE COUPLER,FLG COUPLER,FLGD COUPLER,,,,,,,,,,,,
736,FLANGE COUPLING ADAPTER,FCA,FLNG CPLG ADPTR,FL CPLG ADPTR,FLANGE CPLG ADAPT,FLG COUPLING ADAPTER,FLANGE COUPL ADAPT,FL CPL ADPTR,FLNG CPL ADPTR,FLG CPL ADPTR,F.C.A.,,,,,,,,,,,,
737,FLARE UNION,FLR UNION,FLARE UN,FLR UN,FL UNION,FL UN,FLARE U,FLR U,F UNION,FL U,F UN,,,,,,,,,,,,
738,FLAT SQUARE WASHER,SQ WASHER,SQUARE WASHER,FLAT SQ WASHER,SQ FLAT WASHER,F/SQ WASHER,FSQ WASHER,F.S.W.,SQ F/WASHER,SQUARE FLAT WASHER,F/S/W,,,,,,,,,,,,
739,FLEXIBLE CONNECTOR,FLEX CONN,FLEX CONNECTOR,FLX CONN,FLEXIBLE CONN,FLEX CONNECTION,FLEXIBLE CONNECTION,FLEX COUPLING,FLEXIBLE COUPLING,FC,FLX CONNECTOR,,,,,,,,,,,,
740,FLEXIBLE COUPLING,FLEX COUPLING,FLEX CPLG,FLEXIBLE CPLG,FLEX CPL,FLEXIBLE CPL,FL COUPLING,FL CPLG,FLX COUPLING,FLX CPLG,FLEX CPLG,,,,,,,,,,,,
741,FLEXIBLE GROOVED COUPLING,FLEX GROOVED CPLG,FLEX GRV CPLG,FLEXIBLE GRV CPLG,FLX GROOVED CPLG,FLEX GROOVE COUPLING,FLEXIBLE GRV COUPLING,FLX GRV COUPLING,FLEX GRV CPL,FLEXIBLE GROOVE CPLG,FLX GROOVE CPL,,,,,,,,,,,,
742,FLOW SWITCH,FLW SWTCH,FL SWITCH,FLOW SW,FL SW,F/S,FS,FLSW,FLOW DETECTOR,FLOW SENSOR,F.S.,,,,,,,,,,,,
743,FLUSH,FLH,FL,FLSH,FLS,FLSH CONN,FLUSH CONNECTION,FLUSH FITTING,FLUSH MOUNT,FLUSH CONNECTOR,FLUSH FTG,,,,,,,,,,,,
744,FLUSH SEAL,FLSH SEAL,FL SEAL,FLH SEAL,FLSH SL,FL SL,FLUSH-SEAL,FLUSH/SEAL,F/SEAL,F.SEAL,F-SEAL,,,,,,,,,,,,
745,FLUSH VALVE,FLUSH VLV,FL VLV,FL. VLV,FLSH VLV,FL. VALVE,FLSH VALVE,FLH VLV,FLH VALVE,F.VALVE,F.VLV,,,,,,,,,,,,
746,FLUSHSEAL,FLUSH SEAL,FLUSH-SEAL,FLUSH/SEAL,FLSH SEAL,FLSH-SEAL,FL SEAL,FL/SEAL,F/SEAL,F-SEAL,F SEAL,,,,,,,,,,,,
747,FOOT VALVE,FT VLV,FOOTVALVE,FT. VLV,FT VALVE,FOOT VLV,F VLV,F.V.,FTV,F.VALVE,FT-VLV,,,,,,,,,,,,
748,FREEZE PROTECTION,FRZ PROT,FREEZE PROT,FRZ PROTECTION,FROST PROTECTION,FROST PROT,FREEZE GUARD,FRZ GRD,FREEZEPROOF,ANTI-FREEZE,ANTIFREEZE,,,,,,,,,,,,
749,FULL FACE SPIRAL WOUND,FF SPIRAL WOUND,FF SW,FFSW,FF-SW,FULL FACE SW,FF SPWD,FULL FACE SPWD,FF-SPWD,FFSPWD,FULL FACE SP WND,,,,,,,,,,,,
750,FULL-FACE SPIRAL WOUND,FF SPIRAL WOUND,FULL FACE SW,FF SW,FULL-FACE SW,FULL FACE SPIRAL,FF SPRL WND,FULL-FACE SWG,FF SWG,FULL FACE SPIRAL WOUND GASKET,FF SPIRAL WOUND GASKET,,,,,,,,,,,,
751,GASKET SET,GSK SET,GASKET KIT,GSK KIT,GASK SET,SEAL KIT,SEAL SET,G/SET,GS/KIT,GSK-SET,G.SET,,,,,,,,,,,,
752,GRAB BAR,GRAB-BAR,GRABBAR,HAND RAIL,HANDRAIL,HAND-RAIL,SAFETY BAR,SAFETY RAIL,SUPPORT BAR,SUPPORT RAIL,ASSIST BAR,,,,,,,,,,,,
753,GRID DRAIN,GRD DRN,GRID DRN,GD DRAIN,FLOOR GRID DRAIN,FLOOR GRD DRN,GRD-DRN,GRID-DRAIN,G DRAIN,GD DRN,GRID-DRN,,,,,,,,,,,,
754,GROOVE,GRV,GROOV,GRVE,GRV'D,GROOVED,GROOVING,GR,G'VE,GRVD,GV,,,,,,,,,,,,
755,GROOVED MECHANICAL TEE,GROOVED MECH TEE,GRV MECH TEE,GRV MECHANICAL TEE,GROOVE MECH TEE,GROOVE MECHANICAL TEE,GMC TEE,GRV MCH TEE,GRVD MECH TEE,GRVED MECH TEE,GRV-MECH TEE,,,,,,,,,,,,
756,GROOVED RIGID COUPLING,GR COUPLING,RIGID GROOVE COUPLING,RIGID GROOVED CPLG,GRV RGD CPLG,GROOVE RGD CPL,RGD GRV CPLG,GRV RIGID COUPLING,RIGID GRV COUPLING,RGD GROOVE CPLG,RIGID GRV CPLG,,,,,,,,,,,,
757,GROOVED COUPLING GASKET,GRV CPL GSK,GRVD CPL GSK,GRV CPLG GSK,GROOVE CPL GSKT,GRVD CPLG GASKET,GRV COUPLING GSKT,GROOVED CPL GSKT,GRVD SEAL,GROOVE GASKET,GRV GSK,,,,,,,,,,,,
758,GROUND JOINT BOSS FEMALE COUPLING,GJ BOSS F COUPLING,GJ BOSS FEM CPLG,GROUND JT BOSS F CPLG,GRD JT BOSS FEM CPLG,GJ BOSS FEM COUPL,GRND JT BOSS F CPLG,GRD JOINT BOSS F CPL,GJ BOSS FEMALE CPL,GROUND JT BOSS FEM,GRD JT BOSS F COUPLING,,,,,,,,,,,,
759,HANDLE NUT,HDL NUT,HND NUT,HANDLE NT,H/NUT,HNDL NUT,HDL NT,HND NT,H NUT,HANDL NUT,H-NUT,,,,,,,,,,,,
760,HANDLE KIT,HNDL KIT,HDL KIT,HANDLE SET,HNDL SET,HDL SET,HANDLE ASSEMBLY,HNDL ASSEMBLY,HDL ASSEMBLY,HANDLE ASSY,HDL ASSY,,,,,,,,,,,,
761,HANGER SWIVEL RING,HNGR SWVL RNG,HANGER SWVL RING,SWIVEL RING HANGER,SWVL RNG HNGR,HSR,H.S.R.,SWVL HANGER RING,SWIVEL HNGR RING,HNGR RING SWIVEL,RING SWIVEL HANGER,,,,,,,,,,,,
762,HEAVY HEX BOLT,HVY HEX BOLT,HH BOLT,HEAVY HEX BLT,HVY HX BLT,HH BLT,HEAVY HEXAGON BOLT,HH HEXAGON BOLT,H.H. BOLT,H.H.B.,HHB,,,,,,,,,,,,
763,HEAVY HEXAGON NUT,HEAVY HEX NUT,HVY HEX NUT,HEAVY HX NUT,HVY HEXAGON NUT,HH NUT,HEAVY HEXNUT,2H NUT,2HN,HVY HX NUT,H.H.N,,,,,,,,,,,,
764,600. HEX BOLT WITH NUT,600# HEX BOLT W/NUT,600# HEX BOLT AND NUT,600LB HEX BOLT W/NUT,600 CLASS HEX BOLT W/NUT,600# HEXBOLT W/NUT,HEX BOLT W/NUT 600#,600 HB W/N,600# HB&N,600 LB HXBLT W/NUT,600# HXBLT & NUT,,,,,,,,,,,,
765,HEX CAP SCREW,HCS,HEX CAP,H/C/S,HC SCREW,HX CAP SCREW,HEXCAP,H.C.S.,HEX CS,HEXAGON CAP SCREW,HEX-CAP SCREW,,,,,,,,,,,,
766,HEX HEAD BOLT WITH NUT,HH BOLT W/NUT,HEX HD BOLT & NUT,HHBN,HEX BOLT W/NUT,HH BOLT AND NUT,HEX HEAD B/N,HEX HD B/N,HH B/N,HEXHEAD BOLT/NUT,HEX BOLT & NUT,,,,,,,,,,,,
767,HEX HEAD MACHINE BOLT,HHMS,HEX HD MC BOLT,HEX HD MACH BOLT,HH MACHINE BOLT,HEX HEAD MB,HEX HD MB,HEXHEAD M BOLT,HEX M BOLT,HH M BOLT,HEX MACHINE BOLT,,,,,,,,,,,,
768,HEX HEAD STRUCTURAL BOLT,HEX HEAD STRUCT BOLT,HH STRUCTURAL BOLT,HH STRUCT BOLT,HHSB,HH STR BOLT,STRUCTURAL HEX BOLT,STRUCT HEX BOLT,HEX STRUCT BOLT,HEX STR BOLT,H.H.S.B.,,,,,,,,,,,,
769,HEX HEAD TAP BOLT,HH TAP BOLT,TAP BOLT HH,HEX HD TAP BOLT,HH TB,TAP BOLT,HHTB,HEX TAP BOLT,TB HH,HD TAP BOLT,H.H.T.B.,,,,,,,,,,,,
770,HEX REDUCING NIPPLE,HEX RED NIPPLE,HEX RED NIP,HEX REDUCING NIP,HEXAGONAL REDUCING NIPPLE,HEXAGONAL RED NIPPLE,HEX RED NPL,HEX REDUCING NPL,HEX RDC NIPPLE,HEX RDC NIP,HEX REDC NPL,,,,,,,,,,,,
771,607. HEX TRANSITION,HEX TRANS,607 HEX TRANS,607. HEX TRANS,HEX TRAN,607 HEX TRAN,HEXAGONAL TRANSITION,607 HEXAGONAL TRANS,HEX TRANSITION FITTING,607 HEX TRANSITION,HEXAGONAL TRANS,,,,,,,,,,,,
772,HOSE,HS,HSE,FLEX HOSE,FLEXIBLE HOSE,HOS,FLEX LINE,FLEXIBLE LINE,FLEX TUBE,FLEXIBLE TUBE,FLEX,,,,,,,,,,,,
773,HOSE BARB COUPLING,HOSE BARB CPLG,HOSE BARB CPL,H.B. COUPLING,H.B. CPLG,HB COUPLING,HB CPLG,HOSE BARB,H BARB CPLG,BARB COUPLING,BARB CPLG,,,,,,,,,,,,
774,HYDRANT,HYD,HYDRNT,FIRE HYDRANT,FIRE HYD,FH,F.H.,F/H,F-H,HYDNT,FIRE-HYDRANT,,,,,,,,,,,,
775,HYDRAULIC HAND GUN,HYD HAND GUN,HYDRAULIC GUN,HYD GUN,HAND GUN HYDRAULIC,HYD HANDGUN,HYDRAULIC HANDGUN,H.H.G.,HYDRO HAND GUN,HYDRAULIC H/GUN,HYD H/GUN,,,,,,,,,,,,
776,ISOLATION BONNET VALVE,ISO BONNET VLV,ISOL BONNET VLV,ISO-BONNET VALVE,ISOL-BONNET VALVE,IBV,ISO BNT VLV,ISOLATION BNT VLV,ISO BONNET V,ISOL BNT V,I.B.V.,,,,,,,,,,,,
777,613. J HANGER,613J HANGER,613-J HANGER,613.J HANGER,FIG 613J HANGER,FIGURE 613J HANGER,J-HANGER 613,TYPE 613J HANGER,613 J-HANGER,MODEL 613J HANGER,613 J PIPE HANGER,,,,,,,,,,,,
778,KING NIPPLE,KN,KING NIP,K NIP,K-NIP,K.N.,KNG NIP,KING NPL,K NPL,KING-NIP,K/N,,,,,,,,,,,,
779,LABEL PLATE,LBL PLT,LABEL PLT,LBL PLATE,NAME PLATE,NAME PLT,NAMEPLATE,IDENTIFICATION PLATE,ID PLATE,ID PLT,IDENT PLATE,,,,,,,,,,,,
780,LAG BOLT,LAG BLT,LAG SCREW,LAG SCR,WOOD LAG,LAG,COACH BOLT,COACH SCREW,LAG-BOLT,LAG.BOLT,LAG_BOLT,,,,,,,,,,,,
781,LEAK DETECTOR,LK DET,LEAK DET,LK DETECTOR,LEAK SENS,LK SENS,LEAK SENSOR,LK SENSOR,L/D,L.D.,LD,,,,,,,,,,,,
782,LEVER KIT,LVR KIT,LEVER ASSEMBLY,LVR ASSEMBLY,LEVER SET,LVR SET,HDL KIT,HANDLE KIT,LEVER HANDLE KIT,LVR HDL KIT,LEVER HDL KIT,,,,,,,,,,,,
783,LIMIT,LMT,LIMTR,LIMITR,LIM,LIMT,L/M,LMT.,L.M.T.,L.M.,L-M,,,,,,,,,,,,
784,LIMIT SWITCH,LMT SW,LIM SW,LS,LIMIT SW,LMT SWTCH,LIM SWTCH,L.S.,L/S,LIMITSW,LMTSW,,,,,,,,,,,,
785,LINK,LNK,CHAIN LINK,CHNL LNK,CONNECTING LINK,CONN LNK,LINKAGE,LNKG,PIPE LINK,PIPE LNK,CONNECTING PIECE,,,,,,,,,,,,
786,LINK KIT,LINK SET,LINK ASSEMBLY,CHAIN LINK KIT,LINKAGE KIT,LINK-KIT,LNK KIT,LINK K,L/KIT,L-KIT,L.K.,,,,,,,,,,,,
787,LINKAGE,LINK,LINKS,LINKAGES,LINK ROD,CONNECTING LINK,LINK ASSEMBLY,LINKAGE SYSTEM,MECHANICAL LINK,LINK MECHANISM,CONNECTING ROD,,,,,,,,,,,,
788,LINKAGE KIT,LINK KIT,LINK-KIT,LINKAGEKIT,LNK KIT,LK KIT,LNKG KIT,L/KIT,LKIT,LINK-K,L-KIT,,,,,,,,,,,,
789,LOCK DEVICE,LOCKING DEVICE,LOCK DEV,LCK DEV,LK DEV,LOCKING MECHANISM,LOCK MECH,LOCK ASSEMBLY,LOCKING ASSY,LOCK ASSY,LK ASSY,,,,,,,,,,,,
790,LOCK SHIELD,LS,LCK SHLD,L/S,L.S.,LOCK SHLD,LK SHIELD,LK SHLD,LOCKSHIELD,LOCK-SHIELD,L-S,,,,,,,,,,,,
791,LOCKING DEVICE,LOCK DEV,LOCK DEVICE,LOCKING DEV,LCK DEV,LCK DEVICE,LCKNG DEV,L/DEV,L/D,LDEV,LD,,,,,,,,,,,,
792,LOCKING HANDLE KIT,LOCK HDL KIT,LCK HNDL KIT,LOCKING HDL KIT,LK HANDLE KIT,LOCK HANDLE SET,LCK HANDLE KIT,LOCKING HNDL KIT,LOCK HND KIT,LK HND KIT,LOCKING HDL SET,,,,,,,,,,,,
793,LONG WELD NECK,LWN,LONG WN,L.W.N.,LONG WELDING NECK,LNG WLD NK,L WELD NECK,LONG W/N,L W N,LONG W NECK,LNG WELD NECK,,,,,,,,,,,,
794,LR 180 DEGREE RETURN BEND,LR 180 DEG RET BEND,LR 180° RET BEND,LR 180 RETURN,LR 180° RETURN,LONG RADIUS 180 RETURN,LR 180 RET,LR 180° RB,180 LR RETURN BEND,180° LR RETURN BEND,LONG RAD 180 RETURN,,,,,,,,,,,,
795,LUBRICANT,LUB,LUBE,LUBRICATE,LUBRICATOR,LUBRIC,LUBING,LUBRICATING,LBT,LBNT,LBC,,,,,,,,,,,,
796,MASTERLINK,MASTER LINK,MASTER-LINK,MSTR LNK,MSTR-LNK,M LINK,M-LINK,ML,M/L,M.L.,MST LNK,,,,,,,,,,,,
797,MEASURING TAPE,MEAS TAPE,MEASURING TAP,MEASURE TAPE,MEAS TPE,TAPE MEASURE,TAPE MEAS,TPE MEAS,MTR TAPE,MEASR TAPE,MSNG TAPE,,,,,,,,,,,,
798,MECHANICAL JOINT ACCESSORY KIT,MJ ACC KIT,MJ ACCESSORY KIT,MECH JNT ACC KIT,MECH JOINT KIT,MJ KIT,MECHANICAL JT KIT,MJ HARDWARE KIT,MECH JT ACC KIT,MJ ACCESS KIT,MECHANICAL JOINT KIT,,,,,,,,,,,,
799,MECHANICAL JOINT KIT,MJ KIT,MECH JOINT KIT,MJ GASKET KIT,MECHANICAL JT KIT,MJ ACCESSORIES KIT,MECH JT KIT,M.J. KIT,MECH-JOINT KIT,MJ FITTING KIT,M J KIT,,,,,,,,,,,,
800,MECHANICAL SWITCH,MECH SWITCH,MECH SW,MECHANICAL SW,MECH SWTCH,MECHANICAL SWTCH,MECH. SWITCH,MECH. SW,MECHSWITCH,MECHSW,M-SWITCH,,,,,,,,,,,,
801,MEDIUM SPLIT PIPE CLAMP,MED SPLIT PIPE CLAMP,MEDIUM SPLIT CLAMP,MED SPLIT CLAMP,MSP CLAMP,MSPC,M-SPLIT CLAMP,MED PIPE CLAMP,MEDIUM CLAMP,SPLIT PIPE CLAMP,SPLIT CLAMP,,,,,,,,,,,,
802,MIXING,MIX,MIXG,MIXT,MIXER,MIXING VALVE,MXG,MXNG,MIX VLV,MIXING VLV,MX VLV,,,,,,,,,,,,
803,MIXING VALVE,MIX VLV,MXNG VLV,MXG VLV,MIX VALVE,MIXER VALVE,MXV,MIXV,M VLV,MIXING V,MIX V,,,,,,,,,,,,
804,MOUNTING BRACKET,MTG BRKT,MNT BRKT,MOUNT BRKT,MTG BRACKET,MNT BRACKET,MOUNTING BRKT,M/BRACKET,M/BRKT,MNTG BRKT,MNTG BRACKET,,,,,,,,,,,,
805,MOUNTING KIT,MTG KIT,MOUNT KIT,MTG SET,MOUNTING SET,MTG HARDWARE,MOUNTING HARDWARE,MTG ASSEMBLY,MOUNTING ASSEMBLY,MTG PKG,MOUNTING PACKAGE,,,,,,,,,,,,
806,MULTI TITE,MULTI-TITE,MULTI TIGHT,MULTI-TIGHT,MULTITITE,MULTITIGHT,MULTI-T,M-TITE,M TITE,MT,M/T,,,,,,,,,,,,
807,MULTI-TITE,MULTI TITE,MULTITITE,MULTI-TIGHT,MULTI TIGHT,MULTITIGHT,M-TITE,M TITE,M-TIGHT,M TIGHT,MTITE,,,,,,,,,,,,
808,NIPPLE OLET,NIPOLET,NIP-O-LET,NIPLET,NIPO,NIP OLET,NIPPLE-O-LET,NIP O LET,N.O.L.,NOL,NIPPLE-OLET,,,,,,,,,,,,
809,NIPPLE O-LET,NIPPOLET,NIP-O-LET,NIPOLET,NIPLE O-LET,NIPPLE OLET,NIP OLET,NIPP-O-LET,NIPLE OLET,N-O-LET,NO-LET,,,,,,,,,,,,
810,NIPPOLET,NPLTT,NIPPLT,NIPPOLT,NIPLET,NPLT,NIPP,NIPPO,NPOLT,NIP LET,NIPOLET,,,,,,,,,,,,
811,647. NO-HUB COUPLING,647 NO HUB COUPLING,647 NOHUB COUPLING,647 NO-HUB CPLG,647 NOHUB CPLG,NO HUB COUPLING 647,NOHUB COUPLING 647,NO-HUB CPLG 647,647 NH COUPLING,647 NH CPLG,NH CPLG 647,,,,,,,,,,,,
812,OFFSET TAILPIECE,OFFSET TP,OFFSET TAIL PCE,OFFSET TAIL-PCE,OFFSET TAIL PIECE,OFFSET TAIL-PIECE,OS TAILPIECE,OS TP,OFFSET T/P,O/S TAILPIECE,O/S T/P,,,,,,,,,,,,
813,O-LET,OLET,O LET,O-LETS,OLETS,O LETS,O/LET,O/LETS,O.LET,O.LETS,O'LET,,,,,,,,,,,,
814,650,SIX FIFTY,SIX HUNDRED FIFTY,650.0,650.00,650-,#650,NO. 650,NUMBER 650,650#,650 ONLY,,,,,,,,,,,,
815,PIN LUG CAP,PIN LG CAP,PIN-LUG CAP,PIN-LG CAP,P/L CAP,P.L. CAP,PL CAP,P-L CAP,PIN-LUGGED CAP,P/LUG CAP,PINLUG CAP,,,,,,,,,,,,
816,PINION,PIN,GEAR PINION,DRIVE PINION,PIN GEAR,PINION GEAR,PGR,PNGR,PIN GR,PG,P/G,,,,,,,,,,,,
817,PIPE STRUT CLAMP,STRUT CLAMP,PIPE CLAMP,P STRUT CLAMP,P/STRUT CLAMP,STRUT P CLAMP,PIPE STR CLAMP,P/STR CLAMP,PIPE S CLAMP,STR PIPE CLAMP,STRUT P/CLAMP,,,,,,,,,,,,
818,PNEUMATIC ACTUATOR,PNEU ACT,PNEUM ACT,PN ACT,P ACT,PNEU ACTR,PNEUMATIC ACTR,PNEU-ACT,P.ACT,PNEUM ACTR,PN ACTR,,,,,,,,,,,,
819,PPEC LOW PROFILE,PPEC LP,PP EC LOW PROFILE,PPEC L/P,PP-EC LOW PROFILE,PPEC L.P.,PP EC L/P,PP-EC L.P.,PPEC LOW PRO,PP EC LOW PRO,PP-EC LOW PRO,,,,,,,,,,,,
820,PRESSURE CHANGE ASSEMBLY,PCA,PRESS CHANGE ASSY,PRESSURE CHNG ASSY,P/C ASSEMBLY,PRESS CHNG ASSEMBLY,P.C.A.,PR CHANGE ASSY,PRESS CHANGE ASSEMBLY,P/C ASSY,PRES CHNG ASSEMBLY,,,,,,,,,,,,
821,PRESSURE ACTUATED,PRESS ACT,PRES ACTUATED,PR ACT,PRESS ACTR,P/A,PRESS-ACT,PRES-ACT,P.A.,PRESS. ACT,PR. ACT,,,,,,,,,,,,
822,QUANTUM COUPLING,Q-COUPLING,QC,Q CPLG,Q COUPLING,QUANTUM CPLG,Q-CPLG,QCPL,Q CPL,QUANTUM CPL,Q-CPL,,,,,,,,,,,,
823,QUARTER TURN,QTR TURN,1/4 TURN,QUARTER-TURN,QRTR TURN,QT,Q-TURN,1/4-TURN,Q/T,Q.T.,QUARTER-T,,,,,,,,,,,,
824,QUICKLINK,QUICK LINK,QUICK-LINK,Q/LINK,Q-LINK,Q LINK,QLINK,QL,Q/L,Q-L,QCK LINK,,,,,,,,,,,,
825,REDI-CLAMP,REDICLAMP,REDI CLAMP,REDI/CLAMP,REDI.CLAMP,RC,RDI-CLP,REDI-CLP,REDICLP,REDI_CLAMP,R-CLAMP,,,,,,,,,,,,
826,REDUCED PRESSURE ZONE BACKFLOW PREVENTER,RPZ BACKFLOW PREVENTER,RPZD,RPZ DEVICE,RP ZONE BACKFLOW,REDUCED PRESSURE BACKFLOW,RPZ BFP,RP ZONE DEVICE,REDUCED PRESSURE BFP,RPZ PREVENTER,RP BACKFLOW DEVICE,,,,,,,,,,,,
827,REDUCING PORT CONNECTOR,RED PORT CONN,RED PORT CONNECTOR,REDUCING PORT CONN,RED P CONN,RPC,RED P CONNECTOR,REDUCING P CONN,REDUCING P CONNECTOR,RED PORT,REDUCING PORT,,,,,,,,,,,,
828,REDUCING SADDLE,RED SADDLE,REDUCER SADDLE,SADDLE REDUCER,RED SDL,RDCR SADDLE,REDUCING SDL,RDC SADDLE,SADDLE RDC,RDCNG SADDLE,SDL REDUCER,,,,,,,,,,,,
829,REDUCING TOOL,RED TOOL,REDUCER TOOL,REDUC TOOL,RED TL,RDC TOOL,RDCR TOOL,REDUCING TL,REDUCER TL,RDC TL,RDCR TL,,,,,,,,,,,,
830,REGULAR COUPLING,REG COUPLING,REG CPLG,REG COUP,R COUPLING,R CPLG,COUPLING REG,CPLG REG,CPL REG,REGULAR CPL,REG CPL,,,,,,,,,,,,
831,REGULATOR,REG,RGLTR,REGULATR,REGLTR,RG,REGUL,RGTR,RGLR,REG VLV,PRESSURE REGULATOR,,,,,,,,,,,,
832,RETAINING CABLE,RET CABLE,RETAIN CABLE,RETAINING CBL,RET CBL,RETAIN CBL,RETENTION CABLE,RETENTION CBL,RESTRAINING CABLE,RESTRAINING CBL,RESTRAINT CABLE,,,,,,,,,,,,
833,RIGHT ANGLE,RT ANG,RT ANGLE,R/A,RA,RIGHT ANG,R ANGLE,R.A.,RT A,R/ANGLE,R-A,,,,,,,,,,,,
834,RIGHT ANGLE CLAMP,RT ANGLE CLAMP,RA CLAMP,RIGHT ANG CLAMP,R/A CLAMP,RT ANG CLAMP,90° CLAMP,90 DEG CLAMP,RIGHT ANGL CLMP,RT ANGL CLMP,R.A. CLAMP,,,,,,,,,,,,
835,RING JOINT,RJ,R/J,R.J.,R-J,RING-JOINT,RING JT,RNG JT,RNG JNT,RING JNT,R JOINT,,,,,,,,,,,,
836,RING JOINT GASKET,RJ GSK,RJ-GSK,RJGSK,RJGAS,RJ-GAS,R/J GSK,R J GSK,RING JNT GSK,RING-JOINT GSK,RJG,,,,,,,,,,,,
837,ROMAN TUB FILLER,RTF,RMN TUB FLR,ROMAN FILLER,ROM TUB FILL,ROMAN BATHTUB FILLER,RMN BTH FLR,ROMAN TUB FILL,ROM TUB FLR,ROMAN BATH FILLER,R.T.F.,,,,,,,,,,,,
838,SAFETY,SFTY,SAFETY VALVE,SFTY VLV,SFT VLV,SAFETY VLV,SAFT VLV,SAF VLV,SVL,SV,SFTY V,,,,,,,,,,,,
839,SAFETY CABLE,SAF CABLE,SFTY CABLE,SAF CBL,SFTY CBL,S/CABLE,SAFETY CBL,S CABLE,S-CABLE,S/CBL,S-CBL,,,,,,,,,,,,
840,SAFETY CLIP,SFTY CLIP,SFTY CLP,SAFETY CLP,S/CLIP,S CLIP,S-CLIP,SEC CLIP,SAFE CLIP,SAF CLIP,SAF CLP,,,,,,,,,,,,
841,SAFETY PIN,SFTY PIN,SAF PIN,S/PIN,SAFETY-PIN,S-PIN,SAFE PIN,S PIN,SFT PIN,SFTY-PIN,SAF-PIN,,,,,,,,,,,,
842,SCALD PROTECTION,SCALD PROT,SCALD PROTEC,SCALD PROTECT,ANTI-SCALD,ANTISCALD,SCALD PREV,SCALD PREVENTION,SCALD SAFETY,SCLD PROT,SCLD PROTECTION,,,,,,,,,,,,
843,SCOTCH YOKE ACTUATOR,SC YK ACT,SCOTCH YOKE ACT,SCH YK ACTR,S.Y. ACTUATOR,SY ACTUATOR,SC-YK-ACT,S/Y ACTUATOR,SCH YOKE,S.Y.A.,SYA,,,,,,,,,,,,
844,SEALANT,SEAL,SEALER,PIPE SEALANT,THREAD SEALANT,PIPE SEALER,THREAD SEALER,JOINT SEALANT,SLNT,SLT,SEALING COMPOUND,,,,,,,,,,,,
845,SENSOR FAUCET,AUTOMATIC FAUCET,ELECTRONIC FAUCET,TOUCHLESS FAUCET,HANDS-FREE FAUCET,MOTION SENSOR FAUCET,IR FAUCET,INFRARED FAUCET,AUTO FAUCET,PROXIMITY FAUCET,SMART FAUCET,,,,,,,,,,,,
846,682 SERIES,682SER,682-SER,682 SER,682-SERIES,SER-682,SERIES 682,SER 682,682.SER,682S,S682,,,,,,,,,,,,
847,683 SERIES VALVE,683 SERIES VLV,683 SER VALVE,683 SER VLV,683 VALVE,683 VLV,683-SERIES VALVE,683-SERIES VLV,683-SER VALVE,683-SER VLV,VALVE 683 SERIES,,,,,,,,,,,,
848,SHOWER VALVE,SHOWER VLV,SHR VLV,SHWR VLV,SHR VALVE,SHWR VALVE,SHRV,SHWRV,SH VLV,SH VALVE,SHOWER V,,,,,,,,,,,,
849,SINGLE ACTING PNEUMATIC ACTUATOR,SA PNEU ACT,SINGLE ACT PNEU ACT,SA PNEUMATIC ACTUATOR,SINGLE ACTING PNEU ACT,S/A PNEUMATIC ACTUATOR,S.A. PNEU ACTUATOR,SINGLE-ACTING PNEUMATIC ACT,SA ACTUATOR PNEUMATIC,SINGLE ACT PNEUMATIC,S-A PNEU ACTUATOR,,,,,,,,,,,,
850,SOCKET WELD SWIVEL RING HANGER,SW SWIVEL RING HANGER,SOCKET WELD SWVL RING HNGR,SW SWVL RING HNGR,SOCKET WELD SR HANGER,SW SR HANGER,SWSR HANGER,SW SWIVEL HANGER,SOCKET WELD SWIVEL HANGER,SW SWVL HNGR,SOCKET WELD SWVL HNGR,,,,,,,,,,,,
851,SPLIT LOCK WASHER,SLW,SPL LK WSH,SPLIT LK WASHER,S/L WASHER,SP LK WSH,SPL LOCK WSH,S L WASHER,SPLIT LCK WSH,S.L.W.,SP L WASHER,,,,,,,,,,,,
852,SPOOL ADAPTER,SPOOL ADPTR,SPL ADAPTER,SPL ADPTR,SPOOL-ADAPTER,SPOOL-ADPTR,SPOOLADAPTER,SPOOLADPTR,SP ADAPTER,SP ADPTR,SPOOL ADP,,,,,,,,,,,,
853,SPRING RETURN PNEUMATIC ACTUATOR,SPRING RET PNEU ACT,SPRING RTN PNEUM ACT,SR PNEUMATIC ACT,SPRING RETURN PNEU,SR PNEU ACTUATOR,SPRING RET ACT,SPRG RTN PNEU ACT,SR PNEUM ACT,SPRING RETURN PA,SRP ACTUATOR,,,,,,,,,,,,
854,SPRING RETURN ACTUATOR,SR ACTUATOR,SPRING RTN ACTUATOR,SRA,SPRING RETURN ACT,SR ACT,SPRING RTN ACT,SPRG RTN ACTUATOR,SPRG RETURN ACT,SPR RTN ACTUATOR,SPRING RET ACTUATOR,,,,,,,,,,,,
855,SR ELBOW,SR ELL,SHORT RADIUS ELBOW,SHORT RADIUS ELL,SR 90 ELBOW,SR 90 ELL,SR 90° ELBOW,SR 90° ELL,SHORT RAD ELBOW,SHORT RAD ELL,S.R. ELBOW,,,,,,,,,,,,
856,STACK VENT,STACK-VENT,STCK VENT,STK VENT,STK-VENT,STKVENT,STACK-V,STK-V,STCK-V,STVENT,STV,,,,,,,,,,,,
857,STEAM TRAP DISC,STM TRAP DISC,STEAM TRP DISC,ST TRAP DISC,STM TR DISC,TRAP DISC,STM DISC,ST DISC,S/T DISC,S.T. DISC,STD,,,,,,,,,,,,
858,STOP,STOP VALVE,STP VLV,STOP VLV,STP VALVE,STOPPING VALVE,STOPPING VLV,STP,STOPPING,STPV,SV,,,,,,,,,,,,
859,STOVE BOLT,STOV BLT,STV BLT,STOVE BT,ST BOLT,STOVE B,STV BOLT,STOVE-BOLT,STOVE/BOLT,S/BOLT,STB,,,,,,,,,,,,
860,STRAINER CAP GASKET,STRNR CAP GSK,STRAINER CAP GSK,STRNR CAP GASKET,STR CAP GSK,STR CAP GASKET,STRAINER LID GSK,STRNR LID GASKET,STRN CAP GSK,FILTER CAP GSK,FILTER CAP GASKET,,,,,,,,,,,,
861,STUD AND NUT,STUD & NUT,STD & NUT,STUD W/ NUT,STUD WITH NUT,STD W/NUT,STUD/NUT,STD/NUT,S&N,STD & N,ST & NT,,,,,,,,,,,,
862,STUD BOLT WITH NUTS,STUD BOLT W/ NUTS,STUD BOLT & NUTS,STD BOLT W/ NUTS,STUD BOLT/NUTS,STDBOLT W/NUTS,STD BLT W/NTS,STUDBOLT/NUT,STUD W/NUTS,SB W/N,STDBLT/NUT,,,,,,,,,,,,
863,SWIVEL,SWV,SWVL,SW,SWL,SWIV,SWIVEL JOINT,SWVL JNT,SW JT,SWIVEL COUPLING,SWIVEL CONN,,,,,,,,,,,,
864,SWIVEL CONNECTOR,SWIVEL CONN,SWV CONN,SWIV CONNECTOR,SWVL CONN,SWV CONNECTION,SWIVEL COUPLING,SWVL COUPLING,SWV CPLG,SWIVEL CPLG,SWVL CPLG,,,,,,,,,,,,
865,SWIVEL RING HANGER,SWVL RNG HNGR,SWV RNG HGR,SWIVEL RNG HNGR,SR HANGER,SRH,SWVL RING HGR,SWIVEL RING HGR,SWVL RG HNGR,SWVL RING,SW RING HNGR,,,,,,,,,,,,
866,702. SWIVEL ADAPTER,702 SWVL ADPTR,702 SWV ADPT,702. SWV ADPTR,702 SWIVEL,702. SWVL,SWIVEL ADAPTER 702,SWVL ADPTR 702,SWIVEL ADPT 702,702 SWIVEL ADAPT,702. SWVL ADAPT,,,,,,,,,,,,
867,T GASKET,T-GSK,T GSK,TGSK,T-GASKET,TGAS,T GAS,T-GAS,T SEAL,T-SEAL,TSEAL,,,,,,,,,,,,
868,T-BOLT CLAMP,T BOLT CLAMP,TBOLT CLAMP,T-BOLT CLP,T BOLT CLP,TBOLT CLP,T-BOLT COUPLING,T BOLT COUPLING,T-B CLAMP,TB CLAMP,T-B CLP,,,,,,,,,,,,
869,TEE WYE,TEE-WYE,T-WYE,TEE Y,T-Y,TWY,T WY,TEE-Y,T/WYE,T/Y,TY,,,,,,,,,,,,
870,T-HANDLE,T HANDLE,TEE HANDLE,T HDL,T-HDL,THDL,TEE HDL,T HNDL,T-HNDL,TEE HNDL,THANDLE,,,,,,,,,,,,
871,THERM-DYNAMIC STEAM TRAP,TD STEAM TRAP,THERMODYNAMIC STEAM TRAP,TD ST TRAP,THERM-DYN ST TRAP,TD TRAP,THERM-DYN TRAP,THERMODYNAMIC TRAP,T/D STEAM TRAP,T-D STEAM TRAP,T.D. STEAM TRAP,,,,,,,,,,,,
872,THERMODYNAMIC STEAM TRAP,TD STEAM TRAP,THERMO STEAM TRAP,TD ST TRAP,THERMODYNAMIC TRAP,TDT,TD TRAP,THERMO TRAP,T.D.T.,THERM DYN TRAP,T.D. STEAM TRAP,,,,,,,,,,,,
873,THERMOMETER STEAM TRAP,THERM STEAM TRAP,THERMOMETRIC TRAP,THERMO STEAM TRAP,THERMOSTATIC TRAP,THERM STM TRAP,THERMO STM TRAP,THERM ST TRAP,TST,THERM TRAP,THERMODYNAMIC TRAP,,,,,,,,,,,,
874,THERMOSTAT STEAM TRAP,THERM STEAM TRAP,THERMOSTATIC TRAP,THERM TRAP,TST,THERMO TRAP,THERMOSTAT TRAP,THERM ST TRAP,T.S.T.,THERM S TRAP,THERMOSTATIC STM TRAP,,,,,,,,,,,,
875,THERMOSTATIC,THERMO,THERM,THERMOSTAT,THERM STAT,THERMO STATIC,THERM-STAT,THERMO-STATIC,T-STAT,TSTAT,THSTATIC,,,,,,,,,,,,
876,THERMOSTATIC MIXING,THERM MIX,THERM MIXING VLV,TMV,THERMOSTATIC MIX VLV,THERMO MIX,THERMO MIXING,THERM MIX VLV,T-MIX,THERMO-MIX,THERMOSTATIC MIXING VLV,,,,,,,,,,,,
877,THREADED TRANSITION,THD TRANS,THRD TRANS,THD TRANSITION,THRD TRANSITION,THREAD TRANS,THREADED TRANS,TH TRANS,T TRANS,TRANS THD,TRANSITION THD,,,,,,,,,,,,
878,THREADED TRANSITION FITTING,THD TRANS FTG,THRD TRANS FTG,THD TRANSITION,TRANS THD FTG,THRD TRANS,THD TRANS,TRANS FTG THD,TRANSITION THD,THD-TRANS,TRANS-THD,,,,,,,,,,,,
879,TOGGLING BOLT WITH WING,TOGGLE BOLT W/WING,TOGGLE WING BOLT,WING TOGGLE BOLT,TOGGLING BOLT W/WING,WING TOGGLING BOLT,TOG BOLT W/WING,TOGGLE WING B,WING TOG BOLT,TOG-BOLT W/WING,WING TOG-BOLT,,,,,,,,,,,,
880,TRANS FITTING,TRANSITION FITTING,TRANS FTG,TRANSITION FTG,TRANS,TRANSITION,TRANS REDUCER,TRANSITION REDUCER,TRANS RED,TRANSITION RED,TRANS-FTG,,,,,,,,,,,,
881,TRANSITION,TRANS,TRAN,TRANS FITTING,TRANSITION FITTING,TRANS FTG,TRAN FTG,TRANS PIECE,TRANSITION PIECE,TRANS ADAPTER,TRANSITION ADAPTER,,,,,,,,,,,,
882,TRANSITION ADAPTER,TRANS ADAPTER,TRANS ADPT,TRANSITION ADPT,TRANS ADP,TRANSITION ADP,TR ADAPTER,TR ADPT,TRANS FITTING,TRANSITION FTG,TRANS FTG,,,,,,,,,,,,
883,TRAP,TRP,STEAM TRAP,STMP TRAP,STM TRAP,ST TRAP,S TRAP,STRP,STMTRP,S/T,S.T.,,,,,,,,,,,,
884,TRIM,TRM,VALVE TRIM,VLV TRIM,V/TRIM,V-TRIM,V.TRIM,V TRM,TRIMSET,TRIM SET,TRIM KIT,,,,,,,,,,,,
885,TTMA,TTMA FLANGE,TANK TRUCK MANUFACTURERS ASSOCIATION,TTMA FLG,TANK TRUCK FLG,TANK TRUCK FLANGE,TTMA STYLE FLANGE,TTMA STYLE FLG,TANK TRUCK STYLE FLANGE,TANK TRUCK STYLE FLG,TTMA CONNECTION,,,,,,,,,,,,
886,TUB SPOUT SLIP FITTING,TUB SPOUT SLIP FTG,SLIP FTG TUB SPOUT,SLIP FITTING TUB SPOUT,TUB SPOUT SLIP-FIT,TUB SPOUT SLIP ON,SLIP-ON TUB SPOUT,TSS FITTING,TSS FTG,TUBSPOUT SLIP FIT,SLIP FIT TUBSPOUT,,,,,,,,,,,,
887,TUBE ADAPTER,TUBE ADPTR,TB ADAPTER,TB ADPTR,TUBE ADAPT,TUB ADAPTER,TUBING ADAPTER,TUBE-ADAPTER,TBE ADAPTER,TUBE ADP,TB-ADAPTER,,,,,,,,,,,,
888,TUBE VALVE,TUB VLV,TB VLV,TUBE VLV,TBE VALVE,TB VALVE,TUBE V,TUB V,TB V,T VLV,T VALVE,,,,,,,,,,,,
889,U BOLT WITH NUT,U-BOLT W/ NUT,U BOLT W/NUT,U-BOLT AND NUT,U BOLT & NUT,U-BOLT & NUT,UBOLT WITH NUT,UBOLT W/NUT,U-BOLT/NUT,U BOLT/NUT,UBOLT/NUT,,,,,,,,,,,,
890,UNIVERSAL COUPLING,UNIV COUPLING,UNIV CPLG,UNV COUPLING,UNV CPLG,UNIVERSAL CPLG,U COUPLING,U CPLG,UNIV CPLN,UNI COUPLING,UNI CPLG,,,,,,,,,,,,
891,VALVE LINKAGE,VLV LINK,VLVLINK,V/LINK,VLV LINKAGE,VALVE LINK,V LINKAGE,V/L,VL,V-LINK,V.LINK,,,,,,,,,,,,
892,VALVE LINKAGE KIT,VLV LINK KIT,VALVE LINKAGE,VLV LINKAGE KIT,V/L KIT,VLK,LINK KIT,LINKAGE KIT,VLV LNK KIT,V LINKAGE KIT,VALVE LINK KIT,,,,,,,,,,,,
893,VALVE KEY,VLV KEY,KEY VLV,V KEY,KEY V,VK,KEY FOR VALVE,VALVE K,K VLV,VALVE WRENCH,VLV WRENCH,,,,,,,,,,,,
894,VALVE PART,VLV PART,VLV PRT,VALVE PRT,V/PART,V/PRT,VLV COMPONENT,VALVE COMPONENT,V.PART,V.PRT,VALVE SPARE,,,,,,,,,,,,
895,VALVE PARTS,VLV PARTS,VLV PTS,VALVE PTS,V/PARTS,V/PTS,VALVE COMPONENTS,VLV COMPONENTS,VALVE SPARES,VLV SPARES,V/SPARES,,,,,,,,,,,,
896,VALVE WRENCH,VLV WRENCH,VALVE WRCH,VLV WRCH,VALVE KEY,VLV KEY,V WRENCH,V WRCH,V KEY,VALVE OPERATING WRENCH,VALVE OPERATING KEY,,,,,,,,,,,,
897,VANE,VAN,VANES,GUIDE VANE,FLOW VANE,TURNING VANE,STRAIGHTENING VANE,VN,VANING,VANED,VANE ASSEMBLY,,,,,,,,,,,,
898,VANE ACTUATOR,VANE ACT,VN ACT,VANE ACTR,VN ACTR,V/ACT,V-ACT,VN-ACT,VACT,VA,VANE-ACT,,,,,,,,,,,,
899,VP,VACUUM PUMP,VAC PUMP,VAC. PUMP,VCUM PMP,V.P.,V PUMP,V-P,V.PUMP,VAC P,VAC. P,,,,,,,,,,,,
900,WELD TRANSITION FITTING,WLD TRANS FTG,WELDING TRANS FITTING,WLD TRANSITION,WELD TRANS,TRANS FITTING,WLD TRANS FIT,TRANSITION FTG,WLD TRANS PIECE,WELD TRANS CONNECTOR,TRANSITION WELD FITTING,,,,,,,,,,,,
901,WING NUT,WNUT,WING-NUT,W-NUT,WNGNUT,WNG NUT,W NUT,W.NUT,W/NUT,WING N,W.N.,,,,,,,,,,,,
902,WING NUT CAP,WING CAP,WING NUT,WNG NUT CAP,WING-NUT CAP,WING N CAP,WING-CAP,WING/NUT CAP,W/N CAP,WNG CAP,W.N.CAP,,,,,,,,,,,,
903,WORM GEAR CLAMP,WG CLAMP,WORM GR CLAMP,WORM DRIVE CLAMP,WG HOSE CLAMP,WORM GEAR HSE CLAMP,WORM CLAMP,WGC,W/G CLAMP,W.G.C.,W-G-C,,,,,,,,,,,,
904,WRENCH,WRCH,WR,SPANNER,WRNCH,W.R.,W/R,WRENCH TOOL,HAND WRENCH,WRNC,WRENCH KEY,,,,,,,,,,,,
905,Y-TYPE STRAINER,Y STRAINER,Y TYPE STRN,Y-STRAINER,Y STR,Y-STR,WYES,Y-PATTERN STRAINER,Y PATTERN STR,Y TYP STRN,YTS,,,,,,,,,,,,
906,LOCK NUT,LN,LOCKNUT,LOCK-NUT,LOCK N,LCK NUT,LOCKING NUT,L NUT,L-NUT,L/NUT,L.N.,,,,,,,,,,,,
907,SHOWER HEAD,SHWR HEAD,SHW HEAD,SHOWER HD,SHWR HD,SH HEAD,SH HD,SHOWER H,SHWR H,S/HEAD,S/HD,,,,,,,,,,,,
908,SHOWERHEAD,SHOWER HEAD,SH HEAD,SHOWER-HEAD,S/HEAD,SH-HEAD,S HEAD,S-HEAD,S/H HEAD,SHR HEAD,SHWR HEAD,,,,,,,,,,,,
909,BOLT NUT,B/N,BOLT & NUT,BOLT AND NUT,BOLT/NUT,B&N,BLT/NUT,BOLT/NT,B-N,BN,BOLT-NUT,,,,,,,,,,,,
910,BULKHEAD TANK FITTING,BLKHD TNK FTG,BLKHD TANK FTG,BH TANK FTG,BULKHEAD FTG,BH TK FTG,BLKHD TK FITTING,BH TANK FITTING,TANK BULKHEAD,TK BLKHD FTG,BULK-HEAD FTG,,,,,,,,,,,,
911,UNION P TRAP,UNION P-TRAP,UNI P TRAP,UNI P-TRAP,U P TRAP,U P-TRAP,UNION PTRAP,UNI PTRAP,P-TRAP UNION,P TRAP UNION,U PTRAP,,,,,,,,,,,,
912,VENT PLUG,VNT PLG,VENT PLG,V PLUG,V PLG,VENTING PLUG,VENTPLG,VT PLG,V-PLG,V.PLG,VENT-PLG,,,,,,,,,,,,
913,SOCKET FLANGE,SKT FLG,SOCKET FLG,SO FLG,S.O. FLANGE,SO. FLANGE,S.O.F,SOF,SCKT FLANGE,SCKT FLG,S-O-F,,,,,,,,,,,,
914,VAN STONE SOCKET FLANGE,VS SOCKET FLANGE,VS SKT FLANGE,VS SKT FLG,VAN STONE SKT FLG,VANSTONE SOCKET FLG,VANSTONE SKT FLANGE,V.S. SOCKET FLANGE,V.S. SKT FLG,VAN-STONE SOCKET FLG,VS SOCKET FLG,,,,,,,,,,,,
915,VANSTONE,VAN STONE,VANSTON,VAN-STONE,VS FLANGE,VS FLG,VANSTONE FLANGE,VANSTONE FLG,VAN STONE FLANGE,VAN STONE FLG,VS,,,,,,,,,,,,
916,NAMUR,NAM,NMUR,NAMR,NMR,NAMUR VALVE,NAMUR VLV,NAM VLV,NAMUR SOLENOID,NAMUR SOL,NAM SOL,,,,,,,,,,,,
917,TEST CAP,TEST-CAP,TST CAP,TEST CP,TC,T-CAP,T CAP,TEST-C,TSTCAP,T.C.,TESTING CAP,,,,,,,,,,,,
918,SILICONE CAULK,SIL CAULK,SILCAULK,SIL CAULKING,SILICONE SEALANT,SIL SEALANT,SILCONE CAULK,SIL SEAL,SILICONE,SIL CK,SILCAULKING,,,,,,,,,,,,
919,3 BOLT D CLAMP,3-BOLT D CLAMP,3 BOLT D-CLAMP,3-BOLT D-CLAMP,D CLAMP 3 BOLT,D-CLAMP 3 BOLT,3B D CLAMP,3B D-CLAMP,3 BLT D CLAMP,3BLT D-CLAMP,THREE BOLT D CLAMP,,,,,,,,,,,,
920,AIR ELIMINATOR,AIR ELIM,A.E.,AIR ELMNTR,A/E,AIR ELMTR,AE,AIR-ELIM,AIR RELEASE,AIR VENT,AUTO AIR VENT,,,,,,,,,,,,
921,ALIGN CONNECTOR,ALIGN CONN,ALIGNMENT CONNECTOR,ALIGNMENT CONN,ALGN CONN,ALGN CONNECTOR,ALIGN CON,ALIGNMENT CON,ALGN CON,AL CONN,AL CONNECTOR,,,,,,,,,,,,
922,BAND CLAMP,BNDCLMP,BND CLMP,B CLAMP,BAND CLP,B CLP,BCLMP,B-CLAMP,BAND-CLAMP,B.CLAMP,BAND.CLAMP,,,,,,,,,,,,
923,BOSS LOCK COUPLING,BLC,BOSS LK CPLG,BOSS LOCK CPLG,BOSS LK COUPLING,B L COUPLING,B/L CPLG,BOSS-LOCK,B.L.C.,BOSS-LK,BOSSLOCK,,,,,,,,,,,,
924,BOSS LOCK DUST CAP,BOSS LK DUST CAP,BOSS-LOCK DUST CAP,BOSSLOK DUST CAP,BOSS LOCK DC,BOSS LK DC,BOSS-LOCK DC,BOSSLOK DC,BL DUST CAP,BOSS CAP,BLDC,,,,,,,,,,,,
925,BRACKET AND COUPLER,BRKT & CPLR,BRACKET & COUPLING,BRKT AND CPLNG,BRACKET/COUPLER,BRKT/CPLR,BRACKET W/COUPLER,BRKT W/CPLR,BRACKET & CPLR,BRCKT & CPLR,BRKT-CPLR,,,,,,,,,,,,
926,BRACKET COUPLER,BRKT CPLR,BRKT CPL,BRACKET CPL,BRKT COUPLER,BRCKT CPLR,BRCKT COUPLER,BKT CPLR,BKT COUPLER,BRKT-CPLR,BRACKET-COUPLER,,,,,,,,,,,,
927,BUG VENT,BV,BUG-VENT,BG VNT,BUG VT,B-VENT,BG VENT,BUGVENT,B VENT,B.V.,BG-VNT,,,,,,,,,,,,
928,CALIBRATION FASTENER,CAL FASTENER,CALIB FASTENER,CALIBR FASTENER,CAL FSTNR,CALIB FSTNR,CALIBRATION FSTNR,CAL-FASTENER,CALIB-FASTENER,CALIBR-FSTNR,CAL-FSTNR,,,,,,,,,,,,
929,CAMLOCK ADAPTER,CAM-LOCK ADAPTER,CAM LOCK ADPTR,CAMLOK ADAPTER,CAM-LOK ADAPTER,CAMLOCK ADPTR,CAM LOCK,CAM-LOCK,CAMLOK,CAM-LOK,CAMLOCK,,,,,,,,,,,,
930,CLAMP CAP,CAP CLP,CLP CAP,TRI CAP,TC CAP,TRICLAMP CAP,TRI-CLAMP CAP,TRI CLAMP CAP,SANITARY CAP,CLMP CAP,CLAMP END CAP,,,,,,,,,,,,
931,CLAMP FERRULE,CLMPFER,CLMP FER,CL FERRULE,CLAMP FER,C FERRULE,CLMP FERRULE,CL FER,CFERR,C FER,CLFERL,,,,,,,,,,,,
932,CLOSE NIPPLE,CLOSE NIP,CL NIP,CLN,CL NIPPLE,CLNIP,CL-NIP,CLOSE-NIP,C/NIP,C.N.,CN,,,,,,,,,,,,
933,CLOSET FLANGE,CLOS FLG,CLOS FLNG,CLOSET FLG,CLOSET FLNG,TOILET FLANGE,TOILET FLG,WC FLANGE,WC FLG,WATER CLOSET FLANGE,WATER CLOSET FLG,,,,,,,,,,,,
934,COMBINATION NIPPLE,COMBO NIPPLE,COMB NIP,COMB NIPP,COMBINATION NIP,COMBO NIP,COMB NPL,COMBO NPL,COMBINATION NPL,CMB NPL,COMB-NIP,,,,,,,,,,,,
935,COMPRESSION FITTING,COMP FTG,COMPRESSION FTG,COMP FITTING,COMP-FTG,COMP. FTG,COMPRESSION,COMP,COMP.FIT,COMP.FTG,COMPRESSION-FTG,,,,,,,,,,,,
936,COUPLER,CPLR,CPLNG,COUPLING,CPL,CPLG,COUP,CPLING,CPLN,CPLR-G,CPL-G,,,,,,,,,,,,
937,CROSS UNION,CROSS UN,X UNION,X UN,CRUN,CR UN,CROSS U,XU,CRU,XUNION,X-UNION,,,,,,,,,,,,
938,774. CUT OFF,774. CO,774.CUTOFF,774.C/O,774 CUT OFF,774 CO,774 C/O,774.C-O,774 C-O,774CUT-OFF,774C/O,,,,,,,,,,,,
939,DIELECTRIC CONNECTOR,DIEL CONN,DI-EL CONN,DIELECTRIC COUPLING,DIEL COUPLING,DI-EL COUPLING,DIEL UNION,DIELECTRIC UNION,DI-EL UNION,DIEL FTG,DIELECTRIC FTG,,,,,,,,,,,,
940,DOUBLE FERRULE,DBL FERRULE,DUAL FERRULE,DBL FER,DUAL FER,2X FERRULE,2-FERRULE,DOUBLE FER,TWO FERRULE,DBL-FER,DUAL-FER,,,,,,,,,,,,
941,DOUBLE PLUG FITTING,DBL PLUG FTG,DBL PLUG,DOUBLE PLUG FTG,2-PLUG FITTING,2XPLUG FITTING,DBL PLG FTG,DOUBLE PLG FTG,2XPLG FTG,2-PLG FTG,DBL-PLUG FTG,,,,,,,,,,,,
942,FEMALE CONNECTOR,FEM CONN,F CONN,FEMALE CONN,FEM CONNECTION,F CONNECTION,F-CONN,FEM-CONN,F/CONN,FEMALE FITTING,FEM FTG,,,,,,,,,,,,
943,HEADER,HDR,MANIFOLD,HEAD,HDDR,PIPE HEADER,DISTRIBUTION HEADER,SUPPLY HEADER,MAIN HEADER,RETURN HEADER,H.D.R,,,,,,,,,,,,
944,HEX HEAD NUT,HEX NUT,HH NUT,HEXNUT,HEX HD NUT,HEX HEAD N,HH N,H.H.N.,HEXAGONAL NUT,HEX N,HX NUT,,,,,,,,,,,,
945,HEX LONG NIPPLE,HEX LNG NIP,HEX LG NIP,HEXAGONAL LONG NIPPLE,HEX LONG NIP,HX LNG NIP,HEX L NIPPLE,HEXAGON LONG NIPPLE,HEX LONG NPL,HEX LNG NPL,HEXAGONAL LNG NIP,,,,,,,,,,,,
946,HEX REDUCER COUPLING,HEX RED CPLG,HEX RED COUPLING,HEX REDUCING CPLG,HEX REDUCING COUPLING,HEX RED CPLNG,HX RED CPLG,HEX RDC CPLG,HEX RDCR CPLG,HEX RDCR COUPLING,HX RDCR CPLG,,,,,,,,,,,,
947,HEX UNION NUT,HEX UN NUT,HEXAGONAL UNION NUT,HEX U NUT,HEX-UNION-NUT,HEX UNION N,HEXUN NUT,HEX-UN-NUT,HEXAGONAL UN NUT,HUN NUT,H.U.N.,,,,,,,,,,,,
948,HOSE CLAMP,HSE CLMP,H CLAMP,HOSE CLP,H/CLAMP,HSE CLP,HOSECLMP,H-CLAMP,HC CLAMP,HCLMP,H.CLAMP,,,,,,,,,,,,
949,LAP JOINT STUB END,LAP JT STUB END,LAP JOINT SE,LAP JT SE,LJSE,LJ STUB END,L.J.S.E.,STUB END LAP JOINT,STUB END LJ,LAP-JOINT STUB END,LAP JOINT STUBEND,,,,,,,,,,,,
950,LATCH LEVER,LTCH LVR,LATCH LVR,LTCH LEVER,L LEVER,L LVR,LEVER LATCH,LVR LATCH,LATCHING LEVER,LATCH-LEVER,LTCH-LVR,,,,,,,,,,,,
951,LINK SEAL,LINKSEAL,LINK-SEAL,LNK SEAL,LK SEAL,LINK-SL,L/SEAL,LSEAL,L-SEAL,L SEAL,LS,,,,,,,,,,,,
952,LIQUID GAUGE,LIQ GAUGE,LIQUID GG,LIQ GG,L GAUGE,LG,FLUID GAUGE,FLUID GG,FLD GAUGE,FLD GG,LVL GAUGE,,,,,,,,,,,,
953,LOCKING LEVER,LOCK LEVER,LCK LVR,LOCK LVR,LK LVR,LOCKING LVR,L/LEVER,L LEVER,LOCK-LEVER,L-LEVER,L.LEVER,,,,,,,,,,,,
954,LONG FERRULE,LG FERRULE,LONG FER,LG FER,LONG FRL,LG FRL,L FERRULE,L FER,LONG F,LNG FERRULE,LNG FER,,,,,,,,,,,,
955,MALE ADAPTER TYPE E,MALE ADPT TYPE E,M ADPTR TYPE E,MALE ADAPTER TY E,M ADAPTER TYPE E,MA TYPE E,MADPT TYPE E,M-ADPT-E,MALE ADPT E,M ADPT E,MALE E ADAPTER,,,,,,,,,,,,
956,MALE BRANCH TEE,MB TEE,M.B. TEE,MALE BR TEE,M/B TEE,M.B.T.,MBT,MALE B TEE,M BR TEE,M BRANCH T,MALE BR T,,,,,,,,,,,,
957,MALE PLUG,M PLUG,MPL,M PLG,ML PLUG,MALE PLG,M-PLUG,ML-PLG,M.PLUG,ML.PLG,M/PLG,,,,,,,,,,,,
958,MALE RUN TEE,M RUN TEE,MALE R TEE,M R TEE,MRT,M.R.T.,MALE R T,M RUN T,MALE RT,M RT,M-R-T,,,,,,,,,,,,
959,MUD DAUBER,MUD DBBER,MUD DABBER,MUD DAB,MUD DB,MD DAUBER,M DAUBER,MUDDAUBER,MUD-DAUBER,MUD.DAUBER,M.DAUBER,,,,,,,,,,,,
960,OCTAGONAL RING,OCT RING,OCTO RING,OCTAG RING,8-SIDED RING,OCTAGONAL SEAL RING,OCT SEAL RING,OCTAG SEAL RING,8-SIDED SEAL RING,OCT-RING,OCTO-RING,,,,,,,,,,,,
961,PATCH CLAMP,PATCH CLP,PTCH CLMP,PATCH,P CLAMP,P CLP,PCH CLMP,PTCH CLP,P.CLAMP,PCLMP,P.CLP,,,,,,,,,,,,
962,QUICK CONNECT BODY,QC BODY,QUICK-CONNECT BODY,Q/C BODY,QUICK CON BODY,Q-C BODY,QCB,QUICK CONN BODY,Q.C. BODY,QUICK-CON BODY,Q/CONNECT BODY,,,,,,,,,,,,
963,QUICK CONNECTOR,QUICK-CONN,QC,Q-CONN,QUICK CONNECT,Q/C,Q.C.,QUICK-CON,QCONN,Q CONN,QUICK CONNECTION,,,,,,,,,,,,
964,QUICK CONNECTOR PLUG,QC PLUG,QUICK CONN PLUG,Q/C PLUG,QUICK-CONN PLUG,Q.C. PLUG,QCP,QUICK COUPLING PLUG,QUICK-CONNECT PLUG,Q-C PLUG,QUICK DISC PLUG,,,,,,,,,,,,
965,QUICK COUPLING B,QC-B,Q/C-B,QUICK CPLG B,QCPLG-B,Q.C.B,QUICK COUPLER B,Q/CPLG-B,QUICK CPL B,Q-CPLG-B,QUICK-CPLG-B,,,,,,,,,,,,
966,REAR FERRULE,RR FERRULE,BACK FERRULE,REAR FER,RR FER,BACK FER,R FERRULE,R FER,RFERRULE,RFER,BFERRULE,,,,,,,,,,,,
967,REDUCER ADAPTER,RED ADPT,REDUCER ADPT,RED ADAPTER,REDUCING ADAPTER,RDCR ADPTR,RED-ADPT,REDUCER-ADAPTER,REDUCING-ADAPTER,RDCR ADAPTER,REDUCING ADPTR,,,,,,,,,,,,
968,804. REDUCER PORT CONNECTOR,804 REDUCER PORT CONN,804 RED PORT CONN,804. RED PORT CONN,804 REDUCER CONNECTOR,804. RED CONNECTOR,804 RED CONN,804. REDUCER PORT,804 PORT CONN,804. PORT CONN,804 CONN,,,,,,,,,,,,
969,REDUCER UNION,RED UNION,RED UN,RDR UNION,REDUCING UNION,RDCR UNION,RDCR UN,RED-UN,REDC UN,RDR UN,RDCR-UN,,,,,,,,,,,,
970,REDUCING CONNECTOR,RED CONN,RED CONNECTOR,REDUCING CONN,RED CON,REDCON,RDC CONN,RDCON,RC,REDUCING CONNECTION,REDUCER CONNECTOR,,,,,,,,,,,,
971,REPAIR CLAMP,REP CLMP,REPAIR CLMP,REP CLP,RCLMP,REPAIR CLP,RPR CLAMP,RPR CLMP,RPR CLP,R CLAMP,R CLMP,,,,,,,,,,,,
972,ROLLED ANGLE,ROLL ANGLE,RLD ANGLE,ROLLD ANGLE,R/A,RL ANGLE,ROLL ANG,RLD ANG,R ANGLE,R/ANGLE,RLLD ANGLE,,,,,,,,,,,,
973,ROUND BAR,RD BAR,ROUND,RND BAR,R/BAR,RD B,RND B,BAR ROUND,BAR RD,BAR RND,R BAR,,,,,,,,,,,,
974,ROUND HANDLE,RND HANDLE,RND HDL,ROUND HDL,RD HANDLE,RD HDL,ROUND HANDL,RND HANDL,RD HANDL,R HANDLE,R HDL,,,,,,,,,,,,
975,SAMPLING,SAMP,SAMPLE,SAMPL.,SAMP.,SMPL,SMPL.,SMPG,SMPG.,SAMP POINT,SAMPLE POINT,,,,,,,,,,,,
976,SHORT FEMALE FERRULE,SHORT FEM FERRULE,SH FEM FERRULE,SH F FERRULE,SHORT F FERRULE,SHRT FEM FERRULE,SHRT F FERRULE,SF FERRULE,SFF,SHORT FEM FER,SHORT F FER,,,,,,,,,,,,
977,SHORT FERRULE,SHRT FER,SHT FER,SHORT FER,SH FER,S/FER,SH FERRULE,SHRT FERRULE,S FERRULE,SHT FERRULE,S/FERRULE,,,,,,,,,,,,
978,SHORT WELD FERRULE,SHORT WLD FERRULE,SH WELD FERRULE,SH WLD FERRULE,SHORT FERRULE,SH FERRULE,SW FERRULE,S/W FERRULE,SHRT WLD FERRULE,SHRT FERRULE,SH-WLD FERRULE,,,,,,,,,,,,
979,SIDE OUTLET,S.O.,SO,S/O,SIDE OUT,SIDEOUT,SIDE-OUT,S-O,SD OUTLET,SIDE O,S OUTLET,,,,,,,,,,,,
980,SINGLE PLUG,SNGL PLUG,SGL PLUG,S PLUG,1 PLUG,SINGLE PLG,SNGL PLG,SGL PLG,S PLG,1 PLG,PLUG,,,,,,,,,,,,
981,SINK,SNK,BASIN,WASHBASIN,WASH BASIN,WASH-BASIN,WASH SNK,WASH-SNK,WASH SINK,WASH-SINK,WASHING SINK,,,,,,,,,,,,
982,SLIP ON ANGLE,SO ANGLE,S/O ANGLE,S.O. ANGLE,SLIP-ON ANGLE,SOP ANGLE,S-O ANGLE,SO ANG,S/O ANG,SLPON ANGLE,SLIP ON ANG,,,,,,,,,,,,
983,SLIP ON STUB END,SO STUB END,SLIP-ON STUB END,SL/ON STUB END,SLIP ON SE,SO SE,SOSE,S.O.S.E.,SLIP-ON SE,SLIP/ON SE,SO STUB,,,,,,,,,,,,
984,SPOOL COUPLER,SPOOL CPLG,SPL CPLR,SPOOL COUPLING,SPL COUPLING,SPOOL-CPLG,SP CPLR,SP-CPLG,SPOOL-COUPLING,SPL-CPLG,SP COUPLING,,,,,,,,,,,,
985,STRAINER CONNECTOR,STRNR CONN,STR CONN,STRAINER CONN,STRNR CONNECTION,STR CONNECTION,STRAIN CONNECTOR,STR CONNECTOR,STRN CONN,STRNR CNT,STR CNT,,,,,,,,,,,,
986,STREET CONNECTOR,ST CONN,STR CONN,STREET CONN,ST CONNECTOR,STR CONNECTOR,STRT CONN,STRT CONNECTOR,ST CNT,STREET CNT,STR CNT,,,,,,,,,,,,
987,TAG,IDENTIFIER,MARKING,LABEL,ID TAG,IDENT TAG,PIPE TAG,EQUIPMENT TAG,NAME TAG,LINE TAG,IDENTIFICATION TAG,,,,,,,,,,,,
988,TAPE,TAPE,TPE,ADHESIVE TAPE,INDUSTRIAL TAPE,SEALING TAPE,PIPE TAPE,PTFE TAPE,TEFLON TAPE,THREAD TAPE,THREAD SEAL TAPE,,,,,,,,,,,,
989,THREADED PIPE PLUG,THD PIPE PLUG,THRD PIPE PLUG,THD PP,THRD PP,PIPE PLUG THD,PIPE PLUG THRD,PP THD,PP THRD,THREAD PP,THREADED PP,,,,,,,,,,,,
990,THREADED PLUG,THD PLUG,THRD PLUG,TH PLUG,THREADED PLG,THD PLG,THRD PLG,THREAD PLG,SCREWED PLUG,SCR PLUG,SCRW PLUG,,,,,,,,,,,,
991,TUBE CLAMP,TB CLMP,TUBE CLMP,TB CLP,TUBECLAMP,TUB CLAMP,TUBING CLAMP,T CLAMP,T-CLAMP,T/CLAMP,TUBE CLP,,,,,,,,,,,,
992,TUBE CONNECTOR,TC,TUBE CONN,TUB CONN,TUBE CONNECTION,TUBING CONNECTOR,TUBE FITTING,TBE CONN,TB CONN,TUBE COUPLING,TUB CPL,,,,,,,,,,,,
993,TUBE NUT,TUBING NUT,TUBE NT,TUB NT,COMPRESSION NUT,COMP NUT,TUBE FITTING NUT,TBE NT,TB NT,COMPRESSION FITTING NUT,COMP FTG NUT,,,,,,,,,,,,
994,UNION ELBOW 90,UNION ELL 90,UN ELL 90,UN ELBOW 90,UNION 90 ELL,UN 90 ELL,UNION 90 ELBOW,UN 90 ELBOW,90 UNION ELBOW,90 UNION ELL,90 UN ELL,,,,,,,,,,,,
995,UNIVERSAL CONNECTOR,UNIV CONN,UNI CONN,UNIV CONNECTOR,UNIVERSAL CONN,U CONN,UNIV CNT,UNI CNT,UNIVERSAL CNT,U CNT,UC,,,,,,,,,,,,
996,WATER HEATER CONNECTOR,WHC,WTR HTR CONN,WATER HTR CONNECTOR,W/H CONNECTOR,WH CONN,WATER HEATER CONN,H2O HEATER CONNECTOR,H2O HTR CONN,W.H.C.,WATER HTR CNT,,,,,,,,,,,,
997,WELD,WLD,WELDED,WLDMT,WELDMENT,W,WD,WEL,WELD.,W.,WELD-,,,,,,,,,,,,
998,WELD NECK CLAMP,WN CLAMP,WN CLP,WELD NECK CLP,W.N. CLAMP,W/N CLAMP,WELDNECK CLAMP,WELDNECK CLP,W-N CLAMP,WN-CLAMP,W.N.C,,,,,,,,,,,,
999,WELD NECK HD CLAMP FLANGE,WN HD CLAMP FLANGE,WELD NECK HD CLMP FLG,WN HD CLMP FLG,WNHD CLAMP FLANGE,WNHD CLMP FLG,HD CLAMP WN FLANGE,HD CLMP WN FLG,HEAVY DUTY CLAMP WN FLANGE,HEAVY DUTY CLMP WN FLG,HD CLAMP WELD NECK FLG,,,,,,,,,,,,
1000,WELD NIPPLE,WLD NPLE,WELD NIP,WLD NIP,WELD NPPLE,WLD NIPPLE,W NIPPLE,W NIP,W NPLE,WELD-NIP,WLD-NIP,,,,,,,,,,,,
1001,WELD NIPPLE TOE,WLD NIP TOE,WELD NIP TOE,W NIP TOE,WN TOE,WELDING NIPPLE TOE,WELD NPL TOE,W NPL TOE,WLD NPL TOE,WLDG NIP TOE,WELD-NIPPLE-TOE,,,,,,,,,,,,
1002,WELD PIPE,WELDED PIPE,WLD PIPE,WELD PIP,WLD PIP,W PIPE,W PIP,WELD LINE,WELDED LINE,WLD LINE,W LINE,,,,,,,,,,,,
1003,HEAVY DUTY CLAMP,HD CLAMP,HEAVY DUTY CLMP,HD CLMP,HVY DTY CLAMP,H/D CLAMP,H.D. CLAMP,HEAVY-DUTY CLAMP,H-D CLAMP,HDC,HVY-DTY CLMP,,,,,,,,,,,,
1004,ADVANCED GROOVE,ADV GROOVE,ADV GRV,ADVNCD GROOVE,ADV. GROOVE,A GROOVE,A GRV,A.GROOVE,A.GRV,ADVANCED GRV,AG,,,,,,,,,,,,
1005,BREATHER VENT,BRTH VNT,BR VNT,BV,BVENT,BREATH VT,B VENT,BRTH-VNT,BR-VNT,BRTHVNT,B.V.,,,,,,,,,,,,
1006,BULL HEAD PLUG,BULLHEAD PLUG,BULL-HEAD PLUG,BH PLUG,B.H. PLUG,B-H PLUG,B/H PLUG,BH PLG,BULL HD PLG,BULL HEAD PLG,BULLHEAD PLG,,,,,,,,,,,,
1007,CLEVIS PIN,CLEV PIN,CLV PIN,CL PIN,CLVS PIN,CLEVIS,C PIN,CLEVS PIN,CLV P,CLEV P,CLP,,,,,,,,,,,,
1008,COMPRESSION UNION,COMP UNION,COMP UN,COMPRESSION UN,COMP UNN,COMPRESS UNION,CMP UNION,CMP UN,COMPR UNION,COMPR UN,COMPRESS UN,,,,,,,,,,,,
1009,TURNBUCKLE BODY,TB BODY,T/B BODY,TURNBUCKLE BDY,T-BUCKLE BODY,T/BUCKLE BODY,TURN-BUCKLE BODY,T.B. BODY,TRN BCKL BODY,TBKL BODY,TRNBKL BODY,,,,,,,,,,,,
1010,WIRE ROPE CLIP,WR CLIP,WIRE RP CLIP,WIRE ROPE CLP,W/R CLIP,WRC,WIRE CABLE CLIP,CABLE CLIP,W.R. CLIP,WIRE-ROPE CLIP,W/ROPE CLIP,,,,,,,,,,,,
1011,ENVELOPE,ENV,ENVLP,ENVELOP,ENVEL,ENVLPE,ENVP,ENV.,ENVL,ENVL.,E.N.V.,,,,,,,,,,,,
1012,I-LINE,I LINE,ILINE,I-LN,ILN,I LN,I.LINE,I_LINE,I.LN,INLINE,IN LINE,,,,,,,,,,,,
1013,T-HEAD NUT AND BOLT,T HEAD NUT & BOLT,THEAD NUT AND BOLT,T-HEAD N&B,T HD N&B,T HD NUT & BOLT,THEAD N&B,T-HEAD BOLT W/NUT,T HEAD BOLT WITH NUT,T-HEAD NB,THD N&B,,,,,,,,,,,,
1014,WAX RING,WAXRING,WAX-RING,WAX RNG,WX RNG,WX RING,WAX-RNG,WX-RNG,W/RING,WR,W RING,,,,,,,,,,,,
1015,HEX HEAD CAPSCREW,HEX HD CS,HHCS,HH CS,HEX HEAD CS,HEX HD CAPSCREW,H.H.C.S.,HEX CAP,HEX HD BOLT,HEX HEAD BOLT,HH BOLT,,,,,,,,,,,,
1016,WATER PIPE,WTR PIPE,H2O PIPE,WATER LINE,WTR LINE,H2O LINE,WATER PIPING,WTR PIPING,H2O PIPING,W PIPE,W.P.,,,,,,,,,,,,
1017,FABRICATED 2-PIECE,FAB 2-PC,FAB 2PC,FABRICATED TWO-PIECE,FAB TWO-PIECE,FAB TWO PC,FABR 2-PC,FABR 2PC,2-PC FAB,2PC FAB,TWO-PIECE FAB,,,,,,,,,,,,
1018,22-0.5 DEGREE ELBOW 2-PIECE,22.5° ELBOW 2PC,22.5 DEG ELL 2-PC,22.5° ELL 2 PIECE,22-1/2° ELBOW 2PC,22-1/2 DEG ELL 2-PC,22.5D ELBOW 2-PIECE,ELBOW 22.5° 2PC,ELL 22.5° 2-PIECE,22-1/2° 2PC ELBOW,22.5 DEG 2PC ELL,,,,,,,,,,,,
1019,WATER ANCHORED PIPE,WAP,W.A.P.,WATER-ANCHORED PIPE,WATER ANCHOR PIPE,WTR ANCHORED PIPE,WTR ANCHOR PIPE,WATER-ANCHOR PIPE,H2O ANCHORED PIPE,H2O ANCHOR PIPE,WATER ANCHRD PIPE,,,,,,,,,,,,
1020,11-0.25 ELBOW,11-1/4 ELBOW,11-0.25 ELL,11-1/4 ELL,ELBOW 11-0.25,ELL 11-0.25,ELBOW 11-1/4,ELL 11-1/4,11-0.25° ELBOW,11-0.25° ELL,11.25° ELBOW,,,,,,,,,,,,
1021,ELBOW 45,45 ELBOW,45° ELBOW,45 ELL,45° ELL,ELL 45,ELBOW 45°,45 DEG ELBOW,45 DEG ELL,ELL 45°,45-DEG ELBOW,,,,,,,,,,,,
1022,LONG RADIUS 90 ELBOW,LR 90 ELBOW,LR 90 ELL,LR 90° ELBOW,LR 90° ELL,LONG RAD 90 ELBOW,LONG RAD 90 ELL,L.R. 90 ELBOW,L.R. 90 ELL,ELBOW LR 90,ELL LR 90,,,,,,,,,,,,
1023,SHORT RADIUS 90 ELBOW,SR 90 ELBOW,SR 90 ELL,SR 90° ELBOW,SR 90° ELL,SHORT RAD 90 ELBOW,SHORT RAD 90 ELL,S.R. 90 ELBOW,S.R. 90 ELL,SHORT R 90 ELBOW,SHORT R 90 ELL,,,,,,,,,,,,
1024,STRAIGHT TEE,STR TEE,STRAIT TEE,STR T,STRAIGHT T,TEE STRAIGHT,EQUAL TEE,T STRAIGHT,STRGHT TEE,TEE STR,EQ TEE,,,,,,,,,,,,
1025,LONG RADIUS 45 ELBOW,LR 45 ELL,LR 45° ELBOW,LR 45 ELBOW,LR 45° ELL,LONG RAD 45 ELL,LONG RAD 45° ELBOW,LONG RADIUS 45° ELL,L.R. 45 ELBOW,L.R. 45° ELL,ELBOW LR 45,,,,,,,,,,,,
1026,ELBOW 45 DEGREE,45 DEG ELL,45° ELBOW,45 ELBOW,45° ELL,ELBOW 45°,ELL 45°,45 DEG ELBOW,45 DEGREE ELL,ELBOW 45 DEG,ELL 45 DEG,,,,,,,,,,,,
1027,90 DEGREE LONG RADIUS ELBOW,90 DEG LR ELBOW,90° LR ELL,90 LR ELBOW,LR 90 ELBOW,90 LR ELL,LONG RADIUS 90 ELL,90 LONG RAD ELBOW,LR 90° ELBOW,90 DEGREE LR ELL,ELBOW LR 90,,,,,,,,,,,,
1028,RISING STEM GATE VALVE,RSGV,RS GATE VLV,RISING STEM GV,R/S GATE VALVE,RS GTX VLV,R.S.G.V.,RISING STEM GT VLV,RS GATE VALVE,RISING-STEM GATE VLV,R-S GATE VALVE,,,,,,,,,,,,
1029,PIPE ERW,ERW PIPE,ELECTRIC RESISTANCE WELDED PIPE,E.R.W. PIPE,ERW LINE PIPE,ELECTRIC RESISTANCE WELD,ERW,E R W PIPE,WELDED PIPE ERW,E.R.W,RESISTANCE WELDED PIPE,,,,,,,,,,,,
1030,COMPOSITE GRAPHITE,COMP GRAPH,COMP GRPH,COMP-GRAPH,COMP-GRPH,C-GRAPH,C GRAPH,COMPOSITE-GRAPHITE,CMPSIT GRPHT,CMP GRPHT,COMP GR,,,,,,,,,,,,
1031,SEAMLESS CONCENTRIC,SMLS CONCENTRIC,SMLS CONC,SMLSS CONCENTRIC,SEAMLESS CONC,SMLSS CONC,CONC SMLS,CONCENTRIC SMLS,S/L CONCENTRIC,S/L CONC,CONC S/L,,,,,,,,,,,,
1032,ELBOW 90 STREET,90 STREET ELBOW,90° STREET ELBOW,90 STR ELBOW,90° STR ELBOW,90 ST ELBOW,90° ST ELBOW,STREET ELL 90,STR ELL 90,ST ELL 90,90 ST ELL,,,,,,,,,,,,
1033,STREET ELBOW 90,STREET ELL 90,STR ELL 90,STR ELBOW 90,90 STREET ELBOW,90 STREET ELL,90 STR ELL,90 STR ELBOW,90° STREET ELBOW,90° STREET ELL,90° STR ELL,,,,,,,,,,,,
1034,ELBOW 90 DEGREE,90 DEG ELBOW,90° ELBOW,90 ELBOW,90 DEG ELL,90° ELL,ELBOW 90,ELL 90,90 ELL,90D ELBOW,90D ELL,,,,,,,,,,,,
1035,THREADED RAISED FACE,THD RF,THRD RF,THD RAISED FACE,THRD RAISED FACE,THREADED RF,TH RF,THD R.F.,THRD R.F.,TH R.F.,THD R/F,,,,,,,,,,,,
1036,BLIND RAISED FACE,BRF,RF BLIND,BLIND RF,RAISED FACE BLIND,RF BLD,BLIND RF FLANGE,RF BLIND FLANGE,RAISED FACE BLIND FLANGE,BLD RF,R.F. BLIND,,,,,,,,,,,,
1037,RING INNER,INNER RING,I/RING,I RING,I/R,I.R.,IR,INNER R,INT RING,INTERNAL RING,INT R,,,,,,,,,,,,
1038,LATERALWYE,LATERAL WYE,LAT WYE,LAT-WYE,LATRL WYE,LTRL WYE,LAT Y,LATERAL Y,LATRL Y,WYE LAT,Y LAT,,,,,,,,,,,,
1039,PIPE SEAMLESS,SMLS PIPE,SEAMLESS PIPE,S/L PIPE,PIPE S/L,SMLS LINE PIPE,S.L. PIPE,PIPE SMLS,SEAMLESS LINE PIPE,SML PIPE,PIPE (SMLS),,,,,,,,,,,,
1040,876. SEAMLESS THREADED,876. SMLS THD,876. SMLS THRD,876. SMLSS THD,876. SEAMLESS THD,876. SMLSS THRD,876. SMLS THREADED,876. S/L THD,876. S/L THRD,876. SML THD,876. SML THRD,,,,,,,,,,,,
